"X","agency_cd","site_no","station_nm","state_cd","site_tp_cd","dec_lat_va","dec_long_va","coord_acy_cd","dec_coord_datum_cd","alt_va","alt_acy_va","alt_datum_cd","huc_cd","data_type_cd","parm_cd","stat_cd","ts_id","loc_web_ds","medium_grp_cd","parm_grp_cd","srs_id","access_cd","begin_date","end_date","count_nu","state_geo","geometry","border_flag","state_check"
898,"USGS",9379200,"CHINLE CREEK NEAR MEXICAN WATER, AZ","AZ","ST",36.94388757,-109.7106866,"T","NAD83",4732.26,0.1,"NAVD88",1.41e+11,"dv",60,3,5182,NA,"wat",NA,1645423,0,"10/1/1964","2/14/2026",22415,"AZ",c(-109.7106866, 36.94388757),FALSE,"PASS"
900,"USGS",9380000,"COLORADO RIVER AT LEES FERRY, AZ","AZ","ST",36.86433333,-111.5878722,"5","NAD83",3109.13,0,"NAVD88",1.41e+11,"dv",60,3,236239,NA,"wat",NA,1645423,0,"10/1/1921","2/14/2026",38123,"AZ",c(-111.5878722, 36.86433333),FALSE,"PASS"
902,"USGS",9382000,"PARIA RIVER AT LEES FERRY, AZ","AZ","ST",36.87221098,-111.5946286,"T","NAD83",3126.26,0,"NAVD88",1.41e+11,"dv",60,3,5196,NA,"wat",NA,1645423,0,"10/1/1923","2/14/2026",37393,"AZ",c(-111.5946286, 36.87221098),FALSE,"PASS"
903,"USGS",9383000,"COLORADO RIVER AT COMPACT POINT NR LEES FERRY, AZ","AZ","ST",36.8513765,-111.6065497,"T","NAD83",NA,NA,NA,14070006,"dv",60,3,5199,NA,"wat",NA,1645423,0,"10/1/1980","9/29/2015",12050,"AZ",c(-111.6065497, 36.8513765),FALSE,"PASS"
909,"USGS",9383400,"LITTLE COLORADO RIVER AT GREER, AZ","AZ","ST",34.01588889,-109.4570833,"5","NAD83",8294.37,0.1,"NAVD88",1.5e+11,"dv",60,3,5211,NA,"wat",NA,1645423,0,"8/1/1960","2/14/2026",14566,"AZ",c(-109.4570833, 34.01588889),FALSE,"PASS"
918,"USGS",9384000,"LITTLE COLORADO R ABV LYMAN LAKE NR ST. JOHNS, AZ","AZ","ST",34.31502222,-109.3623306,"H","NAD83",6004.63,0.1,"NAVD88",1.5e+11,"dv",60,3,5221,NA,"wat",NA,1645423,0,"4/1/1940","2/14/2026",31366,"AZ",c(-109.3623306, 34.31502222),FALSE,"PASS"
920,"USGS",9385000,"LYMAN CANAL BLW. LYMAN RES. NR. ST. JOHNS, ARIZ.",NA,"ST-CA",34.36809558,-109.3825956,"T","NAD83",NA,NA,NA,15020001,"dv",60,3,5225,NA,"wat",NA,1645423,0,"5/17/1950","11/30/1986",11590,"AZ",c(-109.3825956, 34.36809558),FALSE,"CHECK"
921,"USGS",9385500,"LCR BEL LYMAN RES NR ST JOHNS ARIZ",NA,"ST",34.36809558,-109.3828734,"T","NAD83",6480,20,"NGVD29",15020006,"dv",60,3,5226,NA,"wat",NA,1645423,0,"4/1/1941","12/2/1986",14672,"AZ",c(-109.3828734, 34.36809558),FALSE,"CHECK"
925,"USGS",9386030,"LITTLE COLORADO RVR ABV ZION RES. NR ST. JOHNS, AZ","AZ","ST",34.58331944,-109.4066917,"H","NAD83",5570.17,0.1,"NAVD88",1.5e+11,"dv",60,3,5230,NA,"wat",NA,1645423,0,"10/1/1975","2/14/2026",18399,"AZ",c(-109.4066917, 34.58331944),FALSE,"PASS"
928,"USGS",9386500,"LITTLE COLORADO R AB ZUNI R NR HUNT, AZ.","AZ","ST",34.64170039,-109.6770533,"T","NAD83",5399,20,"NGVD29",15020002,"dv",60,3,5235,NA,"wat",NA,1645423,0,"3/1/1940","9/29/1972",11901,"AZ",c(-109.6770533, 34.64170039),FALSE,"PASS"
929,"USGS",9388000,"LITTLE COLORADO RIVER NR HUNT, AZ","AZ","ST",34.64725615,-109.7034425,"T","NAD83",5371.59,20,"NGVD29",15020002,"dv",60,3,5236,NA,"wat",NA,1645423,0,"5/1/1929","9/29/1972",13525,"AZ",c(-109.7034425, 34.64725615),FALSE,"PASS"
931,"USGS",9390500,"SHOW LOW CREEK NEAR LAKESIDE, AZ","AZ","ST",34.17948755,-109.9878858,"T","NAD83",6610,20,"NGVD29",15020005,"dv",60,3,5239,NA,"wat",NA,1645423,0,"5/1/1953","2/14/2026",26588,"AZ",c(-109.9878858, 34.17948755),FALSE,"PASS"
933,"USGS",9392000,"SHOW LOW CR BL JAQUES DAM, NR SHOW LOW, AZ","AZ","ST",34.19643165,-110.0042754,"T","NAD83",6530,20,"NGVD29",15020005,"dv",60,3,5244,NA,"wat",NA,1645423,0,"10/1/1955","9/29/2005",18262,"AZ",c(-110.0042754, 34.19643165),FALSE,"PASS"
938,"USGS",9394500,"LITTLE COLORADO RIVER AT WOODRUFF, AZ","AZ","ST",34.7825,-110.0439583,"5","NAD83",5132.12,0.2,"NAVD88",1.5e+11,"dv",60,3,5252,NA,"wat",NA,1645423,0,"3/16/1905","2/14/2026",35900,"AZ",c(-110.0439583, 34.7825),FALSE,"PASS"
944,"USGS",9397000,"LITTLE COLORADO RIVER AT HOLBROOK, AZ","AZ","ST",34.8978039,-110.1631768,"T","NAD83",5062.87,20,"NGVD29",15020008,"dv",60,3,5264,NA,"wat",NA,1645423,0,"3/17/1905","10/19/2025",16037,"AZ",c(-110.1631768, 34.8978039),FALSE,"PASS"
947,"USGS",9397500,"CHEVELON FORK BELOW WILDCAT CANYON, NR WINSLOW, AZ","AZ","ST",34.6364196,-110.7142957,"T","NAD83",5905.16,20,"NGVD29",15020010,"dv",60,3,5270,NA,"wat",NA,1645423,0,"5/1/1947","2/14/2026",19648,"AZ",c(-110.7142957, 34.6364196),FALSE,"PASS"
948,"USGS",9398000,"CHEVELON CREEK NEAR WINSLOW, AZ","AZ","ST",34.92438889,-110.5289306,"1","NAD83",4940,5,"NAVD88",15020010,"dv",60,3,295788,NA,"wat",NA,1645423,0,"1/1/1906","2/14/2026",19294,"AZ",c(-110.5289306, 34.92438889),FALSE,"PASS"
949,"USGS",9398500,"CLEAR CREEK BELOW WILLOW CREEK, N WINSLOW, AZ.","AZ","ST",34.66752554,-111.0076349,"T","NAD83",5957,20,"NGVD29",15020008,"dv",60,3,5279,NA,"wat",NA,1645423,0,"6/1/1947","10/13/1993",16267,"AZ",c(-111.0076349, 34.66752554),FALSE,"PASS"
950,"USGS",9399000,"CLEAR CREEK NEAR WINSLOW, AZ","AZ","ST",34.96946689,-110.6451326,"T","NAD83",4861.32,20,"NGVD29",15020008,"dv",60,3,5280,NA,"wat",NA,1645423,0,"6/1/1906","9/29/2006",19695,"AZ",c(-110.6451326, 34.96946689),FALSE,"PASS"
961,"USGS",9401000,"LITTLE COLO. RIVER AT GRAND FALLS, ARIZ.",NA,"ST",35.4333386,-111.200701,"T","NAD83",4438.9,20,"NGVD29",15020016,"dv",60,3,5291,NA,"wat",NA,1645423,0,"11/15/1925","7/2/1995",13750,"AZ",c(-111.200701, 35.4333386),FALSE,"CHECK"
967,"USGS",9401260,"MOENKOPI WASH AT MOENKOPI, AZ","AZ","ST",36.10499334,-111.2018069,"T","NAD83",4610,20,"NGVD29",15020018,"dv",60,3,295789,NA,"wat",NA,1645423,0,"7/1/1976","2/14/2026",18124,"AZ",c(-111.2018069, 36.10499334),FALSE,"PASS"
972,"USGS",9402000,"LITTLE COLORADO RIVER NEAR CAMERON, AZ","AZ","ST",35.9263819,-111.5673682,"T","NAD83",3979.2,20,"NGVD29",15020016,"dv",60,3,5312,NA,"wat",NA,1645423,0,"6/1/1947","2/14/2026",28749,"AZ",c(-111.5673682, 35.9263819),FALSE,"PASS"
975,"USGS",9402500,"COLORADO RIVER NEAR GRAND CANYON, AZ","AZ","ST",36.10137176,-112.0862795,"T","NAD83",2418.7,20,"NGVD29",15010001,"dv",60,3,5323,NA,"wat",NA,1645423,0,"10/1/1922","2/14/2026",37028,"AZ",c(-112.0862795, 36.10137176),FALSE,"PASS"
977,"USGS",9403000,"BRIGHT ANGEL CREEK NEAR GRAND CANYON, ARIZ.",NA,"ST",36.09972222,-112.0938889,"5","NAD83",2458,1,"NAVD88",1.5e+11,"dv",60,3,5332,NA,"wat",NA,1645423,0,"10/1/1923","2/14/2026",19515,"AZ",c(-112.0938889, 36.09972222),FALSE,"CHECK"
994,"USGS",9404200,"COLORADO RVR ABV DIAMOND CREEK NR PEACH SPRINGS AZ","AZ","ST",35.7735994,-113.363544,"S","NAD83",1340,0.1,"NGVD29",15010002,"dv",60,3,5370,NA,"wat",NA,1645423,0,"8/23/1983","2/14/2026",13400,"AZ",c(-113.363544, 35.7735994),FALSE,"PASS"
995,"USGS",9404208,"DIAMOND CREEK NEAR PEACH SPRINGS, AZ","AZ","ST",35.76498839,-113.3682663,"S","NAD83",1400,20,"NGVD29",15010002,"dv",60,3,325921,NA,"wat",NA,1645423,0,"5/12/1993","2/14/2026",11967,"AZ",c(-113.3682663, 35.76498839),FALSE,"PASS"
997,"USGS",9404343,"TRUXTON WASH NEAR VALENTINE, AZ","AZ","ST",35.38416188,-113.6577185,"S","NAD83",3770,20,"NGVD29",15010007,"dv",60,3,5375,NA,"wat",NA,1645423,0,"9/30/1993","1/30/2025",11446,"AZ",c(-113.6577185, 35.38416188),FALSE,"PASS"
1000,"USGS",9415000,"VIRGIN RV AT LITTLEFIELD, AZ","AZ","ST",36.8916437,-113.9244098,"S","NAD83",1763.68,1,"NGVD29",15010010,"dv",60,3,102179,NA,"wat",NA,1645423,0,"10/1/1929","2/14/2026",35199,"AZ",c(-113.9244098, 36.8916437),FALSE,"PASS"
1004,"USGS",9423650,"TOPOCK MARSH OUTLET NEAR TOPOCK, AZ","AZ","ST",34.7375068,-114.4902393,"T","NAD83",NA,NA,NA,15030101,"dv",60,3,5384,NA,"wat",NA,1645423,0,"1/1/1967","7/30/2017",16983,"AZ",c(-114.4902393, 34.7375068),FALSE,"PASS"
1009,"USGS",9424447,"BURRO CREEK AT OLD US 93 BRIDGE, NEAR BAGDAD, AZ","AZ","ST",34.5346222,-113.4540583,"H","NAD83",1882.1,0.2,"NAVD88",15030202,"dv",60,3,5391,NA,"wat",NA,1645423,0,"7/25/1980","2/14/2026",12441,"AZ",c(-113.4540583, 34.5346222),FALSE,"PASS"
1010,"USGS",9424450,"BIG SANDY RIVER NEAR WIKIEUP, AZ","AZ","ST",34.4625286,-113.6243843,"T","NAD83",1397.17,0.28,"NAVD88",15030201,"dv",60,3,5393,NA,"wat",NA,1645423,0,"3/29/1966","2/14/2026",21873,"AZ",c(-113.6243843, 34.4625286),FALSE,"PASS"
1014,"USGS",9424900,"SANTA MARIA RIVER NEAR BAGDAD, AZ","AZ","ST",34.3058675,-113.3471532,"T","NAD83",1373.74,0.21,"NAVD88",15030203,"dv",60,3,5395,NA,"wat",NA,1645423,0,"4/18/1966","2/14/2026",20749,"AZ",c(-113.3471532, 34.3058675),FALSE,"PASS"
1017,"USGS",9426000,"BILL WILLIAMS RIVER BELOW ALAMO DAM, AZ","AZ","ST",34.2310833,-113.6099306,"H","NAD83",954.09,0.19,"NAVD88",15030204,"dv",60,3,5398,NA,"wat",NA,1645423,0,"12/1/1939","2/14/2026",31488,"AZ",c(-113.6099306, 34.2310833),FALSE,"PASS"
1019,"USGS",9426620,"BILL WILLIAMS RIVER NEAR PARKER, AZ","AZ","ST",34.2612361,-114.0289806,"1","NAD83",501.62,0.11,"NAVD88",15030204,"dv",60,3,5400,NA,"wat",NA,1645423,0,"10/1/1988","2/14/2026",13651,"AZ",c(-114.0289806, 34.2612361),FALSE,"PASS"
1020,"USGS",9426650,"CENTRAL ARIZONA PROJECT CANAL AT HAVASU PUMPING PL","PL","ST-CA",34.28890386,-114.1110573,"T","NAD83",NA,NA,NA,15030204,"dv",60,3,217310,NA,"wat",NA,1645423,0,"10/1/1984","1/31/2026",15098,"AZ",c(-114.1110573, 34.28890386),FALSE,"FAIL"
1021,"USGS",9428500,"CRIR MAIN CANAL NEAR PARKER, AZ","AZ","ST-CA",34.16779378,-114.2766175,"T","NAD83",302.47,0.19,"NAVD88",15030104,"dv",60,3,210422,NA,"wat",NA,1645423,0,"10/1/1954","2/15/2026",26071,"AZ",c(-114.2766175, 34.16779378),FALSE,"PASS"
1023,"USGS",9428505,"GARDNER LATERAL SPILL NEAR PARKER, AZ","AZ","ST",34.02779463,-114.433566,"T","NAD83",NA,NA,NA,15030104,"dv",60,3,5409,NA,"wat",NA,1645423,0,"5/1/1966","2/14/2026",21840,"AZ",c(-114.433566, 34.02779463),FALSE,"PASS"
1024,"USGS",9428508,"UPPER MAIN DRAIN NEAR POSTON, AZ","AZ","ST",34.0233504,-114.4124542,"T","NAD83",NA,NA,NA,15030105,"dv",60,3,5410,NA,"wat",NA,1645423,0,"10/4/1974","9/29/2010",13134,"AZ",c(-114.4124542, 34.0233504),FALSE,"PASS"
1025,"USGS",9428510,"POSTON WASTEWAY NEAR POSTON, AZ","AZ","ST",33.99845278,-114.4563389,"H","NAD83",291.09,0.12,"NAVD88",15030104,"dv",60,3,295811,NA,"wat",NA,1645423,0,"10/1/1969","2/15/2026",19130,"AZ",c(-114.4563389, 33.99845278),FALSE,"PASS"
1028,"USGS",9429030,"PALO VERDE DRAIN NEAR PARKER, AZ","AZ","ST",33.75696536,-114.4974554,"T","NAD83",NA,NA,NA,15030104,"dv",60,3,5417,NA,"wat",NA,1645423,0,"10/1/1979","2/14/2026",16939,"AZ",c(-114.4974554, 33.75696536),FALSE,"PASS"
1029,"USGS",9429060,"CRIR LOWER MAIN DRAIN NEAR PARKER, AZ","AZ","ST",33.761132,-114.4855107,"T","NAD83",NA,NA,NA,15030104,"dv",60,3,5418,NA,"wat",NA,1645423,0,"6/1/1966","9/29/2010",16192,"AZ",c(-114.4855107, 33.761132),FALSE,"PASS"
1034,"USGS",9429300,"COLORADO RIVER BELOW CIBOLA VALLEY, AZ.","AZ","ST",33.22114635,-114.672457,"T","NAD83",200,20,"NGVD29",15030104,"dv",60,3,5435,NA,"wat",NA,1645423,0,"4/1/1956","9/30/1988",11871,"AZ",c(-114.672457, 33.22114635),FALSE,"PASS"
1037,"USGS",9442000,"GILA RIVER NEAR CLIFTON, AZ","AZ","ST",32.96527778,-109.3086111,"S","NAD83",3338.8,0.22,"NAVD88",15040002,"dv",60,3,5444,NA,"wat",NA,1645423,0,"11/1/1910","2/14/2026",35474,"AZ",c(-109.3086111, 32.96527778),FALSE,"PASS"
1038,"USGS",9444200,"BLUE RIVER NEAR CLIFTON, AZ.","AZ","ST",33.29089456,-109.1961832,"T","NAD83",4160,20,"NGVD29",15040004,"dv",60,3,325935,NA,"wat",NA,1645423,0,"11/7/1967","9/30/2025",14574,"AZ",c(-109.1961832, 33.29089456),FALSE,"PASS"
1039,"USGS",9444500,"SAN FRANCISCO RIVER AT CLIFTON, AZ","AZ","ST",33.05604444,-109.2990167,"H","NAD83",3438.33,0.2,"NAVD88",15040004,"dv",60,3,5452,NA,"wat",NA,1645423,0,"10/23/1910","2/14/2026",37535,"AZ",c(-109.2990167, 33.05604444),FALSE,"PASS"
1040,"USGS",9445000,"Willow Creek Div from Black River, nr Morenci, AZ","AZ","ST",33.41283295,-109.719531,"T","NAD83",5957.16,20,"NGVD29",15040005,"dv",60,3,5453,NA,"wat",NA,1645423,0,"4/21/1945","9/30/2002",20982,"AZ",c(-109.719531, 33.41283295),FALSE,"PASS"
1046,"USGS",9447000,"EAGLE CREEK ABOVE PUMPING PLANT, NEAR MORENCI, AZ.","AZ","ST",33.06615,-109.444975,"H","NAD83",3610.45,0.23,"NAVD88",15040005,"dv",60,3,5458,NA,"wat",NA,1645423,0,"4/1/1944","2/14/2026",29905,"AZ",c(-109.444975, 33.06615),FALSE,"PASS"
1047,"USGS",9447800,"BONITA CREEK NEAR MORENCI, AZ.","AZ","ST",32.9556458,-109.5312047,"T","NAD83",3478.27,0.39,"NAVD88",15040005,"dv",60,3,295818,NA,"wat",NA,1645423,0,"8/1/1981","2/14/2026",16269,"AZ",c(-109.5312047, 32.9556458),FALSE,"PASS"
1048,"USGS",9448500,"GILA RIVER AT HEAD OF SAFFORD VALLEY, NR SOLOMON,",NA,"ST",32.8827222,-109.4796056,"1","NAD83",3096.66,0.18,"NAVD88",15040005,"dv",60,3,5463,NA,"wat",NA,1645423,0,"10/1/1920","2/14/2026",37886,"AZ",c(-109.4796056, 32.8827222),FALSE,"CHECK"
1060,"USGS",9457000,"SAN SIMON RIVER NEAR SOLOMON, ARIZ.",NA,"ST",32.8017604,-109.639262,"T","NAD83",2962.07,0.2,"NAVD88",15040006,"dv",60,3,340000,NA,"wat",NA,1645423,0,"6/1/1931","9/30/2025",19269,"AZ",c(-109.639262, 32.8017604),FALSE,"CHECK"
1068,"USGS",9466500,"GILA RIVER AT CALVA, AZ","AZ","ST",33.18563615,-110.2201142,"T","NAD83",2519.03,0.1,"NAVD88",1.5e+11,"dv",60,3,5488,NA,"wat",NA,1645423,0,"10/1/1929","2/14/2026",35201,"AZ",c(-110.2201142, 33.18563615),FALSE,"PASS"
1070,"USGS",9468500,"SAN CARLOS RIVER NEAR PERIDOT, AZ.","AZ","ST",33.29646536,-110.4515103,"T","NAD83",2543.94,0.2,"NAVD88",15040007,"dv",60,3,5492,NA,"wat",NA,1645423,0,"4/1/1914","2/14/2026",35639,"AZ",c(-110.4515103, 33.29646536),FALSE,"PASS"
1071,"USGS",9469500,"GILA RIVER BELOW COOLIDGE DAM, AZ.","AZ","ST",33.16934444,-110.5314583,"H","NAD83",2311.3,0.22,"NAVD88",15050100,"dv",60,3,5498,NA,"wat",NA,1645423,0,"1899-07-11","2/14/2026",42540,"AZ",c(-110.5314583, 33.16934444),FALSE,"PASS"
1072,"USGS",9470000,"GILA RIVER AT WINKELMAN, ARIZ.",NA,"ST",33.0017324,-110.7659386,"T","NAD83",1921.76,20,"NGVD29",15050100,"dv",60,3,5499,NA,"wat",NA,1645423,0,"9/10/1917","7/1/2004",18763,"AZ",c(-110.7659386, 33.0017324),FALSE,"CHECK"
1073,"USGS",9470500,"SAN PEDRO RIVER AT PALOMINAS, AZ.","AZ","ST",31.3801309,-110.1112093,"T","NAD83",4203.56,0.26,"NAVD88",15050202,"dv",60,3,5501,NA,"wat",NA,1645423,0,"5/31/1930","2/14/2026",26191,"AZ",c(-110.1112093, 31.3801309),FALSE,"PASS"
1077,"USGS",9470800,"GARDEN CANYON NEAR FORT HUACHUCA, AZ","AZ","ST",31.47287518,-110.3478588,"T","NAD83",5400,20,"NAVD88",15050202,"dv",60,3,5505,NA,"wat",NA,1645423,0,"10/1/1959","2/14/2026",13864,"AZ",c(-110.3478588, 31.47287518),FALSE,"PASS"
1080,"USGS",9471000,"SAN PEDRO RIVER AT CHARLESTON, AZ","AZ","ST",31.62594167,-110.1751028,"H","NAD83",3956.76,0.26,"NAVD88",15050202,"dv",60,3,5512,NA,"wat",NA,1645423,0,"3/29/1904","2/14/2026",40851,"AZ",c(-110.1751028, 31.62594167),FALSE,"PASS"
1088,"USGS",9471550,"SAN PEDRO RIVER NEAR TOMBSTONE, AZ","AZ","ST",31.75144444,-110.2013333,"1","NAD83",3787.17,0.25,"NAVD88",15050202,"dv",60,3,5520,NA,"wat",NA,1645423,0,"4/18/1967","2/14/2026",17480,"AZ",c(-110.2013333, 31.75144444),FALSE,"PASS"
1094,"USGS",9472000,"SAN PEDRO RIVER NR REDINGTON, ARIZ",NA,"ST",32.380628,-110.446471,"T","NAD83",2940.51,20,"NGVD29",15050203,"dv",60,3,5528,NA,"wat",NA,1645423,0,"6/1/1943","9/29/1995",18018,"AZ",c(-110.446471, 32.380628),FALSE,"CHECK"
1098,"USGS",9473000,"ARAVAIPA CREEK NEAR MAMMOTH, AZ.","AZ","ST",32.84467778,-110.6292861,"H","NAD83",2321.42,0.15,"NAVD88",15050203,"dv",60,3,5532,NA,"wat",NA,1645423,0,"5/1/1931","2/14/2026",25987,"AZ",c(-110.6292861, 32.84467778),FALSE,"PASS"
1103,"USGS",9474000,"GILA RIVER AT KELVIN, AZ.","AZ","ST",33.1028564,-110.9765231,"T","NAD83",1747.09,0.23,"NAVD88",15050100,"dv",60,3,5541,NA,"wat",NA,1645423,0,"1/26/1911","2/14/2026",41969,"AZ",c(-110.9765231, 33.1028564),FALSE,"PASS"
1105,"USGS",9475500,"FLORENCE-CASA GRANDE CANAL, NEAR FLORENCE, AZ.","AZ","ST-CA",33.09440556,-111.26015,"1","NAD83",1556.99,0.23,"NAVD88",15050100,"dv",60,3,5546,NA,"wat",NA,1645423,0,"9/5/1984","2/14/2026",15138,"AZ",c(-111.26015, 33.09440556),FALSE,"PASS"
1111,"USGS",9479350,"GILA RIVER NEAR MARICOPA, AZ.","AZ","ST",33.168661,-112.0073648,"S","NAD83",1113.87,20,"NGVD29",15050100,"dv",60,3,5557,NA,"wat",NA,1645423,0,"5/19/1995","2/14/2026",11215,"AZ",c(-112.0073648, 33.168661),FALSE,"PASS"
1112,"USGS",9479500,"GILA RIVER NEAR LAVEEN, ARIZ.",NA,"ST",33.2569917,-112.1670934,"T","NAD83",1018.9,20,"NGVD29",15050100,"dv",60,3,5558,NA,"wat",NA,1645423,0,"1/1/1940","6/18/1995",19831,"AZ",c(-112.1670934, 33.2569917),FALSE,"CHECK"
1115,"USGS",9480000,"SANTA CRUZ RIVER NEAR LOCHIEL, AZ","AZ","ST",31.35540695,-110.5895553,"T","NAD83",4632.84,0.23,"NAVD88",15050301,"dv",60,3,325939,NA,"wat",NA,1645423,0,"1/1/1949","2/14/2026",26435,"AZ",c(-110.5895553, 31.35540695),FALSE,"PASS"
1116,"USGS",9480500,"SANTA CRUZ RIVER NEAR NOGALES, AZ.","AZ","ST",31.34457256,-110.8515066,"T","NAD83",3705.29,0.19,"NAVD88",15050301,"dv",60,3,295822,NA,"wat",NA,1645423,0,"1/1/1913","2/14/2026",37237,"AZ",c(-110.8515066, 31.34457256),FALSE,"PASS"
1118,"USGS",9481500,"SONOITA CREEK NEAR PATAGONIA, ARIZ.",NA,"ST",31.49981633,-110.8181418,"T","NAD83",3818.09,20,"NGVD29",15050301,"dv",60,3,5564,NA,"wat",NA,1645423,0,"6/1/1930","9/29/1972",14916,"AZ",c(-110.8181418, 31.49981633),FALSE,"CHECK"
1119,"USGS",9481740,"SANTA CRUZ RIVER AT TUBAC, AZ.","AZ","ST",31.61304167,-111.040125,"H","NAD83",3165.78,0.49,"NAVD88",15050301,"dv",60,3,5565,NA,"wat",NA,1645423,0,"9/23/1995","2/14/2026",11090,"AZ",c(-111.040125, 31.61304167),FALSE,"PASS"
1121,"USGS",9482000,"SANTA CRUZ RIVER AT CONTINENTAL, AZ","AZ","ST",31.87150114,-110.980125,"T","NAD83",2807.01,0.16,"NAVD88",15050301,"dv",60,3,5567,NA,"wat",NA,1645423,0,"5/1/1940","2/14/2026",26953,"AZ",c(-110.980125, 31.87150114),FALSE,"PASS"
1128,"USGS",9482500,"SANTA CRUZ RIVER AT TUCSON, AZ","AZ","ST",32.22121353,-110.9817943,"T","NAD83",2322.64,0.07,"NAVD88",1.51e+11,"dv",60,3,5574,"[Data prior to 10/1/1992]","wat",NA,1645423,0,"10/1/1905","9/29/2011",31247,"AZ",c(-110.9817943, 32.22121353),FALSE,"PASS"
1131,"USGS",9483000,"TUCSON ARROYO AT VINE AVE, AT TUCSON, AZ.","AZ","ST",32.21674295,-110.9489799,"T","NAD83",2411.9,20,"NGVD29",15050301,"dv",60,3,5577,NA,"wat",NA,1645423,0,"6/1/1944","9/29/1981",13635,"AZ",c(-110.9489799, 32.21674295),FALSE,"PASS"
1135,"USGS",9484000,"SABINO CREEK NEAR TUCSON, AZ","AZ","ST",32.3147222,-110.8109167,"S","NAD83",2713.03,0.21,"NAVD88",15050302,"dv",60,3,5585,NA,"wat",NA,1645423,0,"6/27/1932","2/14/2026",29444,"AZ",c(-110.8109167, 32.3147222),FALSE,"PASS"
1137,"USGS",9484500,"TANQUE VERDE CREEK AT TUCSON, AZ.","AZ","ST",32.26425556,-110.8413,"H","NAD83",2458.37,0.11,"NAVD88",15050302,"dv",60,3,5587,NA,"wat",NA,1645423,0,"6/1/1940","2/14/2026",15942,"AZ",c(-110.8413, 32.26425556),FALSE,"PASS"
1142,"USGS",9484600,"PANTANO WASH NEAR VAIL, AZ.","AZ","ST",32.03594255,-110.677618,"T","NAD83",3191.57,0.17,"NAVD88",15050302,"dv",60,3,5593,NA,"wat",NA,1645423,0,"1/1/1959","2/14/2026",19037,"AZ",c(-110.677618, 32.03594255),FALSE,"PASS"
1143,"USGS",9485000,"RINCON CREEK NEAR TUCSON, AZ.","AZ","ST",32.12976667,-110.6258333,"H","NAD83",3131.77,0.18,"NAVD88",15050302,"dv",60,3,325940,NA,"wat",NA,1645423,0,"10/1/1952","2/14/2026",21662,"AZ",c(-110.6258333, 32.12976667),FALSE,"PASS"
1149,"USGS",9485700,"RILLITO CREEK AT DODGE BOULEVARD, AT TUCSON, AZ","AZ","ST",32.27149027,-110.9145706,"S","NAD83",2369.47,0.09,"NAVD88",1.51e+11,"dv",60,3,295825,NA,"wat",NA,1645423,0,"7/24/1987","2/14/2026",13844,"AZ",c(-110.9145706, 32.27149027),FALSE,"PASS"
1150,"USGS",9485850,"RILLITO CREEK NEAR TUCSON, ARIZ",NA,"ST",32.2886862,-110.9612047,"T","NAD83",NA,NA,NA,15050302,"dv",60,3,5602,NA,"wat",NA,1645423,0,"10/1/1913","9/29/1975",22461,"AZ",c(-110.9612047, 32.2886862),FALSE,"CHECK"
1151,"USGS",9486055,"RILLITO CREEK AT LA CHOLLA BLVD NEAR TUCSON, AZ.","AZ","ST",32.3027611,-111.011375,"H","NAD83",2245.71,0.07,"NAVD88",15050301,"dv",60,3,5606,NA,"wat",NA,1645423,0,"7/7/1990","2/14/2026",11160,"AZ",c(-111.011375, 32.3027611),FALSE,"PASS"
1154,"USGS",9486350,"CANADA DEL ORO BLW INA ROAD, NEAR TUCSON, AZ.","AZ","ST",32.33621,-111.0420746,"S","NAD83",2228.67,0.07,"NAVD88",15050301,"dv",60,3,5609,NA,"wat",NA,1645423,0,"8/7/1992","2/14/2026",11104,"AZ",c(-111.0420746, 32.33621),FALSE,"PASS"
1156,"USGS",9486500,"SANTA CRUZ RIVER AT CORTARO, AZ","AZ","ST",32.3507222,-111.095875,"H","NAD83",2123.61,0.07,"NAVD88",15050302,"dv",60,3,5611,NA,"wat",NA,1645423,0,"10/1/1939","2/14/2026",27833,"AZ",c(-111.095875, 32.3507222),FALSE,"PASS"
1159,"USGS",9486520,"SANTA CRUZ RIVER AT TRICO ROAD, NR MARANA, AZ.","AZ","ST",32.47158889,-111.3019667,"H","NAD83",1899.06,0.07,"NAVD88",15050303,"dv",60,3,5614,NA,"wat",NA,1645423,0,"4/1/1989","2/14/2026",13468,"AZ",c(-111.3019667, 32.47158889),FALSE,"PASS"
1163,"USGS",9486800,"ALTAR WASH NEAR THREE POINTS, AZ.","AZ","ST",31.83908056,-111.4042667,"H","NAD83",2975.21,0.31,"NAVD88",15050304,"dv",60,3,5618,NA,"wat",NA,1645423,0,"1/11/1966","2/14/2026",15887,"AZ",c(-111.4042667, 31.83908056),FALSE,"PASS"
1164,"USGS",9487000,"BRAWLEY WASH NEAR THREE POINTS, AZ.","AZ","ST",32.0756601,-111.3387473,"T","NAD83",2526.5,0.1,"NAVD88",15050302,"dv",60,3,5619,NA,"wat",NA,1645423,0,"12/14/1990","2/13/2026",12332,"AZ",c(-111.3387473, 32.0756601),FALSE,"PASS"
1169,"USGS",9489000,"SANTA CRUZ RIVER NEAR LAVEEN, AZ.","AZ","ST",33.23262778,-112.1695806,"H","NAD83",1023.07,0.24,"NAVD88",15050303,"dv",60,3,295826,NA,"wat",NA,1645423,0,"1/1/1940","2/14/2026",31024,"AZ",c(-112.1695806, 33.23262778),FALSE,"PASS"
1179,"USGS",9489499,"BLACK R AB WILLOW CR DIV NR POINT OF PINES, AZ","AZ","ST",33.48144254,-109.7531442,"T","NAD83",NA,NA,NA,15060101,"dv",60,3,5636,NA,"wat",NA,1645423,0,"6/1/1953","9/29/1989",13270,"AZ",c(-109.7531442, 33.48144254),FALSE,"PASS"
1180,"USGS",9489500,"BLACK RVR BLW PUMPING PLANT, NR POINT OF PINES, AZ","AZ","ST",33.4767422,-109.7639928,"T","NAD83",5722.59,0.34,"NAVD88",15060101,"dv",60,3,5637,NA,"wat",NA,1645423,0,"6/1/1953","2/14/2026",26556,"AZ",c(-109.7639928, 33.4767422),FALSE,"PASS"
1183,"USGS",9490500,"BLACK RIVER NEAR FORT APACHE, AZ.","AZ","ST",33.71282949,-110.2117674,"T","NAD83",4345,20,"NGVD29",15060101,"dv",60,3,5640,NA,"wat",NA,1645423,0,"11/24/1912","2/14/2026",26077,"AZ",c(-110.2117674, 33.71282949),FALSE,"PASS"
1186,"USGS",9492400,"EAST FORK WHITE RIVER NEAR FORT APACHE, AZ.","AZ","ST",33.8222723,-109.8145413,"T","NAD83",6050,20,"NGVD29",15060102,"dv",60,3,5643,NA,"wat",NA,1645423,0,"8/1/1957","2/14/2026",25035,"AZ",c(-109.8145413, 33.8222723),FALSE,"PASS"
1190,"USGS",9494000,"WHITE RIVER NEAR FORT APACHE, AZ.","AZ","ST",33.7364557,-110.1667837,"T","NAD83",4359.22,0.28,"NAVD88",15060102,"dv",60,3,295829,NA,"wat",NA,1645423,0,"10/1/1917","2/14/2026",25309,"AZ",c(-110.1667837, 33.7364557),FALSE,"PASS"
1194,"USGS",9495000,"FORESTDALE CR DIV FROM SHOW LOW CR NR SHOW LOW, AZ","AZ","ST",34.1778208,-110.0162198,"T","NAD83",6621.57,20,"NGVD29",15020005,"dv",60,3,5651,NA,"wat",NA,1645423,0,"5/1/1953","9/29/2005",19145,"AZ",c(-110.0162198, 34.1778208),FALSE,"PASS"
1198,"USGS",9496500,"CARRIZO CREEK NEAR SHOW LOW, AZ.","AZ","ST",33.98589336,-110.2809554,"T","NAD83",4752.16,0.18,"NAVD88",15060104,"dv",60,3,295830,NA,"wat",NA,1645423,0,"6/22/1951","2/14/2026",24685,"AZ",c(-110.2809554, 33.98589336),FALSE,"PASS"
1201,"USGS",9497500,"SALT RIVER NEAR CHRYSOTILE, AZ","AZ","ST",33.79811903,-110.4998489,"T","NAD83",3355.31,0.2,"NAVD88",1.51e+11,"dv",60,3,5658,NA,"wat",NA,1645423,0,"9/18/1924","2/14/2026",37036,"AZ",c(-110.4998489, 33.79811903),FALSE,"PASS"
1203,"USGS",9497800,"CIBECUE CREEK NEAR CHRYSOTILE, AZ","AZ","ST",33.84311759,-110.5576286,"T","NAD83",3185.51,0.2,"NAVD88",1.51e+11,"dv",60,3,5660,NA,"wat",NA,1645423,0,"5/15/1959","2/14/2026",24382,"AZ",c(-110.5576286, 33.84311759),FALSE,"PASS"
1206,"USGS",9497980,"CHERRY CREEK NEAR GLOBE, AZ","AZ","ST",33.8278262,-110.8562266,"T","NAD83",3200,20,"NGVD29",15060103,"dv",60,3,325943,NA,"wat",NA,1645423,0,"5/4/1965","2/14/2026",21950,"AZ",c(-110.8562266, 33.8278262),FALSE,"PASS"
1207,"USGS",9498400,"PINAL CREEK AT INSPIRATION DAM, NR GLOBE, AZ.","AZ","ST",33.5731068,-110.9012251,"T","NAD83",2740,20,"NGVD29",15060103,"dv",60,3,5664,NA,"wat",NA,1645423,0,"7/24/1980","2/14/2026",16629,"AZ",c(-110.9012251, 33.5731068),FALSE,"PASS"
1208,"USGS",9498500,"SALT RIVER NEAR ROOSEVELT, AZ","AZ","ST",33.61916667,-110.9220833,"5","NAD83",2178.81,0.2,"NAVD88",1.51e+11,"dv",60,3,5665,NA,"wat",NA,1645423,0,"10/1/1913","2/14/2026",41044,"AZ",c(-110.9220833, 33.61916667),FALSE,"PASS"
1210,"USGS",9498501,"PINTO CREEK BLW HAUNTED CANYON NR MIAMI, AZ","AZ","ST",33.41866469,-111.0095609,"S","NAD83",3180,5,"NGVD29",15060103,"dv",60,3,5667,NA,"wat",NA,1645423,0,"10/1/1995","2/14/2026",11094,"AZ",c(-111.0095609, 33.41866469),FALSE,"PASS"
1211,"USGS",9498502,"PINTO CREEK NEAR MIAMI, AZ","AZ","ST",33.4878297,-110.9953942,"S","NAD83",2820,5,"NGVD29",15060103,"dv",60,3,5668,NA,"wat",NA,1645423,0,"9/30/1994","2/14/2026",11086,"AZ",c(-110.9953942, 33.4878297),FALSE,"PASS"
1212,"USGS",9498503,"SOUTH FORK PARKER CREEK NEAR ROOSEVELT, AZ","AZ","ST",33.79694444,-110.9598111,"H","NAD83",5432.86,0.27,"NAVD88",15060103,"dv",60,3,5669,NA,"wat",NA,1645423,0,"11/16/1985","2/14/2026",14154,"AZ",c(-110.9598111, 33.79694444),FALSE,"PASS"
1215,"USGS",9499000,"TONTO CREEK ABOVE GUN CREEK, NEAR ROOSEVELT, AZ","AZ","ST",33.98005443,-111.3034836,"T","NAD83",2525.04,0.2,"NAVD88",1.51e+11,"dv",60,3,5672,NA,"wat",NA,1645423,0,"12/21/1940","2/14/2026",31102,"AZ",c(-111.3034836, 33.98005443),FALSE,"PASS"
1218,"USGS",9502000,"SALT RIVER BLW STEWART MOUNTAIN DAM, AZ","AZ","ST",33.55284137,-111.5765431,"T","NAD83",1375.06,0.22,"NAVD88",1.51e+11,"dv",60,3,5675,NA,"wat",NA,1645423,0,"10/1/1934","2/14/2026",31914,"AZ",c(-111.5765431, 33.55284137),FALSE,"PASS"
1221,"USGS",9502800,"WILLIAMSON VALLEY WASH NEAR PAULDEN, AZ","AZ","ST",34.8666865,-112.6132308,"T","NAD83",4455,20,"NGVD29",15060201,"dv",60,3,5678,NA,"wat",NA,1645423,0,"3/26/1965","2/14/2026",16453,"AZ",c(-112.6132308, 34.8666865),FALSE,"PASS"
1224,"USGS",9502960,"GRANITE CREEK AT PRESCOTT, AZ","AZ","ST",34.55196864,-112.4623913,"F","NAD83",5285,10,"NGVD29",15060202,"dv",60,3,5680,NA,"wat",NA,1645423,0,"11/16/1994","2/14/2026",11414,"AZ",c(-112.4623913, 34.55196864),FALSE,"PASS"
1225,"USGS",9503000,"GRANITE CREEK NEAR PRESCOTT, AZ","AZ","ST",34.56307975,-112.4448909,"S","NAD83",5204.29,10,"NGVD29",15060202,"dv",60,3,5681,NA,"wat",NA,1645423,0,"7/1/1932","2/14/2026",17026,"AZ",c(-112.4448909, 34.56307975),FALSE,"PASS"
1228,"USGS",9503700,"VERDE RIVER NEAR PAULDEN, AZ","AZ","ST",34.89502016,-112.3429468,"T","NAD83",4117,20,"NGVD29",15060202,"dv",60,3,5684,NA,"wat",NA,1645423,0,"7/17/1963","2/14/2026",22859,"AZ",c(-112.3429468, 34.89502016),FALSE,"PASS"
1232,"USGS",9504000,"VERDE RIVER NEAR CLARKDALE, AZ","AZ","ST",34.8522416,-112.065994,"1","NAD83",3500,10,"NGVD29",15060202,"dv",60,3,5687,NA,"wat",NA,1645423,0,"6/18/1915","2/14/2026",24250,"AZ",c(-112.065994, 34.8522416),FALSE,"PASS"
1234,"USGS",9504420,"OAK CREEK NEAR SEDONA, AZ","AZ","ST",34.86153889,-111.7619972,"H","NAD83",4172.88,0.14,"NAVD88",15060202,"dv",60,3,5688,NA,"wat",NA,1645423,0,"10/1/1981","2/14/2026",16208,"AZ",c(-111.7619972, 34.86153889),FALSE,"PASS"
1237,"USGS",9504500,"OAK CREEK NEAR CORNVILLE, AZ","AZ","ST",34.76446436,-111.8909885,"T","NAD83",3470,20,"NGVD29",15060202,"dv",60,3,5691,NA,"wat",NA,1645423,0,"7/1/1940","2/14/2026",30491,"AZ",c(-111.8909885, 34.76446436),FALSE,"PASS"
1240,"USGS",9505200,"WET BEAVER CREEK NEAR RIMROCK, AZ","AZ","ST",34.67474409,-111.672094,"T","NAD83",4020,20,"NGVD29",15060202,"dv",60,3,5693,NA,"wat",NA,1645423,0,"10/1/1961","2/14/2026",21981,"AZ",c(-111.672094, 34.67474409),FALSE,"PASS"
1245,"USGS",9505350,"DRY BEAVER CREEK NEAR RIMROCK, AZ","AZ","ST",34.72863146,-111.775708,"T","NAD83",3694.38,20,"NGVD29",15060202,"dv",60,3,5699,NA,"wat",NA,1645423,0,"10/1/1960","2/14/2026",23878,"AZ",c(-111.775708, 34.72863146),FALSE,"PASS"
1248,"USGS",9505800,"WEST CLEAR CREEK NEAR CAMP VERDE, AZ","AZ","ST",34.53863606,-111.6940356,"T","NAD83",3630,20,"NGVD29",15060203,"dv",60,3,5705,NA,"wat",NA,1645423,0,"12/5/1964","2/14/2026",22352,"AZ",c(-111.6940356, 34.53863606),FALSE,"PASS"
1249,"USGS",9506000,"VERDE RIVER NEAR CAMP VERDE, AZ","AZ","ST",34.4483605,-111.7898705,"S","NAD83",2874.1,1,"NGVD29",15060203,"dv",60,3,5707,NA,"wat",NA,1645423,0,"4/1/1934","2/14/2026",17851,"AZ",c(-111.7898705, 34.4483605),FALSE,"PASS"
1252,"USGS",9507500,"FOSSIL CR DIV TO CHILDS POWERPLANT, NR CAMP VERDE",NA,"ST",34.3683626,-111.6662568,"T","NAD83",3716.2,20,"NGVD29",15060203,"dv",60,3,5710,NA,"wat",NA,1645423,0,"1/1/1952","12/31/2004",19359,"AZ",c(-111.6662568, 34.3683626),FALSE,"CHECK"
1253,"USGS",9507580,"EAST VERDE R DIV FROM EAST CLEAR CR NR PINE, AZ","AZ","ST",34.41780739,-111.2637469,"T","NAD83",5774,20,"NGVD29",15060203,"dv",60,3,5711,NA,"wat",NA,1645423,0,"10/21/1965","2/14/2026",22029,"AZ",c(-111.2637469, 34.41780739),FALSE,"PASS"
1259,"USGS",9507980,"EAST VERDE RIVER NEAR CHILDS, AZ","AZ","ST",34.27643412,-111.638773,"T","NAD83",2575.41,0.12,"NAVD88",1.51e+11,"dv",60,3,295832,NA,"wat",NA,1645423,0,"9/1/1961","2/14/2026",22652,"AZ",c(-111.638773, 34.27643412),FALSE,"PASS"
1261,"USGS",9508300,"WET BOTTOM CREEK NEAR CHILDS, AZ","AZ","ST",34.16086787,-111.6929235,"T","NAD83",2320,10,"NGVD29",15060203,"dv",60,3,5719,NA,"wat",NA,1645423,0,"6/4/1967","2/14/2026",21441,"AZ",c(-111.6929235, 34.16086787),FALSE,"PASS"
1262,"USGS",9508500,"VERDE RVR BLW TANGLE CREEK, ABV HORSESHOE DAM, AZ","AZ","ST",34.0731053,-111.7162734,"T","NAD83",2029.8,0.2,"NAVD88",1.51e+11,"dv",60,3,343930,NA,"wat",NA,1645423,0,"8/22/1945","2/14/2026",29397,"AZ",c(-111.7162734, 34.0731053),FALSE,"PASS"
1264,"USGS",9510000,"VERDE RIVER BELOW BARTLETT DAM, AZ","AZ","ST",33.80837509,-111.6634729,"T","NAD83",1570.34,10,"NGVD29",15060203,"dv",60,3,5725,NA,"wat",NA,1645423,0,"1/1/1904","2/14/2026",43237,"AZ",c(-111.6634729, 33.80837509),FALSE,"PASS"
1271,"USGS",9510200,"SYCAMORE CREEK NEAR FORT MCDOWELL, AZ","AZ","ST",33.69422687,-111.5418211,"T","NAD83",1760.76,0.21,"NAVD88",1.51e+11,"dv",60,3,5732,NA,"wat",NA,1645423,0,"10/1/1960","2/14/2026",23878,"AZ",c(-111.5418211, 33.69422687),FALSE,"PASS"
1272,"USGS",9511300,"VERDE RIVER NEAR SCOTTSDALE, AZ","AZ","ST",33.5586557,-111.6693043,"T","NAD83",1320.31,20,"NGVD29",15060203,"dv",60,3,5733,NA,"wat",NA,1645423,0,"2/13/1961","2/14/2026",23013,"AZ",c(-111.6693043, 33.5586557),FALSE,"PASS"
1277,"USGS",9512162,"INDIAN BEND WASH AT CURRY ROAD, TEMPE, AZ.","AZ","ST",33.4403423,-111.9151624,"S","NAD83",1162.45,20,"NGVD29",15060106,"dv",60,3,5740,NA,"wat",NA,1645423,0,"10/1/1992","11/21/2022",11009,"AZ",c(-111.9151624, 33.4403423),FALSE,"PASS"
1278,"USGS",9512165,"SALT RIVER AT PRIEST DRIVE NEAR PHOENIX, AZ","AZ","ST",33.43411111,-111.9613333,"5","NAD83",1121.56,0.12,"NAVD88",1.51e+11,"dv",60,3,5741,NA,"wat",NA,1645423,0,"12/7/1993","2/14/2026",11757,"AZ",c(-111.9613333, 33.43411111),FALSE,"PASS"
1282,"USGS",9512200,"SALT RIVER TRIB. IN SOUTH MNTN PARK NR PHOENIX, AZ","AZ","ST",33.34699047,-112.0848697,"M","NAD83",1405.2,20,"NGVD29",15060106,"dv",60,3,325944,NA,"wat",NA,1645423,0,"10/1/1960","9/20/1999",14225,"AZ",c(-112.0848697, 33.34699047),FALSE,"PASS"
1283,"USGS",9512280,"CAVE CREEK BLW COTTONWOOD CR NEAR CAVE CREEK, AZ.","AZ","ST",33.88704167,-111.9541944,"H","NAD83",2259.9,0.2,"NAVD88",1.51e+11,"dv",60,3,5747,NA,"wat",NA,1645423,0,"10/1/1980","2/14/2026",16573,"AZ",c(-111.9541944, 33.88704167),FALSE,"PASS"
1285,"USGS",9512400,"CAVE CREEK AT PHOENIX, ARIZ.",NA,"ST",33.58226304,-112.1126513,"T","NAD83",1236.37,20,"NGVD29",15060106,"dv",60,3,295834,NA,"wat",NA,1645423,0,"10/1/1957","9/30/1991",12418,"AZ",c(-112.1126513, 33.58226304),FALSE,"CHECK"
1291,"USGS",9512500,"AGUA FRIA RIVER NEAR MAYER, AZ","AZ","ST",34.31505,-112.0638917,"1","NAD83",3433.87,0.23,"NAVD88",1.51e+11,"dv",60,3,5756,NA,"wat",NA,1645423,0,"1/1/1940","2/14/2026",31456,"AZ",c(-112.0638917, 34.31505),FALSE,"PASS"
1294,"USGS",9512800,"AGUA FRIA RIVER NEAR ROCK SPRINGS, AZ","AZ","ST",34.01560406,-112.1679519,"T","NAD83",1772.69,0.24,"NAVD88",1.51e+11,"dv",60,3,5760,NA,"wat",NA,1645423,0,"1/27/1970","2/14/2026",20107,"AZ",c(-112.1679519, 34.01560406),FALSE,"PASS"
1301,"USGS",9513780,"NEW RIVER NEAR ROCK SPRINGS, AZ.","AZ","ST",33.97436667,-112.0990944,"H","NAD83",2313.08,0.2,"NAVD88",1.51e+11,"dv",60,3,5772,NA,"wat",NA,1645423,0,"10/1/1965","2/14/2026",21966,"AZ",c(-112.0990944, 33.97436667),FALSE,"PASS"
1304,"USGS",9513860,"SKUNK CREEK NEAR PHOENIX, AZ","AZ","ST",33.72993333,-112.1196472,"H","NAD83",1473.53,0.1,"NAVD88",1.51e+11,"dv",60,3,5775,NA,"wat",NA,1645423,0,"10/1/1967","2/14/2026",21322,"AZ",c(-112.1196472, 33.72993333),FALSE,"PASS"
1309,"USGS",9514100,"GILA RIVER AT ESTRELLA PARKWAY, NEAR GOODYEAR, AZ","AZ","ST",33.3875427,-112.3923808,"F","NAD83",883,5,"NGVD29",15070101,"dv",60,3,5783,NA,"wat",NA,1645423,0,"10/1/1992","2/14/2026",12190,"AZ",c(-112.3923808, 33.3875427),FALSE,"PASS"
1313,"USGS",9515500,"HASSAYAMPA RIVER AT BOX DAMSITE NR WICKENBURG AZ","AZ","ST",34.0450291,-112.7098996,"T","NAD83",2236.12,20,"NGVD29",15070103,"dv",60,3,5787,NA,"wat",NA,1645423,0,"1/1/1938","9/29/1982",13481,"AZ",c(-112.7098996, 34.0450291),FALSE,"PASS"
1314,"USGS",9516500,"HASSAYAMPA RIVER NEAR MORRISTOWN, AZ","AZ","ST",33.88504881,-112.6621309,"T","NAD83",1832.4,0.18,"NAVD88",1.51e+11,"dv",60,3,5788,NA,"wat",NA,1645423,0,"10/1/1938","2/14/2026",15395,"AZ",c(-112.6621309, 33.88504881),FALSE,"PASS"
1315,"USGS",9517000,"HASSAYAMPA RIVER NEAR ARLINGTON, AZ","AZ","ST",33.3472844,-112.7257391,"T","NAD83",822.68,20,"NGVD29",15070103,"dv",60,3,5789,NA,"wat",NA,1645423,0,"11/1/1959","2/14/2026",12829,"AZ",c(-112.7257391, 33.3472844),FALSE,"PASS"
1317,"USGS",9517490,"CENTENNIAL WASH AT SOUTHERN PACIFIC RAILROAD BRDG",NA,"ST",33.31031984,-112.8818423,"S","NAD83",841.06,10,"NGVD29",15070104,"dv",60,3,5792,NA,"wat",NA,1645423,0,"8/28/1978","2/14/2026",14545,"AZ",c(-112.8818423, 33.31031984),FALSE,"CHECK"
1319,"USGS",9518500,"GILA BEND CANAL AT GILLESPIE DAM, AZ","AZ","ST-CA",33.2292317,-112.7674059,"T","NAD83",NA,NA,NA,15070101,"dv",60,3,5795,NA,"wat",NA,1645423,0,"10/1/1975","12/13/2017",15050,"AZ",c(-112.7674059, 33.2292317),FALSE,"PASS"
1320,"USGS",9519000,"ENTERPRISE CANAL AT GILLESPIE DAM, AZ","AZ","ST-CA",33.2292104,-112.7715597,"T","NAD83",NA,NA,NA,15070101,"dv",60,3,5796,NA,"wat",NA,1645423,0,"3/12/1974","2/14/2026",18603,"AZ",c(-112.7715597, 33.2292104),FALSE,"PASS"
1321,"USGS",9519500,"GILA RIVER BELOW GILLESPIE DAM, AZ (FLOW BLW DAM)",NA,"ST",33.22921044,-112.7673929,"T","NAD83",753.46,20,"NGVD29",15070101,"dv",60,3,5798,NA,"wat",NA,1645423,0,"8/4/1921","9/29/2015",34025,"AZ",c(-112.7673929, 33.22921044),FALSE,"CHECK"
1325,"USGS",9519800,"GILA RIVER BELOW PAINTED ROCK DAM, AZ","AZ","ST",33.07810833,-113.0180778,"H","NAD83",520,0.2,"NAVD88",1.51e+11,"dv",60,3,5802,NA,"wat",NA,1645423,0,"10/1/1959","2/14/2026",24147,"AZ",c(-113.0180778, 33.07810833),FALSE,"PASS"
1329,"USGS",9520280,"GILA RIVER NEAR DATELAND, AZ","AZ","ST",32.87928056,-113.5412639,"H","NAD83",362.34,0.23,"NAVD88",15070201,"dv",60,3,5807,NA,"wat",NA,1645423,0,"10/1/1993","2/14/2026",11825,"AZ",c(-113.5412639, 32.87928056),FALSE,"PASS"
1330,"USGS",9520500,"GILA RIVER NEAR DOME, AZ","AZ","ST",32.7608789,-114.4205019,"T","NAD83",141.39,0.04,"NAVD88",15070201,"dv",60,3,5810,NA,"wat",NA,1645423,0,"1/1/1905","2/14/2026",36084,"AZ",c(-114.4205019, 32.7608789),FALSE,"PASS"
1334,"USGS",9521000,"COLORADO RIVER AT YUMA, AZ","AZ","ST",32.72921358,-114.6216191,"T","NAD83",102.86,20,"NGVD29",15030107,"dv",60,3,5813,NA,"wat",NA,1645423,0,"1/1/1904","11/1/1983",22321,"CA",c(-114.6216191, 32.72921358),FALSE,"FAIL"
1335,"USGS",9522000,"COLORADO RIVER AT NIB, ABOVE MORELOS DAM, AZ","AZ","ST",32.7186587,-114.7188444,"T","NAD83",119.33,0.1,"NGVD29",15030108,"dv",60,3,5815,NA,"wat",NA,1645423,0,"1/1/1950","12/31/2025",27759,"AZ",c(-114.7188444, 32.7186587),FALSE,"PASS"
1337,"USGS",9522400,"MITTRY LAKE DIVERSION AT IMPERIAL DAM, AZ","AZ","FA-DV",32.87811944,-114.459136,"H","NAD83",156.28,0.05,"NAVD88",15030107,"dv",60,3,5817,NA,"wat",NA,1645423,0,"10/1/1976","2/14/2026",18034,"AZ",c(-114.459136, 32.87811944),FALSE,"PASS"
1338,"USGS",9522500,"GILA GRAVITY MAIN CANAL AT IMPERIAL DAM, AZ-CA",NA,"ST-CA",32.8712,-114.4500806,"H","NAD83",162.16,0.05,"NAVD88",15030107,"dv",60,3,5818,NA,"wat",NA,1645423,0,"8/16/1943","2/14/2026",30133,"AZ",c(-114.4500806, 32.8712),FALSE,"CHECK"
1339,"USGS",9522600,"NORTH GILA MAIN CANAL NEAR YUMA, AZ","AZ","ST-CA",32.80296389,-114.4953222,"H","NAD83",159.02,0.05,"NAVD88",15030107,"dv",60,3,5819,NA,"wat",NA,1645423,0,"10/1/1966","2/14/2026",21686,"AZ",c(-114.4953222, 32.80296389),FALSE,"PASS"
1340,"USGS",9522650,"NORTH GILA MAIN CANAL NO. 2 NEAR YUMA, AZ","AZ","ST-CA",32.75266667,-114.4939472,"H","NAD83",161.39,0.05,"NAVD88",15030107,"dv",60,3,5820,NA,"wat",NA,1645423,0,"7/1/1969","2/14/2026",20683,"AZ",c(-114.4939472, 32.75266667),FALSE,"PASS"
1343,"USGS",9522700,"WELLTON-MOHAWK MAIN CANAL NEAR YUMA, AZ","AZ","ST-CA",32.7422683,-114.4338356,"T","NAD83",NA,NA,NA,15070201,"dv",60,3,212697,NA,"wat",NA,1645423,0,"10/1/1974","2/15/2026",18738,"AZ",c(-114.4338356, 32.7422683),FALSE,"PASS"
1354,"USGS",9522800,"SOUTH GILA MAIN CANAL NEAR YUMA, AZ","AZ","ST-CA",32.68743889,-114.4721778,"H","NAD83",151.3,0.04,"NAVD88",15070201,"dv",60,3,5834,NA,"wat",NA,1645423,0,"10/1/1973","2/14/2026",18765,"AZ",c(-114.4721778, 32.68743889),FALSE,"PASS"
1359,"USGS",9525500,"YUMA MAIN CANAL BLW COLORADO R. SIPHON AT YUMA, AZ","AZ","ST-CA",32.7274,-114.6212694,"H","NAD83",122.74,0.04,"NAVD88",15030108,"dv",60,3,5853,NA,"wat",NA,1645423,0,"10/1/1938","2/14/2026",31914,"AZ",c(-114.6212694, 32.7274),FALSE,"PASS"
1365,"USGS",9528600,"LAGUNA CANAL WASTEWAY NEAR YUMA, AZ","AZ","ST-CA",32.8158776,-114.4910597,"T","NAD83",NA,NA,NA,15030107,"dv",60,3,5870,NA,"wat",NA,1645423,0,"10/1/1966","9/30/1997",11323,"AZ",c(-114.4910597, 32.8158776),FALSE,"PASS"
1366,"USGS",9528800,"LEVEE CANAL WASTEWAY NEAR YUMA, AZ","AZ","ST-CA",32.75868889,-114.5240028,"H","NAD83",131.5,0.05,"NAVD88",15030107,"dv",60,3,5871,NA,"wat",NA,1645423,0,"10/1/1966","2/14/2026",21687,"AZ",c(-114.5240028, 32.75868889),FALSE,"PASS"
1367,"USGS",9529000,"GILA DRAIN NO. 1 NEAR YUMA, AZ","AZ","ST",32.75877778,-114.5226139,"H","NAD83",125.56,0.05,"NAVD88",15030107,"dv",60,3,5872,NA,"wat",NA,1645423,0,"10/1/1974","2/14/2026",18400,"AZ",c(-114.5226139, 32.75877778),FALSE,"PASS"
1370,"USGS",9529150,"NORTH GILA MAIN CANAL WASTEWAY NEAR YUMA, AZ","AZ","ST-CA",32.72628056,-114.5042444,"H","NAD83",138.62,0.05,"NAVD88",15070201,"dv",60,3,5875,NA,"wat",NA,1645423,0,"10/1/1966","2/14/2026",21322,"AZ",c(-114.5042444, 32.72628056),FALSE,"PASS"
1371,"USGS",9529160,"SOUTH GILA PUMP OUTLET CHANNEL NO 3 NEAR YUMA, AZ","AZ","ST",32.7178246,-114.5041154,"T","NAD83",NA,NA,NA,15070201,"dv",60,3,5876,NA,"wat",NA,1645423,0,"10/1/1966","8/30/2016",17867,"AZ",c(-114.5041154, 32.7178246),FALSE,"PASS"
1374,"USGS",9529240,"SOUTH GILA PUMP OUTLET CHANNEL NO 2 NEAR YUMA, AZ","AZ","ST",32.70865835,-114.5299495,"T","NAD83",NA,NA,NA,15070201,"dv",60,3,5879,NA,"wat",NA,1645423,0,"8/1/1917","9/29/2016",17929,"AZ",c(-114.5299495, 32.70865835),FALSE,"PASS"
1376,"USGS",9529250,"BRUCE CHURCH WASTEWAY NEAR YUMA, AZ","AZ","ST",32.71555556,-114.533386,"H","NAD83",137.58,0.05,"NAVD88",15070201,"dv",60,3,5881,NA,"wat",NA,1645423,0,"10/1/1966","2/14/2026",21322,"AZ",c(-114.533386, 32.71555556),FALSE,"PASS"
1377,"USGS",9529300,"WELLTON-MOHAWK MAIN OUTLET DRAIN NR YUMA, AZ","AZ","ST",32.74210278,-114.4369028,"H","NAD83",102.03,0.04,"NAVD88",15070201,"dv",60,3,5882,NA,"wat",NA,1645423,0,"10/1/1966","2/14/2026",21322,"AZ",c(-114.4369028, 32.74210278),FALSE,"PASS"
1379,"USGS",9529360,"SOUTH GILA PUMP OUTLET CHANNEL NO 1 NEAR YUMA, AZ","AZ","ST",32.70671407,-114.5560614,"T","NAD83",NA,NA,NA,15070201,"dv",60,3,5884,NA,"wat",NA,1645423,0,"10/1/1966","9/29/2016",17897,"AZ",c(-114.5560614, 32.70671407),FALSE,"PASS"
1382,"USGS",9529420,"SOUTH GILA TERMINAL CANAL WASTEWAY NR YUMA, AZ","AZ","ST-CA",32.693659,-114.58134,"T","NAD83",150,2.5,"NGVD29",15030107,"dv",60,3,5888,NA,"wat",NA,1645423,0,"10/1/1966","2/14/2026",21322,"AZ",c(-114.58134, 32.693659),FALSE,"PASS"
1383,"USGS",9529440,"SOUTH GILA PUMP OUTLET CHANNEL NO 4 NEAR YUMA, AZ","AZ","ST",32.71282513,-114.5980072,"T","NAD83",NA,NA,NA,15030107,"dv",60,3,325946,NA,"wat",NA,1645423,0,"10/1/1966","9/29/2016",17897,"AZ",c(-114.5980072, 32.71282513),FALSE,"PASS"
1386,"USGS",9530200,"YUMA MESA OUTLET DRAIN NEAR YUMA, AZ","AZ","ST",32.730047,-114.658287,"T","NAD83",NA,NA,NA,15030107,"dv",60,3,5897,NA,"wat",NA,1645423,0,"10/1/1971","2/14/2026",15996,"AZ",c(-114.658287, 32.730047),FALSE,"PASS"
1388,"USGS",9531800,"MAIN OUTLET DR EXTENSION 2 AB MORELOS DAM, AZ.","AZ","ST",32.7283806,-114.7146776,"T","NAD83",NA,NA,NA,15030107,"dv",60,3,5901,"[(2)]","wat",NA,1645423,0,"10/1/1969","6/29/2018",14700,"AZ",c(-114.7146776, 32.7283806),FALSE,"PASS"
1398,"USGS",9535100,"SAN SIMON WASH NEAR PISINIMO, AZ.","AZ","ST",32.044237,-112.3709706,"T","NAD83",1830,20,"NGVD29",15080101,"dv",60,3,5913,NA,"wat",NA,1645423,0,"2/1/1972","1/26/2016",16066,"AZ",c(-112.3709706, 32.044237),FALSE,"PASS"
1400,"USGS",9535300,"VAMORI WASH AT KOM VO, AZ","AZ","ST",31.95121357,-112.3479399,"T","NAD83",1759.88,0.28,"NAVD88",15080101,"dv",60,3,5915,NA,"wat",NA,1645423,0,"2/1/1972","9/30/2025",19596,"AZ",c(-112.3479399, 31.95121357),FALSE,"PASS"
1404,"USGS",9537200,"LESLIE CREEK NEAR MCNEAL, AZ.","AZ","ST",31.59012789,-109.5089722,"T","NAD83",4622.66,0.22,"NAVD88",15080301,"dv",60,3,5920,NA,"wat",NA,1645423,0,"10/1/1969","2/14/2026",18854,"AZ",c(-109.5089722, 31.59012789),FALSE,"PASS"
1405,"USGS",9537500,"WHITEWATER DRAW NEAR DOUGLAS, AZ.","AZ","ST",31.35285278,-109.5857194,"H","NAD83",3911.18,0.28,"NAVD88",15080301,"dv",60,3,295843,NA,"wat",NA,1645423,0,"7/1/1912","2/14/2026",27711,"AZ",c(-109.5857194, 31.35285278),FALSE,"PASS"
1683,"USGS",9423350,"CARUTHERS C NR IVANPAH CA","CA","ST",35.24500556,-115.2989889,"5","NAD83",5656.23,0.16,"NAVD88",15030102,"dv",60,3,325933,NA,"wat",NA,1645423,0,"10/1/1963","2/14/2026",22571,"CA",c(-115.2989889, 35.24500556),FALSE,"PASS"
1685,"USGS",9424150,"COLORADO RIVER AQUEDUCT NEAR PARKER DAM, AZ-CA",NA,"ST",34.31612564,-114.1571702,"T","NAD83",452,4.3,"NAVD88",15030101,"dv",60,3,217314,NA,"wat",NA,1645423,0,"10/1/1981","9/30/2022",14974,"CA",c(-114.1571702, 34.31612564),FALSE,"CHECK"
1687,"USGS",9427520,"COLORADO RIVER BELOW PARKER DAM, AZ-CA",NA,"ST",34.29558497,-114.14023,"T","NAD83",300.54,20,"NGVD29",15030104,"dv",60,3,5403,NA,"wat",NA,1645423,0,"11/16/1934","5/24/2023",32127,"CA",c(-114.14023, 34.29558497),FALSE,"CHECK"
1692,"USGS",9429000,"PALO VERDE CANAL NEAR BLYTHE, CA","CA","ST-CA",33.73160278,-114.5119472,"H","NAD83",250,0.2,"NAVD88",15030104,"dv",60,3,212695,NA,"wat",NA,1645423,0,"10/1/1950","2/15/2026",27532,"CA",c(-114.5119472, 33.73160278),FALSE,"PASS"
1695,"USGS",9429100,"COLORADO RIVER BELOW PALO VERDE DAM, AZ-CA",NA,"ST",33.7191361,-114.4975389,"H","NAD83",261.81,0.25,"NAVD88",15030104,"dv",60,3,5420,NA,"wat",NA,1645423,0,"3/24/1956","2/14/2026",18429,"CA",c(-114.4975389, 33.7191361),FALSE,"CHECK"
1696,"USGS",9429130,"P.V.I.D. OLIVE LAKE DRAIN NEAR BLYTHE, CA","CA","ST-DCH",33.6839115,-114.5377335,"T","NAD83",NA,NA,NA,15030104,"dv",60,3,5421,NA,"wat",NA,1645423,0,"10/1/1979","11/30/2025",16498,"CA",c(-114.5377335, 33.6839115),FALSE,"PASS"
1697,"USGS",9429155,"PVID F-CANAL SPILL NEAR BLYTHE, CA","CA","ST-CA",33.5748861,-114.546811,"H","NAD83",251.58,0.14,"NAVD88",15030104,"dv",60,3,5422,NA,"wat",NA,1645423,0,"1/1/1968","2/14/2026",20865,"CA",c(-114.546811, 33.5748861),FALSE,"PASS"
1698,"USGS",9429160,"PVID D-10-11-2 SPILL NR BLYTHE, CA","CA","ST",33.53502644,-114.5605103,"T","NAD83",NA,NA,NA,15030104,"dv",60,3,5423,NA,"wat",NA,1645423,0,"10/1/1979","11/30/2025",16498,"CA",c(-114.5605103, 33.53502644),FALSE,"PASS"
1699,"USGS",9429170,"PVID D-10-11-5 SPILL NR BLYTHE, CA","CA","ST",33.50919375,-114.5774549,"T","NAD83",NA,NA,NA,15030104,"dv",60,3,325934,NA,"wat",NA,1645423,0,"10/1/1979","11/30/2025",16498,"CA",c(-114.5774549, 33.50919375),FALSE,"PASS"
1700,"USGS",9429180,"PVID D23 SPILL NEAR BLYTHE, CA","CA","ST",33.4918,-114.603611,"1","NAD83",246.25,0.11,"NAVD88",15030104,"dv",60,3,5425,NA,"wat",NA,1645423,0,"1/1/1968","2/14/2026",20865,"CA",c(-114.603611, 33.4918),FALSE,"PASS"
1701,"USGS",9429190,"P.V.I.D. D-23-1 NEAR BLYTHE, CA","CA","ST",33.43391809,-114.6294005,"T","NAD83",NA,NA,NA,15030104,"dv",60,3,295813,NA,"wat",NA,1645423,0,"10/1/1979","11/30/2025",16498,"CA",c(-114.6294005, 33.43391809),FALSE,"PASS"
1702,"USGS",9429200,"PVID C CANAL SPILL NEAR BLYTHE, CA","CA","ST-CA",33.42833056,-114.673336,"H","NAD83",226.41,16,"NAVD88",15030104,"dv",60,3,5427,NA,"wat",NA,1645423,0,"12/1/1967","2/14/2026",20896,"CA",c(-114.673336, 33.42833056),FALSE,"PASS"
1703,"USGS",9429210,"P.V.I.D. C-28 UPPER SPILL NEAR BLYTHE, CA","CA","ST",33.39697468,-114.72357,"T","NAD83",NA,NA,NA,15030104,"dv",60,3,5428,"[(2)]","wat",NA,1645423,0,"10/1/1979","5/31/2017",13393,"CA",c(-114.72357, 33.39697468),FALSE,"PASS"
1705,"USGS",9429220,"PALO VERDE OUTFALL DRAIN NEAR PALO VERDE, CA","CA","ST-DCH",33.36142018,-114.7230144,"T","NAD83",NA,NA,NA,15030104,"dv",60,3,5429,NA,"wat",NA,1645423,0,"3/1/1968","11/30/2025",20363,"CA",c(-114.7230144, 33.36142018),FALSE,"PASS"
1707,"USGS",9429230,"PVID C28 LOWER SPILL NEAR BLYTHE, CA.","CA","ST",33.3511427,-114.7141253,"T","NAD83",NA,NA,NA,15030104,"dv",60,3,5431,NA,"wat",NA,1645423,0,"8/1/1967","11/30/2025",20942,"CA",c(-114.7141253, 33.3511427),FALSE,"PASS"
1708,"USGS",9429490,"COLORADO RIVER ABOVE IMPERIAL DAM, AZ-CA",NA,"ST",32.8849361,-114.468111,"5","NAD83",NA,NA,NA,15030104,"dv",60,3,213326,"[All Flows above Imperial Dam]","wat",NA,1645423,0,"10/1/1976","2/14/2026",18034,"CA",c(-114.468111, 32.8849361),FALSE,"CHECK"
1710,"USGS",9429600,"COLORADO RIVER BELOW LAGUNA DAM, AZ-CA",NA,"ST",32.8122666,-114.5149494,"T","NAD83",123.05,0.05,"NAVD88",15030107,"dv",60,3,5438,NA,"wat",NA,1645423,0,"12/16/1971","2/14/2026",19785,"CA",c(-114.5149494, 32.8122666),FALSE,"CHECK"
1711,"USGS",9521100,"COLORADO R BLW YUMA MAIN CANAL WW AT YUMA, AZ","AZ","ST",32.73171354,-114.6327306,"T","NAD83",104.05,0.04,"NAVD88",15030107,"dv",60,3,5814,NA,"wat",NA,1645423,0,"10/1/1963","2/14/2026",22783,"CA",c(-114.6327306, 32.73171354),FALSE,"FAIL"
1712,"USGS",9523000,"ALL-AMERICAN CANAL NR IMPERIAL DAM, CA-AZ",NA,"ST-CA",32.87099444,-114.4804639,"H","NAD83",152.2,0.05,"NAVD88",15030107,"dv",60,3,5839,NA,"wat",NA,1645423,0,"10/1/1939","2/14/2026",31549,"CA",c(-114.4804639, 32.87099444),FALSE,"CHECK"
1713,"USGS",9523200,"RESERVATION MAIN CANAL NEAR YUMA, AZ","AZ","ST-CA",32.8177222,-114.5145889,"H","NAD83",102.25,0.05,"NAVD88",15030107,"dv",60,3,210423,NA,"wat",NA,1645423,0,"10/1/1974","2/15/2026",18730,"CA",c(-114.5145889, 32.8177222),FALSE,"FAIL"
1715,"USGS",9523400,"TITSINK CANAL NEAR YUMA, AZ","AZ","ST-CA",32.82363333,-114.5431167,"H","NAD83",146.82,0.05,"NAVD88",15030107,"dv",60,3,5843,NA,"wat",NA,1645423,0,"10/1/1966","4/30/2024",20664,"CA",c(-114.5431167, 32.82363333),FALSE,"FAIL"
1716,"USGS",9523600,"YAQUI CANAL NEAR YUMA, AZ","AZ","ST-CA",32.8094861,-114.5884944,"H","NAD83",157.98,0.05,"NAVD88",15030107,"dv",60,3,5844,NA,"wat",NA,1645423,0,"10/1/1966","2/14/2026",20957,"CA",c(-114.5884944, 32.8094861),FALSE,"FAIL"
1717,"USGS",9523800,"PONTIAC CANAL NEAR YUMA, AZ","AZ","ST-CA",32.79420278,-114.61525,"H","NAD83",158.44,0.05,"NAVD88",15030107,"dv",60,3,5845,NA,"wat",NA,1645423,0,"10/1/1966","2/14/2026",21322,"CA",c(-114.61525, 32.79420278),FALSE,"FAIL"
1718,"USGS",9523900,"WALAPAI CANAL NR YUMA, AZ","AZ","ST-CA",32.77726787,-114.6357865,"T","NAD83",NA,NA,NA,15030107,"dv",60,3,5846,NA,"wat",NA,1645423,0,"10/1/1966","9/30/1997",11323,"CA",c(-114.6357865, 32.77726787),FALSE,"FAIL"
1719,"USGS",9524000,"YUMA MAIN CANAL AT SIPHON DROP P.P. NR YUMA, AZ","AZ","ST-CA",32.7762361,-114.6354083,"H","NAD83",157.1,0.04,"NAVD88",15030107,"dv",60,3,5847,NA,"wat",NA,1645423,0,"10/1/1938","2/14/2026",31914,"CA",c(-114.6354083, 32.7762361),FALSE,"FAIL"
1720,"USGS",9524500,"DIV. FROM YUMA MAIN CANAL BETWEEN SDPP AND YMCWW",NA,"ST-CA",32.7750457,-114.6341198,"T","NAD83",NA,NA,NA,15030107,"dv",60,3,5850,NA,"wat",NA,1645423,0,"10/1/1979","9/30/2017",13331,"CA",c(-114.6341198, 32.7750457),FALSE,"CHECK"
1722,"USGS",9525000,"YUMA MAIN CANAL WASTEWAY AT YUMA, AZ","AZ","ST-CA",32.7333801,-114.623008,"T","NAD83",122.51,20,"NGVD29",15030107,"dv",60,3,210424,NA,"wat",NA,1645423,0,"10/1/1930","2/15/2026",34837,"CA",c(-114.623008, 32.7333801),FALSE,"FAIL"
1723,"USGS",9526200,"YPSILANTI CANAL NEAR WINTERHAVEN, CA","CA","ST-CA",32.76589444,-114.6550056,"H","NAD83",139.6,0.05,"NAVD88",15030107,"dv",60,3,5856,NA,"wat",NA,1645423,0,"1/1/1995","2/14/2026",11003,"CA",c(-114.6550056, 32.76589444),FALSE,"PASS"
1725,"USGS",9527000,"PILOT KNOB POWERPLANT AND WASTEWAY NR P.K., CA","CA","ST",32.737547,-114.7163443,"T","NAD83",150,20,"NGVD29",15030107,"dv",60,3,5858,NA,"wat",NA,1645423,0,"4/26/1939","1/31/2026",30597,"CA",c(-114.7163443, 32.737547),FALSE,"PASS"
1726,"CA574",9527500,"ALL-AMERICAN CANAL BLW PILOT KNOB WSTWAY, CA (IID)",NA,"ST-CA",32.7353441,-114.7238426,"T","NAD83",150,10,"NGVD29",15030107,"dv",60,3,348568,NA,"wat",NA,1645423,0,"10/1/1961","1/31/2026",23499,"CA",c(-114.7238426, 32.7353441),FALSE,"CHECK"
1734,"USGS",9529600,"RESERVATION DRAIN NO. 7 NR BARD, CA","CA","ST",32.81559999,-114.5477283,"T","NAD83",NA,NA,NA,15030107,"dv",60,3,295841,NA,"wat",NA,1645423,0,"10/1/1979","5/30/2017",13392,"CA",c(-114.5477283, 32.81559999),FALSE,"PASS"
1735,"USGS",9529700,"RESERVATION DRAIN NO. 6 NR. BARD, CA","CA","ST",32.80421147,-114.5763403,"T","NAD83",NA,NA,NA,15030107,"dv",60,3,5892,NA,"wat",NA,1645423,0,"10/1/1979","5/30/2017",13392,"CA",c(-114.5763403, 32.80421147),FALSE,"PASS"
1736,"USGS",9529800,"RESERVATION DRAIN NO. 2 NR BARD, CA","CA","ST",32.79643395,-114.5985632,"T","NAD83",NA,NA,NA,15030107,"dv",60,3,5893,NA,"wat",NA,1645423,0,"10/1/1979","5/30/2017",13392,"CA",c(-114.5985632, 32.79643395),FALSE,"PASS"
1737,"USGS",9529900,"RESERVATION DRAIN NO. 3 NR BARD, CA","CA","ST",32.7747679,-114.6335642,"T","NAD83",NA,NA,NA,15030107,"dv",60,3,5894,NA,"wat",NA,1645423,0,"10/1/1979","5/30/2017",13392,"CA",c(-114.6335642, 32.7747679),FALSE,"PASS"
1738,"USGS",9530000,"RESERVATION MAIN DRAIN NO. 4 NEAR YUMA, AZ","AZ","ST",32.7361472,-114.6221194,"H","NAD83",113.76,0.04,"NAVD88",15030107,"dv",60,3,5895,NA,"wat",NA,1645423,0,"10/1/1966","2/15/2026",21323,"CA",c(-114.6221194, 32.7361472),FALSE,"FAIL"
1739,"USGS",9530400,"RESERVATION DRAIN NO. 11 NR WINTERHAVEN, CA","CA","ST",32.7564352,-114.6860657,"T","NAD83",NA,NA,NA,15030107,"dv",60,3,5899,NA,"wat",NA,1645423,0,"10/1/1979","5/30/2017",13392,"CA",c(-114.6860657, 32.7564352),FALSE,"PASS"
1740,"USGS",9530500,"DRAIN 8-B NEAR WINTERHAVEN, CA","CA","ST",32.74688889,-114.6940806,"H","NAD83",112.73,0.05,"NAVD88",15030107,"dv",60,3,5900,NA,"wat",NA,1645423,0,"10/1/1979","2/14/2026",16574,"CA",c(-114.6940806, 32.74688889),FALSE,"PASS"
1747,"USGS",10251300,"AMARGOSA RV AT TECOPA, CA","CA","ST",35.84944444,-116.2308333,"D","NAD83",1292.76,0.33,"NAVD88",18090202,"dv",60,3,102473,NA,"wat",NA,1645423,0,"10/1/1961","2/14/2026",17513,"CA",c(-116.2308333, 35.84944444),FALSE,"PASS"
1759,"USGS",10254050,"SALT C NR MECCA",NA,"ST",33.44698439,-115.8433229,"F","NAD83",-228.44,0.26,"NAVD88",18100204,"dv",60,3,7210,NA,"wat",NA,1645423,0,"2/1/1961","2/14/2026",23273,"CA",c(-115.8433229, 33.44698439),FALSE,"CHECK"
1761,"USGS",10254730,"ALAMO R NR NILAND CA","CA","ST",33.19893706,-115.5969252,"F","NAD83",-299.47,0.16,"NAVD88",18100204,"dv",60,3,7216,NA,"wat",NA,1645423,0,"10/1/1960","2/14/2026",23877,"CA",c(-115.5969252, 33.19893706),FALSE,"PASS"
1762,"USGS",10254970,"NEW R AT INTERNATIONAL BOUNDARY AT CALEXICO CA","CA","ST",32.66589665,-115.503029,"F","NAD83",-47.64,0.16,"NAVD88",18100204,"dv",60,3,350899,NA,"wat",NA,1645423,0,"10/1/1979","2/14/2026",16939,"CA",c(-115.503029, 32.66589665),FALSE,"PASS"
1764,"USGS",10255550,"NEW R NR WESTMORLAND CA","CA","ST",33.10477248,-115.664426,"F","NAD83",-229,0.16,"NAVD88",18100204,"dv",60,3,7223,NA,"wat",NA,1645423,0,"1/1/1943","2/14/2026",30361,"CA",c(-115.664426, 33.10477248),FALSE,"PASS"
1766,"USGS",10255800,"COYOTE C NR BORREGO SPRINGS CA","CA","ST",33.3736453,-116.4275137,"F","NAD83",1200,20,"NGVD29",18100203,"dv",60,3,204629,NA,"wat",NA,1645423,0,"10/1/1950","9/29/1983",12052,"CA",c(-116.4275137, 33.3736453),FALSE,"PASS"
1768,"USGS",10255810,"BORREGO PALM C NR BORREGO SPRINGS CA","CA","ST",33.27916667,-116.4305556,"S","NAD83",1171.74,0.16,"NAVD88",18100203,"dv",60,3,7227,NA,"wat",NA,1645423,0,"10/1/1950","2/14/2026",23390,"CA",c(-116.4305556, 33.27916667),FALSE,"PASS"
1771,"USGS",10255885,"SAN FELIPE C NR WESTMORLAND CA","CA","ST",33.1239345,-115.8530559,"F","NAD83",-180,10,"NGVD29",18100203,"dv",60,3,7230,NA,"wat",NA,1645423,0,"12/1/1960","9/30/1991",11261,"CA",c(-115.8530559, 33.1239345),FALSE,"PASS"
1776,"USGS",10256000,"WHITEWATER R A WHITE WATER CA","CA","ST",33.9466806,-116.6408473,"S","NAD83",1610,20,"NGVD29",18100201,"dv",60,3,7234,NA,"wat",NA,1645423,0,"10/1/1948","9/30/1979",11322,"CA",c(-116.6408473, 33.9466806),FALSE,"PASS"
1782,"USGS",10256500,"SNOW C NR WHITE WATER CA","CA","ST",33.87057878,-116.6811266,"F","NAD83",1987.43,0.16,"NAVD88",18100201,"dv",60,3,7242,NA,"wat",NA,1645423,0,"7/21/1921","2/14/2026",27085,"CA",c(-116.6811266, 33.87057878),FALSE,"PASS"
1783,"USGS",10256501,"SNOW C AND DIV COMBINED CA","CA","ST",33.8705722,-116.681127,"F","NAD83",NA,NA,NA,18100201,"dv",60,3,222409,NA,"wat",NA,1645423,0,"10/1/1959","1/31/2026",24230,"CA",c(-116.681127, 33.8705722),FALSE,"PASS"
1784,"USGS",10256550,"SNOW C DIV NR WHITE WATER CA","CA","ST",33.8705722,-116.681127,"F","NAD83",NA,NA,NA,18100201,"dv",60,3,224997,NA,"wat",NA,1645423,0,"10/1/1978","1/31/2026",16559,"CA",c(-116.681127, 33.8705722),FALSE,"PASS"
1785,"USGS",10257499,"FALLS C DIV NR WHITE WATER CA","CA","ST",33.86946114,-116.6716824,"S","NAD83",1940,40,"NGVD29",18100201,"dv",60,3,224913,NA,"wat",NA,1645423,0,"10/1/1994","2/1/2026",11447,"CA",c(-116.6716824, 33.86946114),FALSE,"PASS"
1786,"USGS",10257500,"FALLS C NR WHITE WATER CA","CA","ST",33.86946776,-116.6716819,"S","NAD83",1903,0.16,"NAVD88",18100201,"dv",60,3,7246,NA,"wat",NA,1645423,0,"9/1/1922","2/14/2026",14382,"CA",c(-116.6716819, 33.86946776),FALSE,"PASS"
1787,"USGS",10257501,"COMBINED FLOW FALLS C NR WHITE WATER + DIV CA","CA","ST",33.86946114,-116.6716824,"F","NAD83",1940,40,"NGVD29",18100201,"dv",60,3,222410,NA,"wat",NA,1645423,0,"10/1/1994","2/1/2026",11447,"CA",c(-116.6716824, 33.86946114),FALSE,"PASS"
1790,"USGS",10257550,"WHITEWATER R A WINDY PT NR WHITE WATER CA","CA","ST",33.89891179,-116.6211254,"F","NAD83",1026.66,0.26,"NAVD88",18100201,"dv",60,3,224906,NA,"wat",NA,1645423,0,"10/1/1984","2/14/2026",14699,"CA",c(-116.6211254, 33.89891179),FALSE,"PASS"
1791,"USGS",10257600,"MISSION C NR DESERT HOT SPRINGS CA","CA","ST",34.01112284,-116.6280689,"5","NAD83",1894,1.6,"NAVD88",18100201,"dv",60,3,7251,NA,"wat",NA,1645423,0,"10/1/1967","12/16/2019",18706,"CA",c(-116.6280689, 34.01112284),FALSE,"PASS"
1794,"USGS",10257720,"CHINO CYN C BL TRAMWAY NR PALM SPRINGS CA","CA","ST",33.84385,-116.6058083,"5","NAD83",2092.25,0.26,"NAVD88",18100201,"dv",60,3,7253,NA,"wat",NA,1645423,0,"10/1/1986","2/14/2026",14382,"CA",c(-116.6058083, 33.84385),FALSE,"PASS"
1796,"USGS",10258000,"TAHQUITZ C NR PALM SPRINGS CA","CA","ST",33.80502575,-116.5591784,"F","NAD83",766.08,0.16,"NAVD88",18100201,"dv",60,3,7255,NA,"wat",NA,1645423,0,"10/1/1947","2/14/2026",28261,"CA",c(-116.5591784, 33.80502575),FALSE,"PASS"
1798,"USGS",10258500,"PALM CYN C NR PALM SPRINGS CA","CA","ST",33.74502747,-116.535566,"F","NAD83",668.11,0.16,"NAVD88",18100201,"dv",60,3,7258,NA,"wat",NA,1645423,0,"2/1/1930","2/14/2026",32979,"CA",c(-116.535566, 33.74502747),FALSE,"PASS"
1800,"USGS",10259000,"ANDREAS C NR PALM SPRINGS CA","CA","ST",33.76002698,-116.550011,"F","NAD83",830.74,0.16,"NAVD88",18100201,"dv",60,3,7259,NA,"wat",NA,1645423,0,"10/1/1948","2/14/2026",28261,"CA",c(-116.550011, 33.76002698),FALSE,"PASS"
1801,"USGS",10259050,"PALM CYN WASH NR CATHEDRAL CITY CA","CA","ST",33.7972487,-116.481954,"F","NAD83",302.52,0.16,"NAVD88",18100201,"dv",60,3,7260,NA,"wat",NA,1645423,0,"10/1/1987","2/14/2026",14017,"CA",c(-116.481954, 33.7972487),FALSE,"PASS"
1802,"USGS",10259100,"WHITEWATER R A RANCHO MIRAGE CA","CA","ST",33.74947257,-116.4227854,"F","NAD83",198.38,0.16,"NAVD88",18100201,"dv",60,3,7261,NA,"wat",NA,1645423,0,"3/30/1989","2/14/2026",13471,"CA",c(-116.4227854, 33.74947257),FALSE,"PASS"
1803,"USGS",10259200,"DEEP C NR PALM DESERT CA","CA","ST",33.63113647,-116.3922342,"F","NAD83",1165.6,0.16,"NAVD88",18100201,"dv",60,3,7262,NA,"wat",NA,1645423,0,"5/1/1962","2/14/2026",23301,"CA",c(-116.3922342, 33.63113647),FALSE,"PASS"
1804,"USGS",10259300,"WHITEWATER R A INDIO CA","CA","ST",33.7372519,-116.2361137,"F","NAD83",-18.23,0.16,"NAVD88",18100201,"dv",60,3,295894,NA,"wat",NA,1645423,0,"3/1/1966","2/14/2026",21901,"CA",c(-116.2361137, 33.7372519),FALSE,"PASS"
1805,"USGS",10259540,"WHITEWATER R NR MECCA",NA,"ST",33.52475856,-116.0774964,"F","NAD83",-226.77,0.16,"NAVD88",18100201,"dv",60,3,7264,NA,"wat",NA,1645423,0,"10/1/1960","2/14/2026",23806,"CA",c(-116.0774964, 33.52475856),FALSE,"CHECK"
1812,"USGS",10260500,"DEEP C NR HESPERIA CA","CA","ST",34.34305858,-117.2264316,"F","NAD83",3024.53,0.16,"NAVD88",18090208,"dv",60,3,7271,NA,"wat",NA,1645423,0,"10/1/1904","2/14/2026",41774,"CA",c(-117.2264316, 34.34305858),FALSE,"PASS"
1822,"USGS",10260820,"WF MOJAVE R BL SILVERWOOD LK CA","CA","ST",34.3041708,-117.3192118,"S","NAD83",3180,20,"NGVD29",18090208,"dv",60,3,213381,NA,"wat",NA,1645423,0,"10/1/1980","9/30/2024",11323,"CA",c(-117.3192118, 34.3041708),FALSE,"PASS"
1826,"USGS",10260950,"WF MOJAVE R AB MOJAVE R FORKS RES NR HESPERIA CA","CA","ST",34.33889196,-117.2578213,"S","NAD83",3025.23,0.16,"NAVD88",18090208,"dv",60,3,7297,NA,"wat",NA,1645423,0,"10/1/1974","2/14/2026",18765,"CA",c(-117.2578213, 34.33889196),FALSE,"PASS"
1827,"USGS",10261000,"WF MOJAVE R NR HESPERIA CA","CA","ST",34.3408364,-117.2408764,"F","NAD83",3050,20,"NGVD29",18090208,"dv",60,3,295895,NA,"wat",NA,1645423,0,"1/1/1930","9/30/1971",15248,"CA",c(-117.2408764, 34.3408364),FALSE,"PASS"
1830,"USGS",10261500,"MOJAVE R A LO NARROWS NR VICTORVILLE CA","CA","ST",34.57304916,-117.3206018,"F","NAD83",2635.92,0.16,"NAVD88",18090208,"dv",60,3,7314,NA,"wat",NA,1645423,0,"1899-03-01","2/14/2026",36782,"CA",c(-117.3206018, 34.57304916),FALSE,"PASS"
1834,"USGS",10262500,"MOJAVE R A BARSTOW CA","CA","ST",34.90693947,-117.0228129,"F","NAD83",2088.89,0.16,"NAVD88",18090208,"dv",60,3,7325,NA,"wat",NA,1645423,0,"10/1/1930","2/14/2026",34818,"CA",c(-117.0228129, 34.90693947),FALSE,"PASS"
1837,"USGS",10263000,"MOJAVE R A AFTON CA","CA","ST",35.03720565,-116.3841887,"F","NAD83",1400.9,0.16,"NAVD88",18090208,"dv",60,3,7328,NA,"wat",NA,1645423,0,"10/1/1929","2/14/2026",27163,"CA",c(-116.3841887, 35.03720565),FALSE,"PASS"
1838,"USGS",10263500,"BIG ROCK C NR VALYERMO CA","CA","ST",34.42083115,-117.8395072,"F","NAD83",4035.68,0.16,"NAVD88",18090206,"dv",60,3,295899,NA,"wat",NA,1645423,0,"2/1/1923","2/14/2026",37635,"CA",c(-117.8395072, 34.42083115),FALSE,"PASS"
1843,"USGS",10264000,"LITTLE ROCK C AB LTTLE ROCK RES NR LITTLEROCK CA","CA","ST",34.46388375,-118.0189578,"S","NAD83",3310,20,"NAVD88",18090206,"dv",60,3,7338,NA,"wat",NA,1645423,0,"10/1/1930","9/29/2005",18603,"CA",c(-118.0189578, 34.46388375),FALSE,"PASS"
1870,"USGS",10265150,"HOT C A FLUME NR MAMMOTH LAKES CA","CA","ST",37.66881076,-118.8176148,"F","NAD83",6952.93,0.16,"NAVD88",18090102,"dv",60,3,7376,NA,"wat",NA,1645423,0,"11/17/1982","2/14/2026",15682,"CA",c(-118.8176148, 37.66881076),FALSE,"PASS"
1878,"USGS",10270800,"SF BISHOP C BL S LK NR BISHOP CA","CA","ST",37.17715504,-118.563165,"F","NAD83",9580,20,"NGVD29",18090102,"dv",60,3,213294,NA,"wat",NA,1645423,0,"10/1/1985","9/30/2024",14245,"CA",c(-118.563165, 37.17715504),FALSE,"PASS"
1880,"USGS",10270872,"MF BISHOP C BL LK SABRINA NR BISHOP CA","CA","ST",37.213822,-118.6103894,"S","NAD83",9060,20,"NGVD29",18090102,"dv",60,3,213303,NA,"wat",NA,1645423,0,"10/1/1985","9/30/2024",14245,"CA",c(-118.6103894, 37.213822),FALSE,"PASS"
1881,"USGS",10270877,"MF BISHOP C BL INTAKE NO 2 RES NR BISHOP CA","CA","ST",37.2479873,-118.5823349,"S","NAD83",8080,20,"NGVD29",18090102,"dv",60,3,240782,NA,"wat",NA,1645423,0,"10/1/1988","9/30/2024",11986,"CA",c(-118.5823349, 37.2479873),FALSE,"PASS"
1883,"USGS",10270900,"BIRCH-MCGEE C DIV TO BISHOP C PP NR BISHOP CA","CA","ST",37.2738205,-118.5801136,"F","NAD83",7950,20,"NGVD29",18090102,"dv",60,3,213311,NA,"wat",NA,1645423,0,"10/1/1989","9/30/2024",12016,"CA",c(-118.5801136, 37.2738205),FALSE,"PASS"
1887,"USGS",10270985,"ABELOUR DITCH NR BISHOP CA","CA","ST-DCH",37.3415965,-118.4790025,"F","NAD83",NA,NA,NA,18090102,"dv",60,3,213314,NA,"wat",NA,1645423,0,"10/1/1985","9/30/2024",14245,"CA",c(-118.4790025, 37.3415965),FALSE,"PASS"
1888,"USGS",10271060,"BISHOP C PP NO 6 CONDUIT NR BISHOP CA","CA","ST",37.3379854,-118.4776134,"F","NAD83",NA,NA,NA,18090102,"dv",60,3,213315,NA,"wat",NA,1645423,0,"10/1/1989","9/30/2024",12784,"CA",c(-118.4776134, 37.3379854),FALSE,"PASS"
1889,"USGS",10271200,"BISHOP C AB PP NO 6 NR BISHOP CA","CA","ST",37.34992977,-118.462613,"F","NAD83",NA,NA,NA,18090102,"dv",60,3,213317,NA,"wat",NA,1645423,0,"10/1/1988","9/30/2024",13149,"CA",c(-118.462613, 37.34992977),FALSE,"PASS"
1892,"USGS",10276000,"BIG PINE C NR BIG PINE CA","CA","ST",37.14493125,-118.3153798,"F","NAD83",NA,NA,NA,18090102,"dv",60,3,7412,NA,"wat",NA,1645423,0,"10/1/1920","9/29/1978",21183,"CA",c(-118.3153798, 37.14493125),FALSE,"PASS"
1893,"USGS",10276001,"COMBINED Q BIG PINE C & GIROUX DITCH CA","CA","ST-DCH",37.14493125,-118.3153798,"F","NAD83",NA,NA,NA,18090102,"dv",60,3,7413,NA,"wat",NA,1645423,0,"10/1/1930","9/29/1978",17531,"CA",c(-118.3153798, 37.14493125),FALSE,"PASS"
1898,"USGS",10277500,"OWENS R NR BIG PINE CA","CA","ST",37.0152113,-118.2245425,"F","NAD83",3800,20,"NGVD29",18090103,"dv",60,3,7424,NA,"wat",NA,1645423,0,"1/1/1912","9/29/1975",23283,"CA",c(-118.2245425, 37.0152113),FALSE,"PASS"
1902,"USGS",10281800,"INDEPENDENCE C BL PINYON C NR INDEPENDENCE CA","CA","ST",36.7785438,-118.2645412,"F","NAD83",NA,NA,NA,18090103,"dv",60,3,7428,NA,"wat",NA,1645423,0,"1/1/1923","9/29/1978",20361,"CA",c(-118.2645412, 36.7785438),FALSE,"PASS"
1908,"USGS",10286000,"COTTONWOOD C NR OLANCHA CA","CA","ST",36.4388246,-118.0809189,"F","NAD83",NA,NA,NA,18090103,"dv",60,3,7434,NA,"wat",NA,1645423,0,"1/1/1906","9/29/1978",20846,"CA",c(-118.0809189, 36.4388246),FALSE,"PASS"
1909,"USGS",10286001,"COTTONWOOD C NR OLANCHA CA.+ PH CA","CA","ST",36.4388246,-118.0809189,"F","NAD83",NA,NA,NA,18090103,"dv",60,3,7435,NA,"wat",NA,1645423,0,"1/1/1906","9/29/1978",25533,"CA",c(-118.0809189, 36.4388246),FALSE,"PASS"
1911,"USGS",10287069,"MILL C BL LUNDY LK NR LEE VINING CA","CA","ST",38.0329787,-119.2165424,"F","NAD83",7760,20,"NGVD29",18090101,"dv",60,3,213352,NA,"wat",NA,1645423,0,"10/1/1988","9/30/2024",13016,"CA",c(-119.2165424, 38.0329787),FALSE,"PASS"
1914,"USGS",10287145,"UP CONWAY D NR LEE VINING CA","CA","ST",38.04214527,-119.1726516,"F","NAD83",7020,20,"NGVD29",18090101,"dv",60,3,213357,NA,"wat",NA,1645423,0,"10/1/1986","9/30/2024",13880,"CA",c(-119.1726516, 38.04214527),FALSE,"PASS"
1915,"USGS",10287195,"LUNDY PP TAILRACE NR LEE VINING CA","CA","ST",38.0427008,-119.1726516,"F","NAD83",7020,20,"NGVD29",18090101,"dv",60,3,213362,NA,"wat",NA,1645423,0,"10/1/1986","9/30/2024",13880,"CA",c(-119.1726516, 38.0427008),FALSE,"PASS"
1918,"USGS",10287289,"RUSH C AT FLUME BL AGNEW LAKE NR JUNE LAKE CA","CA","ST",37.7590977,-119.130701,"F","NAD83",8440,20,"NGVD29",18090101,"dv",60,3,213392,NA,"wat",NA,1645423,0,"10/1/1988","9/30/2024",12820,"CA",c(-119.130701, 37.7590977),FALSE,"PASS"
1921,"USGS",10287300,"RUSH C PP TAILRACE NR JUNE LAKE CA","CA","ST",37.76631976,-119.1223677,"F","NAD83",7230,20,"NGVD29",18090101,"dv",60,3,213393,NA,"wat",NA,1645423,0,"10/1/1986","9/30/2024",13880,"CA",c(-119.1223677, 37.76631976),FALSE,"PASS"
1922,"USGS",10287400,"RUSH C AB GRANT LK NR JUNE LK CA","CA","ST",37.80631867,-119.1090349,"F","NAD83",7200,20,"NGVD29",18090101,"dv",60,3,7452,NA,"wat",NA,1645423,0,"10/1/1936","12/31/1979",15797,"CA",c(-119.1090349, 37.80631867),FALSE,"PASS"
1925,"USGS",10287762,"POOLE PP CONDUIT INTAKE NR LEE VINING CA","CA","ST",37.9357588,-119.2307076,"F","NAD83",9450,20,"NGVD29",18090101,"dv",60,3,213396,NA,"wat",NA,1645423,0,"10/1/1989","9/30/2024",12784,"CA",c(-119.2307076, 37.9357588),FALSE,"PASS"
1926,"USGS",10287770,"LEE VINING C BL RHINEDOLLAR DAM NR LEE VINING CA","CA","ST",37.93603659,-119.2309854,"F","NAD83",9450,20,"NGVD29",18090101,"dv",60,3,213397,NA,"wat",NA,1645423,0,"10/1/1987","9/30/2024",13515,"CA",c(-119.2309854, 37.93603659),FALSE,"PASS"
1928,"USGS",10287900,"LEE VINING C NR LEE VINING CA","CA","ST",37.9293704,-119.1704277,"F","NAD83",7400,20,"NGVD29",18090101,"dv",60,3,7461,NA,"wat",NA,1645423,0,"10/1/1934","12/31/1979",16528,"CA",c(-119.1704277, 37.9293704),FALSE,"PASS"
1929,"USGS",10289000,"VIRGINIA CK NR BRIDGEPORT, CA","CA","ST",38.19186474,-119.2101533,"S","NAD83",6700,20,"NGVD29",16050301,"dv",60,3,102483,NA,"wat",NA,1645423,0,"10/1/1953","2/14/2026",11265,"CA",c(-119.2101533, 38.19186474),FALSE,"PASS"
1930,"USGS",10289500,"GREEN CK NR BRIDGEPORT, CA","CA","ST",38.17380969,-119.2337656,"S","NAD83",6880,20,"NGVD29",16050301,"dv",60,3,325963,NA,"wat",NA,1645423,0,"10/1/1953","2/14/2026",13488,"CA",c(-119.2337656, 38.17380969),FALSE,"PASS"
1932,"USGS",10290500,"ROBINSON CK AT TWIN LKS OUTLET NR BRIDGEPORT, CA","CA","ST",38.17214225,-119.3246032,"U","NAD83",7050,10,"NGVD29",16050301,"dv",60,3,325964,NA,"wat",NA,1645423,0,"10/1/1953","2/14/2026",17316,"CA",c(-119.3246032, 38.17214225),FALSE,"PASS"
1933,"USGS",10291500,"BUCKEYE CK NR BRIDGEPORT, CA","CA","ST",38.23880787,-119.3259923,"1","NAD83",6900,10,"NGVD29",16050301,"dv",60,3,102490,NA,"wat",NA,1645423,0,"4/1/1911","2/14/2026",18422,"CA",c(-119.3259923, 38.23880787),FALSE,"PASS"
1935,"USGS",10293000,"E WALKER RV NR BRIDGEPORT, CA","CA","ST",38.3276958,-119.2148759,"F","NAD83",6400,20,"NGVD29",16050301,"dv",60,3,102494,NA,"wat",NA,1645423,0,"10/1/1921","2/14/2026",37826,"CA",c(-119.2148759, 38.3276958),FALSE,"PASS"
1937,"USGS",10295500,"L WALKER RV NR BRIDGEPORT, CA","CA","ST",38.3607482,-119.4448868,"S","NAD83",6790,20,"NGVD29",16050302,"dv",60,3,102501,NA,"wat",NA,1645423,0,"10/1/1944","9/30/2008",20089,"CA",c(-119.4448868, 38.3607482),FALSE,"PASS"
1938,"USGS",10296000,"W WALKER RV BLW L WALKER RV NR COLEVILLE, CA","CA","ST",38.3796366,-119.4501649,"S","NAD83",6591.39,1,"NGVD29",16050302,"dv",60,3,102502,NA,"wat",NA,1645423,0,"4/1/1938","2/14/2026",32089,"CA",c(-119.4501649, 38.3796366),FALSE,"PASS"
1939,"USGS",10296500,"W WALKER RV NR COLEVILLE, CA","CA","ST",38.51324495,-119.4498872,"S","NAD83",5520,20,"NGVD29",16050302,"dv",60,3,102503,NA,"wat",NA,1645423,0,"10/1/1902","2/14/2026",36014,"CA",c(-119.4498872, 38.51324495),FALSE,"PASS"
1947,"USGS",10308200,"E FK CARSON RV BLW MARKLEEVILLE CK NR MARKLEEVILLE",NA,"ST",38.7146274,-119.7648985,"S","NAD83",5400,20,"NGVD29",16050201,"dv",60,3,102558,NA,"wat",NA,1645423,0,"9/1/1960","2/14/2026",23908,"CA",c(-119.7648985, 38.7146274),FALSE,"CHECK"
1966,"USGS",10310000,"W FK CARSON RV AT WOODFORDS, CA","CA","ST",38.76962765,-119.833789,"S","NAD83",5754.5,0.1,"NGVD29",16050201,"dv",60,3,325966,NA,"wat",NA,1645423,0,"10/1/1900","2/14/2026",34467,"CA",c(-119.833789, 38.76962765),FALSE,"PASS"
1971,"USGS",103366092,"UPPER TRUCKEE RV AT HWY 50 ABV MEYERS, CA","CA","ST",38.8485185,-120.0271275,"S","NAD83",6310,20,"NGVD29",16050101,"dv",60,3,102819,NA,"wat",NA,1645423,0,"6/1/1990","2/14/2026",13038,"CA",c(-120.0271275, 38.8485185),FALSE,"PASS"
1973,"USGS",10336610,"UPPER TRUCKEE RV AT SOUTH LAKE TAHOE, CA","CA","ST",38.9224078,-119.9915706,"S","NAD83",6229.04,0.01,"NGVD29",16050101,"dv",60,3,102827,NA,"wat",NA,1645423,0,"10/1/1971","2/14/2026",18412,"CA",c(-119.9915706, 38.9224078),FALSE,"PASS"
1977,"USGS",10336645,"GENERAL C NR MEEKS BAY CA","CA","ST",39.05183077,-120.1185016,"F","NAD83",6254.31,0.16,"NAVD88",16050101,"dv",60,3,7505,NA,"wat",NA,1645423,0,"7/7/1980","2/14/2026",16657,"CA",c(-120.1185016, 39.05183077),FALSE,"PASS"
1981,"USGS",10336660,"BLACKWOOD C NR TAHOE CITY CA","CA","ST",39.107385,-120.1621147,"F","NAD83",6228.47,0.16,"NAVD88",16050101,"dv",60,3,7528,NA,"wat",NA,1645423,0,"10/1/1960","2/14/2026",23878,"CA",c(-120.1621147, 39.107385),FALSE,"PASS"
1986,"USGS",10336676,"WARD C AT HWY 89 NR TAHOE PINES CA","CA","ST",39.13210688,-120.1576705,"F","NAD83",6239.63,0.26,"NAVD88",16050101,"dv",60,3,7549,NA,"wat",NA,1645423,0,"10/1/1972","2/14/2026",19495,"CA",c(-120.1576705, 39.13210688),FALSE,"PASS"
1993,"USGS",10336780,"TROUT CK NR TAHOE VALLEY, CA","CA","ST",38.9199077,-119.9724036,"S","NAD83",6241.57,5,"NGVD29",16050101,"dv",60,3,102875,NA,"wat",NA,1645423,0,"10/1/1960","2/14/2026",23874,"CA",c(-119.9724036, 38.9199077),FALSE,"PASS"
1996,"USGS",10337500,"TRUCKEE R A TAHOE CITY CA","CA","ST",39.16627309,-120.1443373,"F","NAD83",6220.51,0.26,"NAVD88",16050102,"dv",60,3,7588,NA,"wat",NA,1645423,0,"1895-07-01","2/14/2026",42963,"CA",c(-120.1443373, 39.16627309),FALSE,"PASS"
1997,"USGS",10338000,"TRUCKEE R NR TRUCKEE CA","CA","ST",39.29627044,-120.2054519,"F","NAD83",5861.85,0.26,"NAVD88",16050102,"dv",60,3,7600,NA,"wat",NA,1645423,0,"12/1/1944","2/14/2026",19891,"CA",c(-120.2054519, 39.29627044),FALSE,"PASS"
1998,"USGS",10338001,"TRUCKEE-CARSON TRUCKEE R NR TRUCKEE CA","CA","ST",39.29157298,-120.209364,"F","NAD83",NA,NA,NA,16050102,"dv",60,3,7602,NA,"wat",NA,1645423,0,"10/1/1943","9/29/1980",13514,"CA",c(-120.209364, 39.29157298),FALSE,"PASS"
2000,"USGS",10338500,"DONNER C A DONNER LK NR TRUCKEE CA","CA","ST",39.3235172,-120.2343654,"F","NAD83",5928.62,0.26,"NAVD88",16050102,"dv",60,3,7606,NA,"wat",NA,1645423,0,"1/1/1929","2/14/2026",33953,"CA",c(-120.2343654, 39.3235172),FALSE,"PASS"
2001,"USGS",10338700,"DONNER C AT HWY 89 NR TRUCKEE CA","CA","ST",39.32099225,-120.2079523,"S","NAD83",5870.8,0.16,"NAVD88",16050102,"dv",60,3,7607,NA,"wat",NA,1645423,0,"3/24/1993","2/14/2026",12016,"CA",c(-120.2079523, 39.32099225),FALSE,"PASS"
2002,"USGS",10339400,"MARTIS C NR TRUCKEE CA","CA","ST",39.32879577,-120.1176964,"F","NAD83",5730,20,"NGVD29",16050102,"dv",60,3,7615,NA,"wat",NA,1645423,0,"10/1/1958","9/30/2010",18039,"CA",c(-120.1176964, 39.32879577),FALSE,"PASS"
2003,"USGS",10339401,"TRUCKEE-CARSON MARTIS C NR TRUCKEE CA","CA","ST",39.32879577,-120.1176964,"F","NAD83",NA,NA,NA,16050102,"dv",60,3,7616,NA,"wat",NA,1645423,0,"10/1/1942","9/30/1980",13463,"CA",c(-120.1176964, 39.32879577),FALSE,"PASS"
2006,"USGS",10339499,"TRUCKEE-CARSON MARTIS C AB MARTIS C RES CA","CA","ST",39.32879577,-120.1176964,"F","NAD83",NA,NA,NA,16050102,"dv",60,3,7623,NA,"wat",NA,1645423,0,"10/1/1942","9/30/1980",13757,"CA",c(-120.1176964, 39.32879577),FALSE,"PASS"
2007,"USGS",10340299,"TRUCKEE-CARSON PROSSER C AB PROSSER C RES CA","CA","ST",39.37324026,-120.131587,"F","NAD83",NA,NA,NA,16050102,"dv",60,3,7624,NA,"wat",NA,1645423,0,"10/1/1942","9/29/1980",13879,"CA",c(-120.131587, 39.37324026),FALSE,"PASS"
2008,"USGS",10340500,"PROSSER C BL PROSSER C DAM NR TRUCKEE CA","CA","ST",39.37324026,-120.131587,"F","NAD83",5620.31,0.16,"NAVD88",16050102,"dv",60,3,7629,NA,"wat",NA,1645423,0,"10/1/1942","2/14/2026",29924,"CA",c(-120.131587, 39.37324026),FALSE,"PASS"
2009,"USGS",10340501,"TRUCKEE-CARSON PROSSER C BL PROSSER C DAM CA","CA","ST",39.37324026,-120.131587,"F","NAD83",NA,NA,NA,16050102,"dv",60,3,7632,NA,"wat",NA,1645423,0,"10/1/1942","9/29/1980",13848,"CA",c(-120.131587, 39.37324026),FALSE,"PASS"
2013,"USGS",10343000,"INDEPENDENCE C NR TRUCKEE CA","CA","ST",39.45654494,-120.287123,"F","NAD83",6924.56,0.26,"NAVD88",16050102,"dv",60,3,7640,NA,"wat",NA,1645423,0,"10/21/1909","2/14/2026",21288,"CA",c(-120.287123, 39.45654494),FALSE,"PASS"
2015,"USGS",10343500,"SAGEHEN C NR TRUCKEE CA","CA","ST",39.43154577,-120.2379547,"F","NAD83",6329.71,0.26,"NAVD88",16050102,"dv",60,3,7647,NA,"wat",NA,1645423,0,"10/1/1953","2/14/2026",26435,"CA",c(-120.2379547, 39.43154577),FALSE,"PASS"
2016,"USGS",10344299,"TRUCKEE-CARSON PROJ L TRUCKEE R AB STAMPEDE RES CA","CA","ST",39.43574106,-120.084366,"F","NAD83",NA,NA,NA,16050102,"dv",60,3,7653,NA,"wat",NA,1645423,0,"9/1/1939","9/29/1980",15005,"CA",c(-120.084366, 39.43574106),FALSE,"PASS"
2017,"USGS",10344400,"LITTLE TRUCKEE R AB BOCA RES NR TRUCKEE CA","CA","ST",39.4357137,-120.0843395,"F","NAD83",5622.48,0.16,"NAVD88",16050102,"dv",60,3,7658,NA,"wat",NA,1645423,0,"9/1/1939","2/14/2026",31097,"CA",c(-120.0843395, 39.4357137),FALSE,"PASS"
2018,"USGS",10344401,"TRUCKEE-CARSON PROJ L TRU. R AB BOCA RES NR TRU",NA,"ST",39.43574106,-120.084366,"F","NAD83",NA,NA,NA,16050102,"dv",60,3,7659,NA,"wat",NA,1645423,0,"9/1/1939","9/29/1980",14974,"CA",c(-120.084366, 39.43574106),FALSE,"CHECK"
2019,"USGS",10344500,"LITTLE TRUCKEE R BL BOCA DAM NR TRUCKEE CA","CA","ST",39.38682549,-120.0954502,"F","NAD83",5529.91,0.16,"NAVD88",16050102,"dv",60,3,7666,NA,"wat",NA,1645423,0,"1/1/1911","2/14/2026",33553,"CA",c(-120.0954502, 39.38682549),FALSE,"PASS"
2020,"USGS",10344501,"TRUCKEE-CARSON PROJ L TRCKEE R L BOCA RES NR TRU",NA,"ST",39.38685177,-120.0954757,"F","NAD83",NA,NA,NA,16050102,"dv",60,3,7667,NA,"wat",NA,1645423,0,"1/1/1911","9/29/1980",16981,"CA",c(-120.0954757, 39.38685177),FALSE,"CHECK"
2024,"USGS",10346000,"TRUCKEE R A FARAD CA","CA","ST",39.42793648,-120.0340602,"S","NAD83",5156.97,0.16,"NAVD88",16050102,"dv",60,3,7685,NA,"wat",NA,1645423,0,"1/1/1909","2/14/2026",42779,"CA",c(-120.0340602, 39.42793648),FALSE,"PASS"
2025,"USGS",10346001,"TRUCKEE-CARSON TRUCKEE R A FARAD CA","CA","ST",39.42796385,-120.0340873,"F","NAD83",NA,NA,NA,16050102,"dv",60,3,7693,NA,"wat",NA,1645423,0,"1/1/1909","9/29/1980",25931,"CA",c(-120.0340873, 39.42796385),FALSE,"PASS"
2031,"USGS",10356500,"SUSAN R A SUSANVILLE CA","CA","ST",40.4137361,-120.6642556,"5","NAD83",4225.72,5,"NGVD29",18080003,"dv",60,3,7699,NA,"wat",NA,1645423,0,"6/1/1900","10/12/1994",19036,"CA",c(-120.6642556, 40.4137361),FALSE,"PASS"
2034,"USGS",10358500,"WILLOW C NR SUSANVILLE CA","CA","ST",40.4890637,-120.5371707,"F","NAD83",NA,NA,NA,18080003,"dv",60,3,7702,NA,"wat",NA,1645423,0,"10/1/1950","10/12/1994",16083,"CA",c(-120.5371707, 40.4890637),FALSE,"PASS"
2044,"USGS",11012000,"COTTONWOOD C AB TECATE C NR DULZURA CA","CA","ST",32.57505766,-116.7538939,"F","NAD83",569.4,0.01,"NGVD29",18070305,"dv",60,3,7713,NA,"wat",NA,1645423,0,"10/1/1936","9/30/2007",25932,"CA",c(-116.7538939, 32.57505766),FALSE,"PASS"
2046,"USGS",11012500,"CAMPO C NR CAMPO CA","CA","ST",32.59116984,-116.5255548,"F","NAD83",2181.3,0.26,"NAVD88",18070305,"dv",60,3,7715,NA,"wat",NA,1645423,0,"10/1/1936","2/14/2026",32639,"CA",c(-116.5255548, 32.59116984),FALSE,"PASS"
2047,"USGS",11013000,"TIJUANA R NR DULZURA CA","CA","ST",32.5656161,-116.7750194,"F","NAD83",542.42,0.01,"NGVD29",18070305,"dv",60,3,7716,NA,"wat",NA,1645423,0,"10/1/1936","9/30/1990",19723,"CA",c(-116.7750194, 32.5656161),FALSE,"PASS"
2048,"USGS",11013500,"TIJUANA R NR NESTOR CA","CA","ST",32.55172325,-117.0841943,"S","NAD83",30,10,"NGVD29",18070305,"dv",60,3,7718,NA,"wat",NA,1645423,0,"10/1/1936","9/29/1982",16800,"CA",c(-117.0841943, 32.55172325),FALSE,"PASS"
2050,"USGS",11014000,"JAMUL C NR JAMUL CA","CA","ST",32.6375566,-116.8841893,"F","NAD83",514.22,0.16,"NAVD88",18070304,"dv",60,3,7722,NA,"wat",NA,1645423,0,"4/10/1940","2/14/2026",28772,"CA",c(-116.8841893, 32.6375566),FALSE,"PASS"
2053,"USGS",11015000,"SWEETWATER R NR DESCANSO CA","CA","ST",32.8347735,-116.6230596,"F","NAD83",3271.71,0.16,"NAVD88",18070304,"dv",60,3,7726,NA,"wat",NA,1645423,0,"10/1/1905","2/14/2026",33373,"CA",c(-116.6230596, 32.8347735),FALSE,"PASS"
2060,"USGS",11022200,"LOS COCHES C NR LAKESIDE CA","CA","ST",32.83616156,-116.9003035,"F","NAD83",553.74,0.16,"NAVD88",18070304,"dv",60,3,7738,NA,"wat",NA,1645423,0,"10/1/1983","2/14/2026",15478,"CA",c(-116.9003035, 32.83616156),FALSE,"PASS"
2062,"USGS",11022480,"SAN DIEGO R A MAST RD NR SANTEE CA","CA","ST",32.8403262,-117.0258478,"F","NAD83",290.09,0.16,"NAVD88",18070304,"dv",60,3,7740,NA,"wat",NA,1645423,0,"5/1/1912","2/14/2026",40740,"CA",c(-117.0258478, 32.8403262),FALSE,"PASS"
2063,"USGS",11022500,"SAN DIEGO R NR SANTEE CA","CA","ST",32.82477143,-117.0555858,"F","NAD83",180,10,"NGVD29",18070304,"dv",60,3,7742,NA,"wat",NA,1645423,0,"5/1/1912","9/29/1982",24896,"CA",c(-117.0555858, 32.82477143),FALSE,"PASS"
2065,"USGS",11023000,"SAN DIEGO R A FASHION VALLEY AT SAN DIEGO CA","CA","ST",32.76504955,-117.1686285,"F","NAD83",16.48,0.16,"NAVD88",18070304,"dv",60,3,7745,NA,"wat",NA,1645423,0,"1/18/1982","2/14/2026",16099,"CA",c(-117.1686285, 32.76504955),FALSE,"PASS"
2074,"USGS",11023340,"LOS PENASQUITOS C NR POWAY CA","CA","ST",32.9431013,-117.1216999,"F","NAD83",254.74,0.16,"NAVD88",18070304,"dv",60,3,295939,NA,"wat",NA,1645423,0,"10/1/1964","2/14/2026",22417,"CA",c(-117.1216999, 32.9431013),FALSE,"PASS"
2079,"USGS",11025500,"SANTA YSABEL C NR RAMONA CA","CA","ST",33.1069866,-116.866137,"F","NAD83",850.17,0.16,"NAVD88",18070304,"dv",60,3,7760,NA,"wat",NA,1645423,0,"2/1/1912","2/14/2026",34106,"CA",c(-116.866137, 33.1069866),FALSE,"PASS"
2081,"USGS",11027000,"GUEJITO C NR SAN PASQUAL CA","CA","ST",33.11587469,-116.9530708,"F","NAD83",568.19,0.16,"NAVD88",18070304,"dv",60,3,7762,NA,"wat",NA,1645423,0,"1/1/1947","2/14/2026",20591,"CA",c(-116.9530708, 33.11587469),FALSE,"PASS"
2083,"USGS",11028500,"SANTA MARIA C NR RAMONA CA","CA","ST",33.0522655,-116.9455844,"F","NAD83",1296.39,0.16,"NAVD88",18070304,"dv",60,3,7765,NA,"wat",NA,1645423,0,"12/1/1912","2/14/2026",31852,"CA",c(-116.9455844, 33.0522655),FALSE,"PASS"
2090,"USGS",11033000,"WF SAN LUIS REY R NR WARNER SPRINGS CA","CA","ST",33.2967036,-116.759744,"F","NAD83",2800,20,"NGVD29",18070303,"dv",60,3,7777,NA,"wat",NA,1645423,0,"4/1/1913","9/29/1986",11748,"CA",c(-116.759744, 33.2967036),FALSE,"PASS"
2100,"USGS",11040000,"SAN LUIS REY R AT MONSERATE NARROWS CA","CA","ST",33.33725495,-117.136143,"F","NAD83",270,10,"NGVD29",18070303,"dv",60,3,204811,NA,"wat",NA,1645423,0,"10/1/1937","9/29/1986",16011,"CA",c(-117.136143, 33.33725495),FALSE,"PASS"
2104,"USGS",11041000,"SAN LUIS REY R NR BONSALL CA","CA","ST",33.25364594,-117.2475354,"F","NAD83",108.1,10,"NGVD29",18070303,"dv",60,3,7794,NA,"wat",NA,1645423,0,"10/1/1929","9/30/1979",18262,"CA",c(-117.2475354, 33.25364594),FALSE,"PASS"
2105,"USGS",11042000,"SAN LUIS REY R A OCEANSIDE CA","CA","ST",33.21809135,-117.3603045,"F","NAD83",8.9,0.16,"NAVD88",18070303,"dv",60,3,7796,NA,"wat",NA,1645423,0,"10/1/1912","2/14/2026",33707,"CA",c(-117.3603045, 33.21809135),FALSE,"PASS"
2106,"USGS",11042400,"TEMECULA C NR AGUANGA CA","CA","ST",33.459199,-116.9236289,"F","NAD83",1496.24,0.16,"NAVD88",18070302,"dv",60,3,7799,NA,"wat",NA,1645423,0,"8/1/1957","2/14/2026",24671,"CA",c(-116.9236289, 33.459199),FALSE,"PASS"
2110,"USGS",11042631,"PECHANGA C NR TEMECULA CA","CA","ST",33.46416667,-117.1238889,"F","NAD83",1030.56,0.16,"NAVD88",18070302,"dv",60,3,7805,NA,"wat",NA,1645423,0,"10/1/1987","2/14/2026",13949,"CA",c(-117.1238889, 33.46416667),FALSE,"PASS"
2112,"USGS",11042800,"WARM SPRINGS C NR MURRIETA CA","CA","ST",33.53224867,-117.1769771,"F","NAD83",1033.44,0.16,"NAVD88",18070302,"dv",60,3,7807,NA,"wat",NA,1645423,0,"10/1/1987","2/14/2026",13798,"CA",c(-117.1769771, 33.53224867),FALSE,"PASS"
2113,"USGS",11042900,"SANTA GERTRUDIS C NR TEMECULA CA","CA","ST",33.52447338,-117.1647469,"F","NAD83",1039.67,0.16,"NAVD88",18070302,"dv",60,3,7808,NA,"wat",NA,1645423,0,"10/1/1987","2/14/2026",13301,"CA",c(-117.1647469, 33.52447338),FALSE,"PASS"
2114,"USGS",11043000,"MURRIETA C A TEMECULA CA","CA","ST",33.47975066,-117.1439203,"F","NAD83",974.22,0.16,"NAVD88",18070302,"dv",60,3,7809,NA,"wat",NA,1645423,0,"10/1/1930","2/14/2026",34836,"CA",c(-117.1439203, 33.47975066),FALSE,"PASS"
2115,"USGS",11044000,"SANTA MARGARITA R NR TEMECULA CA","CA","ST",33.4739175,-117.1422536,"F","NAD83",955.88,0.16,"NAVD88",18070302,"dv",60,3,7810,NA,"wat",NA,1645423,0,"2/1/1923","2/14/2026",37635,"CA",c(-117.1422536, 33.4739175),FALSE,"PASS"
2116,"USGS",11044250,"RAINBOW C NR FALLBROOK CA","CA","ST",33.4075318,-117.2008578,"F","NAD83",531.37,0.16,"NAVD88",18070302,"dv",60,3,7823,NA,"wat",NA,1645423,0,"11/1/1989","2/14/2026",13255,"CA",c(-117.2008578, 33.4075318),FALSE,"PASS"
2117,"USGS",11044300,"SANTA MARGARITA R A FPUD SUMP NR FALLBROOK CA","CA","ST",33.41364246,-117.2411367,"F","NAD83",335.58,0.16,"NAVD88",18070302,"dv",60,3,7824,NA,"wat",NA,1645423,0,"10/1/1989","2/14/2026",13286,"CA",c(-117.2411367, 33.41364246),FALSE,"PASS"
2118,"USGS",11044350,"SANDIA C NR FALLBROOK CA","CA","ST",33.42447545,-117.2491926,"S","NAD83",382.8,0.16,"NAVD88",18070302,"dv",60,3,7833,NA,"wat",NA,1645423,0,"10/1/1989","2/14/2026",13286,"CA",c(-117.2491926, 33.42447545),FALSE,"PASS"
2119,"USGS",11044500,"SANTA MARGARITA R NR FALLBROOK,CALIF.",NA,"ST",33.39836319,-117.2630914,"F","NAD83",280,10,"NGVD29",18070302,"dv",60,3,7834,NA,"wat",NA,1645423,0,"10/1/1924","9/29/1980",20453,"CA",c(-117.2630914, 33.39836319),FALSE,"CHECK"
2121,"USGS",11044800,"DE LUZ C NR DE LUZ CA","CA","ST",33.41975285,-117.3216944,"S","NAD83",276.54,0.16,"NAVD88",18070302,"dv",60,3,7836,NA,"wat",NA,1645423,0,"10/1/1992","2/14/2026",12190,"CA",c(-117.3216944, 33.41975285),FALSE,"PASS"
2125,"USGS",11045300,"FALLBROOK C NR FALLBROOK CA","CA","ST",33.34697705,-117.3178047,"S","NAD83",184.2,0.16,"NAVD88",18070302,"dv",60,3,7840,NA,"wat",NA,1645423,0,"10/1/1993","2/14/2026",11825,"CA",c(-117.3178047, 33.34697705),FALSE,"PASS"
2129,"USGS",11046000,"SANTA MARGARITA R A YSIDORA CA","CA","ST",33.3111436,-117.3472604,"S","NAD83",70.4,0.16,"NAVD88",18070302,"dv",60,3,7845,NA,"wat",NA,1645423,0,"3/1/1923","2/14/2026",35197,"CA",c(-117.3472604, 33.3111436),FALSE,"PASS"
2132,"USGS",11046100,"LAS FLORES C NR OCEANSIDE CA","CA","ST",33.2936111,-117.4530556,"1","NAD83",39.52,0.16,"NAVD88",18070301,"dv",60,3,7903,NA,"wat",NA,1645423,0,"10/1/1951","10/3/2023",20454,"CA",c(-117.4530556, 33.2936111),FALSE,"PASS"
2134,"USGS",11046250,"SAN ONOFRE C A SAN ONOFRE CA","CA","ST",33.38391854,-117.5742128,"F","NAD83",15,10,"NGVD29",18070301,"dv",60,3,7917,NA,"wat",NA,1645423,0,"10/1/1946","10/5/2010",12312,"CA",c(-117.5742128, 33.38391854),FALSE,"PASS"
2135,"USGS",11046300,"SAN MATEO C NR SAN CLEMENTE CA","CA","ST",33.47085987,-117.4730986,"S","NAD83",402.44,0.16,"NAVD88",18070301,"dv",60,3,7930,NA,"wat",NA,1645423,0,"10/1/1952","11/19/2024",16850,"CA",c(-117.4730986, 33.47085987),FALSE,"PASS"
2141,"USGS",11046360,"CRISTIANITOS C AB SAN MATEO C NR SAN CLEMENTE CA","CA","ST",33.42641717,-117.5703242,"S","NAD83",93.1,0.16,"NAVD88",18070301,"dv",60,3,7935,NA,"wat",NA,1645423,0,"10/1/1993","2/14/2026",11825,"CA",c(-117.5703242, 33.42641717),FALSE,"PASS"
2142,"USGS",11046500,"SAN JUAN C NR SAN JUAN CAPISTRANO CA","CA","ST",33.51891459,-117.6250493,"F","NAD83",150,10,"NGVD29",18070301,"dv",60,3,7953,NA,"wat",NA,1645423,0,"10/1/1928","9/29/1969",14974,"CA",c(-117.6250493, 33.51891459),FALSE,"PASS"
2144,"USGS",11046530,"SAN JUAN C AT LA NOVIA ST BR AT SAN JUAN CAPIS CA","CA","ST",33.50252614,-117.6480925,"F","NAD83",81.51,0.16,"NAVD88",18070301,"dv",60,3,7961,NA,"wat",NA,1645423,0,"10/1/1985","2/14/2026",14747,"CA",c(-117.6480925, 33.50252614),FALSE,"PASS"
2146,"USGS",11047000,"ARROYO TRABUCO NR SAN JUAN CAPISTRANO CA","CA","ST",33.5266924,-117.6697733,"F","NAD83",180,10,"NGVD29",18070301,"dv",60,3,7967,NA,"wat",NA,1645423,0,"10/1/1930","9/30/1981",15979,"CA",c(-117.6697733, 33.5266924),FALSE,"PASS"
2148,"USGS",11047300,"ARROYO TRABUCO A SAN JUAN CAPISTRANO CA","CA","ST",33.49835946,-117.6658707,"S","NAD83",65.28,0.16,"NAVD88",18070301,"dv",60,3,7972,NA,"wat",NA,1645423,0,"10/1/1972","2/14/2026",15112,"CA",c(-117.6658707, 33.49835946),FALSE,"PASS"
2149,"USGS",11047500,"ALISO C A EL TORO CA","CA","ST",33.62613356,-117.6850513,"F","NAD83",440,10,"NGVD29",18070301,"dv",60,3,7977,NA,"wat",NA,1645423,0,"10/1/1930","9/29/1980",18262,"CA",c(-117.6850513, 33.62613356),FALSE,"PASS"
2155,"USGS",11048500,"SAN DIEGO C AT CULVER DRIVE NR IRVINE CA","CA","ST",33.6816868,-117.8094992,"F","NAD83",102.86,0.01,"NGVD29",18070204,"dv",60,3,7983,NA,"wat",NA,1645423,0,"10/1/1949","9/29/1985",13148,"CA",c(-117.8094992, 33.6816868),FALSE,"PASS"
2164,"USGS",11049500,"SCE SANTA ANA R CN AB PP3 NR MENTONE CA","CA","ST",34.11362248,-117.0964244,"F","NAD83",NA,NA,NA,18070203,"dv",60,3,213064,NA,"wat",NA,1645423,0,"10/1/1974","1/6/2025",18361,"CA",c(-117.0964244, 34.11362248),FALSE,"PASS"
2166,"USGS",11051499,"SANTA ANA R NR MENTONE (RIVER ONLY) CA","CA","ST",34.10834489,-117.1005911,"F","NAD83",1956.2,0.16,"NAVD88",18070203,"dv",60,3,295955,NA,"wat",NA,1645423,0,"10/1/1994","2/14/2026",11455,"CA",c(-117.1005911, 34.10834489),FALSE,"PASS"
2167,"USGS",11051500,"SANTA ANA R NR MENTONE CA","CA","ST",34.10834489,-117.1005911,"F","NAD83",1950,20,"NGVD29",18070203,"dv",60,3,213385,NA,"wat",NA,1645423,0,"1896-07-01","2/14/2026",47239,"CA",c(-117.1005911, 34.10834489),FALSE,"PASS"
2168,"USGS",11051501,"SANTA ANA R NR MENTONE CN + CN CA","CA","ST",34.10834489,-117.1005911,"F","NAD83",NA,NA,NA,18070203,"dv",60,3,213403,NA,"wat",NA,1645423,0,"3/1/1912","12/31/2024",41125,"CA",c(-117.1005911, 34.10834489),FALSE,"PASS"
2169,"USGS",11051502,"SAR SUPP GAGE NR MENTONE CA","CA","ST",34.10834489,-117.1005911,"F","NAD83",1956.14,0.16,"NAVD88",18070203,"dv",60,3,8014,NA,"wat",NA,1645423,0,"10/1/1977","2/14/2026",14169,"CA",c(-117.1005911, 34.10834489),FALSE,"PASS"
2172,"USGS",11052500,"MILL C POWER CANALS 2 AND 3 NR YUCAIPA CA","CA","ST-CA",34.08973426,-117.0144759,"F","NAD83",NA,NA,NA,18070203,"dv",60,3,213405,NA,"wat",NA,1645423,0,"10/1/1973","2/28/2025",17318,"CA",c(-117.0144759, 34.08973426),FALSE,"PASS"
2175,"USGS",11054000,"MILL C NR YUCAIPA CA","CA","ST",34.09084538,-117.0375325,"F","NAD83",2916.36,20,"NGVD29",18070203,"dv",60,3,8022,NA,"wat",NA,1645423,0,"10/1/1918","9/29/1986",21548,"CA",c(-117.0375325, 34.09084538),FALSE,"PASS"
2176,"USGS",11054001,"MILL C NR YUCAIPA CA.+ CANALS CA","CA","ST",34.09084538,-117.0375325,"F","NAD83",NA,NA,NA,18070203,"dv",60,3,8023,NA,"wat",NA,1645423,0,"10/1/1919","9/29/1986",21183,"CA",c(-117.0375325, 34.09084538),FALSE,"PASS"
2179,"USGS",11055350,"PLUNGE C UP DIV NR EAST HIGHLANDS CA","CA","ST",34.13973269,-117.1494826,"F","NAD83",NA,NA,NA,18070203,"dv",60,3,8027,NA,"wat",NA,1645423,0,"10/1/1965","11/14/2012",14069,"CA",c(-117.1494826, 34.13973269),FALSE,"PASS"
2181,"USGS",11055400,"PLUNGE C MID DIV NR EAST HIGHLANDS CA","CA","ST",34.1233444,-117.140593,"S","NAD83",1760,10,"NGVD29",18070203,"dv",60,3,8029,NA,"wat",NA,1645423,0,"10/1/1974","11/14/2012",13558,"CA",c(-117.140593, 34.1233444),FALSE,"PASS"
2182,"USGS",11055500,"PLUNGE C NR EAST HIGHLANDS CA","CA","ST",34.11834458,-117.141704,"F","NAD83",1591.19,0.16,"NAVD88",18070203,"dv",60,3,8030,NA,"wat",NA,1645423,0,"2/1/1919","2/14/2026",39096,"CA",c(-117.141704, 34.11834458),FALSE,"PASS"
2183,"USGS",11055501,"PLUNGE C NR EAST HIGHLANDS AND CANALS CA","CA","ST",34.11834458,-117.141704,"F","NAD83",NA,NA,NA,18070203,"dv",60,3,8031,NA,"wat",NA,1645423,0,"4/1/1951","9/29/2012",22463,"CA",c(-117.141704, 34.11834458),FALSE,"PASS"
2184,"USGS",11055700,"CITY C WATER CO CN NR HIGHLAND CA","CA","ST",34.14417935,-117.1891982,"F","NAD83",1620.67,0.16,"NAVD88",18070203,"dv",60,3,8032,NA,"wat",NA,1645423,0,"10/1/1927","12/8/2025",23512,"CA",c(-117.1891982, 34.14417935),FALSE,"PASS"
2185,"USGS",11055800,"CITY C NR HIGHLAND CA","CA","ST",34.14390158,-117.1886426,"F","NAD83",1580.19,0.16,"NAVD88",18070203,"dv",60,3,8033,NA,"wat",NA,1645423,0,"10/1/1919","2/14/2026",38849,"CA",c(-117.1886426, 34.14390158),FALSE,"PASS"
2186,"USGS",11055801,"CITY C NR HIGHLAND CA.+ CANALS CA","CA","ST",34.1438992,-117.1886507,"F","NAD83",NA,NA,NA,18070203,"dv",60,3,222411,NA,"wat",NA,1645423,0,"5/27/1924","12/8/2025",37012,"CA",c(-117.1886507, 34.1438992),FALSE,"PASS"
2189,"USGS",11056500,"LITTLE SAN GORGONIO C NR BEAUMONT CA","CA","ST",34.0291802,-116.946137,"F","NAD83",4320,20,"NGVD29",18070203,"dv",60,3,8040,NA,"wat",NA,1645423,0,"10/1/1948","9/29/1985",13513,"CA",c(-116.946137, 34.0291802),FALSE,"PASS"
2190,"USGS",11057000,"SAN TIMOTEO C NR REDLANDS CA","CA","ST",34.03307017,-117.2089279,"F","NAD83",1280,20,"NGVD29",18070203,"dv",60,3,8042,NA,"wat",NA,1645423,0,"10/1/1926","4/7/1979",17355,"CA",c(-117.2089279, 34.03307017),FALSE,"PASS"
2191,"USGS",11057500,"SAN TIMOTEO C NR LOMA LINDA CA","CA","ST",34.0614024,-117.2675419,"F","NAD83",1036.43,0.16,"NAVD88",18070203,"dv",60,3,8045,NA,"wat",NA,1645423,0,"10/1/1954","2/14/2026",23572,"CA",c(-117.2675419, 34.0614024),FALSE,"PASS"
2193,"USGS",11058500,"E TWIN C NR ARROWHEAD SPRINGS CA","CA","ST",34.1791779,-117.2655894,"S","NAD83",1598.68,0.16,"NAVD88",18070203,"dv",60,3,8049,NA,"wat",NA,1645423,0,"12/27/1919","2/14/2026",38440,"CA",c(-117.2655894, 34.1791779),FALSE,"PASS"
2194,"USGS",11058600,"WATERMAN CANYON CREEK NR ARROWHEAD SPRINGS CA","CA","ST",34.1858333,-117.2722222,"F","NAD83",1836.71,0.16,"NAVD88",18070203,"dv",60,3,295956,NA,"wat",NA,1645423,0,"11/1/1911","2/14/2026",31790,"CA",c(-117.2722222, 34.1858333),FALSE,"PASS"
2197,"USGS",11059300,"SANTA ANA R A E ST NR SAN BERNARDINO CA","CA","ST",34.0650131,-117.3003208,"F","NAD83",951.91,0.16,"NAVD88",18070203,"dv",60,3,8056,NA,"wat",NA,1645423,0,"3/1/1939","2/14/2026",27034,"CA",c(-117.3003208, 34.0650131),FALSE,"PASS"
2199,"USGS",11060400,"WARM C NR SAN BERNARDINO CA","CA","ST",34.07834596,-117.3003209,"F","NAD83",958.55,0.16,"NAVD88",18070203,"dv",60,3,8060,NA,"wat",NA,1645423,0,"3/1/1964","2/14/2026",21900,"CA",c(-117.3003209, 34.07834596),FALSE,"PASS"
2200,"USGS",11060500,"MEEKS AND DALEY CN NR COLTON CA","CA","ST",34.07973479,-117.3008765,"F","NAD83",NA,NA,NA,18070203,"dv",60,3,8065,NA,"wat",NA,1645423,0,"10/1/1920","9/29/1981",22209,"CA",c(-117.3008765, 34.07973479),FALSE,"PASS"
2201,"USGS",11060900,"SCE LYTLE C CONDUIT NR FONTANA CA","CA","ST",34.20278567,-117.4494936,"F","NAD83",NA,NA,NA,18070203,"dv",60,3,213126,NA,"wat",NA,1645423,0,"10/1/1971","1/6/2025",19457,"CA",c(-117.4494936, 34.20278567),FALSE,"PASS"
2203,"USGS",11061000,"FONTANA WATER CO INFILTRATION LINE NR FONTANA CA","CA","ST",34.20278567,-117.4494936,"F","NAD83",NA,NA,NA,18070203,"dv",60,3,213128,NA,"wat",NA,1645423,0,"10/1/1971","12/31/2025",19816,"CA",c(-117.4494936, 34.20278567),FALSE,"PASS"
2204,"USGS",11062000,"LYTLE C NR FONTANA CA","CA","ST",34.21184444,-117.4578667,"5","NAD83",2369.54,0.16,"NAVD88",18070203,"dv",60,3,8070,NA,"wat",NA,1645423,0,"10/1/1918","2/14/2026",38979,"CA",c(-117.4578667, 34.21184444),FALSE,"PASS"
2205,"USGS",11062001,"LYTLE+BRLNE+COND+INF - W27 CA","CA","ST",34.2122298,-117.458105,"F","NAD83",NA,NA,NA,18070203,"dv",60,3,222412,NA,"wat",NA,1645423,0,"1899-01-01","1/6/2025",43560,"CA",c(-117.458105, 34.2122298),FALSE,"PASS"
2208,"USGS",11062399,"FONTANA WATER CO SURFACE DIV WEIR 2 NR FONTANA CA","CA","ST",34.20278567,-117.4494936,"S","NAD83",2253.72,0.16,"NAVD88",18070203,"dv",60,3,8074,NA,"wat",NA,1645423,0,"10/1/1992","2/14/2026",12190,"CA",c(-117.4494936, 34.20278567),FALSE,"PASS"
2209,"USGS",11062400,"FONTANA WATER CO SURFACE DIV NR FONTANA CA","CA","ST",34.20306344,-117.4494936,"F","NAD83",2253.71,0.16,"NAVD88",18070203,"dv",60,3,8075,NA,"wat",NA,1645423,0,"12/1/1971","2/14/2026",19617,"CA",c(-117.4494936, 34.20306344),FALSE,"PASS"
2211,"USGS",11062402,"LYTLE C SURFACE DIV NR FONTANA CA","CA","ST",34.20306344,-117.4494936,"S","NAD83",2240,20,"NGVD29",18070203,"dv",60,3,226050,NA,"wat",NA,1645423,0,"12/1/1971","2/14/2026",18104,"CA",c(-117.4494936, 34.20306344),FALSE,"PASS"
2213,"USGS",11062450,"FONTANA PH FOREBAY SPILLWAY NR FONTANA CA","CA","ST",34.2027871,-117.4492056,"F","NAD83",2250.64,0.16,"NAVD88",18070203,"dv",60,3,8079,NA,"wat",NA,1645423,0,"10/1/1972","2/6/2026",19487,"CA",c(-117.4492056, 34.2027871),FALSE,"PASS"
2214,"USGS",11062700,"LYTLE C DIV TO FONTANA PH AVM NR FONTANA CA","CA","ST",34.1554722,-117.3975833,"S","NAD83",1591,20,"NGVD29",18070203,"dv",60,3,224424,NA,"wat",NA,1645423,0,"10/1/1972","1/6/2025",19090,"CA",c(-117.3975833, 34.1554722),FALSE,"PASS"
2215,"USGS",11062800,"FONTANA WATER CO SPILL CH FROM AFTERBAY NR FONTANA",NA,"ST",34.155565,-117.3956025,"F","NAD83",1580.9,0.16,"NAVD88",18070203,"dv",60,3,8081,NA,"wat",NA,1645423,0,"12/1/1971","2/14/2026",19712,"CA",c(-117.3956025, 34.155565),FALSE,"CHECK"
2217,"USGS",11062820,"FONTANA WATER CO DIV NR FONTANA CA","CA","ST",34.1547317,-117.3967137,"F","NAD83",NA,NA,NA,18070203,"dv",60,3,8083,NA,"wat",NA,1645423,0,"10/1/1975","10/2/2017",15343,"CA",c(-117.3967137, 34.1547317),FALSE,"PASS"
2218,"USGS",11063000,"CAJON C NR KEENBROOK CA","CA","ST",34.2669501,-117.4600497,"F","NAD83",2630,20,"NGVD29",18070203,"dv",60,3,8084,NA,"wat",NA,1645423,0,"1/1/1920","9/30/1982",20726,"CA",c(-117.4600497, 34.2669501),FALSE,"PASS"
2219,"USGS",11063500,"LONE PINE C NR KEENBROOK CA","CA","ST",34.2663946,-117.4639388,"F","NAD83",2605.92,20,"NGVD29",18070203,"dv",60,3,327868,NA,"wat",NA,1645423,0,"1/1/1920","9/29/2008",28488,"CA",c(-117.4639388, 34.2663946),FALSE,"PASS"
2220,"USGS",11063510,"CAJON C BL LONE PINE C NR KEENBROOK CA","CA","ST",34.2633392,-117.4669944,"F","NAD83",2567.08,0.16,"NAVD88",18070203,"dv",60,3,8086,NA,"wat",NA,1645423,0,"10/1/1971","2/14/2026",17669,"CA",c(-117.4669944, 34.2633392),FALSE,"PASS"
2221,"USGS",11063680,"DEVIL CYN C NR SAN BERNARDINO CA","CA","ST",34.20834338,-117.3314248,"F","NAD83",2085.69,0.16,"NAVD88",18070203,"dv",60,3,8087,NA,"wat",NA,1645423,0,"1/1/1920","2/14/2026",38762,"CA",c(-117.3314248, 34.20834338),FALSE,"PASS"
2223,"USGS",11065000,"LYTLE C A COLTON CA","CA","ST",34.07890146,-117.3055989,"F","NAD83",976.98,0.16,"NAVD88",18070203,"dv",60,3,8090,NA,"wat",NA,1645423,0,"10/1/1957","2/14/2026",24701,"CA",c(-117.3055989, 34.07890146),FALSE,"PASS"
2224,"USGS",11065800,"WARM C NR COLTON CA","CA","ST",34.06917958,-117.3086545,"F","NAD83",NA,NA,NA,18070203,"dv",60,3,8091,NA,"wat",NA,1645423,0,"10/1/1920","12/31/1961",15067,"CA",c(-117.3086545, 34.06917958),FALSE,"PASS"
2225,"USGS",11065801,"WARM C NR COLTON + DIV CA","CA","ST",34.06917958,-117.3086545,"F","NAD83",NA,NA,NA,18070203,"dv",60,3,8092,NA,"wat",NA,1645423,0,"9/18/1920","12/31/1961",15080,"CA",c(-117.3086545, 34.06917958),FALSE,"PASS"
2229,"USGS",11066460,"SANTA ANA R A MWD CROSSING CA","CA","ST",33.9684722,-117.4482222,"5","NAD83",685.64,0.16,"NAVD88",18070203,"dv",60,3,8098,NA,"wat",NA,1645423,0,"3/9/1970","2/14/2026",20432,"CA",c(-117.4482222, 33.9684722),FALSE,"PASS"
2233,"USGS",11066500,"SANTA ANA R A RIVERSIDE NARROWS NR ARLINGTON CA","CA","ST",33.96473667,-117.466159,"F","NAD83",680,10,"NGVD29",18070203,"dv",60,3,8107,NA,"wat",NA,1645423,0,"10/1/1928","9/29/1973",16435,"CA",c(-117.466159, 33.96473667),FALSE,"PASS"
2236,"USGS",11067000,"DAY C NR ETIWANDA CA","CA","ST",34.18500809,-117.539774,"F","NAD83",2870,20,"NGVD29",18070203,"dv",60,3,8112,NA,"wat",NA,1645423,0,"10/1/1928","9/30/1972",16071,"CA",c(-117.539774, 34.18500809),FALSE,"PASS"
2243,"USGS",11069500,"SAN JACINTO R NR SAN JACINTO",NA,"ST",33.73807629,-116.8339098,"S","NAD83",1924.89,0.16,"NAVD88",18070202,"dv",60,3,8129,NA,"wat",NA,1645423,0,"10/1/1920","2/14/2026",36644,"CA",c(-116.8339098, 33.73807629),FALSE,"CHECK"
2244,"USGS",11069501,"SAN JACINTO R NR SAN JACINTO + CANALS CA","CA","ST",33.73807629,-116.8339098,"F","NAD83",NA,NA,NA,18070202,"dv",60,3,8131,NA,"wat",NA,1645423,0,"10/1/1948","9/29/1990",15339,"CA",c(-116.8339098, 33.73807629),FALSE,"PASS"
2256,"USGS",11070270,"PERRIS VALLEY STORM DR A NUEVO RD NR PERRIS CA","CA","ST",33.80113024,-117.2061469,"F","NAD83",1405.37,0.16,"NAVD88",18070202,"dv",60,3,8153,NA,"wat",NA,1645423,0,"10/1/1969","2/14/2026",14860,"CA",c(-117.2061469, 33.80113024),FALSE,"PASS"
2258,"USGS",11070375,"SAN JACINTO R A RR CYN WEIR NR ELSINORE CA","CA","ST",33.73613136,-117.2530929,"F","NAD83",NA,NA,NA,18070202,"dv",60,3,8155,NA,"wat",NA,1645423,0,"10/1/1951","9/29/1984",11869,"CA",c(-117.2530929, 33.73613136),FALSE,"PASS"
2261,"USGS",11070500,"SAN JACINTO R NR ELSINORE CA","CA","ST",33.66418858,-117.293927,"F","NAD83",1267.18,0.16,"NAVD88",18070202,"dv",60,3,327869,NA,"wat",NA,1645423,0,"1/1/1916","2/14/2026",40223,"CA",c(-117.293927, 33.66418858),FALSE,"PASS"
2264,"USGS",11072000,"TEMESCAL C NR CORONA CA","CA","ST",33.84140539,-117.5111585,"F","NAD83",NA,NA,NA,18070203,"dv",60,3,8160,NA,"wat",NA,1645423,0,"10/1/1928","6/30/1980",18901,"CA",c(-117.5111585, 33.84140539),FALSE,"PASS"
2265,"USGS",11072100,"TEMESCAL C AB MAIN ST A CORONA CA","CA","ST",33.8891821,-117.5628274,"F","NAD83",573.23,0.26,"NAVD88",18070203,"dv",60,3,8161,NA,"wat",NA,1645423,0,"10/1/1980","2/14/2026",16140,"CA",c(-117.5628274, 33.8891821),FALSE,"PASS"
2267,"USGS",11073000,"SAN ANTONIO C NR CLAREMONT CA","CA","ST",34.215563,-117.6686559,"F","NAD83",3390,20,"NGVD29",18070203,"dv",60,3,8163,NA,"wat",NA,1645423,0,"3/11/1901","9/30/1972",25901,"CA",c(-117.6686559, 34.215563),FALSE,"PASS"
2268,"USGS",11073001,"SAN ANTONIO C NR CLAREMONT + CN CA","CA","ST",34.21611738,-117.6686665,"F","NAD83",NA,NA,NA,18070203,"dv",60,3,8164,NA,"wat",NA,1645423,0,"3/11/1901","9/29/1972",26026,"CA",c(-117.6686665, 34.21611738),FALSE,"PASS"
2271,"USGS",11073360,"CHINO C A SCHAEFER AVENUE NR CHINO CA","CA","ST",34.00390144,-117.7270006,"S","NAD83",672.14,0.16,"NAVD88",18070203,"dv",60,3,8167,NA,"wat",NA,1645423,0,"10/1/1969","2/14/2026",20591,"CA",c(-117.7270006, 34.00390144),FALSE,"PASS"
2273,"USGS",11073470,"CUCAMONGA C NR UPLAND CA","CA","ST",34.17355556,-117.6318333,"R","NAD83",2356,1,"NAVD88",1.81e+11,"dv",60,3,8169,"[(2)]","wat",NA,1645423,0,"1/1/1929","9/29/1975",17073,"CA",c(-117.6318333, 34.17355556),FALSE,"PASS"
2276,"USGS",11073495,"CUCAMONGA C NR MIRA LOMA CA","CA","ST",33.9827912,-117.5994966,"F","NAD83",641.25,0.16,"NAVD88",18070203,"dv",60,3,8174,NA,"wat",NA,1645423,0,"2/1/1968","2/14/2026",20691,"CA",c(-117.5994966, 33.9827912),FALSE,"PASS"
2278,"USGS",11074000,"SANTA ANA R BL PRADO DAM CA","CA","ST",33.88334875,-117.6453296,"F","NAD83",451.58,0.16,"NAVD88",18070203,"dv",60,3,8183,NA,"wat",NA,1645423,0,"9/30/1940","2/14/2026",31184,"CA",c(-117.6453296, 33.88334875),FALSE,"PASS"
2279,"USGS",11074500,"SANTA ANA R A COUNTY LINE BL PRADO DAM CA","CA","ST",33.87057119,-117.6722746,"F","NAD83",407.34,10,"NGVD29",18070203,"dv",60,3,8191,NA,"wat",NA,1645423,0,"2/1/1919","9/29/1960",12893,"CA",c(-117.6722746, 33.87057119),FALSE,"PASS"
2283,"USGS",11075720,"CARBON C BL CARBON CYN DAM CA","CA","ST",33.9133473,-117.8425461,"F","NAD83",397.45,0.16,"NAVD88",18070106,"dv",60,3,8209,NA,"wat",NA,1645423,0,"10/1/1961","2/14/2026",23513,"CA",c(-117.8425461, 33.9133473),FALSE,"PASS"
2288,"USGS",11075800,"SANTIAGO C A MODJESKA CA","CA","ST",33.70890966,-117.6355943,"S","NAD83",1251.01,0.16,"NAVD88",18070203,"dv",60,3,8220,NA,"wat",NA,1645423,0,"10/1/1961","2/14/2026",23509,"CA",c(-117.6355943, 33.70890966),FALSE,"PASS"
2289,"USGS",11077000,"SANTIAGO C NR VILLA PARK CA","CA","ST",33.82279419,-117.7767213,"F","NAD83",430,10,"NGVD29",18070203,"dv",60,3,8221,NA,"wat",NA,1645423,0,"10/1/1920","9/29/1963",15704,"CA",c(-117.7767213, 33.82279419),FALSE,"PASS"
2291,"USGS",11077500,"SANTIAGO C A SANTA ANA CA","CA","ST",33.77029518,-117.8844902,"F","NAD83",101.87,0.16,"NAVD88",18070203,"dv",60,3,8223,NA,"wat",NA,1645423,0,"10/1/1928","2/14/2026",35485,"CA",c(-117.8844902, 33.77029518),FALSE,"PASS"
2292,"USGS",11078000,"SANTA ANA R A SANTA ANA CA","CA","ST",33.75112815,-117.9083906,"F","NAD83",66.18,0.16,"NAVD88",18070203,"dv",60,3,295961,NA,"wat",NA,1645423,0,"2/1/1923","2/14/2026",37227,"CA",c(-117.9083906, 33.75112815),FALSE,"PASS"
2295,"USGS",11080500,"EF SAN GABRIEL R NR CAMP BONITA CA","CA","ST",34.23583798,-117.8058928,"F","NAD83",1567.04,20,"NGVD29",18070106,"dv",60,3,8233,NA,"wat",NA,1645423,0,"12/1/1932","9/29/1979",17104,"CA",c(-117.8058928, 34.23583798),FALSE,"PASS"
2299,"USGS",11082000,"WF SAN GABRIEL R A CAMP RINCON CA","CA","ST",34.24111517,-117.8633948,"F","NAD83",1474.94,20,"NGVD29",18070106,"dv",60,3,295964,NA,"wat",NA,1645423,0,"10/1/1927","9/30/1978",18628,"CA",c(-117.8633948, 34.24111517),FALSE,"PASS"
2300,"USGS",11083500,"SAN GABRIEL R NR AZUSA CA","CA","ST",34.16972858,-117.8886732,"F","NAD83",867.59,20,"NGVD29",18070106,"dv",60,3,8238,NA,"wat",NA,1645423,0,"1893-10-01","9/29/1966",26295,"CA",c(-117.8886732, 34.16972858),FALSE,"PASS"
2301,"USGS",11084000,"ROGERS C NR AZUSA CA","CA","ST",34.16528418,-117.9064516,"F","NAD83",800,20,"NGVD29",18070106,"dv",60,3,8239,NA,"wat",NA,1645423,0,"10/1/1917","9/29/1962",16435,"CA",c(-117.9064516, 34.16528418),FALSE,"PASS"
2302,"USGS",11084500,"FISH C NR DUARTE CA","CA","ST",34.1658396,-117.92423,"F","NAD83",905.9,20,"NGVD29",18070106,"dv",60,3,8240,NA,"wat",NA,1645423,0,"8/1/1916","9/29/1979",22766,"CA",c(-117.92423, 34.1658396),FALSE,"PASS"
2304,"USGS",11085000,"SAN GABRIEL R BL SANTA FE DAM NR BALDWIN PK CA","CA","ST",34.11223019,-117.9695092,"F","NAD83",402.38,0.16,"NAVD88",18070106,"dv",60,3,8242,NA,"wat",NA,1645423,0,"10/1/1942","2/14/2026",27891,"CA",c(-117.9695092, 34.11223019),FALSE,"PASS"
2306,"USGS",11086000,"DALTON C NR GLENDORA CA","CA","ST",34.1583404,-117.8286711,"F","NAD83",1170,20,"NGVD29",18070106,"dv",60,3,8244,NA,"wat",NA,1645423,0,"12/1/1919","9/29/1962",15644,"CA",c(-117.8286711, 34.1583404),FALSE,"PASS"
2308,"USGS",11086400,"SAN DIMAS C NR SAN DIMAS CA","CA","ST",34.14528558,-117.7767249,"F","NAD83",1240,20,"NGVD29",18070106,"dv",60,3,8246,NA,"wat",NA,1645423,0,"1/1/1917","9/29/1956",14517,"CA",c(-117.7767249, 34.14528558),FALSE,"PASS"
2309,"USGS",11086500,"LITTLE DALTON C NR GLENDORA CA","CA","ST",34.1675067,-117.8383937,"F","NAD83",1334.38,20,"NGVD29",18070106,"dv",60,3,8247,NA,"wat",NA,1645423,0,"1/1/1939","9/29/1971",11594,"CA",c(-117.8383937, 34.1675067),FALSE,"PASS"
2311,"USGS",11087020,"SAN GABRIEL R AB WHITTIER NARROWS DAM CA","CA","ST",34.03417767,-118.0381225,"F","NAD83",219.24,0.26,"NAVD88",18070106,"dv",60,3,295965,NA,"wat",NA,1645423,0,"10/1/1955","2/14/2026",23460,"CA",c(-118.0381225, 34.03417767),FALSE,"PASS"
2313,"USGS",11087195,"SAN JOSE C NR WHITTIER CA","CA","ST",34.02362249,-118.0356224,"F","NAD83",214.85,10,"NGVD29",18070106,"dv",60,3,8251,NA,"wat",NA,1645423,0,"1/1/1929","9/29/1964",13056,"CA",c(-118.0356224, 34.02362249),FALSE,"PASS"
2314,"USGS",11087500,"SAN GABRIEL R A PICO CA","CA","ST",34.0130676,-118.0642344,"F","NAD83",180,10,"NGVD29",18070106,"dv",60,3,8252,NA,"wat",NA,1645423,0,"10/1/1928","9/29/1978",18261,"CA",c(-118.0642344, 34.0130676),FALSE,"PASS"
2315,"USGS",11088000,"SAN GABRIEL R A SPRING ST NR LOS ALAMITOS CA","CA","ST",33.81196059,-118.0908983,"F","NAD83",11.87,0.1,"NGVD29",18070106,"dv",60,3,8253,NA,"wat",NA,1645423,0,"10/1/1936","9/29/1979",15209,"CA",c(-118.0908983, 33.81196059),FALSE,"PASS"
2316,"USGS",11088500,"BREA C BL BREA DAM NR FULLERTON CA","CA","ST",33.8877918,-117.9264369,"F","NAD83",198.31,0.16,"NAVD88",18070106,"dv",60,3,8254,NA,"wat",NA,1645423,0,"1/1/1942","2/14/2026",30726,"CA",c(-117.9264369, 33.8877918),FALSE,"PASS"
2317,"USGS",11089000,"BREA C A FULLERTON CA","CA","ST",33.87362567,-117.9258937,"F","NAD83",160,2.5,"NGVD29",18070106,"dv",60,3,8255,NA,"wat",NA,1645423,0,"10/1/1930","9/29/1969",14244,"CA",c(-117.9258937, 33.87362567),FALSE,"PASS"
2319,"USGS",11089500,"FULLERTON C BL FULLERTON DAM NR BREA CA","CA","ST",33.89584744,-117.8861582,"F","NAD83",258.81,0.16,"NAVD88",18070106,"dv",60,3,8257,NA,"wat",NA,1645423,0,"10/1/1941","2/14/2026",30818,"CA",c(-117.8861582, 33.89584744),FALSE,"PASS"
2323,"USGS",11090500,"COYOTE C NR ARTESIA CA","CA","ST",33.83890426,-118.060342,"F","NAD83",20.2,2.5,"NGVD29",18070106,"dv",60,3,8261,NA,"wat",NA,1645423,0,"2/1/1930","9/29/1963",12294,"CA",c(-118.060342, 33.83890426),FALSE,"PASS"
2327,"USGS",11092450,"LOS ANGELES R A SEPULVEDA DAM CA","CA","ST",34.16167247,-118.466749,"F","NAD83",655.13,0.16,"NAVD88",18070105,"dv",60,3,8265,NA,"wat",NA,1645423,0,"10/1/1931","2/14/2026",26053,"CA",c(-118.466749, 34.16167247),FALSE,"PASS"
2328,"USGS",11093000,"PACOIMA C NR SAN FERNANDO CA","CA","ST",34.33527727,-118.398137,"F","NAD83",1650,20,"NGVD29",18070105,"dv",60,3,8266,NA,"wat",NA,1645423,0,"12/1/1916","9/29/1979",22947,"CA",c(-118.398137, 34.33527727),FALSE,"PASS"
2334,"USGS",11095500,"BIG TUJUNGA C NR SUNLAND CA","CA","ST",34.30055637,-118.2686878,"F","NAD83",1571.8,20,"NGVD29",18070105,"dv",60,3,8272,NA,"wat",NA,1645423,0,"11/1/1916","9/29/1977",22248,"CA",c(-118.2686878, 34.30055637),FALSE,"PASS"
2335,"USGS",11096000,"HAINES C NR TUJUNGA CA","CA","ST",34.2638912,-118.2717433,"F","NAD83",2430,20,"NGVD29",18070105,"dv",60,3,8273,NA,"wat",NA,1645423,0,"3/1/1917","9/29/1961",15918,"CA",c(-118.2717433, 34.2638912),FALSE,"PASS"
2336,"USGS",11096500,"LITTLE TUJUNGA C NR SAN FERNANDO CA","CA","ST",34.2744464,-118.3725805,"F","NAD83",1068.39,20,"NGVD29",18070105,"dv",60,3,8274,NA,"wat",NA,1645423,0,"10/1/1928","9/29/1973",16435,"CA",c(-118.3725805, 34.2744464),FALSE,"PASS"
2337,"USGS",11097000,"BIG TUJUNGA C BL HANSEN DAM CA","CA","ST",34.25361395,-118.38897,"F","NAD83",945.75,0.16,"NAVD88",18070105,"dv",60,3,295968,NA,"wat",NA,1645423,0,"5/1/1932","2/14/2026",33282,"CA",c(-118.38897, 34.25361395),FALSE,"PASS"
2339,"USGS",11097500,"LOS ANGELES R A LOS ANGELES CA","CA","ST",34.08112164,-118.2275735,"F","NAD83",292.58,10,"NGVD29",18070105,"dv",60,3,8277,NA,"wat",NA,1645423,0,"10/1/1929","9/29/1979",18261,"CA",c(-118.2275735, 34.08112164),FALSE,"PASS"
2340,"USGS",11098000,"ARROYO SECO NR PASADENA CA","CA","ST",34.22222584,-118.177558,"F","NAD83",1400.35,0.16,"NAVD88",1.81e+11,"dv",60,3,8278,NA,"wat",NA,1645423,0,"12/1/1910","2/14/2026",41638,"CA",c(-118.177558, 34.22222584),FALSE,"PASS"
2341,"USGS",11098500,"LOS ANGELES R NR DOWNEY CA","CA","ST",33.94945899,-118.1739592,"F","NAD83",96.12,2.5,"NGVD29",18070105,"dv",60,3,8279,NA,"wat",NA,1645423,0,"3/1/1928","9/29/1978",18475,"CA",c(-118.1739592, 33.94945899),FALSE,"PASS"
2342,"USGS",11099500,"SAWPIT C NR MONROVIA CA","CA","ST",34.1730612,-117.9892322,"F","NAD83",1100,20,"NGVD29",18070105,"dv",60,3,8280,NA,"wat",NA,1645423,0,"10/1/1916","9/29/1961",16435,"CA",c(-117.9892322, 34.1730612),FALSE,"PASS"
2343,"USGS",11100000,"SANTA ANITA C NR SIERRA MADRE CA","CA","ST",34.1916722,-118.0172758,"F","NAD83",1475.3,20,"NGVD29",18070105,"dv",60,3,8281,NA,"wat",NA,1645423,0,"10/1/1916","10/13/1970",19736,"CA",c(-118.0172758, 34.1916722),FALSE,"PASS"
2344,"USGS",11100500,"LITTLE SANTA ANITA C NR SIERRA MADRE CA","CA","ST",34.18694964,-118.0439565,"F","NAD83",2200,20,"NGVD29",18070105,"dv",60,3,8282,NA,"wat",NA,1645423,0,"9/1/1916","9/14/1979",17167,"CA",c(-118.0439565, 34.18694964),FALSE,"PASS"
2346,"USGS",11101000,"EATON C NR PASADENA CA","CA","ST",34.1936162,-118.1045143,"F","NAD83",1230,20,"NGVD29",18070105,"dv",60,3,8284,NA,"wat",NA,1645423,0,"2/1/1918","9/29/1966",17773,"CA",c(-118.1045143, 34.1936162),FALSE,"PASS"
2349,"USGS",11101250,"RIO HONDO AB WHITTIER NARROWS DAM CA","CA","ST",34.05834368,-118.0717348,"F","NAD83",219.95,0.16,"NAVD88",18070105,"dv",60,3,8287,NA,"wat",NA,1645423,0,"3/1/1956","2/14/2026",25553,"CA",c(-118.0717348, 34.05834368),FALSE,"PASS"
2351,"USGS",11101500,"RIO HONDO NR MONTEBELLO CA","CA","ST",34.03334468,-118.0736792,"F","NAD83",190.77,10,"NGVD29",18070105,"dv",60,3,8289,NA,"wat",NA,1645423,0,"10/1/1928","9/29/1978",18261,"CA",c(-118.0736792, 34.03334468),FALSE,"PASS"
2352,"USGS",11102000,"MISSION C NR MONTEBELLO CA","CA","ST",34.02917814,-118.0695124,"F","NAD83",NA,NA,NA,18070105,"dv",60,3,8290,NA,"wat",NA,1645423,0,"10/1/1929","9/29/1977",17531,"CA",c(-118.0695124, 34.02917814),FALSE,"PASS"
2354,"USGS",11102300,"RIO HONDO BL WHITTIER NARROWS DAM CA","CA","ST",34.0166788,-118.0884018,"F","NAD83",177.06,0.16,"NAVD88",18070105,"dv",60,3,295969,NA,"wat",NA,1645423,0,"10/1/1966","2/1/2026",21256,"CA",c(-118.0884018, 34.0166788),FALSE,"PASS"
2355,"USGS",11102500,"RIO HONDO NR DOWNEY CA","CA","ST",33.94668115,-118.1628477,"F","NAD83",91.4,2.5,"NGVD29",18070105,"dv",60,3,8293,NA,"wat",NA,1645423,0,"3/1/1928","9/29/1979",18840,"CA",c(-118.1628477, 33.94668115),FALSE,"PASS"
2357,"USGS",11103000,"LOS ANGELES R A LONG BEACH CA","CA","ST",33.81723937,-118.2064584,"F","NAD83",11.91,2.5,"NGVD29",18070105,"dv",60,3,8297,NA,"wat",NA,1645423,0,"12/26/1928","9/29/1992",21461,"CA",c(-118.2064584, 33.81723937),FALSE,"PASS"
2358,"USGS",11103500,"BALLONA C NR CULVER CITY CA","CA","ST",33.9983453,-118.4022996,"F","NAD83",11.98,0.1,"NGVD29",18070104,"dv",60,3,8307,NA,"wat",NA,1645423,0,"3/1/1928","9/29/1978",18475,"CA",c(-118.4022996, 33.9983453),FALSE,"PASS"
2359,"USGS",11104000,"TOPANGA C NR TOPANGA BCH CA","CA","ST",34.06445228,-118.587028,"F","NAD83",265.6,0.05,"NGVD29",18070104,"dv",60,3,8308,NA,"wat",NA,1645423,0,"1/1/1930","9/29/1979",17803,"CA",c(-118.587028, 34.06445228),FALSE,"PASS"
2360,"USGS",11105500,"MALIBU C AT CRATER CAMP NR CALABASAS CA","CA","ST",34.07778456,-118.7017534,"F","NAD83",430.51,0.05,"NGVD29",18070104,"dv",60,3,8309,NA,"wat",NA,1645423,0,"2/1/1931","9/29/1979",17773,"CA",c(-118.7017534, 34.07778456),FALSE,"PASS"
2362,"USGS",11105850,"ARROYO SIMI NR SIMI CA","CA","ST",34.2730584,-118.787871,"F","NAD83",720,10,"NGVD29",18070103,"dv",60,3,8312,NA,"wat",NA,1645423,0,"10/1/1933","9/29/1983",17879,"CA",c(-118.787871, 34.2730584),FALSE,"PASS"
2366,"USGS",11106550,"CALLEGUAS C NR CAMARILLO CA","CA","ST",34.17944989,-119.0398242,"F","NAD83",58.42,0.05,"NGVD29",18070103,"dv",60,3,165963,NA,"wat",NA,1645423,0,"10/1/1968","10/30/2016",12812,"CA",c(-119.0398242, 34.17944989),FALSE,"PASS"
2369,"USGS",11107745,"SANTA CLARA R AB RR STATION NR LANG CA","CA","ST",34.42971779,-118.3553578,"F","NAD83",1790,20,"NAVD88",18070102,"dv",60,3,325990,NA,"wat",NA,1645423,0,"10/1/1949","9/29/2005",11189,"CA",c(-118.3553578, 34.42971779),FALSE,"PASS"
2383,"USGS",11108145,"CASTAIC C NR SAUGUS CA","CA","ST",34.4283292,-118.6286993,"F","NAD83",952.05,10,"NGVD29",18070102,"dv",60,3,8341,NA,"wat",NA,1645423,0,"10/1/1946","9/29/1976",10956,"CA",c(-118.6286993, 34.4283292),FALSE,"PASS"
2384,"USGS",11108500,"SANTA CLARA RIVER AT L.A.-VENTURA CO. LINE CA","CA","ST",34.39971939,-118.7048126,"F","NAD83",794.93,10,"NGVD29",18070102,"dv",60,3,8346,NA,"wat",NA,1645423,0,"10/1/1952","10/21/1996",16092,"CA",c(-118.7048126, 34.39971939),FALSE,"PASS"
2385,"USGS",11109000,"SANTA CLARA R NR PIRU CA","CA","ST",34.403606,-118.739241,"S","NAD83",715.23,0.16,"NAVD88",18070102,"dv",60,3,8352,NA,"wat",NA,1645423,0,"10/1/1927","2/14/2026",12553,"CA",c(-118.739241, 34.403606),FALSE,"PASS"
2390,"USGS",11109395,"CANADA DE LOS ALAMOS AB PYRAMID LK CA","CA","ST",34.69192849,-118.7912038,"F","NAD83",NA,NA,NA,18070102,"dv",60,3,213438,NA,"wat",NA,1645423,0,"10/1/1976","9/30/2024",11915,"CA",c(-118.7912038, 34.69192849),FALSE,"PASS"
2395,"USGS",11109525,"PIRU C BL PYRAMID LK NR GORMAN CA","CA","ST",34.64165299,-118.7645362,"F","NAD83",2200,0.05,"NGVD29",18070102,"dv",60,3,213447,NA,"wat",NA,1645423,0,"10/1/1988","9/30/2024",12052,"CA",c(-118.7645362, 34.64165299),FALSE,"PASS"
2397,"USGS",11109600,"PIRU CREEK ABOVE LAKE PIRU CA","CA","ST",34.5230473,-118.7570206,"F","NAD83",1062.13,0.16,"NAVD88",18070102,"dv",60,3,295971,NA,"wat",NA,1645423,0,"10/1/1955","2/14/2026",25705,"CA",c(-118.7570206, 34.5230473),FALSE,"PASS"
2398,"USGS",11109800,"PIRU CREEK BELOW SANTA FELICIA DAM CA","CA","ST",34.46027116,-118.7520198,"F","NAD83",861.34,0.16,"NAVD88",18070102,"dv",60,3,325991,NA,"wat",NA,1645423,0,"10/1/1955","2/14/2026",23031,"CA",c(-118.7520198, 34.46027116),FALSE,"PASS"
2400,"USGS",11110000,"PIRU C NR PIRU CA","CA","ST",34.42499608,-118.7620366,"F","NAD83",750,20,"NGVD29",18070102,"dv",60,3,8386,NA,"wat",NA,1645423,0,"1/1/1912","9/30/1974",13421,"CA",c(-118.7620366, 34.42499608),FALSE,"PASS"
2401,"USGS",11110500,"HOPPER CREEK NEAR PIRU CA","CA","ST",34.40083045,-118.8264837,"F","NAD83",590,20,"NGVD29",18070102,"dv",60,3,8391,NA,"wat",NA,1645423,0,"10/1/1930","9/29/1983",18625,"CA",c(-118.8264837, 34.40083045),FALSE,"PASS"
2402,"USGS",11111500,"SESPE CREEK NEAR WHEELER SPRINGS CA","CA","ST",34.5777657,-119.2573347,"S","NAD83",3501.64,0.16,"NAVD88",18070102,"dv",60,3,8397,NA,"wat",NA,1645423,0,"10/1/1947","2/14/2026",26801,"CA",c(-119.2573347, 34.5777657),FALSE,"PASS"
2404,"USGS",11113000,"SESPE C NR FILLMORE",NA,"ST",34.4416592,-118.9273019,"F","NAD83",555.46,0.16,"NAVD88",18070102,"dv",60,3,8402,NA,"wat",NA,1645423,0,"8/31/1911","2/14/2026",34595,"CA",c(-118.9273019, 34.4416592),FALSE,"CHECK"
2405,"USGS",11113001,"SESPE C + FILLMORE IRR CO CN NR FILLMORE CA","CA","ST",34.45082807,-118.9259322,"F","NAD83",NA,NA,NA,18070102,"dv",60,3,8408,NA,"wat",NA,1645423,0,"10/1/1939","1/14/1993",19056,"CA",c(-118.9259322, 34.45082807),FALSE,"PASS"
2406,"USGS",11113500,"SANTA PAULA C NR SANTA PAULA",NA,"ST",34.4133295,-119.0823272,"F","NAD83",702,0.16,"NAVD88",18070102,"dv",60,3,8411,NA,"wat",NA,1645423,0,"10/1/1927","2/14/2026",35567,"CA",c(-119.0823272, 34.4133295),FALSE,"CHECK"
2408,"USGS",11114000,"SANTA CLARA RIVER AT MONTALVO CA","CA","ST",34.27889168,-119.142051,"F","NAD83",120,10,"NGVD29",18070102,"dv",60,3,295977,NA,"wat",NA,1645423,0,"10/1/1927","9/29/2004",20819,"CA",c(-119.142051, 34.27889168),FALSE,"PASS"
2411,"USGS",11115500,"MATILIJA C A MATILIJA HOT SPRINGS",NA,"ST",34.48276995,-119.3017809,"F","NAD83",900,20,"NGVD29",18070101,"dv",60,3,8429,NA,"wat",NA,1645423,0,"10/1/1927","9/29/1988",22280,"CA",c(-119.3017809, 34.48276995),FALSE,"CHECK"
2412,"USGS",11116000,"NF MATILIJA C A MATILIJA HOT SPRINGS CA","CA","ST",34.49249174,-119.3065034,"F","NAD83",1142.02,20,"NGVD29",18070101,"dv",60,3,8430,NA,"wat",NA,1645423,0,"10/1/1928","9/29/1983",19690,"CA",c(-119.3065034, 34.49249174),FALSE,"PASS"
2416,"USGS",11117500,"SAN ANTONIO C A CASITAS SPRINGS",NA,"ST",34.38027469,-119.3045578,"F","NAD83",307.55,20,"NGVD29",18070101,"dv",60,3,8435,NA,"wat",NA,1645423,0,"10/1/1949","9/29/1983",12417,"CA",c(-119.3045578, 34.38027469),FALSE,"CHECK"
2417,"USGS",11117600,"COYOTE CREEK NEAR OAK VIEW CA","CA","ST",34.41666158,-119.3706722,"F","NAD83",577.37,20,"NGVD29",18070101,"dv",60,3,205318,NA,"wat",NA,1645423,0,"10/1/1958","9/29/1988",10957,"CA",c(-119.3706722, 34.41666158),FALSE,"PASS"
2418,"USGS",11117800,"SANTA ANA C NR OAK VIEW",NA,"ST",34.42360587,-119.3412265,"F","NAD83",612.43,20,"NGVD29",18070101,"dv",60,3,205329,NA,"wat",NA,1645423,0,"10/1/1958","9/29/1988",10957,"CA",c(-119.3412265, 34.42360587),FALSE,"CHECK"
2419,"USGS",11118000,"COYOTE C NR VENTURA CA","CA","ST",34.35722009,-119.3137247,"F","NAD83",224.95,10,"NGVD29",18070101,"dv",60,3,8441,NA,"wat",NA,1645423,0,"10/1/1927","9/29/1982",15703,"CA",c(-119.3137247, 34.35722009),FALSE,"PASS"
2420,"USGS",11118400,"VENTURA R DIV NR VENTURA CA","CA","ST",34.35833118,-119.310669,"F","NAD83",NA,NA,NA,18070101,"dv",60,3,8442,NA,"wat",NA,1645423,0,"10/1/1969","9/11/2008",12749,"CA",c(-119.310669, 34.35833118),FALSE,"PASS"
2421,"USGS",11118500,"VENTURA R NR VENTURA",NA,"ST",34.35221417,-119.3084218,"F","NAD83",203.77,0.26,"NAVD88",18070101,"dv",60,3,8444,NA,"wat",NA,1645423,0,"10/1/1929","2/14/2026",35201,"CA",c(-119.3084218, 34.35221417),FALSE,"CHECK"
2422,"USGS",11118501,"VENTURA R NR VENTURA+ DIV. CA","CA","ST",34.35222038,-119.3084466,"F","NAD83",NA,NA,NA,18070101,"dv",60,3,8447,NA,"wat",NA,1645423,0,"10/1/1932","9/29/2007",27032,"CA",c(-119.3084466, 34.35222038),FALSE,"PASS"
2423,"USGS",11119500,"CARPINTERIA C NR CARPINTERIA CA","CA","ST",34.40125046,-119.4882325,"F","NAD83",119.37,0.1,"NAVD88",1.81e+11,"dv",60,3,8448,NA,"wat",NA,1645423,0,"1/1/1941","2/14/2026",30725,"CA",c(-119.4882325, 34.40125046),FALSE,"PASS"
2428,"USGS",11119750,"MISSION C NR MISSION ST NR SANTA BARBARA CA","CA","ST",34.42662778,-119.7236694,"5","NAD83",124,1.6,"NAVD88",18060013,"dv",60,3,8456,NA,"wat",NA,1645423,0,"10/1/1970","2/14/2026",19760,"CA",c(-119.7236694, 34.42662778),FALSE,"PASS"
2433,"USGS",11119940,"MARIA YGNACIO C A UNIVERSITY DRIVE NR GOLETA CA","CA","ST",34.44498584,-119.8037132,"F","NAD83",66.8,0.26,"NAVD88",18060013,"dv",60,3,8460,NA,"wat",NA,1645423,0,"10/1/1970","2/14/2026",20226,"CA",c(-119.8037132, 34.44498584),FALSE,"PASS"
2434,"USGS",11120000,"ATASCADERO C NR GOLETA CA","CA","ST",34.4247085,-119.8117688,"F","NAD83",12.76,0.16,"NAVD88",18060013,"dv",60,3,8461,NA,"wat",NA,1645423,0,"10/1/1941","2/14/2026",30795,"CA",c(-119.8117688, 34.4247085),FALSE,"PASS"
2435,"USGS",11120500,"SAN JOSE C NR GOLETA CA","CA","ST",34.4591521,-119.8089913,"F","NAD83",97.85,0.16,"NAVD88",18060013,"dv",60,3,8464,NA,"wat",NA,1645423,0,"1/1/1941","2/14/2026",30828,"CA",c(-119.8089913, 34.4591521),FALSE,"PASS"
2445,"USGS",11121010,"JAMESON LK RELEASE WEIR A JAMESON LAKE CA","CA","ST",34.4922149,-119.507902,"F","NAD83",NA,NA,NA,18060010,"dv",60,3,8487,NA,"wat",NA,1645423,0,"10/1/1970","10/20/2013",12801,"CA",c(-119.507902, 34.4922149),FALSE,"PASS"
2446,"USGS",11121900,"GIBRALTAR DAM DIV WEIR A GIBRALTAR DAM CA","CA","ST",34.5241514,-119.6870445,"F","NAD83",1229.06,0.16,"NAVD88",18060010,"dv",60,3,8488,NA,"wat",NA,1645423,0,"10/1/1970","11/1/2025",16890,"CA",c(-119.6870445, 34.5241514),FALSE,"PASS"
2448,"USGS",11122010,"GIBRALTAR DAM RELEASE WEIR A GIBRALTAR DAM CA","CA","ST",34.52415139,-119.6873223,"F","NAD83",1240.09,0.16,"NAVD88",18060010,"dv",60,3,8493,NA,"wat",NA,1645423,0,"10/1/1988","2/14/2026",13201,"CA",c(-119.6873223, 34.52415139),FALSE,"PASS"
2449,"USGS",11123000,"SANTA YNEZ R BL GIBRALTAR DAM NR SANTA BARBARA CA","CA","ST",34.52442917,-119.6873223,"F","NAD83",1229.06,0.16,"NAVD88",18060010,"dv",60,3,8494,NA,"wat",NA,1645423,0,"10/1/1933","2/14/2026",33740,"CA",c(-119.6873223, 34.52442917),FALSE,"PASS"
2450,"USGS",11123500,"SANTA YNEZ R BL LOS LAURLS CYN NR SNTA YNEZ CA","CA","ST",34.54359399,-119.864827,"F","NAD83",796.94,0.16,"NAVD88",18060010,"dv",60,3,8495,NA,"wat",NA,1645423,0,"5/13/1947","2/14/2026",28755,"CA",c(-119.864827, 34.54359399),FALSE,"PASS"
2452,"USGS",11124500,"SANTA CRUZ C NR SANTA YNEZ CA","CA","ST",34.5966563,-119.9087519,"F","NAD83",785.82,0.16,"NAVD88",18060010,"dv",60,3,8497,NA,"wat",NA,1645423,0,"10/1/1941","2/14/2026",30818,"CA",c(-119.9087519, 34.5966563),FALSE,"PASS"
2456,"USGS",11126000,"SANTA YNEZ R NR SANTA YNEZ CA","CA","ST",34.58914745,-119.9887195,"F","NAD83",543.02,0.16,"NAVD88",18060010,"dv",60,3,8507,NA,"wat",NA,1645423,0,"1/1/1929","9/29/2009",20672,"CA",c(-119.9887195, 34.58914745),FALSE,"PASS"
2458,"USGS",11126500,"SANTA AGUEDA C NR SANTA YNEZ CA","CA","ST",34.5949879,-120.0295879,"F","NAD83",520,20,"NGVD29",18060010,"dv",60,3,295981,NA,"wat",NA,1645423,0,"10/1/1940","1/31/1978",11809,"CA",c(-120.0295879, 34.5949879),FALSE,"PASS"
2462,"USGS",11128250,"ALAMO PINTADO C NR SOLVANG CA","CA","ST",34.61831236,-120.1206677,"F","NAD83",545.85,0.16,"NAVD88",18060010,"dv",60,3,8532,NA,"wat",NA,1645423,0,"10/1/1970","2/14/2026",18002,"CA",c(-120.1206677, 34.61831236),FALSE,"PASS"
2464,"USGS",11128500,"SANTA YNEZ R A SOLVANG CA","CA","ST",34.58497968,-120.1445568,"F","NAD83",357.84,0.16,"NAVD88",18060010,"dv",60,3,8537,NA,"wat",NA,1645423,0,"10/1/1928","2/14/2026",31824,"CA",c(-120.1445568, 34.58497968),FALSE,"PASS"
2467,"USGS",11129800,"ZACA C NR BUELLTON CA","CA","ST",34.64858889,-120.1842807,"F","NAD83",474.26,0.16,"NAVD88",18060010,"dv",60,3,8549,NA,"wat",NA,1645423,0,"10/1/1963","2/14/2026",18643,"CA",c(-120.1842807, 34.64858889),FALSE,"PASS"
2473,"USGS",11132500,"SALSIPUEDES C NR LOMPOC CA","CA","ST",34.58858865,-120.4084524,"F","NAD83",207.8,0.33,"NAVD88",18060010,"dv",60,3,8557,NA,"wat",NA,1645423,0,"4/1/1941","2/14/2026",31000,"CA",c(-120.4084524, 34.58858865),FALSE,"PASS"
2474,"USGS",11133000,"SANTA YNEZ R A NARROWS NR LOMPOC CA","CA","ST",34.6360873,-120.4245645,"F","NAD83",87.46,0.16,"NAVD88",18060010,"dv",60,3,8560,NA,"wat",NA,1645423,0,"5/1/1952","2/14/2026",26219,"CA",c(-120.4245645, 34.6360873),FALSE,"PASS"
2475,"USGS",11133500,"SANTA YNEZ R NR LOMPOC CA","CA","ST",34.6441426,-120.4309536,"F","NAD83",79.28,20,"NGVD29",18060010,"dv",60,3,8567,NA,"wat",NA,1645423,0,"11/1/1906","6/18/1998",18239,"CA",c(-120.4309536, 34.6441426),FALSE,"PASS"
2477,"USGS",11134000,"SANTA YNEZ R A H ST NR LOMPOC CA","CA","ST",34.66830848,-120.457899,"S","NAD83",60.6,0.16,"NAVD88",18060010,"dv",60,3,8569,NA,"wat",NA,1645423,0,"10/1/1946","2/14/2026",15842,"CA",c(-120.457899, 34.66830848),FALSE,"PASS"
2479,"USGS",11134800,"MIGUELITO C A LOMPOC CA","CA","ST",34.6316501,-120.4648857,"F","NAD83",NA,NA,NA,18060010,"dv",60,3,8571,NA,"wat",NA,1645423,0,"10/1/1970","9/29/2009",13733,"CA",c(-120.4648857, 34.6316501),FALSE,"PASS"
2484,"USGS",11135800,"SAN ANTONIO C A LOS ALAMOS CA","CA","ST",34.74330807,-120.2709507,"F","NAD83",579.1,0.16,"NAVD88",18060009,"dv",60,3,8576,NA,"wat",NA,1645423,0,"10/1/1970","2/14/2026",16573,"CA",c(-120.2709507, 34.74330807),FALSE,"PASS"
2489,"USGS",11136100,"SAN ANTONIO C NR CASMALIA CA","CA","ST",34.78219396,-120.5301244,"S","NAD83",106.68,0.16,"NAVD88",18060009,"dv",60,3,8581,NA,"wat",NA,1645423,0,"10/1/1955","2/14/2026",21187,"CA",c(-120.5301244, 34.78219396),FALSE,"PASS"
2497,"USGS",11136800,"CUYAMA R BL BUCKHORN CYN NR SANTA MARIA CA","CA","ST",35.02191265,-120.2284528,"F","NAD83",743.35,0.16,"NAVD88",18060007,"dv",60,3,8590,NA,"wat",NA,1645423,0,"10/1/1959","2/14/2026",24244,"CA",c(-120.2284528, 35.02191265),FALSE,"PASS"
2498,"USGS",11137000,"CUYAMA R NR SANTA MARIA CA","CA","ST",35.0116437,-120.2796007,"F","NAD83",608.93,20,"NGVD29",18060007,"dv",60,3,8591,NA,"wat",NA,1645423,0,"10/1/1929","9/29/1962",12052,"CA",c(-120.2796007, 35.0116437),FALSE,"PASS"
2501,"USGS",11137900,"HUASNA R NR ARROYO GRANDE CA","CA","ST",35.0777435,-120.3717905,"F","NAD83",634.57,0.26,"NAVD88",18060007,"dv",60,3,8594,NA,"wat",NA,1645423,0,"6/1/1959","2/14/2026",18156,"CA",c(-120.3717905, 35.0777435),FALSE,"PASS"
2502,"USGS",11138000,"HUASNA R NR SANTA MARIA CA","CA","ST",35.02108805,-120.3226582,"F","NAD83",525,20,"NGVD29",18060007,"dv",60,3,8595,NA,"wat",NA,1645423,0,"10/1/1929","12/31/1961",11780,"CA",c(-120.3226582, 35.02108805),FALSE,"PASS"
2504,"USGS",11138500,"SISQUOC R NR SISQUOC CA","CA","ST",34.83995556,-120.1671694,"5","NAD83",626.99,0.16,"NAVD88",18060008,"dv",60,3,8597,NA,"wat",NA,1645423,0,"10/1/1929","1/13/2026",26781,"CA",c(-120.1671694, 34.83995556),FALSE,"PASS"
2505,"USGS",11139000,"LA BREA C NR SISQUOC CA","CA","ST",34.852758,-120.1995967,"F","NAD83",550,20,"NGVD29",18060008,"dv",60,3,325995,NA,"wat",NA,1645423,0,"10/1/1943","10/3/1973",10961,"CA",c(-120.1995967, 34.852758),FALSE,"PASS"
2507,"USGS",11139500,"TEPUSQUET C NR SISQUOC CA","CA","ST",34.87247964,-120.2445989,"F","NAD83",500,20,"NGVD29",18060008,"dv",60,3,205357,NA,"wat",NA,1645423,0,"10/1/1943","9/29/1987",16070,"CA",c(-120.2445989, 34.87247964),FALSE,"PASS"
2508,"USGS",11140000,"SISQUOC R NR GAREY",NA,"ST",34.8938596,-120.3065089,"F","NAD83",348.32,0.16,"NAVD88",18060008,"dv",60,3,8601,NA,"wat",NA,1645423,0,"2/1/1941","2/14/2026",31060,"CA",c(-120.3065089, 34.8938596),FALSE,"CHECK"
2512,"USGS",11141000,"SANTA MARIA R A GUADALUPE",NA,"ST",34.9763661,-120.5718364,"F","NAD83",64.92,20,"NGVD29",18060008,"dv",60,3,205360,NA,"wat",NA,1645423,0,"10/28/1940","9/29/1987",17138,"CA",c(-120.5718364, 34.9763661),FALSE,"CHECK"
2513,"USGS",11141050,"ORCUTT C NR ORCUTT CA","CA","ST",34.8835806,-120.4948469,"F","NAD83",150.58,0.16,"NAVD88",18060008,"dv",60,3,8609,NA,"wat",NA,1645423,0,"10/1/1982","2/14/2026",14857,"CA",c(-120.4948469, 34.8835806),FALSE,"PASS"
2516,"USGS",11141280,"LOPEZ C NR ARROYO GRANDE CA","CA","ST",35.23551667,-120.4723504,"F","NAD83",562.8,0.33,"NAVD88",18060006,"dv",60,3,8616,NA,"wat",NA,1645423,0,"7/21/1967","2/14/2026",21394,"CA",c(-120.4723504, 35.23551667),FALSE,"PASS"
2519,"USGS",11141500,"ARROYO GRANDE AT ARROYO GRANDE CA","CA","ST",35.1244203,-120.5690576,"F","NAD83",97.77,10,"NGVD29",18060006,"dv",60,3,295987,NA,"wat",NA,1645423,0,"10/1/1939","9/30/1986",17167,"CA",c(-120.5690576, 35.1244203),FALSE,"PASS"
2529,"USGS",11143000,"BIG SUR R NR BIG SUR CA","CA","ST",36.24576038,-121.7732293,"F","NAD83",58.07,0.16,"NAVD88",18060006,"dv",60,3,8634,NA,"wat",NA,1645423,0,"4/1/1950","2/14/2026",27714,"CA",c(-121.7732293, 36.24576038),FALSE,"PASS"
2531,"USGS",11143200,"CARMEL R A ROBLES DEL RIO CA","CA","ST",36.4748611,-121.7288889,"5","NAD83",271.35,0.16,"NAVD88",18060006,"dv",60,3,8636,NA,"wat",NA,1645423,0,"8/1/1957","2/14/2026",25035,"CA",c(-121.7288889, 36.4748611),FALSE,"PASS"
2532,"USGS",11143250,"CARMEL R NR CARMEL CA","CA","ST",36.5390863,-121.880458,"F","NAD83",30.45,0.16,"NAVD88",18060006,"dv",60,3,8637,NA,"wat",NA,1645423,0,"8/1/1962","2/14/2026",23209,"CA",c(-121.880458, 36.5390863),FALSE,"PASS"
2534,"USGS",11143500,"SALINAS R NR POZO CA","CA","ST",35.29858465,-120.4037709,"F","NAD83",1347.78,20,"NGVD29",18060005,"dv",60,3,295988,NA,"wat",NA,1645423,0,"10/1/1942","9/29/1983",14974,"CA",c(-120.4037709, 35.29858465),FALSE,"PASS"
2538,"USGS",11145000,"SALINAS R AB PILITAS C NR SANTA MARGARITA CA","CA","ST",35.3488625,-120.5126643,"F","NAD83",1148.66,20,"NGVD29",18060005,"dv",60,3,8645,NA,"wat",NA,1645423,0,"7/28/1942","10/3/1975",12121,"CA",c(-120.5126643, 35.3488625),FALSE,"PASS"
2542,"USGS",11147070,"SANTA RITA C NR TEMPLETON CA","CA","ST",35.5238408,-120.7659725,"5","NAD83",860,10,"NGVD29",18060005,"dv",60,3,8653,NA,"wat",NA,1645423,0,"10/1/1961","1/9/2025",12761,"CA",c(-120.7659725, 35.5238408),FALSE,"PASS"
2544,"USGS",11147500,"SALINAS R A PASO ROBLES CA","CA","ST",35.6285813,-120.6843373,"F","NAD83",663.35,0.16,"NAVD88",18060005,"dv",60,3,8658,NA,"wat",NA,1645423,0,"11/1/1939","2/14/2026",30056,"CA",c(-120.6843373, 35.6285813),FALSE,"PASS"
2549,"USGS",11148500,"ESTRELLA R NR ESTRELLA CA","CA","ST",35.71719096,-120.6401683,"F","NAD83",673.4,0.16,"NAVD88",18060004,"dv",60,3,8663,NA,"wat",NA,1645423,0,"10/1/1954","2/3/2019",16562,"CA",c(-120.6401683, 35.71719096),FALSE,"PASS"
2551,"USGS",11148900,"NACIMIENTO R BL SAPAQUE C NR BRYSON CA","CA","ST",35.78857918,-121.0938048,"F","NAD83",812.04,0.16,"NAVD88",18060005,"dv",60,3,8669,NA,"wat",NA,1645423,0,"9/16/1971","2/13/2026",19875,"CA",c(-121.0938048, 35.78857918),FALSE,"PASS"
2552,"USGS",11149400,"NACIMIENTO R BL NACIMIENTO DAM NR BRADLEY CA","CA","ST",35.76135678,-120.855458,"F","NAD83",591.97,0.16,"NAVD88",18060005,"dv",60,3,8672,NA,"wat",NA,1645423,0,"10/1/1957","2/14/2026",24974,"CA",c(-120.855458, 35.76135678),FALSE,"PASS"
2556,"USGS",11149900,"SAN ANTONIO R NR LOCKWOOD CA","CA","ST",35.89663404,-121.0882491,"F","NAD83",798.32,0.16,"NAVD88",18060005,"dv",60,3,8680,NA,"wat",NA,1645423,0,"10/1/1965","2/14/2026",22052,"CA",c(-121.0882491, 35.89663404),FALSE,"PASS"
2557,"USGS",11150000,"SAN ANTONIO R A PLEYTO CA","CA","ST",35.86524529,-120.992688,"F","NAD83",712.1,10,"NGVD29",18060005,"dv",60,3,8685,NA,"wat",NA,1645423,0,"10/1/1929","9/29/1965",13148,"CA",c(-120.992688, 35.86524529),FALSE,"PASS"
2558,"USGS",11150500,"SALINAS R NR BRADLEY CA","CA","ST",35.9302434,-120.8687915,"S","NAD83",445.82,0.16,"NAVD88",18060005,"dv",60,3,8688,NA,"wat",NA,1645423,0,"10/1/1948","2/14/2026",28261,"CA",c(-120.8687915, 35.9302434),FALSE,"PASS"
2561,"USGS",11151300,"SAN LORENZO C BL BITTERWATER C NR KING CITY CA","CA","ST",36.26802087,-121.066303,"F","NAD83",429.32,0.16,"NAVD88",18060005,"dv",60,3,8691,NA,"wat",NA,1645423,0,"10/1/1958","2/14/2026",24508,"CA",c(-121.066303, 36.26802087),FALSE,"PASS"
2564,"USGS",11151700,"SALINAS R A SOLEDAD CA","CA","ST",36.4110383,-121.319331,"F","NAD83",155,0.16,"NAVD88",18060005,"dv",60,3,8693,NA,"wat",NA,1645423,0,"10/1/1968","2/14/2026",19129,"CA",c(-121.319331, 36.4110383),FALSE,"PASS"
2566,"USGS",11152000,"ARROYO SECO NR SOLEDAD CA","CA","ST",36.28052076,-121.3227063,"F","NAD83",345.23,0.16,"NAVD88",18060005,"dv",60,3,295994,NA,"wat",NA,1645423,0,"10/1/1901","2/14/2026",45428,"CA",c(-121.3227063, 36.28052076),FALSE,"PASS"
2567,"USGS",11152050,"ARROYO SECO BL RELIZ C NR SOLEDAD CA","CA","ST",36.39968708,-121.3240962,"S","NAD83",165.5,0.16,"NAVD88",18060005,"dv",60,3,8699,NA,"wat",NA,1645423,0,"10/1/1994","2/14/2026",11460,"CA",c(-121.3240962, 36.39968708),FALSE,"PASS"
2568,"USGS",11152300,"SALINAS R NR CHUALAR CA","CA","ST",36.55357267,-121.5493856,"F","NAD83",70.54,0.16,"NAVD88",18060005,"dv",60,3,8703,NA,"wat",NA,1645423,0,"10/1/1976","2/14/2026",18029,"CA",c(-121.5493856, 36.55357267),FALSE,"PASS"
2569,"USGS",11152500,"SALINAS R NR SPRECKELS CA","CA","ST",36.631071,-121.672446,"F","NAD83",21.98,0.16,"NAVD88",18060005,"dv",60,3,8712,NA,"wat",NA,1645423,0,"10/1/1929","2/14/2026",35200,"CA",c(-121.672446, 36.631071),FALSE,"PASS"
2570,"USGS",11152540,"EL TORO C NR SPRECKELS CA","CA","ST",36.5832937,-121.714947,"F","NAD83",210,10,"NGVD29",18060005,"dv",60,3,8719,NA,"wat",NA,1645423,0,"10/1/1961","9/30/2001",14610,"CA",c(-121.714947, 36.5832937),FALSE,"PASS"
2572,"USGS",11152600,"GABILAN C NR SALINAS CA","CA","ST",36.75579196,-121.6105005,"F","NAD83",NA,NA,NA,18060015,"dv",60,3,8721,NA,"wat",NA,1645423,0,"10/1/1970","9/29/2014",16070,"CA",c(-121.6105005, 36.75579196),FALSE,"PASS"
2573,"USGS",11152650,"RECLAMATION DITCH NR SALINAS CA","CA","ST-DCH",36.7049586,-121.7049475,"F","NAD83",20.55,0.16,"NAVD88",18060015,"dv",60,3,8722,NA,"wat",NA,1645423,0,"10/1/1970","2/14/2026",14265,"CA",c(-121.7049475, 36.7049586),FALSE,"PASS"
2577,"USGS",11153000,"PACHECO C NR DUNNEVILLE CA","CA","ST",36.98,-121.3802778,"S","NAD83",233.89,0.16,"NAVD88",1.81e+11,"dv",60,3,8724,NA,"wat",NA,1645423,0,"10/1/1939","2/14/2026",22782,"CA",c(-121.3802778, 36.98),FALSE,"PASS"
2588,"USGS",11154200,"UVAS C NR GILROY CA","CA","ST",36.99217114,-121.5735532,"F","NAD83",NA,NA,NA,18060002,"dv",60,3,8741,NA,"wat",NA,1645423,0,"1/1/1959","9/30/1992",12327,"CA",c(-121.5735532, 36.99217114),FALSE,"PASS"
2593,"USGS",11156500,"SAN BENITO R NR WILLOW CREEK SCHOOL CA","CA","ST",36.61412778,-121.2113611,"F","NAD83",929.23,0.16,"NAVD88",1.81e+11,"dv",60,3,8748,NA,"wat",NA,1645423,0,"10/1/1939","2/14/2026",31547,"CA",c(-121.2113611, 36.61412778),FALSE,"PASS"
2595,"USGS",11157500,"TRES PINOS C NR TRES PINOS CA","CA","ST",36.765753,-121.2996128,"S","NAD83",513.99,0.16,"NAVD88",18060002,"dv",60,3,8750,NA,"wat",NA,1645423,0,"12/8/1922","2/14/2026",26873,"CA",c(-121.2996128, 36.765753),FALSE,"PASS"
2596,"USGS",11158500,"SAN BENITO R NR HOLLISTER CA","CA","ST",36.78801314,-121.3707678,"F","NAD83",359.3,10,"NGVD29",18060002,"dv",60,3,8752,NA,"wat",NA,1645423,0,"10/1/1949","9/29/1983",12417,"CA",c(-121.3707678, 36.78801314),FALSE,"PASS"
2597,"USGS",11158600,"SAN BENITO R BL HOSPITAL RD BRIDGE NR HOLLISTER CA","CA","ST",36.81675,-121.3926806,"5","NAD83",294.82,0.16,"NAVD88",18060002,"dv",60,3,8753,NA,"wat",NA,1645423,0,"10/1/1970","2/14/2026",20226,"CA",c(-121.3926806, 36.81675),FALSE,"PASS"
2599,"USGS",11159000,"PAJARO R A CHITTENDEN CA","CA","ST",36.90019209,-121.5976778,"F","NAD83",85.28,0.16,"NAVD88",18060002,"dv",60,3,8757,NA,"wat",NA,1645423,0,"10/1/1939","2/14/2026",31549,"CA",c(-121.5976778, 36.90019209),FALSE,"PASS"
2601,"USGS",11159200,"CORRALITOS C A FREEDOM CA","CA","ST",36.9393968,-121.7705065,"F","NAD83",92.55,0.16,"NAVD88",18060002,"dv",60,3,8762,NA,"wat",NA,1645423,0,"10/1/1956","2/14/2026",25339,"CA",c(-121.7705065, 36.9393968),FALSE,"PASS"
2609,"USGS",11160000,"SOQUEL C A SOQUEL CA","CA","ST",36.9913389,-121.9557933,"F","NAD83",21.38,10,"NGVD29",18060015,"dv",60,3,8772,NA,"wat",NA,1645423,0,"5/1/1951","2/14/2026",27319,"CA",c(-121.9557933, 36.9913389),FALSE,"PASS"
2614,"USGS",11160300,"ZAYANTE C A ZAYANTE CA","CA","ST",37.08605874,-122.0469069,"F","NAD83",390,20,"NGVD29",18060015,"dv",60,3,8778,NA,"wat",NA,1645423,0,"10/1/1957","12/31/1992",12876,"CA",c(-122.0469069, 37.08605874),FALSE,"PASS"
2616,"USGS",11160500,"SAN LORENZO R A BIG TREES CA","CA","ST",37.0443931,-122.072464,"F","NAD83",230.06,16,"NAVD88",18060015,"dv",60,3,8785,NA,"wat",NA,1645423,0,"10/1/1936","2/14/2026",32644,"CA",c(-122.072464, 37.0443931),FALSE,"PASS"
2617,"USGS",11161000,"SAN LORENZO R A SANTA CRUZ CA","CA","ST",36.9907832,-122.0319076,"F","NAD83",8.72,0.16,"NAVD88",18060015,"dv",60,3,296002,NA,"wat",NA,1645423,0,"10/1/1952","2/14/2026",16938,"CA",c(-122.0319076, 36.9907832),FALSE,"PASS"
2624,"USGS",11162500,"PESCADERO C NR PESCADERO CA","CA","ST",37.2607338,-122.3288125,"F","NAD83",67.43,0.16,"NAVD88",18050006,"dv",60,3,8799,NA,"wat",NA,1645423,0,"4/14/1951","2/14/2026",27336,"CA",c(-122.3288125, 37.2607338),FALSE,"PASS"
2627,"USGS",11162570,"SAN GREGORIO C A SAN GREGORIO CA","CA","ST",37.32573199,-122.3865927,"S","NAD83",13.5,0.16,"NAVD88",18050006,"dv",60,3,8803,NA,"wat",NA,1645423,0,"10/1/1969","2/14/2026",17549,"CA",c(-122.3865927, 37.32573199),FALSE,"PASS"
2632,"USGS",11162630,"PILARCITOS C A HALF MOON BAY CA","CA","ST",37.46656205,-122.4340958,"F","NAD83",34.13,0.16,"NAVD88",18050006,"dv",60,3,296003,NA,"wat",NA,1645423,0,"7/1/1966","2/14/2026",21779,"CA",c(-122.4340958, 37.46656205),FALSE,"PASS"
2633,"USGS",11162720,"COLMA C A SOUTH SAN FRANCISCO CA","CA","ST",37.65382296,-122.4263613,"F","NAD83",12.53,0.01,"NGVD29",18050004,"dv",60,3,8818,NA,"wat",NA,1645423,0,"10/1/1963","11/12/1996",11494,"CA",c(-122.4263613, 37.65382296),FALSE,"PASS"
2638,"USGS",11162800,"REDWOOD C A REDWOOD CITY CA","CA","ST",37.44938279,-122.2335772,"F","NAD83",83.92,10,"NGVD29",18050004,"dv",60,3,8842,NA,"wat",NA,1645423,0,"10/1/1959","10/20/1997",13900,"CA",c(-122.2335772, 37.44938279),FALSE,"PASS"
2646,"USGS",11164500,"SAN FRANCISQUITO C A STANFORD UNIVERSITY CA","CA","ST",37.42327257,-122.1894095,"F","NAD83",112.69,0.16,"NAVD88",18050003,"dv",60,3,8850,NA,"wat",NA,1645423,0,"10/1/1930","2/14/2026",31548,"CA",c(-122.1894095, 37.42327257),FALSE,"PASS"
2649,"USGS",11166000,"MATADERO C A PALO ALTO CA","CA","ST",37.4216062,-122.1355193,"F","NAD83",17.01,0.01,"NGVD29",18050003,"dv",60,3,8853,NA,"wat",NA,1645423,0,"10/1/1952","11/6/2017",23356,"CA",c(-122.1355193, 37.4216062),FALSE,"PASS"
2660,"USGS",11168000,"LOS GATOS C A LOS GATOS CA","CA","ST",37.2174445,-121.9874581,"F","NAD83",NA,NA,NA,18050003,"dv",60,3,8875,NA,"wat",NA,1645423,0,"4/1/1930","10/1/1971",11871,"CA",c(-121.9874581, 37.2174445),FALSE,"PASS"
2662,"USGS",11169000,"GUADALUPE R A SAN JOSE CA","CA","ST",37.3343859,-121.8994,"F","NAD83",72,2.5,"NGVD29",18050003,"dv",60,3,8877,NA,"wat",NA,1645423,0,"10/1/1929","4/30/2003",26875,"CA",c(-121.8994, 37.3343859),FALSE,"PASS"
2664,"USGS",11169500,"SARATOGA C A SARATOGA CA","CA","ST",37.25438808,-122.039404,"F","NAD83",492.09,0.16,"NAVD88",18050003,"dv",60,3,296004,NA,"wat",NA,1645423,0,"10/1/1933","2/14/2026",33739,"CA",c(-122.039404, 37.25438808),FALSE,"PASS"
2668,"USGS",11169800,"COYOTE C NR GILROY CA","CA","ST",37.07768925,-121.4943442,"F","NAD83",790.06,0.16,"NAVD88",18050003,"dv",60,3,8896,NA,"wat",NA,1645423,0,"10/1/1960","2/14/2026",15841,"CA",c(-121.4943442, 37.07768925),FALSE,"PASS"
2670,"USGS",11170000,"COYOTE C NR MADRONE CA","CA","ST",37.1682416,-121.6496271,"S","NAD83",371.79,0.16,"NAVD88",18050003,"dv",60,3,205364,"[(2)]","wat",NA,1645423,0,"1/27/1903","9/29/1987",28931,"CA",c(-121.6496271, 37.1682416),FALSE,"PASS"
2673,"USGS",11171500,"COYOTE C NR EDENVALE CA","CA","ST",37.27094444,-121.7976944,"5","NAD83",193,1.6,"NAVD88",18050003,"dv",60,3,8901,NA,"wat",NA,1645423,0,"10/1/1916","9/29/1962",16800,"CA",c(-121.7976944, 37.27094444),FALSE,"PASS"
2679,"USGS",11172945,"ALAMEDA C AB DIV DAM NR SUNOL CA","CA","ST",37.4974356,-121.7735644,"S","NAD83",909.17,0.16,"NAVD88",18050004,"dv",60,3,296009,NA,"wat",NA,1645423,0,"10/1/1994","2/14/2026",11460,"CA",c(-121.7735644, 37.4974356),FALSE,"PASS"
2682,"USGS",11173200,"ARROYO HONDO NR SAN JOSE CA","CA","ST",37.46160337,-121.769397,"F","NAD83",786.83,0.16,"NAVD88",18050004,"dv",60,3,8918,NA,"wat",NA,1645423,0,"10/1/1968","2/14/2026",16207,"CA",c(-121.769397, 37.46160337),FALSE,"PASS"
2683,"USGS",11173500,"CALAVERAS C NR SUNOL CA","CA","ST",37.50194444,-121.8183333,"S","NAD83",458.61,0.16,"NAVD88",18050004,"dv",60,3,8924,NA,"wat",NA,1645423,0,"1898-04-01","2/14/2026",19733,"CA",c(-121.8183333, 37.50194444),FALSE,"PASS"
2687,"USGS",11174000,"SAN ANTONIO C NR SUNOL CA","CA","ST",37.5773982,-121.8576936,"S","NAD83",274.23,0.16,"NAVD88",18050004,"dv",60,3,296015,NA,"wat",NA,1645423,0,"1/1/1912","2/14/2026",18304,"CA",c(-121.8576936, 37.5773982),FALSE,"PASS"
2691,"USGS",11176000,"ARROYO MOCHO NR LIVERMORE CA","CA","ST",37.62632039,-121.7046734,"S","NAD83",746.49,0.01,"NGVD29",18050004,"dv",60,3,296020,NA,"wat",NA,1645423,0,"4/1/1912","1/16/2002",20652,"CA",c(-121.7046734, 37.62632039),FALSE,"PASS"
2702,"USGS",11176400,"ARROYO VALLE BL LANG CYN NR LIVERMORE CA","CA","ST",37.56132196,-121.6838389,"F","NAD83",749.09,0.16,"NAVD88",18050004,"dv",60,3,8984,NA,"wat",NA,1645423,0,"10/1/1963","2/14/2026",22783,"CA",c(-121.6838389, 37.56132196),FALSE,"PASS"
2703,"USGS",11176500,"ARROYO VALLE NR LIVERMORE CA","CA","ST",37.62323149,-121.7588028,"F","NAD83",513.18,0.16,"NAVD88",18050004,"dv",60,3,8991,NA,"wat",NA,1645423,0,"4/1/1912","2/14/2026",31730,"CA",c(-121.7588028, 37.62323149),FALSE,"PASS"
2705,"USGS",11176900,"ARROYO DE LA LAGUNA A VERONA CA","CA","ST",37.62659915,-121.8830126,"S","NAD83",260.11,0.16,"NAVD88",18050004,"dv",60,3,296036,NA,"wat",NA,1645423,0,"4/1/1912","2/14/2026",25519,"CA",c(-121.8830126, 37.62659915),FALSE,"PASS"
2706,"USGS",11177000,"ARROYO DE LA LAGUNA NR PLEASANTON CA","CA","ST",37.61521066,-121.8816236,"F","NAD83",251.4,0.01,"NGVD29",18050004,"dv",60,3,9013,NA,"wat",NA,1645423,0,"4/1/1912","12/31/2003",17436,"CA",c(-121.8816236, 37.61521066),FALSE,"PASS"
2707,"USGS",11179000,"ALAMEDA C NR NILES CA","CA","ST",37.5871193,-121.960752,"F","NAD83",86.32,0.16,"NAVD88",18050004,"dv",60,3,9032,NA,"wat",NA,1645423,0,"1891-01-01","2/14/2026",49344,"CA",c(-121.960752, 37.5871193),FALSE,"PASS"
2711,"USGS",11180500,"DRY C A UNION CITY CA","CA","ST",37.6060452,-122.0238504,"F","NAD83",87.67,0.16,"NAVD88",18050004,"dv",60,3,9042,NA,"wat",NA,1645423,0,"10/1/1916","2/14/2026",25521,"CA",c(-122.0238504, 37.6060452),FALSE,"PASS"
2712,"USGS",11180700,"ALAMEDA C FLOOD CHANNEL A UNION CITY CA","CA","ST",37.58576818,-122.0482955,"F","NAD83",6.51,0.16,"NAVD88",18050004,"dv",60,3,9043,NA,"wat",NA,1645423,0,"10/1/1958","2/14/2026",24605,"CA",c(-122.0482955, 37.58576818),FALSE,"PASS"
2715,"USGS",11180825,"SAN LORENZO C AB DON CASTRO RES NR CASTRO V CA","CA","ST",37.695172,-122.0449223,"S","NAD83",235.89,0.16,"NAVD88",18050004,"dv",60,3,9049,NA,"wat",NA,1645423,0,"10/1/1980","2/14/2026",15504,"CA",c(-122.0449223, 37.695172),FALSE,"PASS"
2717,"USGS",11180960,"CULL C AB CULL C RES NR CASTRO VALLEY CA","CA","ST",37.7176715,-122.0543673,"F","NAD83",283.6,0.16,"NAVD88",18050004,"dv",60,3,9059,NA,"wat",NA,1645423,0,"10/1/1978","2/14/2026",17304,"CA",c(-122.0543673, 37.7176715),FALSE,"PASS"
2719,"USGS",11181000,"SAN LORENZO C A HAYWARD CA","CA","ST",37.68548644,-122.064407,"S","NAD83",135.85,0.16,"NAVD88",18050004,"dv",60,3,9066,NA,"wat",NA,1645423,0,"4/1/1940","2/14/2026",23876,"CA",c(-122.064407, 37.68548644),FALSE,"PASS"
2722,"USGS",11181008,"CASTRO VALLEY C A HAYWARD CA","CA","ST",37.6799311,-122.0805186,"F","NAD83",105.15,0.16,"NAVD88",18050004,"dv",60,3,9069,NA,"wat",NA,1645423,0,"10/1/1971","2/14/2026",19402,"CA",c(-122.0805186, 37.6799311),FALSE,"PASS"
2723,"USGS",11181040,"SAN LORENZO C A SAN LORENZO CA","CA","ST",37.6840977,-122.1399649,"F","NAD83",8.45,0.16,"NAVD88",18050004,"dv",60,3,9070,NA,"wat",NA,1645423,0,"10/1/1967","2/14/2026",17432,"CA",c(-122.1399649, 37.6840977),FALSE,"PASS"
2730,"USGS",11182100,"PINOLE C A PINOLE CA","CA","ST",37.97242309,-122.2463573,"F","NAD83",NA,NA,NA,18050002,"dv",60,3,9096,NA,"wat",NA,1645423,0,"12/1/1938","9/29/1977",14183,"CA",c(-122.2463573, 37.97242309),FALSE,"PASS"
2732,"USGS",11182500,"SAN RAMON C A SAN RAMON CA","CA","ST",37.7729487,-121.9946443,"F","NAD83",549.17,0.16,"NAVD88",18050001,"dv",60,3,9098,NA,"wat",NA,1645423,0,"10/1/1952","2/14/2026",26800,"CA",c(-121.9946443, 37.7729487),FALSE,"PASS"
2746,"USGS",11185500,"KERN R NO 3 CN NR KERNVILLE CA","CA","ST",35.90550439,-118.467586,"F","NAD83",NA,NA,NA,18030001,"dv",60,3,213495,NA,"wat",NA,1645423,0,"4/1/1921","9/30/2025",30500,"CA",c(-118.467586, 35.90550439),FALSE,"PASS"
2748,"USGS",11186000,"KERN R NR KERNVILLE (RIVER ONLY) CA","CA","ST",35.94522615,-118.4775862,"F","NAD83",3620,20,"NGVD29",18030001,"dv",60,3,213497,NA,"wat",NA,1645423,0,"10/1/1960","9/30/2025",23741,"CA",c(-118.4775862, 35.94522615),FALSE,"PASS"
2749,"USGS",11186001,"COMBINED FLOW OF KERN R AND KERN R NO 3 CA","CA","ST",35.94522615,-118.4775862,"F","NAD83",NA,NA,NA,18030001,"dv",60,3,213499,NA,"wat",NA,1645423,0,"10/1/1911","9/30/2025",41639,"CA",c(-118.4775862, 35.94522615),FALSE,"PASS"
2756,"USGS",11187000,"KERN R A KERNVILLE CA","CA","ST",35.7543954,-118.4234182,"F","NAD83",2621.57,0.01,"NGVD29",18030001,"dv",60,3,9127,NA,"wat",NA,1645423,0,"1/1/1905","10/13/1993",17545,"CA",c(-118.4234182, 35.7543954),FALSE,"PASS"
2757,"USGS",11187500,"BOREL CN BL ISABELLA DAM CA","CA","ST",35.6421749,-118.4700856,"F","NAD83",NA,NA,NA,18030003,"dv",60,3,326008,NA,"wat",NA,1645423,0,"1/1/1910","9/30/2021",36798,"CA",c(-118.4700856, 35.6421749),FALSE,"PASS"
2760,"USGS",11189500,"SF KERN R NR ONYX CA","CA","ST",35.7374672,-118.1736856,"F","NAD83",2853.52,0.16,"NAVD88",18030002,"dv",60,3,9133,NA,"wat",NA,1645423,0,"9/12/1911","2/14/2026",36280,"CA",c(-118.1736856, 35.7374672),FALSE,"PASS"
2763,"USGS",11191000,"KERN R BL ISABELLA DAM CA","CA","ST",35.6391193,-118.4848082,"F","NAD83",2435.07,0.01,"NGVD29",18030003,"dv",60,3,9139,NA,"wat",NA,1645423,0,"10/1/1945","4/30/1993",16539,"CA",c(-118.4848082, 35.6391193),FALSE,"PASS"
2765,"USGS",11192000,"KERN R NO 1 CONDUIT NR DEMOCRAT SPRINGS CA","CA","ST",35.49717785,-118.692589,"F","NAD83",NA,NA,NA,18030003,"dv",60,3,213509,NA,"wat",NA,1645423,0,"10/1/1975","9/30/2025",18263,"CA",c(-118.692589, 35.49717785),FALSE,"PASS"
2766,"USGS",11192500,"KERN R NR DEMOCRAT SPRINGS(RIVER ONLY) CA","CA","ST",35.52078857,-118.6770332,"F","NAD83",1837.7,0.01,"NGVD29",18030003,"dv",60,3,213511,NA,"wat",NA,1645423,0,"7/26/1950","9/30/2025",24538,"CA",c(-118.6770332, 35.52078857),FALSE,"PASS"
2767,"USGS",11192501,"KERN R NR DEMOCRAT SPRINGS (TOTAL FLOW) CA","CA","ST",35.52078857,-118.6770332,"F","NAD83",NA,NA,NA,18030003,"dv",60,3,296046,NA,"wat",NA,1645423,0,"10/1/1950","9/30/2025",27028,"CA",c(-118.6770332, 35.52078857),FALSE,"PASS"
2768,"USGS",11192940,"KERN CYN PH NR BAKERSFIELD CA","CA","ST",35.439957,-118.7959262,"F","NAD83",NA,NA,NA,18030003,"dv",60,3,213524,NA,"wat",NA,1645423,0,"10/1/1980","9/30/2020",12023,"CA",c(-118.7959262, 35.439957),FALSE,"PASS"
2769,"USGS",11192950,"KERN R BL KERN CYN PH DIV DAM NR BAKERSFIELD CA","CA","ST",35.46023439,-118.7795364,"S","NAD83",975,10,"NGVD29",18030003,"dv",60,3,213525,NA,"wat",NA,1645423,0,"10/1/1987","9/30/2021",12038,"CA",c(-118.7795364, 35.46023439),FALSE,"PASS"
2776,"USGS",11194000,"KERN R NR BAKERSFIELD CA","CA","ST",35.43162386,-118.9462092,"F","NAD83",NA,NA,NA,18030003,"dv",60,3,9152,NA,"wat",NA,1645423,0,"1893-10-01","9/29/1976",30314,"CA",c(-118.9462092, 35.43162386),FALSE,"PASS"
2788,"USGS",11199500,"WHITE R NR DUCOR CA","CA","ST",35.81454304,-118.929248,"F","NAD83",689,1,"NAVD88",1.8e+11,"dv",60,3,9166,NA,"wat",NA,1645423,0,"10/1/1942","9/30/2005",16678,"CA",c(-118.929248, 35.81454304),FALSE,"PASS"
2790,"USGS",11200800,"DEER C NR FOUNTAIN SPRINGS CA","CA","ST",35.9416243,-118.8228716,"F","NAD83",988.92,0.16,"NAVD88",18030005,"dv",60,3,9168,NA,"wat",NA,1645423,0,"9/1/1968","2/14/2026",20986,"CA",c(-118.8228716, 35.9416243),FALSE,"PASS"
2796,"USGS",11201700,"PGE TULE R PH NR SPRINGVILLE CA","CA","ST",36.16328019,-118.706758,"F","NAD83",NA,NA,NA,18030006,"dv",60,3,213540,NA,"wat",NA,1645423,0,"10/1/1985","9/30/2022",13514,"CA",c(-118.706758, 36.16328019),FALSE,"PASS"
2799,"USGS",11202000,"NF OF MF TULE R NR SPRINGVILLE (RIVER ONLY) CA","CA","ST",36.17466878,-118.6956469,"F","NAD83",NA,NA,NA,18030006,"dv",60,3,213542,NA,"wat",NA,1645423,0,"12/1/1939","9/30/2022",28063,"CA",c(-118.6956469, 36.17466878),FALSE,"PASS"
2800,"USGS",11202001,"NF OF MF TULE R NR SPRINGVILLE (TOTAL FLOW) CA","CA","ST",36.17466878,-118.6956469,"F","NAD83",NA,NA,NA,18030006,"dv",60,3,213543,NA,"wat",NA,1645423,0,"10/1/1939","9/30/2022",30316,"CA",c(-118.6956469, 36.17466878),FALSE,"PASS"
2802,"USGS",11202710,"MF TULE R BL INTAKE AB SPRINGVILLE CA","CA","ST",36.1613358,-118.7095358,"F","NAD83",NA,NA,NA,18030006,"dv",60,3,213546,NA,"wat",NA,1645423,0,"10/1/1988","9/30/2025",13149,"CA",c(-118.7095358, 36.1613358),FALSE,"PASS"
2813,"USGS",11203500,"TULE R NR PORTERVILLE CA","CA","ST",36.0799506,-118.9092637,"F","NAD83",580,10,"NGVD29",18030006,"dv",60,3,296050,NA,"wat",NA,1645423,0,"11/1/1901","9/29/1960",21518,"CA",c(-118.9092637, 36.0799506),FALSE,"PASS"
2817,"USGS",11204500,"SF TULE R NR SUCCESS CA","CA","ST",36.04245027,-118.8575946,"F","NAD83",770,20,"NGVD29",18030006,"dv",60,3,9212,NA,"wat",NA,1645423,0,"7/1/1930","9/30/1990",21580,"CA",c(-118.8575946, 36.04245027),FALSE,"PASS"
2818,"USGS",11204680,"PIONEER DITCH BL SUCCESS DAM. CA","CA","ST-DCH",36.0593955,-118.9237086,"F","NAD83",NA,NA,NA,18030006,"dv",60,3,9213,NA,"wat",NA,1645423,0,"10/1/1960","10/1/1990",10958,"CA",c(-118.9237086, 36.0593955),FALSE,"PASS"
2819,"USGS",11204900,"TULE R BL SUCCESS DAM CA","CA","ST",36.04875,-118.9376806,"5","NAD83",521,1.6,"NAVD88",18030006,"dv",60,3,9217,NA,"wat",NA,1645423,0,"10/1/1960","8/11/2023",11060,"CA",c(-118.9376806, 36.04875),FALSE,"PASS"
2822,"USGS",11206500,"MF KAWEAH R NR POTWISHA CAMP(RIVER ONLY) CA","CA","ST",36.51300095,-118.7917648,"F","NAD83",2190,20,"NGVD29",18030007,"dv",60,3,296051,NA,"wat",NA,1645423,0,"7/12/1949","9/30/2025",22503,"CA",c(-118.7917648, 36.51300095),FALSE,"PASS"
2823,"USGS",11206501,"MF KAWEAH R NR POTWISHA CAMP(TOTAL FLOW) CA","CA","ST",36.5132787,-118.7917648,"F","NAD83",NA,NA,NA,18030007,"dv",60,3,9224,NA,"wat",NA,1645423,0,"7/1/1949","9/29/2002",19449,"CA",c(-118.7917648, 36.5132787),FALSE,"PASS"
2827,"USGS",11208000,"MARBLE F KAWEAH R (R ONLY) A POTWISHA CAMP CA","CA","ST",36.5218899,-118.7992652,"F","NAD83",2210,20,"NGVD29",18030007,"dv",60,3,213549,NA,"wat",NA,1645423,0,"4/1/1950","9/30/2025",27155,"CA",c(-118.7992652, 36.5218899),FALSE,"PASS"
2828,"USGS",11208001,"MARBLE F KAWEAH R (TOTAL FLOW) A POTWISHA CAMP CA","CA","ST",36.5188344,-118.8017652,"F","NAD83",NA,NA,NA,18030007,"dv",60,3,9236,NA,"wat",NA,1645423,0,"10/1/1950","9/29/2002",18992,"CA",c(-118.8017652, 36.5188344),FALSE,"PASS"
2832,"USGS",11208600,"KAWEAH R BL CONDUIT NO. 2 NR HAMMOND CA","CA","ST",36.48439065,-118.8359322,"S","NAD83",1380,20,"NGVD29",18030007,"dv",60,3,213551,NA,"wat",NA,1645423,0,"10/1/1993","9/30/2025",11688,"CA",c(-118.8359322, 36.48439065),FALSE,"PASS"
2838,"USGS",11208730,"EF KAWEAH R NR THREE RIVERS CA","CA","ST",36.4513346,-118.7884306,"S","NAD83",2700,20,"NGVD29",18030007,"dv",60,3,213559,NA,"wat",NA,1645423,0,"6/1/1952","9/30/2025",20575,"CA",c(-118.7884306, 36.4513346),FALSE,"PASS"
2839,"USGS",11208731,"COMBINED FLOW EF KAWEAH R NR THREE RIVERS CA","CA","ST",36.4513346,-118.7884306,"S","NAD83",2700,20,"NGVD29",18030007,"dv",60,3,296055,NA,"wat",NA,1645423,0,"6/1/1952","9/29/2002",12171,"CA",c(-118.7884306, 36.4513346),FALSE,"PASS"
2842,"USGS",11209500,"NF KAWEAH R A KAWEAH CA","CA","ST",36.49022518,-118.9209344,"F","NAD83",1027.7,0.01,"NGVD29",18030007,"dv",60,3,9260,NA,"wat",NA,1645423,0,"10/1/1910","9/29/1981",18687,"CA",c(-118.9209344, 36.49022518),FALSE,"PASS"
2843,"USGS",11209900,"KAWEAH R A THREE RIVERS CA","CA","ST",36.4438363,-118.9034335,"F","NAD83",809.62,0.01,"NGVD29",18030007,"dv",60,3,9264,NA,"wat",NA,1645423,0,"10/1/1958","9/30/1990",11688,"CA",c(-118.9034335, 36.4438363),FALSE,"PASS"
2845,"USGS",11210100,"SF KAWEAH R A THREE RIVERS CA","CA","ST",36.4166144,-118.9142668,"F","NAD83",807.22,0.01,"NGVD29",18030007,"dv",60,3,9266,NA,"wat",NA,1645423,0,"10/1/1958","9/30/1990",11688,"CA",c(-118.9142668, 36.4166144),FALSE,"PASS"
2846,"USGS",11210500,"KAWEAH R NR THREE RIVERS CA","CA","ST",36.40661504,-118.9542677,"F","NAD83",611.11,0.01,"NGVD29",18030007,"dv",60,3,9267,NA,"wat",NA,1645423,0,"5/1/1903","9/29/1961",21337,"CA",c(-118.9542677, 36.40661504),FALSE,"PASS"
2850,"USGS",11211300,"DRY C NR LEMONCOVE CA","CA","ST",36.44744896,-119.0281594,"F","NAD83",NA,NA,NA,18030007,"dv",60,3,9274,NA,"wat",NA,1645423,0,"10/1/1959","9/30/1994",12784,"CA",c(-119.0281594, 36.44744896),FALSE,"PASS"
2858,"USGS",11213500,"KINGS R AB NF NR TRIMMER CA","CA","ST",36.8632806,-119.124282,"F","NAD83",1001.5,0.01,"NGVD29",18030010,"dv",60,3,9283,NA,"wat",NA,1645423,0,"10/1/1926","9/29/1982",19450,"CA",c(-119.124282, 36.8632806),FALSE,"PASS"
2859,"USGS",11214000,"NF KINGS R BL MEADOWBROOK CA","CA","ST",37.08133045,-118.862888,"F","NAD83",8144.66,0.01,"NGVD29",18030010,"dv",60,3,9284,NA,"wat",NA,1645423,0,"10/1/1921","9/29/1981",13695,"CA",c(-118.862888, 37.08133045),FALSE,"PASS"
2863,"USGS",11214540,"HELMS PP NR WISHON RE CA","CA","ST",37.03938878,-118.9553892,"F","NAD83",NA,NA,NA,18030010,"dv",60,3,213563,NA,"wat",NA,1645423,0,"10/1/1989","9/30/2024",12784,"CA",c(-118.9553892, 37.03938878),FALSE,"PASS"
2864,"USGS",11214600,"HELMS C BL COURTRIGHT DAM CA","CA","ST",37.07633329,-118.9687234,"F","NAD83",NA,NA,NA,18030010,"dv",60,3,213603,NA,"wat",NA,1645423,0,"10/1/1958","9/30/2024",23995,"CA",c(-118.9687234, 37.07633329),FALSE,"PASS"
2866,"USGS",11215000,"NF KINGS R NR CLIFF CAMP CA","CA","ST",36.99383417,-118.9812225,"F","NAD83",6143.95,0.01,"NGVD29",18030010,"dv",60,3,213607,NA,"wat",NA,1645423,0,"10/1/1921","9/30/2024",33651,"CA",c(-118.9812225, 36.99383417),FALSE,"PASS"
2874,"USGS",11216050,"HAAS PH NR BALCH CAMP CA","CA","ST",36.92772397,-119.017612,"F","NAD83",NA,NA,NA,18030010,"dv",60,3,296057,NA,"wat",NA,1645423,0,"10/1/1980","9/30/2024",14610,"CA",c(-119.017612, 36.92772397),FALSE,"PASS"
2875,"USGS",11216200,"NF KINGS R BL BALCH DIV DAM CA","CA","ST",36.90272435,-119.0509463,"F","NAD83",NA,NA,NA,18030010,"dv",60,3,213612,NA,"wat",NA,1645423,0,"10/1/1983","9/30/2024",14612,"CA",c(-119.0509463, 36.90272435),FALSE,"PASS"
2876,"USGS",11216300,"BALCH PH NR FRESNO (NO1 & NO2 COMBINED) CA","CA","ST",36.90994684,-119.0876145,"F","NAD83",NA,NA,NA,18030010,"dv",60,3,213621,NA,"wat",NA,1645423,0,"10/1/1980","9/30/2024",14471,"CA",c(-119.0876145, 36.90994684),FALSE,"PASS"
2877,"USGS",11216400,"DINKEY C SIPHON FISH RELEASE A BALCH CAMP CA","CA","ST",36.9080027,-119.1251159,"F","NAD83",NA,NA,NA,18030010,"dv",60,3,213622,NA,"wat",NA,1645423,0,"10/1/1986","9/30/2024",13853,"CA",c(-119.1251159, 36.9080027),FALSE,"PASS"
2878,"USGS",11216500,"NF KINGS R AB DINKEY C A BALCH CAMP CA","CA","ST",36.90328046,-119.1215046,"F","NAD83",NA,NA,NA,18030010,"dv",60,3,213623,NA,"wat",NA,1645423,0,"10/1/1919","9/30/2024",27577,"CA",c(-119.1215046, 36.90328046),FALSE,"PASS"
2883,"USGS",11218400,"NF KINGS R BL DINKEY C NR BALCH CAMP CA","CA","ST",36.87966948,-119.1287268,"F","NAD83",NA,NA,NA,18030010,"dv",60,3,213627,NA,"wat",NA,1645423,0,"4/1/1960","9/30/2024",23559,"CA",c(-119.1287268, 36.87966948),FALSE,"PASS"
2885,"USGS",11218500,"KINGS R BL NF NR TRIMMER CA","CA","ST",36.87466959,-119.1417828,"F","NAD83",942.42,0.01,"NGVD29",18030010,"dv",60,3,9317,NA,"wat",NA,1645423,0,"3/1/1962","10/13/1993",11550,"CA",c(-119.1417828, 36.87466959),FALSE,"PASS"
2886,"USGS",11218501,"COMBINED FLOW KINGS R BL N F & KINGS R PP CA","CA","ST",36.87466959,-119.1417828,"F","NAD83",NA,NA,NA,18030010,"dv",60,3,9318,NA,"wat",NA,1645423,0,"1/1/1952","9/30/1993",15249,"CA",c(-119.1417828, 36.87466959),FALSE,"PASS"
2887,"USGS",11218700,"KINGS R PH NR BALCH CAMP CA","CA","ST",36.88828079,-119.1584503,"F","NAD83",NA,NA,NA,18030010,"dv",60,3,213628,NA,"wat",NA,1645423,0,"10/1/1969","9/30/2024",18266,"CA",c(-119.1584503, 36.88828079),FALSE,"PASS"
2891,"USGS",11221500,"KINGS R BL PINE FLAT DAM CA","CA","ST",36.8305045,-119.3362347,"F","NAD83",556.97,0.01,"NGVD29",18030012,"dv",60,3,9326,NA,"wat",NA,1645423,0,"1/1/1954","10/4/1990",13426,"CA",c(-119.3362347, 36.8305045),FALSE,"PASS"
2892,"USGS",11221700,"MILL C NR PIEDRA CA","CA","ST",36.81856014,-119.3417904,"F","NAD83",550,10,"NGVD29",18030012,"dv",60,3,9327,NA,"wat",NA,1645423,0,"10/1/1957","9/30/1994",13514,"CA",c(-119.3417904, 36.81856014),FALSE,"PASS"
2893,"USGS",11222000,"KINGS R A PIEDRA CA","CA","ST",36.81717164,-119.3865146,"F","NAD83",500,10,"NGVD29",18030012,"dv",60,3,9328,NA,"wat",NA,1645423,0,"1895-10-01","9/29/1959",23374,"CA",c(-119.3865146, 36.81717164),FALSE,"PASS"
2896,"USGS",11224500,"LOS GATOS C AB NUNEZ CYN NR COALINGA CA","CA","ST",36.21466074,-120.4706956,"F","NAD83",1068.16,0.16,"NAVD88",18030012,"dv",60,3,9330,NA,"wat",NA,1645423,0,"5/1/1945","2/14/2026",29510,"CA",c(-120.4706956, 36.21466074),FALSE,"PASS"
2899,"USGS",11226500,"SAN JOAQUIN R A MILLER CROSSING CA","CA","ST",37.51049707,-119.1973476,"F","NAD83",4570,66,"NGVD29",18040006,"dv",60,3,9333,NA,"wat",NA,1645423,0,"10/1/1921","9/30/1991",17166,"CA",c(-119.1973476, 37.51049707),FALSE,"PASS"
2904,"USGS",11229500,"WARD TUNNEL A INTAKE A FLORENCE LAKE CA","CA","ST",37.2721651,-118.9723379,"F","NAD83",7213.89,20,"NGVD29",18040006,"dv",60,3,213629,NA,"wat",NA,1645423,0,"5/1/1925","9/30/2024",36222,"CA",c(-118.9723379, 37.2721651),FALSE,"PASS"
2905,"USGS",11230000,"SF SAN JOAQUIN R NR FLORENCE LK CA","CA","ST",37.273276,-118.965949,"F","NAD83",NA,NA,NA,18040006,"dv",60,3,9340,NA,"wat",NA,1645423,0,"10/1/1921","9/29/1980",21397,"CA",c(-118.965949, 37.273276),FALSE,"PASS"
2907,"USGS",11230200,"HOOPER C BL DIV DAM NR FLORENCE LAKE CA","CA","ST",37.305775,-118.9506724,"F","NAD83",7440,20,"NGVD29",18040006,"dv",60,3,213633,NA,"wat",NA,1645423,0,"10/1/1986","9/30/2024",13880,"CA",c(-118.9506724, 37.305775),FALSE,"PASS"
2908,"USGS",11230215,"SF SAN JOAQUIN R BL HOOPER C NR FLORENCE LAKE CA","CA","ST",37.3096642,-118.9620614,"F","NAD83",6949.41,0.05,"NGVD29",18040006,"dv",60,3,296058,NA,"wat",NA,1645423,0,"10/1/1975","9/30/2024",17418,"CA",c(-118.9620614, 37.3096642),FALSE,"PASS"
2909,"USGS",11230500,"BEAR C NR LAKE THOMAS A EDISON CA","CA","ST",37.3393863,-118.9734513,"F","NAD83",7366.94,20,"NGVD29",18040006,"dv",60,3,213635,NA,"wat",NA,1645423,0,"10/1/1921","9/30/2024",37621,"CA",c(-118.9734513, 37.3393863),FALSE,"PASS"
2910,"USGS",11230520,"BEAR C CONDUIT NR LAKE THOMAS A EDISON CA","CA","ST",37.3360531,-118.9753956,"F","NAD83",7340,0.05,"NGVD29",18040006,"dv",60,3,326013,NA,"wat",NA,1645423,0,"10/1/1986","9/30/2024",13818,"CA",c(-118.9753956, 37.3360531),FALSE,"PASS"
2911,"USGS",11230530,"BEAR C BELOW DIV DAM NR LAKE THOMAS A EDISON CA","CA","ST",37.33549758,-118.9756734,"F","NAD83",7338.3,0.05,"NGVD29",18040006,"dv",60,3,213639,NA,"wat",NA,1645423,0,"10/1/1986","9/30/2024",13818,"CA",c(-118.9756734, 37.33549758),FALSE,"PASS"
2916,"USGS",11231500,"MONO C BL LK THOMAS A EDISON CA","CA","ST",37.361331,-118.992063,"F","NAD83",7380,20,"NGVD29",18040006,"dv",60,3,213657,NA,"wat",NA,1645423,0,"10/1/1921","9/30/2024",37621,"CA",c(-118.992063, 37.361331),FALSE,"PASS"
2917,"USGS",11231550,"MONO C CONDUIT NR MONO HOT SPRINGS CA","CA","ST",37.35994237,-118.9984518,"F","NAD83",7336.36,0.05,"NGVD29",18040006,"dv",60,3,213666,NA,"wat",NA,1645423,0,"10/1/1970","9/30/2024",14610,"CA",c(-118.9984518, 37.35994237),FALSE,"PASS"
2919,"USGS",11231600,"MONO C BL DIV DAM NR MONO HOT SPRINGS CA","CA","ST",37.35994237,-118.9984518,"F","NAD83",7330,20,"NGVD29",18040006,"dv",60,3,213669,NA,"wat",NA,1645423,0,"10/1/1970","9/30/2024",15403,"CA",c(-118.9984518, 37.35994237),FALSE,"PASS"
2924,"USGS",11234750,"MAMMOTH POOL FISHWATER TURBINE NR BIG CREEK CA","CA","ST",37.32216656,-119.3248501,"F","NAD83",2948.91,0.01,"NGVD29",18040006,"dv",60,3,213729,NA,"wat",NA,1645423,0,"10/1/1977","9/30/2024",12181,"CA",c(-119.3248501, 37.32216656),FALSE,"PASS"
2925,"USGS",11234760,"SAN JOAQUIN R AB SHAKEFLAT C NR BIG CREEK CA","CA","ST",37.3166111,-119.3295725,"F","NAD83",2865.5,20,"NGVD29",18040006,"dv",60,3,213748,NA,"wat",NA,1645423,0,"10/1/1959","9/30/2024",23742,"CA",c(-119.3295725, 37.3166111),FALSE,"PASS"
2926,"USGS",11235000,"SAN JOAQUIN R AB BIG CREEK CA","CA","ST",37.23744579,-119.331516,"F","NAD83",NA,NA,NA,18040006,"dv",60,3,9365,NA,"wat",NA,1645423,0,"10/1/1912","9/29/1962",15886,"CA",c(-119.331516, 37.23744579),FALSE,"PASS"
2927,"USGS",11235100,"MAMMOTH POOL PP NR BIG CREEK CA","CA","ST",37.22494599,-119.3379052,"F","NAD83",2230,20,"NGVD29",18040006,"dv",60,3,213732,NA,"wat",NA,1645423,0,"10/1/1980","9/30/2024",15341,"CA",c(-119.3379052, 37.22494599),FALSE,"PASS"
2928,"USGS",11235500,"PORTAL POWERPLANT AT HUNTINGTON LAKE CA","CA","ST",37.25688909,-119.1592869,"F","NAD83",6999,0.05,"NGVD29",18040006,"dv",60,3,213733,NA,"wat",NA,1645423,0,"10/1/1927","9/30/2024",35430,"CA",c(-119.1592869, 37.25688909),FALSE,"PASS"
2930,"USGS",11237000,"BIG C BL HUNTINGTON LK CA","CA","ST",37.2213341,-119.2126217,"F","NAD83",6630,20,"NGVD29",18040006,"dv",60,3,213736,NA,"wat",NA,1645423,0,"6/9/1925","9/30/2024",30430,"CA",c(-119.2126217, 37.2213341),FALSE,"PASS"
2931,"USGS",11237500,"PITMAN C BL TAMARACK C CA","CA","ST",37.19855659,-119.2137328,"F","NAD83",7020,20,"NGVD29",18040006,"dv",60,3,213737,NA,"wat",NA,1645423,0,"12/1/1927","9/30/2024",35369,"CA",c(-119.2137328, 37.19855659),FALSE,"PASS"
2932,"USGS",11237600,"PITMAN C SHAFT BL TAMARACK C NR BIG CREEK CA","CA","ST",37.1982788,-119.2142883,"F","NAD83",7010,32,"NGVD29",18040006,"dv",60,3,213739,NA,"wat",NA,1645423,0,"10/1/1986","9/30/2024",13585,"CA",c(-119.2142883, 37.1982788),FALSE,"PASS"
2933,"USGS",11237700,"PITMAN C NR TAMARACK MOUNTAIN CA","CA","ST",37.19911215,-119.2151217,"F","NAD83",7000,20,"NGVD29",18040006,"dv",60,3,213740,NA,"wat",NA,1645423,0,"10/1/1986","9/30/2024",13586,"CA",c(-119.2151217, 37.19911215),FALSE,"PASS"
2935,"USGS",11238100,"BIG C PH NO 1 AT BIG CREEK CA","CA","ST",37.2041122,-119.2398448,"F","NAD83",4820,20,"NGVD29",18040006,"dv",60,3,213741,NA,"wat",NA,1645423,0,"10/1/1980","9/30/2024",14976,"CA",c(-119.2398448, 37.2041122),FALSE,"PASS"
2936,"USGS",11238250,"EASTWOOD PP AB SHAVER LK NR BIG CREEK CA","CA","ST",37.13189099,-119.2617899,"F","NAD83",NA,NA,NA,18040006,"dv",60,3,213742,NA,"wat",NA,1645423,0,"10/1/1987","9/30/2024",13515,"CA",c(-119.2617899, 37.13189099),FALSE,"PASS"
2937,"USGS",11238270,"MF BALSAM C BL BALSAM MDW FOREBAY NR BIG CREEK CA","CA","ST",37.16272389,-119.2542896,"F","NAD83",6560,20,"NGVD29",18040006,"dv",60,3,213743,NA,"wat",NA,1645423,0,"1/24/1989","9/30/2024",13033,"CA",c(-119.2542896, 37.16272389),FALSE,"PASS"
2938,"USGS",11238380,"BIG C PH NO 2 NR BIG CREEK CA","CA","ST",37.19883496,-119.3065146,"F","NAD83",2950,20,"NGVD29",18040006,"dv",60,3,213745,NA,"wat",NA,1645423,0,"10/1/1980","9/30/2024",14976,"CA",c(-119.3065146, 37.19883496),FALSE,"PASS"
2939,"USGS",11238400,"BIG C PH NO 2A NR BIG CREEK CA","CA","ST",37.1991127,-119.3054034,"F","NAD83",2950,20,"NGVD29",18040006,"dv",60,3,213746,NA,"wat",NA,1645423,0,"10/1/1980","9/30/2024",15340,"CA",c(-119.3054034, 37.1991127),FALSE,"PASS"
2940,"USGS",11238500,"BIG C NR MOUTH NR BIG CREEK CA","CA","ST",37.20772385,-119.3212376,"F","NAD83",2620,20,"NGVD29",18040006,"dv",60,3,326014,NA,"wat",NA,1645423,0,"5/10/1923","9/30/2024",15851,"CA",c(-119.3212376, 37.20772385),FALSE,"PASS"
2941,"USGS",11238550,"BIG C PH NO 8 NR BIG CREEK CA","CA","ST",37.2096683,-119.328738,"F","NAD83",2250,20,"NGVD29",18040006,"dv",60,3,213762,NA,"wat",NA,1645423,0,"10/1/1980","9/30/2024",15341,"CA",c(-119.328738, 37.2096683),FALSE,"PASS"
2942,"USGS",11238600,"SAN JOAQUIN R AB STEVENSON C NR BIG CREEK CA","CA","ST",37.2077239,-119.329849,"F","NAD83",2200,20,"NGVD29",18040006,"dv",60,3,213764,NA,"wat",NA,1645423,0,"10/1/1973","9/30/2024",16435,"CA",c(-119.329849, 37.2077239),FALSE,"PASS"
2943,"USGS",11239000,"HUNTINGTON-SHAVER CONDUIT OTLT NR SHAVER LK CA","CA","ST",37.15494607,-119.2323443,"F","NAD83",NA,NA,NA,18040006,"dv",60,3,9385,NA,"wat",NA,1645423,0,"10/19/1928","7/24/1985",20703,"CA",c(-119.2323443, 37.15494607),FALSE,"PASS"
2944,"USGS",11239300,"NF STEVENSON C A PERIMETER RD NR BIG C CA","CA","ST",37.13689087,-119.2545673,"F","NAD83",5740,20,"NGVD29",18040006,"dv",60,3,213774,NA,"wat",NA,1645423,0,"1/25/1989","9/30/2024",13033,"CA",c(-119.2545673, 37.13689087),FALSE,"PASS"
2945,"USGS",11241500,"STEVENSON C A SHAVER LK CA","CA","ST",37.14466898,-119.3084588,"F","NAD83",5200,20,"NGVD29",18040006,"dv",60,3,213768,NA,"wat",NA,1645423,0,"10/1/1916","9/30/2024",17617,"CA",c(-119.3084588, 37.14466898),FALSE,"PASS"
2946,"USGS",11241800,"BIG C PH NO 3 NR SHAVER LK CA","CA","ST",37.1485584,-119.3865182,"F","NAD83",1410,20,"NGVD29",18040006,"dv",60,3,213770,NA,"wat",NA,1645423,0,"10/1/1980","9/30/2024",15341,"CA",c(-119.3865182, 37.1485584),FALSE,"PASS"
2947,"USGS",11242000,"SAN JOAQUIN R AB WILLOW C NR AUBERRY CA","CA","ST",37.14439236,-119.454577,"F","NAD83",1175.54,0.01,"NGVD29",18040006,"dv",60,3,213772,NA,"wat",NA,1645423,0,"3/7/1951","9/30/2024",26872,"CA",c(-119.454577, 37.14439236),FALSE,"PASS"
2949,"USGS",11242400,"NF WILLOW C NR SUGAR PINE CA","CA","ST",37.3977195,-119.5662563,"F","NAD83",NA,NA,NA,18040006,"dv",60,3,9393,NA,"wat",NA,1645423,0,"9/1/1965","10/12/2009",15748,"CA",c(-119.5662563, 37.3977195),FALSE,"PASS"
2950,"USGS",11243300,"BROWNS C CN AT BASS LAKE CA","CA","ST",37.2874456,-119.5195827,"F","NAD83",NA,NA,NA,18040006,"dv",60,3,213159,NA,"wat",NA,1645423,0,"10/1/1986","9/30/2023",12783,"CA",c(-119.5195827, 37.2874456),FALSE,"PASS"
2952,"USGS",11243500,"PGE NO 3 CONDUIT NR BASS LAKE CA","CA","ST",37.2891122,-119.5298613,"F","NAD83",NA,NA,NA,18040006,"dv",60,3,213163,NA,"wat",NA,1645423,0,"10/1/1940","9/30/2023",30315,"CA",c(-119.5298613, 37.2891122),FALSE,"PASS"
2953,"USGS",11244000,"NF WILLOW C NR BASS LAKE CA","CA","ST",37.28883445,-119.530139,"F","NAD83",NA,NA,NA,18040006,"dv",60,3,213247,NA,"wat",NA,1645423,0,"10/1/1940","9/30/2024",30681,"CA",c(-119.530139, 37.28883445),FALSE,"PASS"
2955,"USGS",11244100,"SAN JOAQUIN PH NO3 NR NORTH FORK CA","CA","ST",37.2549467,-119.5193039,"F","NAD83",NA,NA,NA,18040006,"dv",60,3,213167,NA,"wat",NA,1645423,0,"10/1/1980","9/30/2023",15339,"CA",c(-119.5193039, 37.2549467),FALSE,"PASS"
2960,"USGS",11246500,"WILLOW C A MOUTH NR AUBERRY CA","CA","ST",37.1507812,-119.4604107,"F","NAD83",1174.69,0.01,"NGVD29",18040006,"dv",60,3,213773,NA,"wat",NA,1645423,0,"1/1/1952","9/30/2024",26572,"CA",c(-119.4604107, 37.1507812),FALSE,"PASS"
2961,"USGS",11246530,"BIG C PH NO 4 NR AUBERRY CA","CA","ST",37.13883716,-119.4898565,"F","NAD83",990,20,"NGVD29",18040006,"dv",60,3,213775,NA,"wat",NA,1645423,0,"10/1/1980","9/30/2024",15340,"CA",c(-119.4898565, 37.13883716),FALSE,"PASS"
2962,"USGS",11246570,"SAN JOAQUIN PH NO2 NR NORTH FORK CA","CA","ST",37.20161417,-119.4976352,"F","NAD83",NA,NA,NA,18040006,"dv",60,3,213186,NA,"wat",NA,1645423,0,"10/1/1980","9/30/2024",15705,"CA",c(-119.4976352, 37.20161417),FALSE,"PASS"
2963,"USGS",11246590,"SAN JOAQUIN PH NO1A NR AUBERRY CA","CA","ST",37.15828085,-119.4273536,"F","NAD83",NA,NA,NA,18040006,"dv",60,3,213187,NA,"wat",NA,1645423,0,"10/1/1980","9/30/2024",15705,"CA",c(-119.4273536, 37.15828085),FALSE,"PASS"
2964,"USGS",11246610,"SAN JOAQUIN PH NO1 NR AUBERRY (WISHON PH) CA","CA","ST",37.15328149,-119.5059686,"F","NAD83",NA,NA,NA,18040006,"dv",60,3,213189,NA,"wat",NA,1645423,0,"10/1/1980","9/30/2023",15339,"CA",c(-119.5059686, 37.15328149),FALSE,"PASS"
2965,"USGS",11246700,"SAN JOAQUIN R NR AUBERRY CA","CA","ST",37.1321706,-119.5315256,"F","NAD83",NA,NA,NA,18040006,"dv",60,3,213974,NA,"wat",NA,1645423,0,"10/1/1986","9/30/2024",13880,"CA",c(-119.5315256, 37.1321706),FALSE,"PASS"
2966,"USGS",11246950,"KERCKHOFF PH NR AUBERRY CA","CA","ST",37.09328219,-119.5526376,"F","NAD83",NA,NA,NA,18040006,"dv",60,3,213977,NA,"wat",NA,1645423,0,"10/1/1978","9/30/2024",15707,"CA",c(-119.5526376, 37.09328219),FALSE,"PASS"
2967,"USGS",11247000,"SAN JOAQUIN R BL KERCKHOFF PH NR PRATHER CA","CA","ST",37.07911569,-119.5609712,"F","NAD83",563.4,0.01,"NGVD29",18040006,"dv",60,3,9417,NA,"wat",NA,1645423,0,"4/1/1910","9/29/1981",15887,"CA",c(-119.5609712, 37.07911569),FALSE,"PASS"
2968,"USGS",11247050,"KERCKHOFF PH NO 2 A MILLERTON LK NR AUBERRY CA","CA","ST",37.0721713,-119.5579154,"S","NAD83",NA,NA,NA,18040006,"dv",60,3,214002,NA,"wat",NA,1645423,0,"10/1/1983","9/30/2024",14245,"CA",c(-119.5579154, 37.0721713),FALSE,"PASS"
2972,"USGS",11249500,"MADERA CN A FRIANT CA","CA","ST",37.0027273,-119.7068118,"F","NAD83",NA,NA,NA,18040006,"dv",60,3,213985,NA,"wat",NA,1645423,0,"10/1/1948","9/30/2023",27393,"CA",c(-119.7068118, 37.0027273),FALSE,"PASS"
2973,"USGS",11250000,"FRIANT-KERN CN A FRIANT CA","CA","ST",36.9980051,-119.7040338,"F","NAD83",NA,NA,NA,18040001,"dv",60,3,213986,NA,"wat",NA,1645423,0,"3/22/1949","9/30/2023",27143,"CA",c(-119.7040338, 36.9980051),FALSE,"PASS"
2976,"USGS",11251000,"SAN JOAQUIN R BL FRIANT CA","CA","ST",36.98439397,-119.7243124,"F","NAD83",296.55,0.16,"NAVD88",18040001,"dv",60,3,9427,NA,"wat",NA,1645423,0,"10/1/1907","2/14/2026",43206,"CA",c(-119.7243124, 36.98439397),FALSE,"PASS"
2986,"USGS",11253310,"CANTUA C NR CANTUA CREEK CA","CA","ST",36.40217399,-120.4334917,"F","NAD83",684.24,0.16,"NAVD88",18030009,"dv",60,3,9441,NA,"wat",NA,1645423,0,"10/1/1966","2/14/2026",21687,"CA",c(-120.4334917, 36.40217399),FALSE,"PASS"
2987,"USGS",11253500,"JAMES BYPASS (FRESNO SLOUGH) NR SAN JOAQUIN CA","CA","ST",36.65244895,-120.1812687,"F","NAD83",NA,NA,NA,18030009,"dv",60,3,9442,"[(2)]","wat",NA,1645423,0,"10/1/1947","9/30/2009",14573,"CA",c(-120.1812687, 36.65244895),FALSE,"PASS"
2988,"USGS",11253500,"JAMES BYPASS (FRESNO SLOUGH) NR SAN JOAQUIN CA","CA","ST",36.65244895,-120.1812687,"F","NAD83",NA,NA,NA,18030009,"dv",60,3,214005,NA,"wat",NA,1645423,0,"10/1/1947","9/30/2009",14573,"CA",c(-120.1812687, 36.65244895),FALSE,"PASS"
2989,"USGS",11254000,"SAN JOAQUIN R NR MENDOTA CA","CA","ST",36.8105046,-120.3782256,"S","NAD83",133.35,0.16,"NAVD88",18040001,"dv",60,3,9443,"[(2)]","wat",NA,1645423,0,"10/1/1939","12/8/2021",13517,"CA",c(-120.3782256, 36.8105046),FALSE,"PASS"
2996,"USGS",11257500,"FRESNO R NR KNOWLES CA","CA","ST",37.2371691,-119.7748763,"F","NAD83",1086.4,0.01,"NGVD29",18040007,"dv",60,3,9457,NA,"wat",NA,1645423,0,"10/1/1911","9/30/1990",27759,"CA",c(-119.7748763, 37.2371691),FALSE,"PASS"
2998,"USGS",11258000,"FRESNO R BL HIDDEN DAM NR DAULTON CA","CA","ST",37.09744734,-119.8896013,"F","NAD83",377.37,0.01,"NGVD29",18040007,"dv",60,3,9462,NA,"wat",NA,1645423,0,"10/1/1941","9/29/1990",17896,"CA",c(-119.8896013, 37.09744734),FALSE,"PASS"
3004,"USGS",11259000,"CHOWCHILLA R BL BUCHANAN DAM NR RAYMOND CA","CA","ST",37.21550105,-119.991276,"F","NAD83",407.32,0.01,"NGVD29",18040001,"dv",60,3,9475,NA,"wat",NA,1645423,0,"10/1/1921","9/30/1990",21547,"CA",c(-119.991276, 37.21550105),FALSE,"PASS"
3014,"USGS",11261100,"SALT SLOUGH A HWY 165 NR STEVINSON CA","CA","ST",37.2476912,-120.8521075,"S","NAD83",1.61,0.16,"NAVD88",18040001,"dv",60,3,9493,NA,"wat",NA,1645423,0,"10/1/1985","2/14/2026",14382,"CA",c(-120.8521075, 37.2476912),FALSE,"PASS"
3015,"USGS",11261500,"SAN JOAQUIN R A FREMONT FORD BRIDGE CA","CA","ST",37.3099115,-120.9309993,"S","NAD83",-0.49,0.16,"NAVD88",18040001,"dv",60,3,9500,NA,"wat",NA,1645423,0,"4/1/1937","2/14/2026",22888,"CA",c(-120.9309993, 37.3099115),FALSE,"PASS"
3019,"USGS",11262900,"MUD SLOUGH NR GUSTINE CA","CA","ST",37.26241267,-120.9065536,"S","NAD83",60.75,0.16,"NAVD88",18040001,"dv",60,3,9523,NA,"wat",NA,1645423,0,"10/1/1985","2/14/2026",14747,"CA",c(-120.9065536, 37.26241267),FALSE,"PASS"
3021,"USGS",11264500,"MERCED R A HAPPY ISLES BRIDGE NR YOSEMITE CA","CA","ST",37.73130354,-119.5590243,"S","NAD83",4020.46,0.16,"NAVD88",18040008,"dv",60,3,9532,NA,"wat",NA,1645423,0,"8/23/1915","2/14/2026",40354,"CA",c(-119.5590243, 37.73130354),FALSE,"PASS"
3022,"USGS",11265000,"TENAYA C NR YOSEMITE VILLAGE CA","CA","ST",37.7421477,-119.5579409,"F","NAD83",4000,20,"NGVD29",18040008,"dv",60,3,9533,NA,"wat",NA,1645423,0,"5/1/1912","9/29/1958",16953,"CA",c(-119.5579409, 37.7421477),FALSE,"PASS"
3025,"USGS",11266500,"MERCED R A POHONO BRIDGE NR YOSEMITE CA","CA","ST",37.71627778,-119.6656667,"5","NAD83",3864.88,0.33,"NAVD88",18040008,"dv",60,3,327887,NA,"wat",NA,1645423,0,"10/1/1916","2/14/2026",39949,"CA",c(-119.6656667, 37.71627778),FALSE,"PASS"
3027,"USGS",11267350,"BIG C DIV NR FISH CAMP CA","CA","ST",37.46938349,-119.6151512,"F","NAD83",NA,NA,NA,18040008,"dv",60,3,9540,NA,"wat",NA,1645423,0,"10/1/1969","10/1/2012",12146,"CA",c(-119.6151512, 37.46938349),FALSE,"PASS"
3032,"USGS",11268500,"MERCED R A BAGBY CA","CA","ST",37.61104447,-120.1315726,"F","NAD83",779.52,0.01,"NGVD29",18040008,"dv",60,3,9545,NA,"wat",NA,1645423,0,"10/1/1922","9/29/1966",15521,"CA",c(-120.1315726, 37.61104447),FALSE,"PASS"
3034,"USGS",11269700,"EXCHEQUER PH A EXCHEQUER CA","CA","ST",37.5835456,-120.2757438,"F","NAD83",NA,NA,NA,18040008,"dv",60,3,213196,NA,"wat",NA,1645423,0,"10/1/1973","9/30/2024",17166,"CA",c(-120.2757438, 37.5835456),FALSE,"PASS"
3035,"USGS",11270000,"MERCED R A EXCHEQUER CA","CA","ST",37.581879,-120.2801884,"F","NAD83",400,10,"NGVD29",18040008,"dv",60,3,9549,NA,"wat",NA,1645423,0,"4/1/1901","9/29/1964",22463,"CA",c(-120.2801884, 37.581879),FALSE,"PASS"
3037,"USGS",11270900,"MERCED R BL MERCED FALLS DAM NR SNELL CA","CA","ST",37.5216029,-120.3324114,"F","NAD83",NA,NA,NA,18040008,"dv",60,3,238143,NA,"wat",NA,1645423,0,"4/1/1901","9/30/2024",44379,"CA",c(-120.3324114, 37.5216029),FALSE,"PASS"
3042,"USGS",11272500,"MERCED R NR STEVINSON CA","CA","ST",37.3707436,-120.9304445,"S","NAD83",73,2.5,"NGVD29",18040008,"dv",60,3,9559,NA,"wat",NA,1645423,0,"10/1/1940","9/29/2010",23008,"CA",c(-120.9304445, 37.3707436),FALSE,"PASS"
3043,"USGS",11273000,"MERCED R SLOUGH NR NEWMAN CA","CA","ST",37.35993714,-120.9615943,"F","NAD83",NA,NA,NA,18040002,"dv",60,3,9562,NA,"wat",NA,1645423,0,"10/1/1941","9/29/1972",11322,"CA",c(-120.9615943, 37.35993714),FALSE,"PASS"
3045,"USGS",11274000,"SAN JOAQUIN R NR NEWMAN CA","CA","ST",37.35046585,-120.9771121,"F","NAD83",2.19,0.16,"NAVD88",18040002,"dv",60,3,9587,NA,"wat",NA,1645423,0,"5/1/1912","2/14/2026",41563,"CA",c(-120.9771121, 37.35046585),FALSE,"PASS"
3046,"USGS",11274500,"ORESTIMBA C NR NEWMAN CA","CA","ST",37.3154653,-121.125171,"F","NAD83",198.74,0.16,"NAVD88",18040002,"dv",60,3,9590,NA,"wat",NA,1645423,0,"4/1/1932","2/14/2026",34288,"CA",c(-121.125171, 37.3154653),FALSE,"PASS"
3048,"USGS",11274550,"SAN JOAQUIN R NR CROWS LANDING CA","CA","ST",37.43218889,-121.0133444,"5","NAD83",2.58,0.16,"NAVD88",18040002,"dv",60,3,9598,NA,"wat",NA,1645423,0,"10/1/1995","2/14/2026",11095,"CA",c(-121.0133444, 37.43218889),FALSE,"PASS"
3053,"USGS",11274630,"DEL PUERTO C NR PATTERSON CA","CA","ST",37.48657227,-121.2090645,"F","NAD83",198.8,0.16,"NAVD88",18040002,"dv",60,3,9621,NA,"wat",NA,1645423,0,"6/18/1965","2/14/2026",22156,"CA",c(-121.2090645, 37.48657227),FALSE,"PASS"
3057,"USGS",11275000,"FALLS C NR HETCH HETCHY CA","CA","ST",37.97075376,-119.7643429,"F","NAD83",5350,20,"NGVD29",18040009,"dv",60,3,9634,NA,"wat",NA,1645423,0,"10/1/1915","9/29/1983",24744,"CA",c(-119.7643429, 37.97075376),FALSE,"PASS"
3058,"USGS",11276500,"TUOLUMNE R NR HETCH HETCHY CA","CA","ST",37.93740877,-119.7982,"F","NAD83",3452.21,0.16,"NAVD88",18040009,"dv",60,3,9640,NA,"wat",NA,1645423,0,"10/1/1910","2/14/2026",42141,"CA",c(-119.7982, 37.93740877),FALSE,"PASS"
3059,"USGS",11276600,"TUOLUMNE R AB EARLY INTAKE NR MATHER CA","CA","ST",37.87935307,-119.947092,"F","NAD83",2405.47,0.16,"NAVD88",18040009,"dv",60,3,9644,NA,"wat",NA,1645423,0,"10/1/1970","2/14/2026",19862,"CA",c(-119.947092, 37.87935307),FALSE,"PASS"
3060,"USGS",11276900,"TUOLUMNE R BL EARLY INTAKE NR MATHER CA","CA","ST",37.88157506,-119.9701483,"F","NAD83",2220.55,0.26,"NAVD88",18040009,"dv",60,3,9645,NA,"wat",NA,1645423,0,"10/1/1966","2/14/2026",21665,"CA",c(-119.9701483, 37.88157506),FALSE,"PASS"
3061,"USGS",11277000,"CHERRY C NR HETCH HETCHY CA","CA","ST",37.99825414,-119.9010136,"F","NAD83",4500,20,"NGVD29",18040009,"dv",60,3,327890,NA,"wat",NA,1645423,0,"4/1/1910","9/29/1955",16618,"CA",c(-119.9010136, 37.99825414),FALSE,"PASS"
3063,"USGS",11277300,"CHERRY C BL VALLEY DAM NR HETCH HETCHY CA","CA","ST",37.96768499,-119.9173703,"F","NAD83",4342.68,0.26,"NAVD88",1.8e+11,"dv",60,3,9653,NA,"wat",NA,1645423,0,"11/1/1956","2/14/2026",25307,"CA",c(-119.9173703, 37.96768499),FALSE,"PASS"
3064,"USGS",11278000,"ELEANOR C NR HETCH HETCHY CA","CA","ST",37.96907415,-119.8820916,"F","NAD83",4514.69,0.16,"NAVD88",18040009,"dv",60,3,9662,NA,"wat",NA,1645423,0,"10/1/1909","2/14/2026",42495,"CA",c(-119.8820916, 37.96907415),FALSE,"PASS"
3066,"USGS",11278300,"CHERRY C NR EARLY INTAKE CA","CA","ST",37.89435266,-119.9626483,"F","NAD83",2274.55,0.16,"NAVD88",18040009,"dv",60,3,9664,NA,"wat",NA,1645423,0,"6/1/1956","2/14/2026",25097,"CA",c(-119.9626483, 37.89435266),FALSE,"PASS"
3067,"USGS",11278400,"CHERRY C BL DION R HOLM PH NR MATHER CA","CA","ST",37.890186,-119.9698706,"F","NAD83",2136.21,0.16,"NAVD88",18040009,"dv",60,3,9668,NA,"wat",NA,1645423,0,"4/1/1963","2/14/2026",22966,"CA",c(-119.9698706, 37.890186),FALSE,"PASS"
3071,"USGS",11281000,"SF TUOLUMNE R NR OAKLAND RECREATION CAMP CA","CA","ST",37.82159266,-120.0129616,"S","NAD83",2800,25,"NGVD29",18040009,"dv",60,3,9675,NA,"wat",NA,1645423,0,"4/1/1923","9/30/2002",28673,"CA",c(-120.0129616, 37.82159266),FALSE,"PASS"
3073,"USGS",11282000,"M TUOLUMNE R A OAKLAND RECREATION CAMP CA","CA","ST",37.82825915,-120.0115727,"S","NAD83",2800,25,"NGVD29",18040009,"dv",60,3,9677,NA,"wat",NA,1645423,0,"10/1/1916","9/30/2002",31046,"CA",c(-120.0115727, 37.82825915),FALSE,"PASS"
3080,"USGS",11283500,"CLAVEY R NR BUCK MEADOWS CA","CA","ST",37.90048017,-120.0718517,"S","NAD83",2374.08,0.01,"NGVD29",18040009,"dv",60,3,9686,NA,"wat",NA,1645423,0,"10/1/1959","6/13/1995",11942,"CA",c(-120.0718517, 37.90048017),FALSE,"PASS"
3081,"USGS",11284400,"BIG C AB WHITES GULCH NR GROVELAND CA","CA","ST",37.8418518,-120.1848757,"F","NAD83",2567.82,0.16,"NAVD88",18040009,"dv",60,3,327891,NA,"wat",NA,1645423,0,"5/1/1969","2/14/2026",20744,"CA",c(-120.1848757, 37.8418518),FALSE,"PASS"
3086,"USGS",11286500,"WOODS C NR JACKSONVILLE CA","CA","ST",37.8582606,-120.396861,"F","NAD83",653.65,0.01,"NGVD29",18040009,"dv",60,3,9707,NA,"wat",NA,1645423,0,"10/1/1925","9/29/1968",15705,"CA",c(-120.396861, 37.8582606),FALSE,"PASS"
3087,"USGS",11288000,"TUOLUMNE R AB LA GRANGE DAM NR LA GRANGE CA","CA","ST",37.7090976,-120.4132502,"F","NAD83",330,10,"NGVD29",18040009,"dv",60,3,9709,NA,"wat",NA,1645423,0,"10/1/1911","10/16/1970",21566,"CA",c(-120.4132502, 37.7090976),FALSE,"PASS"
3088,"USGS",11289000,"MODESTO CN NR LA GRANGE CA","CA","ST",37.67240817,-120.474881,"F","NAD83",270.3,0.16,"NAVD88",18040009,"dv",60,3,9710,NA,"wat",NA,1645423,0,"1/1/1909","2/14/2026",42778,"CA",c(-120.474881, 37.67240817),FALSE,"PASS"
3089,"USGS",11289500,"TURLOCK CN NR LA GRANGE CA","CA","ST",37.6657419,-120.4409912,"F","NAD83",280.17,0.16,"NAVD88",18040009,"dv",60,3,9711,NA,"wat",NA,1645423,0,"1899-07-01","2/14/2026",46250,"CA",c(-120.4409912, 37.6657419),FALSE,"PASS"
3091,"USGS",11289650,"TUOLUMNE R BL LAGRANGE DAM NR LAGRANGE CA","CA","ST",37.66629746,-120.4421023,"F","NAD83",172.6,0.16,"NAVD88",18040009,"dv",60,3,9716,NA,"wat",NA,1645423,0,"10/1/1970","2/14/2026",20226,"CA",c(-120.4421023, 37.66629746),FALSE,"PASS"
3092,"USGS",11289651,"COMBINED FLOW TUOLUMNE R + MODESTO CN + TURLOCK CN","CN","ST",37.666321,-120.4421394,"F","NAD83",NA,NA,NA,18040009,"dv",60,3,222408,NA,"wat",NA,1645423,0,"10/1/1970","2/14/2026",20173,"CA",c(-120.4421394, 37.666321),FALSE,"FAIL"
3095,"USGS",11290000,"TUOLUMNE R A MODESTO CA","CA","ST",37.627153,-120.9843777,"1","NAD83",2.46,0.26,"NAVD88",18040009,"dv",60,3,9722,NA,"wat",NA,1645423,0,"1895-01-01","2/14/2026",32097,"CA",c(-120.9843777, 37.627153),FALSE,"PASS"
3097,"USGS",11292000,"MF STANISLAUS R AT KENNEDY MDWS NR DARDANELLE CA","CA","ST",38.29741247,-119.7412867,"F","NAD83",6326.3,0.01,"NGVD29",18040010,"dv",60,3,213444,NA,"wat",NA,1645423,0,"10/1/1946","9/30/2025",28855,"CA",c(-119.7412867, 38.29741247),FALSE,"PASS"
3098,"USGS",11292500,"CLARK FORK STANISLAUS R NR DARDANELLE CA","CA","ST",38.36380105,-119.8712915,"F","NAD83",5507.3,0.01,"NGVD29",18040010,"dv",60,3,9734,NA,"wat",NA,1645423,0,"10/1/1950","9/30/1994",16071,"CA",c(-119.8712915, 38.36380105),FALSE,"PASS"
3102,"USGS",11292700,"MF STANISLAUS R A HELLS HALF ACRE BRIDGE CA","CA","ST",38.247138,-120.03463,"F","NAD83",3410.94,0.01,"NGVD29",18040010,"dv",60,3,213298,NA,"wat",NA,1645423,0,"3/1/1956","10/1/2025",25051,"CA",c(-120.03463, 38.247138),FALSE,"PASS"
3103,"USGS",11292820,"BEARDSLEY PH NR STRAWBERRY CA","CA","ST",38.20269508,-120.0768533,"F","NAD83",NA,NA,NA,18040010,"dv",60,3,213246,NA,"wat",NA,1645423,0,"10/1/1973","9/30/2020",17167,"CA",c(-120.0768533, 38.20269508),FALSE,"PASS"
3104,"USGS",11292860,"JW SOUTHERN PP A SND BAR DIV DAM NR LNG BRN CA","CA","ST",38.184363,-120.157689,"F","NAD83",NA,NA,NA,18040010,"dv",60,3,213248,NA,"wat",NA,1645423,0,"10/1/1986","9/30/2020",12419,"CA",c(-120.157689, 38.184363),FALSE,"PASS"
3105,"USGS",11292900,"MF STANISLAUS R BL BEARDSLEY DAM CA","CA","ST",38.19325109,-120.0990762,"F","NAD83",NA,NA,NA,18040010,"dv",60,3,213250,NA,"wat",NA,1645423,0,"12/19/1956","10/1/2025",25124,"CA",c(-120.0990762, 38.19325109),FALSE,"PASS"
3106,"USGS",11292901,"MF STANISLAUS R BL BEARDSLEY DAM TOTAL FLOW CA","CA","ST",38.19325109,-120.0990762,"F","NAD83",NA,NA,NA,18040010,"dv",60,3,213252,NA,"wat",NA,1645423,0,"10/1/1985","9/30/2020",12784,"CA",c(-120.0990762, 38.19325109),FALSE,"PASS"
3107,"USGS",11293000,"MF STANISLAUS R A SBF NR AVERY CA","CA","ST",38.186585,-120.142133,"F","NAD83",2755,10,"NGVD29",18040010,"dv",60,3,9747,NA,"wat",NA,1645423,0,"10/1/1905","9/29/1966",22279,"CA",c(-120.142133, 38.186585),FALSE,"PASS"
3111,"USGS",11293500,"NF STANISLAUS R BL SILVER C CA","CA","ST",38.4393563,-120.015741,"F","NAD83",6677.3,0.01,"NGVD29",18040010,"dv",60,3,9757,NA,"wat",NA,1645423,0,"10/1/1952","11/1/1987",12815,"CA",c(-120.015741, 38.4393563),FALSE,"PASS"
3112,"USGS",11293580,"NF STANISLAUS R DIV TUNNEL NR BIG MDW CA","CA","ST",38.41019006,-119.9957403,"F","NAD83",NA,NA,NA,18040010,"dv",60,3,216935,NA,"wat",NA,1645423,0,"12/31/1988","9/30/2024",13058,"CA",c(-119.9957403, 38.41019006),FALSE,"PASS"
3113,"USGS",11293600,"NF STANISLAUS R BL DIV D",NA,"ST",38.4343564,-120.0187968,"F","NAD83",6628,4.3,"NAVD88",18040010,"dv",60,3,216939,NA,"wat",NA,1645423,0,"10/1/1987","9/30/2024",13515,"CA",c(-120.0187968, 38.4343564),FALSE,"CHECK"
3117,"USGS",11293760,"NEW SPICER MDW DAM PP A NSMD NR B MDW CA","CA","ST",38.39241265,-119.9993515,"F","NAD83",NA,NA,NA,18040010,"dv",60,3,213452,NA,"wat",NA,1645423,0,"10/1/1993","9/30/2024",11323,"CA",c(-119.9993515, 38.39241265),FALSE,"PASS"
3118,"USGS",11294000,"HIGHLAND C BL SPICER MEADOWS RES CA","CA","ST",38.3929682,-119.9990737,"F","NAD83",6340,20,"NGVD29",18040010,"dv",60,3,216942,NA,"wat",NA,1645423,0,"10/1/1952","9/30/2024",26298,"CA",c(-119.9990737, 38.3929682),FALSE,"PASS"
3121,"USGS",11294500,"NF STANISLAUS R NR AVERY CA","CA","ST",38.2438067,-120.2910282,"F","NAD83",3388.3,0.01,"NGVD29",18040010,"dv",60,3,216944,NA,"wat",NA,1645423,0,"10/1/1914","9/30/2024",39082,"CA",c(-120.2910282, 38.2438067),FALSE,"PASS"
3124,"USGS",11295210,"BEAVER C DIV TO MCKAYS POINT RES NR ARNOLD CA","CA","ST",38.23352925,-120.2799164,"F","NAD83",NA,NA,NA,18040010,"dv",60,3,326024,NA,"wat",NA,1645423,0,"2/5/1990","9/30/2024",12657,"CA",c(-120.2799164, 38.23352925),FALSE,"PASS"
3125,"USGS",11295230,"BEAVER CR BL DIV DAM NR ARNOLD CA","CA","ST",38.2329737,-120.280472,"F","NAD83",NA,NA,NA,18040010,"dv",60,3,213454,NA,"wat",NA,1645423,0,"2/1/1990","9/30/2024",12661,"CA",c(-120.280472, 38.2329737),FALSE,"PASS"
3126,"USGS",11295240,"UTICA CA A PRESSURE TAP NR HATHAWAY PINES CA","CA","ST",38.19241898,-120.3549186,"F","NAD83",3160,20,"NGVD29",18040010,"dv",60,3,213477,NA,"wat",NA,1645423,0,"10/1/1989","9/30/2025",13148,"CA",c(-120.3549186, 38.19241898),FALSE,"PASS"
3127,"USGS",11295250,"COLLIERVILLE PP NR MURPHYS CA","CA","ST",38.14242024,-120.3785296,"F","NAD83",NA,NA,NA,18040010,"dv",60,3,213457,NA,"wat",NA,1645423,0,"2/1/1990","9/30/2024",12660,"CA",c(-120.3785296, 38.14242024),FALSE,"PASS"
3128,"USGS",11295270,"NF STANISLAUS R BL MCKAYS POINT DAM NR AVERY CA","CA","ST",38.2326959,-120.293528,"F","NAD83",NA,NA,NA,18040010,"dv",60,3,216945,NA,"wat",NA,1645423,0,"8/1/1989","9/30/2024",12845,"CA",c(-120.293528, 38.2326959),FALSE,"PASS"
3129,"USGS",11295300,"NF STANISLAUS R BL BEAVER C NR HATHAWAY PINES CA","CA","ST",38.2071409,-120.3171396,"F","NAD83",NA,NA,NA,18040010,"dv",60,3,213458,NA,"wat",NA,1645423,0,"2/1/1990","9/29/2024",12660,"CA",c(-120.3171396, 38.2071409),FALSE,"PASS"
3134,"USGS",11295505,"STANISLAUS PP NR HATHAWAY PINES CA","CA","ST",38.13964256,-120.3704737,"S","NAD83",1100,20,"NGVD29",18040010,"dv",60,3,296093,NA,"wat",NA,1645423,0,"10/1/1993","9/30/2025",11688,"CA",c(-120.3704737, 38.13964256),FALSE,"PASS"
3136,"USGS",11296500,"SF STANISLAUS R A STRAWBERRY CA","CA","ST",38.19741675,-120.0085176,"F","NAD83",5235.1,0.01,"NGVD29",18040010,"dv",60,3,213471,NA,"wat",NA,1645423,0,"8/19/1938","9/30/2025",31820,"CA",c(-120.0085176, 38.19741675),FALSE,"PASS"
3137,"USGS",11297000,"PHILADELPHIA CN NR STRAWBERRY CA","CA","ST",38.1782509,-120.0465743,"F","NAD83",4960,20,"NGVD29",18040010,"dv",60,3,213481,NA,"wat",NA,1645423,0,"10/1/1939","9/30/2025",31412,"CA",c(-120.0465743, 38.1782509),FALSE,"PASS"
3138,"USGS",11297200,"SF STANISLAUS R NR STRAWBERRY CA","CA","ST",38.1776954,-120.046852,"F","NAD83",NA,NA,NA,18040010,"dv",60,3,213482,NA,"wat",NA,1645423,0,"10/1/1975","9/30/2025",13670,"CA",c(-120.046852, 38.1776954),FALSE,"PASS"
3139,"USGS",11297500,"TUOLUMNE CN NR LONG BARN CA","CA","ST",38.0929765,-120.1685215,"F","NAD83",4110,20,"NGVD29",18040010,"dv",60,3,232813,NA,"wat",NA,1645423,0,"10/1/1937","9/30/2025",32142,"CA",c(-120.1685215, 38.0929765),FALSE,"PASS"
3140,"USGS",11298000,"SF STANISLAUS R NR LONG BARN CA","CA","ST",38.09242097,-120.1687993,"F","NAD83",4073.4,0.01,"NGVD29",18040010,"dv",60,3,213484,NA,"wat",NA,1645423,0,"10/1/1937","9/30/2025",32019,"CA",c(-120.1687993, 38.09242097),FALSE,"PASS"
3144,"USGS",11299500,"STANISLAUS R BL MELONES PH NR SONORA CA","CA","ST",37.94714745,-120.5301993,"F","NAD83",NA,NA,NA,18040010,"dv",60,3,296098,NA,"wat",NA,1645423,0,"2/1/1931","9/29/1967",13390,"CA",c(-120.5301993, 37.94714745),FALSE,"PASS"
3145,"USGS",11299600,"BLACK C NR COPPEROPOLIS CA","CA","ST",37.96103615,-120.6152035,"F","NAD83",748.73,0.16,"NAVD88",18040010,"dv",60,3,9809,NA,"wat",NA,1645423,0,"8/24/1983","2/14/2026",15516,"CA",c(-120.6152035, 37.96103615),FALSE,"PASS"
3146,"USGS",11299996,"TULLOCH PH NR KNIGHTS FERRY CA","CA","ST",37.87603788,-120.6052025,"F","NAD83",NA,NA,NA,18040010,"dv",60,3,213253,NA,"wat",NA,1645423,0,"10/1/1974","9/30/2020",14246,"CA",c(-120.6052025, 37.87603788),FALSE,"PASS"
3148,"USGS",11300500,"S SAN JOAQUIN CN NR KNIGHTS FERRY CA","CA","ST",37.85437157,-120.6382594,"F","NAD83",NA,NA,NA,18040010,"dv",60,3,213269,NA,"wat",NA,1645423,0,"5/1/1914","10/1/2024",39602,"CA",c(-120.6382594, 37.85437157),FALSE,"PASS"
3152,"USGS",11301000,"OAKDALE CN NR KNIGHTS FERRY CA","CA","ST",37.85881594,-120.6332592,"F","NAD83",NA,NA,NA,18040010,"dv",60,3,213272,NA,"wat",NA,1645423,0,"5/3/1914","10/1/2024",39527,"CA",c(-120.6332592, 37.85881594),FALSE,"PASS"
3153,"USGS",11302000,"STANISLAUS R BL GOODWIN DAM NR KNIGHTS FERRY CA","CA","ST",37.85159385,-120.6379816,"F","NAD83",NA,NA,NA,18040010,"dv",60,3,213275,NA,"wat",NA,1645423,0,"2/1/1957","10/1/2024",24715,"CA",c(-120.6379816, 37.85159385),FALSE,"PASS"
3155,"USGS",11303000,"STANISLAUS R A RIPON CA","CA","ST",37.72962389,-121.110454,"S","NAD83",2.83,0.26,"NAVD88",18040010,"dv",60,3,9833,NA,"wat",NA,1645423,0,"10/1/1940","2/14/2026",31183,"CA",c(-121.110454, 37.72962389),FALSE,"PASS"
3156,"USGS",11303500,"SAN JOAQUIN R NR VERNALIS CA","CA","ST",37.67601249,-121.2662907,"S","NAD83",2.57,0.16,"NAVD88",18040003,"dv",60,3,9840,NA,"wat",NA,1645423,0,"10/1/1923","2/14/2026",35566,"CA",c(-121.2662907, 37.67601249),FALSE,"PASS"
3167,"USGS",11309000,"COSGROVE C NR VALLEY SPRINGS CA","CA","ST",38.15325329,-120.836881,"F","NAD83",547.8,0.01,"NGVD29",18040011,"dv",60,3,9874,NA,"wat",NA,1645423,0,"10/1/1929","9/29/1969",14609,"CA",c(-120.836881, 38.15325329),FALSE,"PASS"
3168,"USGS",11309500,"CALAVERAS R A JENNY LIND CA","CA","ST",38.0888106,-120.8657702,"F","NAD83",NA,NA,NA,18040011,"dv",60,3,9875,NA,"wat",NA,1645423,0,"1/1/1907","9/29/1966",21546,"CA",c(-120.8657702, 38.0888106),FALSE,"PASS"
3171,"USGS",11312000,"BEAR C NR LOCKEFORD CA","CA","ST",38.1526967,-121.1388332,"F","NAD83",80.68,0.01,"NGVD29",18040003,"dv",60,3,9879,NA,"wat",NA,1645423,0,"10/1/1930","9/29/1985",20088,"CA",c(-121.1388332, 38.1526967),FALSE,"PASS"
3173,"USGS",11313000,"DELTA-MENDOTA CN A TRACY PP NR TRACY CA","CA","ST",37.79687204,-121.5852273,"F","NAD83",NA,NA,NA,18040003,"dv",60,3,213276,NA,"wat",NA,1645423,0,"6/1/1951","9/30/2009",21307,"CA",c(-121.5852273, 37.79687204),FALSE,"PASS"
3178,"USGS",11313510,"SALT SPRINGS PH NR WEST POINT CA","CA","ST",38.49796756,-120.2182488,"F","NAD83",NA,NA,NA,18040012,"dv",60,3,213491,NA,"wat",NA,1645423,0,"10/1/1980","9/30/2024",16071,"CA",c(-120.2182488, 38.49796756),FALSE,"PASS"
3179,"USGS",11314000,"TIGER C PH COND BL SALT SPRINGS DAM CA","CA","ST",38.4957454,-120.2207489,"F","NAD83",NA,NA,NA,18040012,"dv",60,3,213492,NA,"wat",NA,1645423,0,"7/1/1931","9/30/2024",34061,"CA",c(-120.2207489, 38.4957454),FALSE,"PASS"
3180,"USGS",11314500,"NF MOKELUMNE R BL SALT SPRINGS DAM CA","CA","ST",38.4935232,-120.2210266,"F","NAD83",NA,NA,NA,18040012,"dv",60,3,296101,NA,"wat",NA,1645423,0,"10/1/1926","9/30/2024",35795,"CA",c(-120.2210266, 38.4935232),FALSE,"PASS"
3181,"USGS",11315000,"COLE C NR SALT SPRINGS DAM CA","CA","ST",38.5190783,-120.2126928,"F","NAD83",5920,20,"NGVD29",18040012,"dv",60,3,213496,NA,"wat",NA,1645423,0,"10/1/1927","9/30/2024",35065,"CA",c(-120.2126928, 38.5190783),FALSE,"PASS"
3184,"USGS",11315900,"BEAR R BL LO BEAR R DAM CA","CA","ST",38.5363004,-120.2576942,"F","NAD83",5530,20,"NGVD29",18040012,"dv",60,3,213500,NA,"wat",NA,1645423,0,"12/3/1987","9/30/2024",11746,"CA",c(-120.2576942, 38.5363004),FALSE,"PASS"
3185,"USGS",11316000,"BEAR R NR SALT SPRINGS DAM CA","CA","ST",38.49352287,-120.2893623,"F","NAD83",NA,NA,NA,18040012,"dv",60,3,326034,NA,"wat",NA,1645423,0,"10/1/1951","9/29/1987",13148,"CA",c(-120.2893623, 38.49352287),FALSE,"PASS"
3188,"USGS",11316600,"NF MOKELUMNE R AB TIGER C CA","CA","ST",38.4465771,-120.4902023,"F","NAD83",NA,NA,NA,18040012,"dv",60,3,9947,NA,"wat",NA,1645423,0,"10/1/1969","9/30/2001",11688,"CA",c(-120.4902023, 38.4465771),FALSE,"PASS"
3190,"USGS",11316610,"TIGER C PH NR WEST POINT CA","CA","ST",38.44907699,-120.4929802,"F","NAD83",NA,NA,NA,18040012,"dv",60,3,213506,NA,"wat",NA,1645423,0,"10/1/1980","9/30/2024",16071,"CA",c(-120.4929802, 38.44907699),FALSE,"PASS"
3191,"USGS",11316670,"NF MOKELUMNE R BL TIGER C RES NR WEST PT CA","CA","ST",38.44018829,-120.504925,"F","NAD83",NA,NA,NA,18040012,"dv",60,3,213507,NA,"wat",NA,1645423,0,"9/30/1985","9/30/2024",11392,"CA",c(-120.504925, 38.44018829),FALSE,"PASS"
3192,"USGS",11316700,"NF MOKELUMNE R BL ELECTR DIV DAM NR WEST PT CA","CA","ST",38.4207444,-120.5499267,"F","NAD83",NA,NA,NA,18040012,"dv",60,3,213508,NA,"wat",NA,1645423,0,"9/30/1985","9/30/2024",11653,"CA",c(-120.5499267, 38.4207444),FALSE,"PASS"
3193,"USGS",11316800,"FOREST C NR WILSEYVILLE CA","CA","ST",38.40324566,-120.4468676,"F","NAD83",2950,20,"NGVD29",18040012,"dv",60,3,214064,NA,"wat",NA,1645423,0,"8/1/1960","9/30/2024",23437,"CA",c(-120.4468676, 38.40324566),FALSE,"PASS"
3194,"USGS",11317000,"MF MOKELUMNE R A WEST POINT CA","CA","ST",38.3896344,-120.5265927,"F","NAD83",2450,20,"NGVD29",18040012,"dv",60,3,214065,NA,"wat",NA,1645423,0,"10/1/1911","9/30/2024",41274,"CA",c(-120.5265927, 38.3896344),FALSE,"PASS"
3197,"USGS",11318500,"SF MOKELUMNE R NR WEST POINT CA","CA","ST",38.36824625,-120.5454823,"F","NAD83",1950,20,"NGVD29",18040012,"dv",60,3,214066,NA,"wat",NA,1645423,0,"10/1/1933","9/30/2024",33238,"CA",c(-120.5454823, 38.36824625),FALSE,"PASS"
3198,"USGS",11319500,"MOKELUMNE R NR MOKELUMNE HILL CA","CA","ST",38.3126926,-120.7202112,"F","NAD83",584.88,0.01,"NGVD29",18040012,"dv",60,3,214067,NA,"wat",NA,1645423,0,"10/1/1927","9/30/2024",35430,"CA",c(-120.7202112, 38.3126926),FALSE,"PASS"
3199,"USGS",11321000,"MOKELUMNE R A LANCHA PLANA CA","CA","ST",38.22352898,-120.8899385,"F","NAD83",NA,NA,NA,18040012,"dv",60,3,9963,NA,"wat",NA,1645423,0,"6/23/1926","9/29/1963",13521,"CA",c(-120.8899385, 38.22352898),FALSE,"PASS"
3202,"USGS",11323500,"MOKELUMNE R BL CAMANCHE DAM CA","CA","ST",38.2261111,-121.0233333,"S","NAD83",82.71,0.01,"NGVD29",18040012,"dv",60,3,214071,NA,"wat",NA,1645423,0,"10/1/1904","9/30/2024",43830,"CA",c(-121.0233333, 38.2261111),FALSE,"PASS"
3203,"USGS",11325000,"WOODBRIDGE CN A WOODBRIDGE CA","CA","ST",38.1524182,-121.3018925,"F","NAD83",NA,NA,NA,18040012,"dv",60,3,213291,NA,"wat",NA,1645423,0,"4/28/1926","9/30/2024",35951,"CA",c(-121.3018925, 38.1524182),FALSE,"PASS"
3204,"USGS",11325500,"MOKELUMNE R A WOODBRIDGE CA","CA","ST",38.15852914,-121.3035592,"F","NAD83",14.9,0.01,"NGVD29",18040012,"dv",60,3,228917,NA,"wat",NA,1645423,0,"6/1/1924","9/30/2024",35683,"CA",c(-121.3035592, 38.15852914),FALSE,"PASS"
3211,"USGS",11329500,"DRY C NR GALT CA","CA","ST",38.24825195,-121.2276032,"F","NAD83",-9.36,0.16,"NAVD88",1.8e+11,"dv",60,3,9983,NA,"wat",NA,1645423,0,"10/1/1926","2/14/2026",19185,"CA",c(-121.2276032, 38.24825195),FALSE,"PASS"
3216,"USGS",11333000,"CAMP C NR SOMERSET CA","CA","ST",38.65712715,-120.6638189,"F","NAD83",1820,20,"NGVD29",18040013,"dv",60,3,9988,NA,"wat",NA,1645423,0,"10/1/1954","9/29/2004",18262,"CA",c(-120.6638189, 38.65712715),FALSE,"PASS"
3217,"USGS",11333500,"NF COSUMNES R NR EL DORADO CA","CA","ST",38.5887949,-120.8449367,"F","NAD83",840,20,"NGVD29",18040013,"dv",60,3,205414,NA,"wat",NA,1645423,0,"10/1/1911","9/29/1987",25201,"CA",c(-120.8449367, 38.5887949),FALSE,"PASS"
3221,"USGS",11335000,"COSUMNES R A MICHIGAN BAR CA","CA","ST",38.5001656,-121.0451852,"F","NAD83",170.68,0.16,"NAVD88",18040013,"dv",60,3,296112,NA,"wat",NA,1645423,0,"10/1/1907","2/14/2026",43237,"CA",c(-121.0451852, 38.5001656),FALSE,"PASS"
3224,"USGS",11336000,"COSUMNES R A MCCONNELL CA","CA","ST",38.3579675,-121.343839,"F","NAD83",NA,NA,NA,18040013,"dv",60,3,10007,NA,"wat",NA,1645423,0,"10/1/1941","10/15/1982",14990,"CA",c(-121.343839, 38.3579675),FALSE,"PASS"
3226,"USGS",11336580,"MORRISON C NR SACRAMENTO CA","CA","ST",38.49851847,-121.4527317,"F","NAD83",10.08,0.5,"NAVD88",18020163,"dv",60,3,10009,NA,"wat",NA,1645423,0,"8/1/1959","11/27/2017",17651,"CA",c(-121.4527317, 38.49851847),FALSE,"PASS"
3228,"USGS",11337000,"CONTRA COSTA CN NR OAKLEY CA","CA","ST",37.9954775,-121.701898,"F","NAD83",20,2,"NGVD29",18040003,"dv",60,3,213318,NA,"wat",NA,1645423,0,"2/1/1950","9/30/2001",17409,"CA",c(-121.701898, 37.9954775),FALSE,"PASS"
3229,"USGS",11337500,"MARSH C NR BYRON CA","CA","ST",37.87325835,-121.7271752,"F","NAD83",177.87,0.01,"NGVD29",18040003,"dv",60,3,10041,NA,"wat",NA,1645423,0,"4/1/1953","9/29/1983",11139,"CA",c(-121.7271752, 37.87325835),FALSE,"PASS"
3235,"USGS",11342000,"SACRAMENTO R A DELTA CA","CA","ST",40.93959397,-122.4172351,"F","NAD83",1077.96,0.16,"NAVD88",18020005,"dv",60,3,10051,NA,"wat",NA,1645423,0,"10/1/1944","2/14/2026",29722,"CA",c(-122.4172351, 40.93959397),FALSE,"PASS"
3241,"USGS",11345500,"SF PIT R NR LIKELY CA","CA","ST",41.2306851,-120.437154,"F","NAD83",4511.64,0.16,"NAVD88",18020002,"dv",60,3,10057,NA,"wat",NA,1645423,0,"10/1/1928","2/14/2026",35565,"CA",c(-120.437154, 41.2306851),FALSE,"PASS"
3247,"USGS",11348500,"PIT R NR CANBY CA","CA","ST",41.40600116,-120.9277458,"F","NAD83",4270.11,0.16,"NAVD88",18020002,"dv",60,3,10066,NA,"wat",NA,1645423,0,"1/1/1904","2/14/2026",35600,"CA",c(-120.9277458, 41.40600116),FALSE,"PASS"
3250,"USGS",11350500,"ASH C A ADIN CA","CA","ST",41.19822445,-120.9433005,"F","NAD83",NA,NA,NA,18020002,"dv",60,3,10069,NA,"wat",NA,1645423,0,"4/1/1904","9/30/1982",11263,"CA",c(-120.9433005, 41.19822445),FALSE,"PASS"
3258,"USGS",11352000,"PIT R NR BIEBER CA","CA","ST",41.0151662,-121.154694,"F","NAD83",4080.4,0.01,"NGVD29",18020002,"dv",60,3,296115,NA,"wat",NA,1645423,0,"4/1/1904","9/29/1975",13145,"CA",c(-121.154694, 41.0151662),FALSE,"PASS"
3264,"USGS",11354200,"PIT NO 1 PH NR FALL RIVER MILLS CA","CA","ST",40.99099584,-121.4980378,"F","NAD83",NA,NA,NA,18020003,"dv",60,3,214129,NA,"wat",NA,1645423,0,"10/1/1986","9/30/2024",13880,"CA",c(-121.4980378, 40.99099584),FALSE,"PASS"
3269,"USGS",11355000,"PIT R AT FALL RIVER MILLS CA","CA","ST",40.991552,-121.4385915,"F","NAD83",3235,10,"NGVD29",18020003,"dv",60,3,10089,NA,"wat",NA,1645423,0,"4/1/1921","9/29/1951",10957,"CA",c(-121.4385915, 40.991552),FALSE,"PASS"
3270,"USGS",11355010,"PIT R BL PIT NO 1 PH NR FALL RIVER MILLS CA","CA","ST",40.9832178,-121.511927,"F","NAD83",2801.9,0.16,"NAVD88",18020003,"dv",60,3,10090,NA,"wat",NA,1645423,0,"8/1/1975","2/14/2026",18461,"CA",c(-121.511927, 40.9832178),FALSE,"PASS"
3271,"USGS",11355500,"HAT C NR HAT CREEK CA","CA","ST",40.6891111,-121.4228056,"S","NAD83",4293.57,0.16,"NAVD88",18020003,"dv",60,3,296116,NA,"wat",NA,1645423,0,"7/7/1926","2/14/2026",28158,"CA",c(-121.4228056, 40.6891111),FALSE,"PASS"
3278,"USGS",11358700,"HAT C BL HAT NO 1 DIV DAM NR BURNEY CA","CA","ST",40.918772,-121.5516499,"F","NAD83",3180,10,"NGVD29",18020003,"dv",60,3,214141,NA,"wat",NA,1645423,0,"10/1/1983","9/25/2024",11309,"CA",c(-121.5516499, 40.918772),FALSE,"PASS"
3279,"USGS",11358800,"HAT C NO 1 PH NR BURNEY CA","CA","ST",40.92905,-121.5447053,"F","NAD83",NA,NA,NA,18020003,"dv",60,3,214142,NA,"wat",NA,1645423,0,"10/1/1986","9/30/2024",13880,"CA",c(-121.5447053, 40.92905),FALSE,"PASS"
3283,"USGS",11359300,"HAT C NO 2 PH NR BURNEY CA","CA","ST",40.96043925,-121.5485946,"F","NAD83",NA,NA,NA,18020003,"dv",60,3,216842,NA,"wat",NA,1645423,0,"10/1/1979","9/30/2024",16437,"CA",c(-121.5485946, 40.96043925),FALSE,"PASS"
3290,"USGS",11362300,"PIT NO 3 PH NR BURNEY CA","CA","ST",40.996826,-121.7477675,"F","NAD83",NA,NA,NA,18020003,"dv",60,3,216847,NA,"wat",NA,1645423,0,"10/1/1973","9/30/2024",18628,"CA",c(-121.7477675, 40.996826),FALSE,"PASS"
3291,"USGS",11362500,"PIT R BL PIT NO 4 DAM CA","CA","ST",40.97349199,-121.7794355,"F","NAD83",NA,NA,NA,18020003,"dv",60,3,216849,NA,"wat",NA,1645423,0,"6/21/1927","9/30/2024",35532,"CA",c(-121.7794355, 40.97349199),FALSE,"PASS"
3292,"USGS",11362600,"PIT R NO 4 PH NR BURNEY CA","CA","ST",40.98626916,-121.8499935,"F","NAD83",NA,NA,NA,18020003,"dv",60,3,216851,NA,"wat",NA,1645423,0,"10/1/1969","9/30/2024",18993,"CA",c(-121.8499935, 40.98626916),FALSE,"PASS"
3293,"USGS",11362700,"PIT NO 5 PP NR BIG BEND CA","CA","ST",40.98598998,-121.9774982,"F","NAD83",NA,NA,NA,18020003,"dv",60,3,216853,NA,"wat",NA,1645423,0,"10/1/1974","9/30/2024",18262,"CA",c(-121.9774982, 40.98598998),FALSE,"PASS"
3296,"USGS",11362890,"NELSON C RELEASE WEIR BL PP DIV NR BIG BEND CA","CA","ST",41.04210268,-121.8772172,"S","NAD83",2320,20,"NGVD29",18020003,"dv",60,3,216896,NA,"wat",NA,1645423,0,"10/1/1991","9/30/2024",10993,"CA",c(-121.8772172, 41.04210268),FALSE,"PASS"
3301,"USGS",11363000,"PIT R A BIG BEND CA","CA","ST",41.01932436,-121.911107,"F","NAD83",NA,NA,NA,18020003,"dv",60,3,217012,NA,"wat",NA,1645423,0,"10/1/1910","9/30/2024",41620,"CA",c(-121.911107, 41.01932436),FALSE,"PASS"
3303,"USGS",11363910,"JAMES B BLACK PH NR BIG BEND CA","CA","ST",40.98654554,-121.9774982,"F","NAD83",NA,NA,NA,18020003,"dv",60,3,217013,NA,"wat",NA,1645423,0,"1/1/1966","9/30/2024",21458,"CA",c(-121.9774982, 40.98654554),FALSE,"PASS"
3304,"USGS",11363930,"IRON CANYON C BL IRON CANYON DAM NR BIG BEND CA","CA","ST",41.03932379,-121.9852764,"S","NAD83",2461.52,0.05,"NGVD29",18020003,"dv",60,3,10127,"[(2)]","wat",NA,1645423,0,"9/1/1966","9/30/2016",18080,"CA",c(-121.9852764, 41.03932379),FALSE,"PASS"
3305,"USGS",11363930,"IRON CANYON C BL IRON CANYON DAM NR BIG BEND CA","CA","ST",41.03932379,-121.9852764,"S","NAD83",2461.52,0.05,"NGVD29",18020003,"dv",60,3,217015,NA,"wat",NA,1645423,0,"9/1/1966","9/30/2024",20936,"CA",c(-121.9852764, 41.03932379),FALSE,"PASS"
3307,"USGS",11364150,"PIT R NO 6 PH NR MONTGOMERY CREEK CA","CA","ST",40.9207115,-121.9927764,"F","NAD83",NA,NA,NA,18020003,"dv",60,3,217022,NA,"wat",NA,1645423,0,"10/1/1973","9/30/2024",18628,"CA",c(-121.9927764, 40.9207115),FALSE,"PASS"
3312,"USGS",11364800,"PIT NO 7 PH NR MONTGOMERY CREEK CA","CA","ST",40.8462664,-121.995554,"F","NAD83",NA,NA,NA,18020003,"dv",60,3,263485,NA,"wat",NA,1645423,0,"10/1/1971","9/30/2024",18629,"CA",c(-121.995554, 40.8462664),FALSE,"PASS"
3313,"USGS",11365000,"PIT R NR MONTGOMERY CREEK CA","CA","ST",40.84376636,-122.0024986,"F","NAD83",1000,20,"NGVD29",18020003,"dv",60,3,296121,NA,"wat",NA,1645423,0,"10/1/1944","9/30/2024",29038,"CA",c(-122.0024986, 40.84376636),FALSE,"PASS"
3316,"USGS",11366500,"PIT R NR YDALPOM CA","CA","ST",40.76320639,-122.2361152,"F","NAD83",735,20,"NGVD29",18020003,"dv",60,3,10139,NA,"wat",NA,1645423,0,"10/1/1910","9/29/1943",12052,"CA",c(-122.2361152, 40.76320639),FALSE,"PASS"
3320,"USGS",11367500,"MCCLOUD R NR MCCLOUD CA","CA","ST",41.18821296,-122.065557,"F","NAD83",2711.2,0.01,"NGVD29",18020004,"dv",60,3,217118,NA,"wat",NA,1645423,0,"4/1/1931","9/30/2024",34152,"CA",c(-122.065557, 41.18821296),FALSE,"PASS"
3322,"USGS",11367720,"MCCLOUD-IRON CANYON DIVER TUNNEL NR MCCLOUD CA","CA","ST",41.13487886,-122.0750017,"F","NAD83",NA,NA,NA,18020004,"dv",60,3,217119,NA,"wat",NA,1645423,0,"10/1/1965","9/30/2024",21522,"CA",c(-122.0750017, 41.13487886),FALSE,"PASS"
3323,"USGS",11367760,"MCCLOUD R BL MCCLOUD DAM NR MCCLOUD CA","CA","ST",41.12515666,-122.0686126,"F","NAD83",NA,NA,NA,18020004,"dv",60,3,217122,NA,"wat",NA,1645423,0,"5/1/1966","9/30/2024",19288,"CA",c(-122.0686126, 41.12515666),FALSE,"PASS"
3324,"USGS",11367800,"MCCLOUD R A AH-DI-NA NR MCCLOUD CA","CA","ST",41.1107115,-122.0961134,"F","NAD83",NA,NA,NA,18020004,"dv",60,3,217124,NA,"wat",NA,1645423,0,"10/1/1964","9/30/2024",21876,"CA",c(-122.0961134, 41.1107115),FALSE,"PASS"
3325,"USGS",11368000,"MCCLOUD R AB SHASTA LK CA","CA","ST",40.9582079,-122.2197275,"F","NAD83",1100,20,"NGVD29",18020004,"dv",60,3,217495,NA,"wat",NA,1645423,0,"10/1/1945","9/30/2024",28490,"CA",c(-122.2197275, 40.9582079),FALSE,"PASS"
3327,"USGS",11369000,"MCCLOUD R A BAIRD CA","CA","ST",40.78042805,-122.3011177,"F","NAD83",700,20,"NGVD29",18020004,"dv",60,3,10151,NA,"wat",NA,1645423,0,"10/1/1910","9/29/1943",12052,"CA",c(-122.3011177, 40.78042805),FALSE,"PASS"
3329,"USGS",11370500,"SACRAMENTO R A KESWICK CA","CA","ST",40.6009835,-122.4444553,"F","NAD83",482.83,0.26,"NAVD88",18020154,"dv",60,3,10158,NA,"wat",NA,1645423,0,"10/1/1938","2/14/2026",31914,"CA",c(-122.4444553, 40.6009835),FALSE,"PASS"
3331,"USGS",11371000,"CLEAR C A FRENCH GULCH CA","CA","ST",40.6948699,-122.6366845,"F","NAD83",1320.6,0.01,"NGVD29",18020154,"dv",60,3,326046,NA,"wat",NA,1645423,0,"10/1/1950","9/30/1993",15706,"CA",c(-122.6366845, 40.6948699),FALSE,"PASS"
3333,"USGS",11371600,"SPRING C PH A KESWICK CA","CA","ST",40.62792758,-122.467512,"F","NAD83",NA,NA,NA,18020154,"dv",60,3,217516,NA,"wat",NA,1645423,0,"1/1/1964","9/30/2024",22189,"CA",c(-122.467512, 40.62792758),FALSE,"PASS"
3334,"USGS",11372000,"CLEAR C NR IGO CA","CA","ST",40.51320587,-122.5241795,"F","NAD83",675.79,0.16,"NAVD88",18020154,"dv",60,3,10170,NA,"wat",NA,1645423,0,"10/1/1940","2/14/2026",31182,"CA",c(-122.5241795, 40.51320587),FALSE,"PASS"
3337,"USGS",11372080,"S COW C CN DIV TO S COW C NR WHITMORE CA","CA","ST",40.59293278,-121.9824958,"F","NAD83",1560,20,"NGVD29",18020151,"dv",60,3,217507,NA,"wat",NA,1645423,0,"5/25/1984","3/11/2023",12473,"CA",c(-121.9824958, 40.59293278),FALSE,"PASS"
3339,"USGS",11372325,"KILARC CN DIV TO OLD COW C NR WHITMORE CA","CA","ST",40.6868225,-121.8086035,"F","NAD83",NA,NA,NA,18020151,"dv",60,3,217508,NA,"wat",NA,1645423,0,"1/8/1983","5/2/2019",12192,"CA",c(-121.8086035, 40.6868225),FALSE,"PASS"
3345,"USGS",11374000,"COW C NR MILLVILLE CA","CA","ST",40.50487467,-122.2330577,"F","NAD83",387.66,0.16,"NAVD88",18020151,"dv",60,3,10185,NA,"wat",NA,1645423,0,"10/1/1949","2/14/2026",27896,"CA",c(-122.2330577, 40.50487467),FALSE,"PASS"
3360,"USGS",11376000,"COTTONWOOD C NR COTTONWOOD CA","CA","ST",40.38709797,-122.2386119,"F","NAD83",366.52,0.16,"NAVD88",18020152,"dv",60,3,10221,NA,"wat",NA,1645423,0,"10/1/1940","2/14/2026",31183,"CA",c(-122.2386119, 40.38709797),FALSE,"PASS"
3362,"USGS",11376025,"NF BATTLE C BL MCCUMBER DAM NR MANZANITA LAKE CA","CA","ST",40.53737967,-121.732488,"F","NAD83",NA,NA,NA,18020153,"dv",60,3,217558,NA,"wat",NA,1645423,0,"10/1/1980","9/30/2023",13958,"CA",c(-121.732488, 40.53737967),FALSE,"PASS"
3365,"USGS",11376043,"VOLTA NO 1 PH NR MANTON CA","CA","ST",40.4593233,-121.866935,"F","NAD83",NA,NA,NA,18020153,"dv",60,3,326047,NA,"wat",NA,1645423,0,"10/1/1979","9/30/2024",16437,"CA",c(-121.866935, 40.4593233),FALSE,"PASS"
3366,"USGS",11376046,"VOLTA NO2 PH NR MANTON CA","CA","ST",40.4521012,-121.861657,"F","NAD83",NA,NA,NA,18020153,"dv",60,3,217610,NA,"wat",NA,1645423,0,"10/1/1981","9/30/2024",15706,"CA",c(-121.861657, 40.4521012),FALSE,"PASS"
3367,"USGS",11376050,"NF BATTLE C BL DIV TO KESWICK CN NR MANTON CA","CA","ST",40.49987919,-121.8091564,"F","NAD83",NA,NA,NA,18020153,"dv",60,3,217611,NA,"wat",NA,1645423,0,"10/1/1983","9/30/2024",12492,"CA",c(-121.8091564, 40.49987919),FALSE,"PASS"
3373,"USGS",11376410,"S PH NR MANTON CA","CA","ST",40.39571255,-121.878323,"F","NAD83",NA,NA,NA,18020153,"dv",60,3,296129,NA,"wat",NA,1645423,0,"10/1/1979","9/30/2024",16437,"CA",c(-121.878323, 40.39571255),FALSE,"PASS"
3375,"USGS",11376430,"INSKIP PH NR MANTON CA","CA","ST",40.40098958,-121.964437,"F","NAD83",NA,NA,NA,18020153,"dv",60,3,217619,NA,"wat",NA,1645423,0,"10/1/1979","9/30/2024",16437,"CA",c(-121.964437, 40.40098958),FALSE,"PASS"
3378,"USGS",11376458,"COLEMAN PH NR COTTONWOOD CA","CA","ST",40.4048768,-122.1222196,"F","NAD83",NA,NA,NA,18020153,"dv",60,3,217621,NA,"wat",NA,1645423,0,"10/1/1978","9/30/2024",16802,"CA",c(-122.1222196, 40.4048768),FALSE,"PASS"
3382,"USGS",11376550,"BATTLE C BL COLEMAN FISH HATCHERY NR COTTONWOOD CA","CA","ST",40.39820996,-122.1463869,"F","NAD83",410.52,0.16,"NAVD88",18020153,"dv",60,3,10252,NA,"wat",NA,1645423,0,"10/1/1961","2/14/2026",23403,"CA",c(-122.1463869, 40.39820996),FALSE,"PASS"
3383,"USGS",11377100,"SACRAMENTO R AB BEND BRIDGE NR RED BLUFF CA","CA","ST",40.2884596,-122.1866312,"F","NAD83",288.18,0.16,"NAVD88",18020155,"dv",60,3,10255,NA,"wat",NA,1645423,0,"1891-10-01","2/14/2026",49080,"CA",c(-122.1866312, 40.2884596),FALSE,"PASS"
3386,"USGS",11378000,"SACRAMENTO R NR RED BLUFF CA","CA","ST",40.2318222,-122.1816633,"F","NAD83",253.57,0.01,"NGVD29",18020155,"dv",60,3,10267,NA,"wat",NA,1645423,0,"10/1/1902","9/29/1968",24106,"CA",c(-122.1816633, 40.2318222),FALSE,"PASS"
3389,"USGS",11379000,"ANTELOPE C NR RED BLUFF CA","CA","ST",40.2037674,-122.1183272,"S","NAD83",360,5,"NGVD29",18020156,"dv",60,3,10273,NA,"wat",NA,1645423,0,"10/1/1940","9/29/1982",15339,"CA",c(-122.1183272, 40.2037674),FALSE,"PASS"
3390,"USGS",11379500,"ELDER C NR PASKENTA CA","CA","ST",40.02376507,-122.5119462,"F","NAD83",721.1,0.26,"NAVD88",18020156,"dv",60,3,10275,NA,"wat",NA,1645423,0,"10/1/1948","2/14/2026",28261,"CA",c(-122.5119462, 40.02376507),FALSE,"PASS"
3394,"USGS",11381500,"MILL C NR LOS MOLINOS CA","CA","ST",40.0546022,-122.0241541,"F","NAD83",384.25,0.16,"NAVD88",18020156,"dv",60,3,10284,NA,"wat",NA,1645423,0,"10/1/1928","2/14/2026",35566,"CA",c(-122.0241541, 40.0546022),FALSE,"PASS"
3397,"USGS",11382000,"THOMES C A PASKENTA CA","CA","ST",39.88765496,-122.5291655,"F","NAD83",720,20,"NGVD29",18020156,"dv",60,3,296133,NA,"wat",NA,1645423,0,"10/1/1920","9/30/1996",27759,"CA",c(-122.5291655, 39.88765496),FALSE,"PASS"
3402,"USGS",11383500,"DEER C NR VINA CA","CA","ST",40.0140214,-121.9482872,"F","NAD83",482.02,0.16,"NAVD88",18020157,"dv",60,3,10308,NA,"wat",NA,1645423,0,"10/1/1911","2/14/2026",40131,"CA",c(-121.9482872, 40.0140214),FALSE,"PASS"
3405,"USGS",11384000,"BIG CHICO C NR CHICO CA","CA","ST",39.7762726,-121.753866,"F","NAD83",300,10,"NGVD29",18020157,"dv",60,3,10322,NA,"wat",NA,1645423,0,"10/1/1930","9/30/1986",20454,"CA",c(-121.753866, 39.7762726),FALSE,"PASS"
3417,"USGS",11388000,"STONY C BL BLACK BUTTE DAM NR ORLAND CA","CA","ST",39.81849004,-122.3249913,"F","NAD83",360,10,"NGVD29",18020115,"dv",60,3,10348,NA,"wat",NA,1645423,0,"7/1/1955","9/30/1990",12876,"CA",c(-122.3249913, 39.81849004),FALSE,"PASS"
3418,"USGS",11388500,"STONY C NR HAMILTON CITY CA","CA","ST",39.72349297,-122.047481,"F","NAD83",150,2.5,"NGVD29",18020115,"dv",60,3,10349,NA,"wat",NA,1645423,0,"1/1/1941","9/29/1973",11960,"CA",c(-122.047481, 39.72349297),FALSE,"PASS"
3419,"USGS",11389000,"SACRAMENTO R A BUTTE CITY CA","CA","ST",39.45766285,-121.9941417,"F","NAD83",NA,NA,NA,18020104,"dv",60,3,10353,NA,"wat",NA,1645423,0,"10/1/1938","6/30/1995",20727,"CA",c(-121.9941417, 39.45766285),FALSE,"PASS"
3420,"USGS",11389350,"MOULTON WEIR SPILL TO BUTTE BASIN CA","CA","ST",39.3382204,-122.0227526,"F","NAD83",NA,NA,NA,18020104,"dv",60,3,10358,NA,"wat",NA,1645423,0,"1/1/1943","9/29/1977",12691,"CA",c(-122.0227526, 39.3382204),FALSE,"PASS"
3422,"USGS",11389470,"COLUSA WEIR SPILL TO BUTTE BASIN NR COLUSA CA","CA","ST",39.23655589,-121.9949734,"F","NAD83",NA,NA,NA,18020104,"dv",60,3,236060,NA,"wat",NA,1645423,0,"1/1/1943","9/30/1980",13788,"CA",c(-121.9949734, 39.23655589),FALSE,"PASS"
3423,"USGS",11389500,"SACRAMENTO R A COLUSA CA","CA","ST",39.21403369,-122.0002208,"F","NAD83",-1.53,0.16,"NAVD88",18020104,"dv",60,3,10367,NA,"wat",NA,1645423,0,"4/11/1921","2/14/2026",34714,"CA",c(-122.0002208, 39.21403369),FALSE,"PASS"
3428,"USGS",11389750,"DE SABLA PH NR PARADISE CA","CA","ST",39.8693276,-121.6319193,"F","NAD83",NA,NA,NA,18020158,"dv",60,3,217707,NA,"wat",NA,1645423,0,"10/1/1979","9/30/2024",16437,"CA",c(-121.6319193, 39.8693276),FALSE,"PASS"
3429,"USGS",11389775,"CENTERVILLE PH NR PARADISE CA","CA","ST",39.78877259,-121.6574746,"F","NAD83",NA,NA,NA,18020158,"dv",60,3,240783,NA,"wat",NA,1645423,0,"10/1/1979","9/30/2021",15341,"CA",c(-121.6574746, 39.78877259),FALSE,"PASS"
3431,"USGS",11389800,"TOADTOWN CANAL AB BUTTE CANAL NR STIRLING CITY CA","CA","ST",39.8857164,-121.6108077,"F","NAD83",NA,NA,NA,18020158,"dv",60,3,217711,NA,"wat",NA,1645423,0,"10/1/1984","9/30/2024",14599,"CA",c(-121.6108077, 39.8857164),FALSE,"PASS"
3433,"USGS",11390000,"BUTTE C NR CHICO CA","CA","ST",39.72599524,-121.7088643,"F","NAD83",321.34,0.16,"NAVD88",18020158,"dv",60,3,10385,NA,"wat",NA,1645423,0,"10/1/1930","2/14/2026",34836,"CA",c(-121.7088643, 39.72599524),FALSE,"PASS"
3439,"USGS",11390480,"TISDALE WEIR NR GRIMES CA","CA","ST",39.02656104,-121.8221904,"F","NAD83",NA,NA,NA,18020104,"dv",60,3,10398,NA,"wat",NA,1645423,0,"1/1/1943","9/29/1980",13787,"CA",c(-121.8221904, 39.02656104),FALSE,"PASS"
3440,"USGS",11390500,"SACRAMENTO R BL WILKINS SLOUGH NR GRIMES CA","CA","ST",39.00987205,-121.8246576,"F","NAD83",-1.28,0.16,"NAVD88",18020104,"dv",60,3,10404,NA,"wat",NA,1645423,0,"10/1/1938","2/14/2026",31914,"CA",c(-121.8246576, 39.00987205),FALSE,"PASS"
3444,"USGS",11391000,"SACRAMENTO R A KNIGHTS LANDING CA","CA","ST",38.80295697,-121.7163526,"F","NAD83",NA,NA,NA,18020104,"dv",60,3,10415,NA,"wat",NA,1645423,0,"10/1/1940","4/29/1981",14821,"CA",c(-121.7163526, 38.80295697),FALSE,"PASS"
3451,"USGS",11391500,"BIG GRIZZLY C AT GRIZZLY VALLEY DAM NR PORTOLA CA","CA","ST",39.88378936,-120.4766045,"F","NAD83",NA,NA,NA,18020123,"dv",60,3,10435,NA,"wat",NA,1645423,0,"10/1/1925","9/29/1980",12780,"CA",c(-120.4766045, 39.88378936),FALSE,"PASS"
3453,"USGS",11392500,"MF FEATHER R NR CLIO CA","CA","ST",39.753788,-120.596051,"F","NAD83",NA,NA,NA,18020123,"dv",60,3,10439,NA,"wat",NA,1645423,0,"10/1/1925","10/22/1979",19745,"CA",c(-120.596051, 39.753788),FALSE,"PASS"
3457,"USGS",11394500,"MF FEATHER R NR MERRIMAC CA","CA","ST",39.7082199,-121.2705175,"F","NAD83",NA,NA,NA,18020123,"dv",60,3,10445,NA,"wat",NA,1645423,0,"10/1/1951","9/29/1986",12783,"CA",c(-121.2705175, 39.7082199),FALSE,"PASS"
3460,"USGS",11395030,"SF FEATHER R BL LITTLE GRASS VALLEY DAM CA","CA","ST",39.72378055,-121.0221775,"F","NAD83",NA,NA,NA,18020123,"dv",60,3,213324,NA,"wat",NA,1645423,0,"10/1/1927","9/30/2024",25568,"CA",c(-121.0221775, 39.72378055),FALSE,"PASS"
3461,"USGS",11395150,"SOUTH FORK TUNNEL NR STRAWBERRY VALLEY CA","CA","ST",39.6485009,-121.1177355,"F","NAD83",NA,NA,NA,18020123,"dv",60,3,10450,NA,"wat",NA,1645423,0,"10/1/1973","9/29/2006",12052,"CA",c(-121.1177355, 39.6485009),FALSE,"PASS"
3462,"USGS",11395200,"SF FEATHER R BL DIV DAM NR STRAWBERRY VALLEY CA","CA","ST",39.6473898,-121.1188467,"F","NAD83",NA,NA,NA,18020123,"dv",60,3,213322,NA,"wat",NA,1645423,0,"10/1/1960","9/30/2024",23376,"CA",c(-121.1188467, 39.6473898),FALSE,"PASS"
3464,"USGS",11395500,"OROVILLE WYANDOTTE CN NR CLIPPER MILLS CA","CA","ST",39.5540554,-121.1930153,"F","NAD83",NA,NA,NA,18020123,"dv",60,3,10457,NA,"wat",NA,1645423,0,"10/1/1927","9/30/2006",21549,"CA",c(-121.1930153, 39.5540554),FALSE,"PASS"
3465,"USGS",11396000,"LOST C NR CLIPPER MILLS CA","CA","ST",39.5735007,-121.141625,"F","NAD83",NA,NA,NA,18020123,"dv",60,3,296139,NA,"wat",NA,1645423,0,"10/1/1927","9/30/2024",32873,"CA",c(-121.141625, 39.5735007),FALSE,"PASS"
3466,"USGS",11396090,"WOODLEAF PH NR WOODLEAF CA","CA","ST",39.5548885,-121.2041267,"F","NAD83",NA,NA,NA,18020123,"dv",60,3,217859,NA,"wat",NA,1645423,0,"10/1/1972","9/30/2024",18263,"CA",c(-121.2041267, 39.5548885),FALSE,"PASS"
3467,"USGS",11396200,"SF FEATHER R BL FORBESTOWN DAM CA","CA","ST",39.5512773,-121.2094046,"F","NAD83",NA,NA,NA,18020123,"dv",60,3,217860,NA,"wat",NA,1645423,0,"9/30/1962","9/30/2024",22647,"CA",c(-121.2094046, 39.5512773),FALSE,"PASS"
3468,"USGS",11396290,"FORBESTOWN PH NR FORBESTOWN CA","CA","ST",39.5498875,-121.2777399,"F","NAD83",NA,NA,NA,18020123,"dv",60,3,217890,NA,"wat",NA,1645423,0,"10/1/1972","9/30/2016",15343,"CA",c(-121.2777399, 39.5498875),FALSE,"PASS"
3470,"USGS",11396310,"MINERS RANCH CN BL PONDEROSA DAM NR FORBESTOWN CA","CA","ST",39.5498873,-121.3066297,"F","NAD83",NA,NA,NA,18020123,"dv",60,3,296140,NA,"wat",NA,1645423,0,"11/1/1962","9/30/2006",16040,"CA",c(-121.3066297, 39.5498873),FALSE,"PASS"
3471,"USGS",11396329,"KELLY RIDGE PH NR OROVILLE CA","CA","ST",39.5321085,-121.4913572,"F","NAD83",224,20,"NGVD29",18020159,"dv",60,3,217891,NA,"wat",NA,1645423,0,"10/1/1972","9/30/2024",17532,"CA",c(-121.4913572, 39.5321085),FALSE,"PASS"
3472,"USGS",11396330,"BANGOR CN BL MINERS RANCH RES NR OROVILLE CA","CA","ST",39.50405346,-121.4555227,"F","NAD83",NA,NA,NA,18020159,"dv",60,3,10465,NA,"wat",NA,1645423,0,"1/1/1963","9/29/2006",15978,"CA",c(-121.4555227, 39.50405346),FALSE,"PASS"
3478,"USGS",11396500,"PALERMO CN A ENTERPRISE CA","CA","ST",39.5346094,-121.3455197,"F","NAD83",NA,NA,NA,18020123,"dv",60,3,10473,NA,"wat",NA,1645423,0,"10/1/1911","2/28/1965",19510,"CA",c(-121.3455197, 39.5346094),FALSE,"PASS"
3479,"USGS",11397000,"SF FEATHER R A ENTERPRISE CA","CA","ST",39.53738716,-121.3469086,"F","NAD83",640,20,"NGVD29",18020123,"dv",60,3,10474,NA,"wat",NA,1645423,0,"10/1/1911","9/29/1966",20088,"CA",c(-121.3469086, 39.53738716),FALSE,"PASS"
3480,"USGS",11397500,"FEATHER R A BIDWELL BAR CA","CA","ST",39.5540531,-121.438578,"F","NAD83",290,20,"NGVD29",18020123,"dv",60,3,10475,NA,"wat",NA,1645423,0,"10/1/1911","9/30/1964",19359,"CA",c(-121.438578, 39.5540531),FALSE,"PASS"
3481,"USGS",11399500,"NF FEATHER R NR PRATTVILLE CA","CA","ST",40.16822096,-121.093016,"F","NAD83",4390.09,0.01,"NGVD29",18020121,"dv",60,3,213554,NA,"wat",NA,1645423,0,"1/1/1906","9/30/2025",43738,"CA",c(-121.093016, 40.16822096),FALSE,"PASS"
3484,"USGS",11400500,"BUTT C BL ALMANOR-BUTT C TU NR PRATTVILLE CA","CA","ST",40.18710789,-121.1880187,"F","NAD83",NA,NA,NA,18020121,"dv",60,3,213555,NA,"wat",NA,1645423,0,"10/1/1936","9/30/2025",30680,"CA",c(-121.1880187, 40.18710789),FALSE,"PASS"
3485,"USGS",11400600,"BUTT VALLEY PH NR PRATTVILLE CA","CA","ST",40.17571905,-121.1910743,"F","NAD83",NA,NA,NA,18020121,"dv",60,3,213556,NA,"wat",NA,1645423,0,"10/1/1980","9/30/2025",16435,"CA",c(-121.1910743, 40.17571905),FALSE,"PASS"
3489,"USGS",11401110,"CARIBOU PH NO1 AND NO2 A CARIBOU CA","CA","ST",40.0851651,-121.148295,"F","NAD83",NA,NA,NA,18020121,"dv",60,3,213558,NA,"wat",NA,1645423,0,"10/1/1980","9/30/2025",16436,"CA",c(-121.148295, 40.0851651),FALSE,"PASS"
3490,"USGS",11401112,"NF FEATHER R BL BELDEN DAM CA","CA","ST",40.07127605,-121.1646843,"F","NAD83",2811,40,"NGVD29",18020121,"dv",60,3,213564,NA,"wat",NA,1645423,0,"10/1/1968","9/30/2025",20819,"CA",c(-121.1646843, 40.07127605),FALSE,"PASS"
3497,"USGS",11401500,"INDIAN C NR CRESCENT MILLS CA","CA","ST",40.07794668,-120.9280107,"F","NAD83",3500,40,"NGVD29",18020122,"dv",60,3,10499,NA,"wat",NA,1645423,0,"4/1/1906","9/30/1993",26663,"CA",c(-120.9280107, 40.07794668),FALSE,"PASS"
3501,"USGS",11402000,"SPANISH C AB BLACKHAWK C AT KEDDIE CA","CA","ST",40.0029195,-120.9543714,"F","NAD83",3133.39,0.16,"NAVD88",18020122,"dv",60,3,10503,NA,"wat",NA,1645423,0,"10/1/1933","2/14/2026",33740,"CA",c(-120.9543714, 40.0029195),FALSE,"PASS"
3504,"USGS",11403050,"BELDEN PH A BELDEN CA","CA","ST",40.007386,-121.2494094,"F","NAD83",NA,NA,NA,18020121,"dv",60,3,213631,NA,"wat",NA,1645423,0,"10/1/1980","9/30/2025",16436,"CA",c(-121.2494094, 40.007386),FALSE,"PASS"
3505,"USGS",11403200,"NF FEATHER R BL ROCK C DIV DAM CA","CA","ST",39.98016347,-121.2769099,"F","NAD83",NA,NA,NA,18020121,"dv",60,3,213636,NA,"wat",NA,1645423,0,"9/30/1985","9/30/2025",14385,"CA",c(-121.2769099, 39.98016347),FALSE,"PASS"
3506,"USGS",11403450,"MILK RANCH CONDUIT A OUTLET CA","CA","ST",39.9023867,-121.2277406,"F","NAD83",5080,40,"NGVD29",18020121,"dv",60,3,213638,NA,"wat",NA,1645423,0,"10/1/1969","9/30/2025",18263,"CA",c(-121.2277406, 39.9023867),FALSE,"PASS"
3508,"USGS",11403530,"BUCKS C BL DIV DAM NR BUCKS LODGE CA","CA","ST",39.9043311,-121.2307963,"F","NAD83",NA,NA,NA,18020121,"dv",60,3,213640,NA,"wat",NA,1645423,0,"9/30/1990","9/30/2025",11424,"CA",c(-121.2307963, 39.9043311),FALSE,"PASS"
3509,"USGS",11403700,"BUCKS C PH A STORRIE CA","CA","ST",39.9107185,-121.3280215,"F","NAD83",NA,NA,NA,18020121,"dv",60,3,213641,NA,"wat",NA,1645423,0,"10/1/1980","9/30/2025",16436,"CA",c(-121.3280215, 39.9107185),FALSE,"PASS"
3510,"USGS",11403800,"ROCK C PH NR STORRIE CA","CA","ST",39.9054405,-121.3452442,"F","NAD83",NA,NA,NA,18020121,"dv",60,3,296142,NA,"wat",NA,1645423,0,"10/1/1980","9/30/2025",16436,"CA",c(-121.3452442, 39.9054405),FALSE,"PASS"
3513,"USGS",11404240,"GRIZZLY PP NR STORRIE CA","CA","ST",39.88905255,-121.2799642,"S","NAD83",4310,0.05,"NGVD29",18020121,"dv",60,3,296143,NA,"wat",NA,1645423,0,"10/1/1993","9/30/2025",11688,"CA",c(-121.2799642, 39.88905255),FALSE,"PASS"
3514,"USGS",11404300,"GRIZZLY C BL DIV DAM CA","CA","ST",39.89127458,-121.2941314,"F","NAD83",NA,NA,NA,18020121,"dv",60,3,213647,NA,"wat",NA,1645423,0,"9/30/1985","9/30/2025",14611,"CA",c(-121.2941314, 39.89127458),FALSE,"PASS"
3515,"USGS",11404330,"NF FEATHER R BL GRIZZLY C CA","CA","ST",39.85238459,-121.3924673,"F","NAD83",NA,NA,NA,18020121,"dv",60,3,238145,NA,"wat",NA,1645423,0,"9/30/1985","9/30/2025",14386,"CA",c(-121.3924673, 39.85238459),FALSE,"PASS"
3516,"USGS",11404360,"CRESTA PH NR PULGA CA","CA","ST",39.8259956,-121.4096897,"F","NAD83",NA,NA,NA,18020121,"dv",60,3,213649,NA,"wat",NA,1645423,0,"10/1/1980","9/30/2025",16436,"CA",c(-121.4096897, 39.8259956),FALSE,"PASS"
3518,"USGS",11404500,"NF FEATHER R A PULGA CA","CA","ST",39.79432869,-121.4516352,"F","NAD83",1305.62,0.01,"NGVD29",18020121,"dv",60,3,213656,NA,"wat",NA,1645423,0,"4/1/1911","9/30/2025",41457,"CA",c(-121.4516352, 39.79432869),FALSE,"PASS"
3519,"USGS",11404900,"POE PH BL POE DAM NR JARBO GAP CA","CA","ST",39.72294017,-121.469413,"F","NAD83",NA,NA,NA,18020121,"dv",60,3,213658,NA,"wat",NA,1645423,0,"10/1/1967","9/30/2025",21185,"CA",c(-121.469413, 39.72294017),FALSE,"PASS"
3523,"USGS",11405200,"WB FEATHER R BL HENDRICKS DIV DAM CA","CA","ST",39.9340493,-121.5296945,"F","NAD83",NA,NA,NA,18020121,"dv",60,3,217898,NA,"wat",NA,1645423,0,"8/27/1986","9/30/2024",11890,"CA",c(-121.5296945, 39.9340493),FALSE,"PASS"
3527,"USGS",11406500,"WB FEATHER R NR YANKEE HILL CA","CA","ST",39.6984956,-121.5616379,"F","NAD83",650,10,"NGVD29",18020121,"dv",60,3,10540,NA,"wat",NA,1645423,0,"10/1/1930","9/29/1963",12052,"CA",c(-121.5616379, 39.6984956),FALSE,"PASS"
3529,"USGS",11406810,"PALERMO CN A OROVILLE DAM CA","CA","ST",39.5329419,-121.4830236,"F","NAD83",NA,NA,NA,18020159,"dv",60,3,217901,NA,"wat",NA,1645423,0,"10/1/1968","9/30/2024",20454,"CA",c(-121.4830236, 39.5329419),FALSE,"PASS"
3530,"USGS",11406818,"EDWARD HYATT PH POWER RELEASE NR OROVILLE",NA,"ST",39.5354419,-121.4752457,"F","NAD83",NA,NA,NA,18020123,"dv",60,3,10544,NA,"wat",NA,1645423,0,"10/1/1974","9/30/2016",12783,"CA",c(-121.4752457, 39.5354419),FALSE,"CHECK"
3532,"USGS",11406820,"EDWARD HYATT PH NR OROVILLE CA","CA","ST",39.5354419,-121.4752457,"F","NAD83",NA,NA,NA,18020123,"dv",60,3,217904,NA,"wat",NA,1645423,0,"10/1/1970","9/30/2024",18628,"CA",c(-121.4752457, 39.5354419),FALSE,"PASS"
3533,"USGS",11406848,"THERMALITO POWER RELEASE NR OROVILLE CA","CA","ST",39.5146084,-121.6296945,"F","NAD83",NA,NA,NA,18020159,"dv",60,3,10549,NA,"wat",NA,1645423,0,"10/1/1974","9/30/2013",12051,"CA",c(-121.6296945, 39.5146084),FALSE,"PASS"
3534,"USGS",11406849,"THERMALITO PH PUMPBACK NR OROVILLE CA","CA","ST",39.5146084,-121.6296945,"F","NAD83",NA,NA,NA,18020159,"dv",60,3,10550,NA,"wat",NA,1645423,0,"10/1/1974","9/30/2013",12052,"CA",c(-121.6296945, 39.5146084),FALSE,"PASS"
3535,"USGS",11406850,"THERMALITO PH NR OROVILLE CA","CA","ST",39.5146084,-121.6296945,"F","NAD83",NA,NA,NA,18020159,"dv",60,3,217907,NA,"wat",NA,1645423,0,"10/1/1970","9/30/2024",16803,"CA",c(-121.6296945, 39.5146084),FALSE,"PASS"
3536,"USGS",11406880,"WESTERN CN A INTAKE NR OROVILLE CA","CA","ST",39.50516396,-121.686085,"F","NAD83",NA,NA,NA,18020158,"dv",60,3,217954,NA,"wat",NA,1645423,0,"11/1/1967","9/30/2024",20787,"CA",c(-121.686085, 39.50516396),FALSE,"PASS"
3537,"USGS",11406890,"RICHVALE CN A INTAKE NR OROVILLE CA","CA","ST",39.50516396,-121.686085,"F","NAD83",NA,NA,NA,18020158,"dv",60,3,217955,NA,"wat",NA,1645423,0,"5/1/1968","9/30/2024",20606,"CA",c(-121.686085, 39.50516396),FALSE,"PASS"
3538,"USGS",11406900,"PGE LATERAL A INTAKE NR OROVILLE CA","CA","ST",39.48933084,-121.6877516,"F","NAD83",NA,NA,NA,18020158,"dv",60,3,217956,NA,"wat",NA,1645423,0,"5/1/1968","9/30/2023",20241,"CA",c(-121.6877516, 39.48933084),FALSE,"PASS"
3539,"USGS",11406910,"SUTTER BUTTE CN A INTAKE NR OROVILLE CA","CA","ST",39.4504426,-121.6583058,"F","NAD83",NA,NA,NA,18020159,"dv",60,3,217957,NA,"wat",NA,1645423,0,"12/1/1967","9/30/2023",20393,"CA",c(-121.6583058, 39.4504426),FALSE,"PASS"
3540,"USGS",11406920,"THERMALITO AFTERBAY REL TO FEATHER R NR OROVILLE",NA,"ST",39.4562759,-121.637194,"F","NAD83",NA,NA,NA,18020159,"dv",60,3,217958,NA,"wat",NA,1645423,0,"11/16/1967","9/30/2024",20774,"CA",c(-121.637194, 39.4562759),FALSE,"CHECK"
3541,"USGS",11406930,"DIV TO FEATHER R FISH HATCHERY NR OROVILLE CA","CA","ST",39.51794185,-121.5541368,"S","NAD83",NA,NA,NA,18020159,"dv",60,3,217959,NA,"wat",NA,1645423,0,"10/1/1973","9/30/2024",18263,"CA",c(-121.5541368, 39.51794185),FALSE,"PASS"
3542,"USGS",11406999,"FEATHER R A OROVILLE R ONLY CA","CA","ST",39.52155294,-121.5477477,"F","NAD83",NA,NA,NA,18020159,"dv",60,3,10561,NA,"wat",NA,1645423,0,"10/1/1973","9/30/2023",17165,"CA",c(-121.5477477, 39.52155294),FALSE,"PASS"
3543,"USGS",11407000,"FEATHER R A OROVILLE CA","CA","ST",39.52155294,-121.5477477,"F","NAD83",NA,NA,NA,18020159,"dv",60,3,217960,NA,"wat",NA,1645423,0,"10/1/1901","9/30/2023",44560,"CA",c(-121.5477477, 39.52155294),FALSE,"PASS"
3544,"USGS",11407150,"FEATHER R NR GRIDLEY CA","CA","ST",39.3665551,-121.6471932,"F","NAD83",NA,NA,NA,18020159,"dv",60,3,10572,NA,"wat",NA,1645423,0,"10/1/1964","9/30/1998",12418,"CA",c(-121.6471932, 39.3665551),FALSE,"PASS"
3546,"USGS",11407500,"S HONCUT C NR BANGOR CA","CA","ST",39.36766755,-121.3721856,"F","NAD83",NA,NA,NA,18020159,"dv",60,3,10576,NA,"wat",NA,1645423,0,"10/1/1950","9/29/1986",13148,"CA",c(-121.3721856, 39.36766755),FALSE,"PASS"
3550,"USGS",11407815,"M YUBA R CTRL REL FRM JCK.MDW RES NR SIERRA CTY CA","CA","ST",39.50990117,-120.5552124,"S","NAD83",59.1,20,"NGVD29",18020125,"dv",60,3,216822,NA,"wat",NA,1645423,0,"7/19/1994","9/30/2025",11397,"CA",c(-120.5552124, 39.50990117),FALSE,"PASS"
3552,"USGS",11408000,"MILTON-BOWMAN TUNNEL OUTLET NR GRANITEVILLE CA","CA","ST",39.46017837,-120.6113246,"F","NAD83",NA,NA,NA,18020125,"dv",60,3,216823,NA,"wat",NA,1645423,0,"6/1/1928","9/30/2025",35551,"CA",c(-120.6113246, 39.46017837),FALSE,"PASS"
3553,"USGS",11408500,"M YUBA R A MILTON CA","CA","ST",39.52267846,-120.5824359,"F","NAD83",5700,20,"NGVD29",18020125,"dv",60,3,10590,NA,"wat",NA,1645423,0,"2/1/1926","6/17/1996",16412,"CA",c(-120.5824359, 39.52267846),FALSE,"PASS"
3554,"USGS",11408501,"M YUBA R A MILTON + MILTON BOWMAN TUNNEL CA","CA","ST",39.52267846,-120.5824359,"F","NAD83",NA,NA,NA,18020125,"dv",60,3,10591,NA,"wat",NA,1645423,0,"6/1/1928","9/29/1964",12904,"CA",c(-120.5824359, 39.52267846),FALSE,"PASS"
3555,"USGS",11408550,"M YUBA R BL MILTON DAM CA","CA","ST",39.5218451,-120.583547,"F","NAD83",NA,NA,NA,18020125,"dv",60,3,216825,NA,"wat",NA,1645423,0,"10/1/1987","9/30/2025",13880,"CA",c(-120.583547, 39.5218451),FALSE,"PASS"
3556,"USGS",11408599,"USED FOR COMBINING 11-4080 AND 11-4085 CA","CA","ST",39.52267846,-120.5824359,"F","NAD83",NA,NA,NA,18020125,"dv",60,3,10594,NA,"wat",NA,1645423,0,"10/1/1928","9/29/1964",12782,"CA",c(-120.5824359, 39.52267846),FALSE,"PASS"
3559,"USGS",11408870,"LOHMAN RIDGE TU A IT NR CAMPTONVILLE CA","CA","ST",39.412393,-120.9963405,"F","NAD83",NA,NA,NA,18020125,"dv",60,3,217673,NA,"wat",NA,1645423,0,"10/1/1988","10/1/2024",13150,"CA",c(-120.9963405, 39.412393),FALSE,"PASS"
3560,"USGS",11408880,"M YUBA R BL OUR HOUSE DAM CA","CA","ST",39.4115596,-120.9980072,"F","NAD83",1957.51,0.01,"NGVD29",18020125,"dv",60,3,217674,NA,"wat",NA,1645423,0,"10/1/1968","10/1/2024",20454,"CA",c(-120.9980072, 39.4115596),FALSE,"PASS"
3563,"USGS",11409300,"OREGON C A CAMPTONVILLE CA","CA","ST",39.4460031,-121.046343,"F","NAD83",2230,20,"NGVD29",18020125,"dv",60,3,10603,NA,"wat",NA,1645423,0,"10/1/1967","9/30/2000",12054,"CA",c(-121.046343, 39.4460031),FALSE,"PASS"
3564,"USGS",11409350,"CAMPTONVILLE TU A IT NR CAMPTONVILLE CA","CA","ST",39.44016966,-121.059399,"F","NAD83",NA,NA,NA,18020125,"dv",60,3,217675,NA,"wat",NA,1645423,0,"10/1/1988","10/1/2024",13149,"CA",c(-121.059399, 39.44016966),FALSE,"PASS"
3565,"USGS",11409400,"OREGON C BL LOG CABIN DAM NR CAMPTONVILLE CA","CA","ST",39.4393363,-121.0591211,"F","NAD83",1912.73,0.01,"NGVD29",18020125,"dv",60,3,217677,NA,"wat",NA,1645423,0,"9/1/1968","10/1/2024",20485,"CA",c(-121.0591211, 39.4393363),FALSE,"PASS"
3566,"USGS",11409500,"OREGON C NR NORTH SAN JUAN CA","CA","ST",39.4026698,-121.0774542,"F","NAD83",1580,20,"NGVD29",18020125,"dv",60,3,10610,NA,"wat",NA,1645423,0,"10/1/1911","10/1/1969",21186,"CA",c(-121.0774542, 39.4026698),FALSE,"PASS"
3567,"USGS",11410000,"M YUBA R NR NORTH SAN JUAN CA","CA","ST",39.3940587,-121.0849543,"S","NAD83",1450,12,"NGVD29",18020125,"dv",60,3,10613,NA,"wat",NA,1645423,0,"7/1/1900","3/17/2005",12527,"CA",c(-121.0849543, 39.3940587),FALSE,"PASS"
3575,"USGS",11413000,"N YUBA R BL GOODYEARS BAR CA","CA","ST",39.52487147,-120.9379749,"F","NAD83",2456.6,0.16,"NAVD88",18020125,"dv",60,3,10625,NA,"wat",NA,1645423,0,"10/1/1930","2/14/2026",34470,"CA",c(-120.9379749, 39.52487147),FALSE,"PASS"
3577,"USGS",11413250,"SLATE C TUNNEL NR STRAWBERRY VALLEY CA","CA","ST",39.6157245,-121.0519003,"F","NAD83",NA,NA,NA,18020125,"dv",60,3,217678,NA,"wat",NA,1645423,0,"10/1/1962","9/30/2024",22646,"CA",c(-121.0519003, 39.6157245),FALSE,"PASS"
3578,"USGS",11413300,"SLATE C BL DIV DAM NR STRAWBERRY CA","CA","ST",39.61433564,-121.0521781,"F","NAD83",NA,NA,NA,18020125,"dv",60,3,217679,NA,"wat",NA,1645423,0,"10/1/1960","9/30/2024",23376,"CA",c(-121.0521781, 39.61433564),FALSE,"PASS"
3585,"USGS",11413510,"NEW COLGATE PH NR FRENCH CORRAL CA","CA","ST",39.3307252,-121.1907905,"F","NAD83",NA,NA,NA,18020125,"dv",60,3,217686,NA,"wat",NA,1645423,0,"10/1/1966","10/1/2023",20820,"CA",c(-121.1907905, 39.3307252),FALSE,"PASS"
3587,"USGS",11413520,"N YUBA R BL NEW BULLARDS BAR DAM NR N SAN JUAN CA","CA","ST",39.39044696,-121.1444008,"F","NAD83",NA,NA,NA,18020125,"dv",60,3,10642,NA,"wat",NA,1645423,0,"8/13/1966","9/30/2004",13929,"CA",c(-121.1444008, 39.39044696),FALSE,"PASS"
3592,"USGS",11414000,"S YUBA R NR CISCO CA","CA","ST",39.3212909,-120.5643753,"F","NAD83",5520,20,"NGVD29",18020125,"dv",60,3,10657,NA,"wat",NA,1645423,0,"10/1/1942","10/12/1994",19005,"CA",c(-120.5643753, 39.3212909),FALSE,"PASS"
3593,"USGS",11414100,"FORDYCE C BL FORDYCE DAM NR CISCO CA","CA","ST",39.37990268,-120.4993742,"F","NAD83",NA,NA,NA,18020125,"dv",60,3,213659,NA,"wat",NA,1645423,0,"6/9/1966","9/30/2025",21664,"CA",c(-120.4993742, 39.37990268),FALSE,"PASS"
3594,"USGS",11414154,"SPAULDING NO 1 PH NR EMIGRANT GAP CA","CA","ST",39.3243453,-120.6446562,"F","NAD83",NA,NA,NA,18020125,"dv",60,3,213954,NA,"wat",NA,1645423,0,"9/30/1986","9/30/2025",14246,"CA",c(-120.6446562, 39.3243453),FALSE,"PASS"
3595,"USGS",11414155,"SPAULDING NO 2 PH NR EMIGRANT GAP CA","CA","ST",39.32462307,-120.6452118,"F","NAD83",NA,NA,NA,18020125,"dv",60,3,213956,NA,"wat",NA,1645423,0,"9/30/1986","9/30/2025",14246,"CA",c(-120.6452118, 39.32462307),FALSE,"PASS"
3596,"USGS",11414170,"DRUM CN A TUNNEL OUTLET NR EMIGRANT GAP CA","CA","ST",39.31740077,-120.6532675,"F","NAD83",NA,NA,NA,18020125,"dv",60,3,213957,NA,"wat",NA,1645423,0,"10/1/1964","9/30/2025",22280,"CA",c(-120.6532675, 39.31740077),FALSE,"PASS"
3598,"USGS",11414194,"DRUM NO 1 PH NR BLUE CYN CA","CA","ST",39.25684377,-120.7674372,"F","NAD83",NA,NA,NA,18020126,"dv",60,3,213959,NA,"wat",NA,1645423,0,"9/30/1986","9/30/2024",13881,"CA",c(-120.7674372, 39.25684377),FALSE,"PASS"
3599,"USGS",11414195,"DRUM NO 2 PH NR BLUE CANYON CA","CA","ST",39.25712155,-120.7674372,"F","NAD83",NA,NA,NA,18020126,"dv",60,3,213961,NA,"wat",NA,1645423,0,"9/30/1986","9/30/2024",13881,"CA",c(-120.7674372, 39.25712155),FALSE,"PASS"
3600,"USGS",11414196,"COMBINED FLOW DRUM NO 1 AND 2 PP NR BLUE CYN CA","CA","ST",39.25684377,-120.7674372,"S","NAD83",3390,20,"NGVD29",18020126,"dv",60,3,10673,NA,"wat",NA,1645423,0,"10/1/1981","9/29/2013",11687,"CA",c(-120.7674372, 39.25684377),FALSE,"PASS"
3601,"USGS",11414200,"S YUBA CN NR EMIGRANT GAP CA","CA","ST",39.31351176,-120.66299,"F","NAD83",NA,NA,NA,18020125,"dv",60,3,213963,NA,"wat",NA,1645423,0,"10/1/1964","9/30/2025",22280,"CA",c(-120.66299, 39.31351176),FALSE,"PASS"
3602,"USGS",11414205,"DEER C PH NR WASHINGTON CA","CA","ST",39.29795286,-120.844386,"F","NAD83",NA,NA,NA,18020125,"dv",60,3,213966,NA,"wat",NA,1645423,0,"9/30/1986","9/30/2025",14246,"CA",c(-120.844386, 39.29795286),FALSE,"PASS"
3604,"USGS",11414250,"S YUBA R A LANGS CROSSING NR EMIGRANT GAP CA","CA","ST",39.3185118,-120.657712,"F","NAD83",NA,NA,NA,18020125,"dv",60,3,213969,NA,"wat",NA,1645423,0,"12/1/1965","9/30/2025",21854,"CA",c(-120.657712, 39.3185118),FALSE,"PASS"
3611,"USGS",11414700,"JACKSON C BL JACKSON LK CA","CA","ST",39.4646235,-120.5638229,"F","NAD83",NA,NA,NA,18020125,"dv",60,3,216827,NA,"wat",NA,1645423,0,"1/20/1989","9/30/2025",12254,"CA",c(-120.5638229, 39.4646235),FALSE,"PASS"
3613,"USGS",11416000,"BOWMAN-SPAULDING CN INTAKE NR GRANITEVILLE CA","CA","ST",39.44045555,-120.6593815,"F","NAD83",NA,NA,NA,18020125,"dv",60,3,216829,NA,"wat",NA,1645423,0,"10/1/1927","9/30/2025",35642,"CA",c(-120.6593815, 39.44045555),FALSE,"PASS"
3614,"USGS",11416100,"BOWMAN SPAULDING CN A JORDAN C SIPHON CA","CA","ST",39.342123,-120.6416009,"F","NAD83",NA,NA,NA,18020125,"dv",60,3,213983,NA,"wat",NA,1645423,0,"10/1/1964","9/30/2025",22280,"CA",c(-120.6416009, 39.342123),FALSE,"PASS"
3615,"USGS",11416200,"SPAULDING NO 3 PH NR EMIGRANT GAP CA","CA","ST",39.3374009,-120.6354895,"F","NAD83",NA,NA,NA,18020125,"dv",60,3,326055,NA,"wat",NA,1645423,0,"9/30/1988","9/30/2025",13515,"CA",c(-120.6354895, 39.3374009),FALSE,"PASS"
3616,"USGS",11416500,"CANYON C BL BOWMAN LK CA","CA","ST",39.43962219,-120.661326,"F","NAD83",5100,20,"NGVD29",18020125,"dv",60,3,216832,NA,"wat",NA,1645423,0,"1/5/1927","9/30/2025",36064,"CA",c(-120.661326, 39.43962219),FALSE,"PASS"
3622,"USGS",11417500,"S YUBA R A JONES BAR NR GRASS VALLEY CA","CA","ST",39.2921153,-121.1046751,"F","NAD83",1060,10,"NGVD29",18020125,"dv",60,3,217567,NA,"wat",NA,1645423,0,"10/1/1940","10/1/2024",26715,"CA",c(-121.1046751, 39.2921153),FALSE,"PASS"
3624,"USGS",11417970,"NARROWS NO 1 PH A ENGLEBRIGHT DAM CA","CA","ST",39.2362819,-121.2719034,"F","NAD83",NA,NA,NA,18020125,"dv",60,3,217565,NA,"wat",NA,1645423,0,"10/1/1974","9/30/2024",16439,"CA",c(-121.2719034, 39.2362819),FALSE,"PASS"
3625,"USGS",11417980,"NARROWS PH NO 2 BL ENGLEBRIGHT DAM CA","CA","ST",39.234893,-121.27357,"F","NAD83",NA,NA,NA,18020125,"dv",60,3,217564,NA,"wat",NA,1645423,0,"10/1/1970","9/30/2024",15705,"CA",c(-121.27357, 39.234893),FALSE,"PASS"
3626,"USGS",11418000,"YUBA R BL ENGLEBRIGHT DAM NR SMARTSVILLE CA","CA","ST",39.23517079,-121.2741256,"F","NAD83",NA,NA,NA,18020125,"dv",60,3,217518,NA,"wat",NA,1645423,0,"10/1/1941","10/1/2024",29952,"CA",c(-121.2741256, 39.23517079),FALSE,"PASS"
3627,"USGS",11418500,"DEER C NR SMARTSVILLE CA","CA","ST",39.22431786,-121.2685349,"F","NAD83",633.65,0.16,"NAVD88",18020125,"dv",60,3,10750,NA,"wat",NA,1645423,0,"10/1/1935","2/14/2026",33010,"CA",c(-121.2685349, 39.22431786),FALSE,"PASS"
3628,"USGS",11419000,"YUBA R A SMARTSVILLE CA","CA","ST",39.2235041,-121.2935704,"F","NAD83",264.17,0.01,"NGVD29",18020125,"dv",60,3,10753,NA,"wat",NA,1645423,0,"10/1/1903","9/29/1941",13879,"CA",c(-121.2935704, 39.2235041),FALSE,"PASS"
3639,"USGS",11421000,"YUBA R NR MARYSVILLE CA","CA","ST",39.1757251,-121.5249647,"F","NAD83",0.76,0.16,"NAVD88",18020125,"dv",60,3,10767,NA,"wat",NA,1645423,0,"10/1/1943","2/14/2026",30088,"CA",c(-121.5249647, 39.1757251),FALSE,"PASS"
3642,"USGS",11421710,"BEAR R NR EMIGRANT GAP CA","CA","ST",39.30628935,-120.6791015,"F","NAD83",NA,NA,NA,18020126,"dv",60,3,213996,NA,"wat",NA,1645423,0,"9/30/1987","9/30/2024",12755,"CA",c(-120.6791015, 39.30628935),FALSE,"PASS"
3644,"USGS",11421725,"ALTA PH NR DUTCH FLAT CA","CA","ST",39.21573197,-120.8035488,"F","NAD83",NA,NA,NA,18020126,"dv",60,3,213999,NA,"wat",NA,1645423,0,"9/30/1986","9/30/2024",13881,"CA",c(-120.8035488, 39.21573197),FALSE,"PASS"
3645,"USGS",11421750,"DUTCH FLAT NO 1 PH NR DUTCH FLAT CA","CA","ST",39.21712017,-120.8354948,"F","NAD83",NA,NA,NA,18020126,"dv",60,3,214021,NA,"wat",NA,1645423,0,"10/1/1964","9/30/2024",21915,"CA",c(-120.8354948, 39.21712017),FALSE,"PASS"
3646,"USGS",11421760,"DUTCH FLAT NO 2 FLUME NR BLUE CANYON CA","CA","ST",39.2543436,-120.775493,"F","NAD83",NA,NA,NA,18020126,"dv",60,3,296158,NA,"wat",NA,1645423,0,"10/13/1965","9/30/2024",21538,"CA",c(-120.775493, 39.2543436),FALSE,"PASS"
3647,"USGS",11421770,"BEAR R BL DRUM AFTERBAY NR BLUE CANYON CA","CA","ST",39.2543436,-120.7749374,"F","NAD83",NA,NA,NA,18020126,"dv",60,3,296159,NA,"wat",NA,1645423,0,"4/2/1966","9/30/2024",19311,"CA",c(-120.7749374, 39.2543436),FALSE,"PASS"
3648,"USGS",11421780,"CHICAGO PARK FLUME NR DUTCH FLAT CA","CA","ST",39.2151756,-120.8407728,"F","NAD83",NA,NA,NA,18020126,"dv",60,3,216834,NA,"wat",NA,1645423,0,"11/21/1965","9/30/2024",21498,"CA",c(-120.8407728, 39.2151756),FALSE,"PASS"
3649,"USGS",11421790,"BEAR R BL DUTCH FLAT AFTERBAY NR DUTCH FLAT CA","CA","ST",39.21350886,-120.8452174,"F","NAD83",2600,20,"NGVD29",18020126,"dv",60,3,216836,NA,"wat",NA,1645423,0,"12/1/1965","9/30/2024",21224,"CA",c(-120.8452174, 39.21350886),FALSE,"PASS"
3650,"USGS",11421900,"ROLLINS PH NR COLFAX CA","CA","ST",39.1343406,-120.9535543,"F","NAD83",NA,NA,NA,18020126,"dv",60,3,214006,NA,"wat",NA,1645423,0,"9/30/1986","9/30/2024",13881,"CA",c(-120.9535543, 39.1343406),FALSE,"PASS"
3651,"USGS",11422000,"BEAR R CN NR COLFAX CA","CA","ST",39.13267396,-120.9543876,"F","NAD83",1960,20,"NGVD29",18020126,"dv",60,3,214007,NA,"wat",NA,1645423,0,"1/1/1912","9/30/2024",36477,"CA",c(-120.9543876, 39.13267396),FALSE,"PASS"
3652,"USGS",11422500,"BEAR R BL ROLLINS DAM NR COLFAX CA","CA","ST",39.131285,-120.95911,"S","NAD83",1927.41,0.1,"NGVD29",18020126,"dv",60,3,216838,NA,"wat",NA,1645423,0,"4/1/1912","9/30/2024",24138,"CA",c(-120.95911, 39.131285),FALSE,"PASS"
3655,"USGS",11423800,"BEAR R F REL BL CAMP FAR WEST RES NR WHEATLAND CA","CA","ST",39.0415617,-121.3321782,"F","NAD83",120,10,"NGVD29",18020126,"dv",60,3,217500,NA,"wat",NA,1645423,0,"10/1/1989","12/31/2024",12738,"CA",c(-121.3321782, 39.0415617),FALSE,"PASS"
3656,"USGS",11424000,"BEAR R NR WHEATLAND CA","CA","ST",39.0001537,-121.4065908,"F","NAD83",72.71,0.16,"NAVD88",18020126,"dv",60,3,10791,NA,"wat",NA,1645423,0,"10/23/1928","2/14/2026",35544,"CA",c(-121.4065908, 39.0001537),FALSE,"PASS"
3659,"USGS",11425000,"FEATHER R NR NICOLAUS",NA,"ST",38.8904532,-121.6044058,"F","NAD83",NA,NA,NA,18020159,"dv",60,3,10798,NA,"wat",NA,1645423,0,"4/1/1942","9/29/1983",14791,"CA",c(-121.6044058, 38.8904532),FALSE,"CHECK"
3660,"USGS",11425310,"HALSEY PH NR AUBURN CA","CA","ST",38.95684206,-121.0418892,"F","NAD83",NA,NA,NA,18020161,"dv",60,3,214010,NA,"wat",NA,1645423,0,"9/30/1986","9/30/2024",13881,"CA",c(-121.0418892, 38.95684206),FALSE,"PASS"
3661,"USGS",11425415,"WISE PH NR AUBURN CA","CA","ST",38.88962106,-121.0985574,"F","NAD83",NA,NA,NA,18020161,"dv",60,3,214011,NA,"wat",NA,1645423,0,"9/30/1986","9/30/2024",13881,"CA",c(-121.0985574, 38.88962106),FALSE,"PASS"
3664,"USGS",11425500,"SACRAMENTO R A VERONA CA","CA","ST",38.77432258,-121.5982593,"F","NAD83",-0.9,0.16,"NAVD88",18020161,"dv",60,3,10812,NA,"wat",NA,1645423,0,"10/1/1929","2/14/2026",35201,"CA",c(-121.5982593, 38.77432258),FALSE,"PASS"
3665,"USGS",11426000,"SACRAMENTO WEIR SPILL TO YOLO BYPASS NR SAC CA","CA","ST",38.60684926,-121.5552347,"F","NAD83",NA,NA,NA,18020161,"dv",60,3,217498,NA,"wat",NA,1645423,0,"9/30/1943","9/30/2025",29587,"CA",c(-121.5552347, 38.60684926),FALSE,"PASS"
3672,"USGS",11426190,"LAKE VALLEY CN NR EMIGRANT GAP CA","CA","ST",39.2987899,-120.6429889,"F","NAD83",NA,NA,NA,18020128,"dv",60,3,214013,NA,"wat",NA,1645423,0,"10/1/1964","9/30/2024",21915,"CA",c(-120.6429889, 39.2987899),FALSE,"PASS"
3676,"USGS",11427000,"NF AMERICAN R A NORTH FORK DAM CA","CA","ST",38.9359915,-121.023802,"F","NAD83",717.28,0.16,"NAVD88",18020128,"dv",60,3,10840,NA,"wat",NA,1645423,0,"10/1/1941","2/14/2026",30818,"CA",c(-121.023802, 38.9359915),FALSE,"PASS"
3677,"USGS",11427200,"FRENCH MEADOWS PP NR MEEKS BAY C CA","CA","ST",39.0782386,-120.4085318,"F","NAD83",NA,NA,NA,18020128,"dv",60,3,217496,NA,"wat",NA,1645423,0,"10/1/1970","9/30/2023",18260,"CA",c(-120.4085318, 39.0782386),FALSE,"PASS"
3678,"USGS",11427500,"MF AMERICAN R A FRENCH MEADOWS CA","CA","ST",39.1096266,-120.4813127,"F","NAD83",4920,20,"NGVD29",18020128,"dv",60,3,217493,NA,"wat",NA,1645423,0,"10/1/1951","9/30/2024",26664,"CA",c(-120.4813127, 39.1096266),FALSE,"PASS"
3679,"USGS",11427700,"DUNCAN CYN C NR FRENCH MEADOWS CA","CA","ST",39.1357376,-120.4785353,"F","NAD83",5270,2,"NGVD29",18020128,"dv",60,3,217492,NA,"wat",NA,1645423,0,"7/31/1961","9/30/2024",23073,"CA",c(-120.4785353, 39.1357376),FALSE,"PASS"
3680,"USGS",11427750,"DUNCAN CYN C BL DIV DAM NR FRENCH MEADOWS CA","CA","ST",39.13295978,-120.4838132,"F","NAD83",5232,20,"NGVD29",18020128,"dv",60,3,214085,NA,"wat",NA,1645423,0,"10/1/1964","9/30/2024",21915,"CA",c(-120.4838132, 39.13295978),FALSE,"PASS"
3681,"USGS",11427760,"MF AMERICAN R AB MF PH NR FORESTHILL CA","CA","ST",39.0251806,-120.5954812,"F","NAD83",NA,NA,NA,18020128,"dv",60,3,217504,NA,"wat",NA,1645423,0,"9/1/1965","9/30/2024",21580,"CA",c(-120.5954812, 39.0251806),FALSE,"PASS"
3682,"USGS",11427765,"RALSTON PH NR FORESTHILL CA","CA","ST",39.00017814,-120.7240952,"F","NAD83",NA,NA,NA,18020128,"dv",60,3,217487,NA,"wat",NA,1645423,0,"10/1/1973","9/30/2023",18262,"CA",c(-120.7240952, 39.00017814),FALSE,"PASS"
3683,"USGS",11427770,"MF AMERICAN R BL INTERBAY DAM NR FORESTHILL CA","CA","ST",39.02629158,-120.603537,"F","NAD83",NA,NA,NA,18020128,"dv",60,3,217486,NA,"wat",NA,1645423,0,"10/1/1965","9/30/2024",18266,"CA",c(-120.603537, 39.02629158),FALSE,"PASS"
3684,"USGS",11427940,"RUBICON-ROCKBOUND TUNNEL NR MEEKS BAY CA","CA","ST",38.98768507,-120.2257454,"F","NAD83",NA,NA,NA,18020128,"dv",60,3,10850,NA,"wat",NA,1645423,0,"10/1/1963","9/29/2015",18992,"CA",c(-120.2257454, 38.98768507),FALSE,"PASS"
3685,"USGS",11427960,"RUBICON R BL RUBICON DAM NR MEEKS BAY CA","CA","ST",38.98879619,-120.2232453,"F","NAD83",6520,20,"NGVD29",18020128,"dv",60,3,216815,NA,"wat",NA,1645423,0,"9/30/1991","9/30/2025",12321,"CA",c(-120.2232453, 38.98879619),FALSE,"PASS"
3686,"USGS",11428000,"RUBICON R A RUBICON SPRINGS NR MEEKS BAY CA","CA","ST",39.0193515,-120.2471356,"F","NAD83",6052.97,0.01,"NGVD29",18020128,"dv",60,3,10853,NA,"wat",NA,1645423,0,"2/1/1910","9/29/1986",12386,"CA",c(-120.2471356, 39.0193515),FALSE,"PASS"
3688,"USGS",11428300,"BUCK-LOON TUNNEL NR MEEKS BAY CA","CA","ST",39.00462926,-120.2568578,"F","NAD83",NA,NA,NA,18020128,"dv",60,3,10855,NA,"wat",NA,1645423,0,"10/1/1963","9/29/2015",18992,"CA",c(-120.2568578, 39.00462926),FALSE,"PASS"
3689,"USGS",11428400,"L RUBICON R BL BUCK ISLAND DAM CA","CA","ST",39.00490704,-120.2563022,"F","NAD83",6420,20,"NGVD29",18020128,"dv",60,3,326059,NA,"wat",NA,1645423,0,"10/27/1990","9/30/2025",12320,"CA",c(-120.2563022, 39.00490704),FALSE,"PASS"
3690,"USGS",11428600,"MF PH NR FORESTHILL CA","CA","ST",39.02490284,-120.5963146,"F","NAD83",NA,NA,NA,18020128,"dv",60,3,217490,NA,"wat",NA,1645423,0,"10/1/1974","9/30/2023",17532,"CA",c(-120.5963146, 39.02490284),FALSE,"PASS"
3691,"USGS",11428800,"RUBICON R BL HELL HOLE DAM CA","CA","ST",39.05657207,-120.4079758,"F","NAD83",NA,NA,NA,18020128,"dv",60,3,217482,NA,"wat",NA,1645423,0,"11/6/1965","9/30/2024",21514,"CA",c(-120.4079758, 39.05657207),FALSE,"PASS"
3694,"USGS",11429300,"ROBBS PEAK PH NR KYBURZ CA","CA","ST",38.89712824,-120.3782515,"F","NAD83",NA,NA,NA,18020129,"dv",60,3,10862,NA,"wat",NA,1645423,0,"10/1/1962","9/29/2015",19357,"CA",c(-120.3782515, 38.89712824),FALSE,"PASS"
3696,"USGS",11429500,"GERLE C BL LOON LK NR MEEKS BAY CA","CA","ST",39.00546206,-120.3154712,"F","NAD83",NA,NA,NA,18020128,"dv",60,3,10865,"[(2)]","wat",NA,1645423,0,"9/1/1962","9/30/2016",19754,"CA",c(-120.3154712, 39.00546206),FALSE,"PASS"
3697,"USGS",11429500,"GERLE C BL LOON LK NR MEEKS BAY CA","CA","ST",39.00546206,-120.3154712,"F","NAD83",NA,NA,NA,18020128,"dv",60,3,225039,NA,"wat",NA,1645423,0,"9/1/1962","9/30/2025",23041,"CA",c(-120.3154712, 39.00546206),FALSE,"PASS"
3700,"USGS",11430000,"SF RUBICON R BL GERLE C NR GEORGETOWN CA","CA","ST",38.95462796,-120.4015856,"F","NAD83",NA,NA,NA,18020128,"dv",60,3,216840,NA,"wat",NA,1645423,0,"8/1/1961","9/30/2018",20516,"CA",c(-120.4015856, 38.95462796),FALSE,"PASS"
3704,"USGS",11431800,"PILOT C AB STUMPY MEADOWS RES CA","CA","ST",38.8946257,-120.5682585,"F","NAD83",4280,20,"NGVD29",18020128,"dv",60,3,10874,NA,"wat",NA,1645423,0,"10/1/1960","10/18/2008",17550,"CA",c(-120.5682585, 38.8946257),FALSE,"PASS"
3707,"USGS",11433040,"PILOT C BL MUTTON CANYON NR GEORGETOWN CA","CA","ST",38.92351348,-120.6418716,"F","NAD83",NA,NA,NA,18020128,"dv",60,3,10877,NA,"wat",NA,1645423,0,"7/1/1961","10/18/2008",17277,"CA",c(-120.6418716, 38.92351348),FALSE,"PASS"
3708,"USGS",11433060,"SF LONG CANYON C DIV TUNNEL NR VOLCANOVILLE CA","CA","ST",39.0510159,-120.471589,"F","NAD83",NA,NA,NA,18020128,"dv",60,3,217481,NA,"wat",NA,1645423,0,"10/1/1965","9/30/2024",21550,"CA",c(-120.471589, 39.0510159),FALSE,"PASS"
3710,"USGS",11433080,"NF LONG CANYON C DIV TU NR VOLCANOVILLE CA","CA","ST",39.04907139,-120.4832561,"F","NAD83",NA,NA,NA,18020128,"dv",60,3,217477,NA,"wat",NA,1645423,0,"10/1/1965","9/30/2024",21548,"CA",c(-120.4832561, 39.04907139),FALSE,"PASS"
3712,"USGS",11433100,"LONG CANYON C NR FRENCH MEADOWS CA","CA","ST",39.02101555,-120.5157567,"F","NAD83",NA,NA,NA,18020128,"dv",60,3,205497,NA,"wat",NA,1645423,0,"9/1/1960","9/29/1992",11717,"CA",c(-120.5157567, 39.02101555),FALSE,"PASS"
3714,"USGS",11433212,"OXBOW PH NR FORESTHILL CA","CA","ST",39.0037888,-120.7465959,"F","NAD83",NA,NA,NA,18020128,"dv",60,3,217475,NA,"wat",NA,1645423,0,"10/1/1973","9/30/2023",17166,"CA",c(-120.7465959, 39.0037888),FALSE,"PASS"
3716,"USGS",11433300,"MF AMERICAN R NR FORESTHILL CA","CA","ST",39.0060108,-120.7607633,"F","NAD83",NA,NA,NA,18020128,"dv",60,3,217474,NA,"wat",NA,1645423,0,"10/1/1958","9/30/2024",24107,"CA",c(-120.7607633, 39.0060108),FALSE,"PASS"
3719,"USGS",11433500,"MF AMERICAN R NR AUBURN CA","CA","ST",38.917954,-121.0152215,"F","NAD83",552.35,0.01,"NGVD29",18020128,"dv",60,3,10891,NA,"wat",NA,1645423,0,"10/1/1911","1/31/1986",26876,"CA",c(-121.0152215, 38.917954),FALSE,"PASS"
3724,"USGS",11434500,"ECHO LAKE CONDUIT NR PHILLIPS CA","CA","ST",38.83101846,-120.0376835,"F","NAD83",NA,NA,NA,16050101,"dv",60,3,216812,NA,"wat",NA,1645423,0,"8/23/1923","9/30/2025",35658,"CA",c(-120.0376835, 38.83101846),FALSE,"PASS"
3726,"USGS",11435100,"PYRAMID C A TWIN BRIDGES CA","CA","ST",38.81574095,-120.1171308,"F","NAD83",NA,NA,NA,18020129,"dv",60,3,216810,NA,"wat",NA,1645423,0,"10/1/1970","9/30/2025",20089,"CA",c(-120.1171308, 38.81574095),FALSE,"PASS"
3728,"USGS",11436000,"SILVER LK OUTLET NR KIRKWOOD CA","CA","ST",38.67157545,-120.1229654,"F","NAD83",7199.5,0.01,"NGVD29",18020129,"dv",60,3,216811,NA,"wat",NA,1645423,0,"10/1/1922","9/30/2025",37621,"CA",c(-120.1229654, 38.67157545),FALSE,"PASS"
3730,"USGS",11436999,"CAPLES C RELEASE BL CAPLES DAM NR KIRKWOOD CA","CA","ST",38.7085188,-120.0515736,"F","NAD83",NA,NA,NA,18020129,"dv",60,3,216807,NA,"wat",NA,1645423,0,"9/30/1992","9/30/2025",12054,"CA",c(-120.0515736, 38.7085188),FALSE,"PASS"
3731,"USGS",11437000,"CAPLES LK OUTLET NR KIRKWOOD CA","CA","ST",38.70796326,-120.051018,"F","NAD83",NA,NA,NA,18020129,"dv",60,3,10914,NA,"wat",NA,1645423,0,"10/1/1922","9/29/1992",25559,"CA",c(-120.051018, 38.70796326),FALSE,"PASS"
3734,"USGS",11439000,"EL DORADO CN NR KYBURZ CA","CA","ST",38.7643516,-120.320194,"F","NAD83",NA,NA,NA,18020129,"dv",60,3,216806,NA,"wat",NA,1645423,0,"9/30/1992","9/30/2025",12054,"CA",c(-120.320194, 38.7643516),FALSE,"PASS"
3736,"USGS",11439500,"SF AMERICAN R NR KYBURZ(RIVER ONLY) CA","CA","ST",38.76351814,-120.3285276,"F","NAD83",NA,NA,NA,18020129,"dv",60,3,326061,NA,"wat",NA,1645423,0,"10/1/1922","9/30/2025",37621,"CA",c(-120.3285276, 38.76351814),FALSE,"PASS"
3737,"USGS",11439501,"SF AMERICAN R NR KYBURZ TOTAL FLOW CA","CA","ST",38.76351814,-120.3285276,"F","NAD83",NA,NA,NA,18020129,"dv",60,3,216900,NA,"wat",NA,1645423,0,"10/1/1922","9/30/2025",37621,"CA",c(-120.3285276, 38.76351814),FALSE,"PASS"
3741,"USGS",11440000,"ALDER C NR WHITE HALL (TOTAL FLOW) CA","CA","ST",38.75518399,-120.3724184,"F","NAD83",NA,NA,NA,18020129,"dv",60,3,10925,NA,"wat",NA,1645423,0,"10/1/1922","9/29/1981",21549,"CA",c(-120.3724184, 38.75518399),FALSE,"PASS"
3748,"USGS",11441000,"SILVER C A UNION VALLEY CA","CA","ST",38.8651831,-120.4274203,"F","NAD83",4530,20,"NGVD29",18020129,"dv",60,3,10929,NA,"wat",NA,1645423,0,"10/1/1924","9/29/1960",12545,"CA",c(-120.4274203, 38.8651831),FALSE,"PASS"
3750,"USGS",11441500,"SF SILVER C NR ICE HOUSE CA","CA","ST",38.81879517,-120.3651957,"F","NAD83",5290,20,"NGVD29",18020129,"dv",60,3,232577,NA,"wat",NA,1645423,0,"10/1/1924","9/30/2025",36889,"CA",c(-120.3651957, 38.81879517),FALSE,"PASS"
3753,"USGS",11441800,"SILVER C BL JUNCTION DAM NR POLLOCK PINES CA","CA","ST",38.85212708,-120.4571437,"F","NAD83",NA,NA,NA,18020129,"dv",60,3,217029,NA,"wat",NA,1645423,0,"10/1/1987","9/30/2025",13116,"CA",c(-120.4571437, 38.85212708),FALSE,"PASS"
3755,"USGS",11441900,"SILVER C BL CAMINO DIV DAM CA","CA","ST",38.8237926,-120.5393692,"F","NAD83",NA,NA,NA,18020129,"dv",60,3,217030,NA,"wat",NA,1645423,0,"10/1/1960","9/30/2025",23741,"CA",c(-120.5393692, 38.8237926),FALSE,"PASS"
3756,"USGS",11442000,"SILVER C NR PLACERVILLE CA","CA","ST",38.79157,-120.5885377,"F","NAD83",2070,20,"NGVD29",18020129,"dv",60,3,10944,NA,"wat",NA,1645423,0,"4/1/1922","9/29/1961",14427,"CA",c(-120.5885377, 38.79157),FALSE,"PASS"
3758,"USGS",11442700,"BRUSH C BL BRUSH CREEK DAM NR POLLOCK PINES CA","CA","ST",38.8112919,-120.623261,"F","NAD83",NA,NA,NA,18020129,"dv",60,3,237567,NA,"wat",NA,1645423,0,"10/1/1987","9/30/2025",13879,"CA",c(-120.623261, 38.8112919),FALSE,"PASS"
3759,"USGS",11443000,"AMERICAN R FLUME NR CAMINO CA","CA","ST",38.7712916,-120.7052088,"F","NAD83",NA,NA,NA,18020129,"dv",60,3,10950,NA,"wat",NA,1645423,0,"10/1/1922","9/29/1957",12783,"CA",c(-120.7052088, 38.7712916),FALSE,"PASS"
3761,"USGS",11443500,"SF AMERICAN R NR CAMINO CA","CA","ST",38.7729583,-120.7015975,"F","NAD83",1650,20,"NGVD29",18020129,"dv",60,3,216804,NA,"wat",NA,1645423,0,"10/1/1922","9/30/2025",37621,"CA",c(-120.7015975, 38.7729583),FALSE,"PASS"
3762,"USGS",11443501,"SF AMERICAN R NR CAMINO + AMERICAN R FLUME CA","CA","ST",38.7729583,-120.7015975,"F","NAD83",NA,NA,NA,18020129,"dv",60,3,10955,NA,"wat",NA,1645423,0,"10/1/1922","12/23/1964",15425,"CA",c(-120.7015975, 38.7729583),FALSE,"PASS"
3767,"USGS",11444500,"SF AMERICAN R NR PLACERVILLE CA","CA","ST",38.7710133,-120.8163242,"F","NAD83",920,20,"NGVD29",18020129,"dv",60,3,217415,NA,"wat",NA,1645423,0,"10/1/1911","9/30/2025",25568,"CA",c(-120.8163242, 38.7710133),FALSE,"PASS"
3769,"USGS",11445500,"SF AMERICAN R NR LOTUS CA","CA","ST",38.81851188,-120.946885,"F","NAD83",635,20,"NGVD29",18020129,"dv",60,3,10964,NA,"wat",NA,1645423,0,"10/1/1951","9/30/1995",16071,"CA",c(-120.946885, 38.81851188),FALSE,"PASS"
3771,"USGS",11446500,"AMERICAN R A FAIR OAKS CA","CA","ST",38.6354394,-121.227692,"F","NAD83",73.74,0.26,"NAVD88",18020111,"dv",60,3,10977,NA,"wat",NA,1645423,0,"10/1/1904","2/14/2026",44332,"CA",c(-121.227692, 38.6354394),FALSE,"PASS"
3778,"USGS",11447360,"ARCADE C NR DEL PASO HEIGHTS CA","CA","ST",38.6418268,-121.3826961,"S","NAD83",48.94,0.16,"NAVD88",18020111,"dv",60,3,10993,NA,"wat",NA,1645423,0,"8/1/1963","2/14/2026",16474,"CA",c(-121.3826961, 38.6418268),FALSE,"PASS"
3779,"USGS",11447500,"SACRAMENTO R A SACRAMENTO CA","CA","ST",38.5865717,-121.505511,"F","NAD83",NA,NA,NA,18020163,"dv",60,3,10995,NA,"wat",NA,1645423,0,"10/1/1948","9/29/1979",11321,"CA",c(-121.505511, 38.5865717),FALSE,"PASS"
3780,"USGS",11447650,"SACRAMENTO R A FREEPORT CA","CA","ST",38.45566389,-121.5016167,"5","NAD83",NA,NA,NA,18020163,"dv",60,3,166794,NA,"wat",NA,1645423,0,"10/1/1948","9/30/2015",24471,"CA",c(-121.5016167, 38.45566389),FALSE,"PASS"
3795,"USGS",11449500,"KELSEY C NR KELSEYVILLE CA","CA","ST",38.9273642,-122.8435719,"F","NAD83",1478.06,0.33,"NAVD88",18020116,"dv",60,3,11062,NA,"wat",NA,1645423,0,"10/1/1946","2/14/2026",28992,"CA",c(-122.8435719, 38.9273642),FALSE,"PASS"
3798,"USGS",11451000,"CACHE C NR LOWER LAKE CA","CA","ST",38.92403349,-122.5657869,"F","NAD83",1282.29,0.16,"NAVD88",18020116,"dv",60,3,11066,NA,"wat",NA,1645423,0,"10/1/1944","2/14/2026",29722,"CA",c(-122.5657869, 38.92403349),FALSE,"PASS"
3799,"USGS",11451100,"NF CACHE C A HOUGH SPRING NR CLEARLAKE OAKS CA","CA","ST",39.1654458,-122.6199862,"F","NAD83",1536.52,0.16,"NAVD88",18020116,"dv",60,3,11067,NA,"wat",NA,1645423,0,"10/1/1971","2/14/2026",19402,"CA",c(-122.6199862, 39.1654458),FALSE,"PASS"
3801,"USGS",11451300,"NF CACHE C NR CLEARLAKE OAKS CA","CA","ST",39.07542006,-122.5341216,"F","NAD83",1274.25,0.16,"NAVD88",18020116,"dv",60,3,11073,NA,"wat",NA,1645423,0,"10/1/1983","2/14/2026",13909,"CA",c(-122.5341216, 39.07542006),FALSE,"PASS"
3802,"USGS",11451500,"NF CACHE C NR LOWER LAKE CA","CA","ST",39.0190618,-122.56887,"F","NAD83",1034.6,0.01,"NGVD29",18020116,"dv",60,3,11076,NA,"wat",NA,1645423,0,"10/1/1930","9/29/1981",18627,"CA",c(-122.56887, 39.0190618),FALSE,"PASS"
3813,"USGS",11452000,"CACHE C NR CAPAY CA","CA","ST",38.728792,-122.1052505,"F","NAD83",225,20,"NGVD29",18020116,"dv",60,3,11092,NA,"wat",NA,1645423,0,"10/1/1942","11/5/1976",12394,"CA",c(-122.1052505, 38.728792),FALSE,"PASS"
3814,"USGS",11452500,"CACHE C A YOLO CA","CA","ST",38.727126,-121.8071874,"F","NAD83",-3.14,0.16,"NAVD88",18020116,"dv",60,3,11093,NA,"wat",NA,1645423,0,"1/1/1903","2/14/2026",44971,"CA",c(-121.8071874, 38.727126),FALSE,"PASS"
3819,"USGS",11453000,"YOLO BYPASS NR WOODLAND CA","CA","ST",38.6776572,-121.6440924,"F","NAD83",-1.46,0.26,"NAVD88",18020163,"dv",60,3,11119,NA,"wat",NA,1645423,0,"10/1/1939","2/14/2026",20465,"CA",c(-121.6440924, 38.6776572),FALSE,"PASS"
3822,"USGS",11453500,"PUTAH C NR GUENOC CA","CA","ST",38.7787587,-122.51745,"F","NAD83",912.96,0.26,"NAVD88",18020162,"dv",60,3,11137,NA,"wat",NA,1645423,0,"10/1/1904","2/14/2026",27691,"CA",c(-122.51745, 38.7787587),FALSE,"PASS"
3829,"USGS",11454000,"PUTAH C NR WINTERS CA","CA","ST",38.5151562,-122.0818793,"F","NAD83",164.12,0.26,"NAVD88",18020162,"dv",60,3,11151,NA,"wat",NA,1645423,0,"6/28/1930","2/3/2026",34919,"CA",c(-122.0818793, 38.5151562),FALSE,"PASS"
3836,"USGS",11456000,"NAPA R NR ST HELENA CA","CA","ST",38.51126405,-122.4557779,"S","NAD83",191.33,0.26,"NAVD88",18050002,"dv",60,3,11259,NA,"wat",NA,1645423,0,"10/1/1929","2/14/2026",30847,"CA",c(-122.4557779, 38.51126405),FALSE,"PASS"
3837,"USGS",11456500,"CONN C NR OAKVILLE CA","CA","ST",38.44727778,-122.3805556,"S","NAD83",123,4.3,"NAVD88",18050002,"dv",60,3,11264,NA,"wat",NA,1645423,0,"10/1/1929","9/30/1975",12782,"CA",c(-122.3805556, 38.44727778),FALSE,"PASS"
3840,"USGS",11458000,"NAPA R NR NAPA CA","CA","ST",38.36821248,-122.3032719,"F","NAD83",27.14,0.16,"NAVD88",18050002,"dv",60,3,11270,NA,"wat",NA,1645423,0,"10/1/1929","2/14/2026",25339,"CA",c(-122.3032719, 38.36821248),FALSE,"PASS"
3846,"USGS",11458500,"SONOMA C A AGUA CALIENTE CA","CA","ST",38.32321159,-122.4943873,"S","NAD83",96.59,0.26,"NAVD88",18050002,"dv",60,3,11295,NA,"wat",NA,1645423,0,"2/9/1955","2/14/2026",18633,"CA",c(-122.4943873, 38.32321159),FALSE,"PASS"
3851,"USGS",11459500,"NOVATO C A NOVATO CA","CA","ST",38.1076593,-122.5799419,"F","NAD83",16.89,0.26,"NAVD88",18050002,"dv",60,3,11300,NA,"wat",NA,1645423,0,"10/1/1946","2/14/2026",28992,"CA",c(-122.5799419, 38.1076593),FALSE,"PASS"
3854,"USGS",11460000,"CORTE MADERA C A ROSS CA","CA","ST",37.96294006,-122.5568837,"S","NAD83",10.44,0.16,"NAVD88",18050002,"dv",60,3,11304,NA,"wat",NA,1645423,0,"2/22/1951","2/14/2026",21053,"CA",c(-122.5568837, 37.96294006),FALSE,"PASS"
3859,"USGS",11460400,"LAGUNITAS C A SAMUEL P TAYLOR STATE PARK CA","CA","ST",38.0268261,-122.7363337,"F","NAD83",106.01,0.26,"NAVD88",18050005,"dv",60,3,11314,NA,"wat",NA,1645423,0,"12/21/1982","2/14/2026",15762,"CA",c(-122.7363337, 38.0268261),FALSE,"PASS"
3861,"USGS",11460600,"LAGUNITAS C NR PT REYES STATION CA","CA","ST",38.08019988,-122.7844348,"F","NAD83",16.81,0.16,"NAVD88",18050005,"dv",60,3,11319,NA,"wat",NA,1645423,0,"10/1/1974","2/14/2026",18765,"CA",c(-122.7844348, 38.08019988),FALSE,"PASS"
3863,"USGS",11460750,"WALKER C NR MARSHALL CA","CA","ST",38.1757531,-122.8183254,"F","NAD83",148.96,0.16,"NAVD88",18050005,"dv",60,3,11324,NA,"wat",NA,1645423,0,"10/1/1983","2/14/2026",15478,"CA",c(-122.8183254, 38.1757531),FALSE,"PASS"
3867,"USGS",11461000,"RUSSIAN R NR UKIAH CA","CA","ST",39.1954471,-123.1950048,"F","NAD83",602.25,0.16,"NAVD88",18010110,"dv",60,3,11334,NA,"wat",NA,1645423,0,"10/1/1911","9/30/2022",26297,"CA",c(-123.1950048, 39.1954471),FALSE,"PASS"
3869,"USGS",11461500,"EF RUSSIAN R NR CALPELLA CA","CA","ST",39.24652277,-123.1302509,"F","NAD83",790.74,0.26,"NAVD88",18010110,"dv",60,3,296170,NA,"wat",NA,1645423,0,"10/1/1941","2/14/2026",30818,"CA",c(-123.1302509, 39.24652277),FALSE,"PASS"
3871,"USGS",11462000,"EF RUSSIAN R NR UKIAH CA","CA","ST",39.1973914,-123.1875046,"F","NAD83",614.41,0.01,"NGVD29",18010110,"dv",60,3,11351,NA,"wat",NA,1645423,0,"9/1/1911","10/1/2011",22189,"CA",c(-123.1875046, 39.1973914),FALSE,"PASS"
3873,"USGS",11462500,"RUSSIAN R NR HOPLAND CA","CA","ST",39.0265265,-123.1305253,"F","NAD83",500.01,0.26,"NAVD88",18010110,"dv",60,3,11358,NA,"wat",NA,1645423,0,"10/1/1939","2/14/2026",31549,"CA",c(-123.1305253, 39.0265265),FALSE,"PASS"
3875,"USGS",11463000,"RUSSIAN R NR CLOVERDALE CA","CA","ST",38.87930758,-123.0535767,"F","NAD83",374.64,0.16,"NAVD88",18010110,"dv",60,3,11382,NA,"wat",NA,1645423,0,"8/1/1951","2/14/2026",27227,"CA",c(-123.0535767, 38.87930758),FALSE,"PASS"
3877,"USGS",11463170,"BIG SULPHUR C A G RESORT NR CLOVERDALE CA","CA","ST",38.79764466,-122.8024578,"F","NAD83",1429.88,0.16,"NAVD88",18010110,"dv",60,3,11393,NA,"wat",NA,1645423,0,"10/1/1980","2/14/2026",16573,"CA",c(-122.8024578, 38.79764466),FALSE,"PASS"
3878,"USGS",11463200,"BIG SULPHUR C NR CLOVERDALE CA","CA","ST",38.8259757,-122.9969077,"F","NAD83",302.75,0.16,"NAVD88",18010110,"dv",60,3,11397,NA,"wat",NA,1645423,0,"7/1/1957","2/14/2026",16801,"CA",c(-122.9969077, 38.8259757),FALSE,"PASS"
3881,"USGS",11463900,"MAACAMA C NR KELLOGG CA","CA","ST",38.6409811,-122.7638434,"S","NAD83",179.62,0.16,"NAVD88",18010110,"dv",60,3,11417,NA,"wat",NA,1645423,0,"1/1/1961","2/14/2026",12187,"CA",c(-122.7638434, 38.6409811),FALSE,"PASS"
3884,"USGS",11464000,"RUSSIAN R NR HEALDSBURG CA","CA","ST",38.6132032,-122.8363448,"F","NAD83",79.98,0.26,"NAVD88",18010110,"dv",60,3,11441,NA,"wat",NA,1645423,0,"10/1/1939","2/14/2026",31549,"CA",c(-122.8363448, 38.6132032),FALSE,"PASS"
3887,"USGS",11464500,"DRY C NR CLOVERDALE CA","CA","ST",38.74963216,-123.0922252,"F","NAD83",304.04,0.01,"NGVD29",18010110,"dv",60,3,11447,NA,"wat",NA,1645423,0,"10/1/1941","9/29/1980",14244,"CA",c(-123.0922252, 38.74963216),FALSE,"PASS"
3889,"USGS",11465000,"DRY C BL WARM SPRINGS DAM NR GEYSERVILLE CA","CA","ST",38.71963226,-123.0005556,"F","NAD83",NA,NA,NA,18010110,"dv",60,3,11452,NA,"wat",NA,1645423,0,"10/1/1939","10/9/2011",12061,"CA",c(-123.0005556, 38.71963226),FALSE,"PASS"
3892,"USGS",11465200,"DRY C NR GEYSERVILLE CA","CA","ST",38.698521,-122.9580539,"F","NAD83",160.49,0.16,"NAVD88",18010110,"dv",60,3,11461,NA,"wat",NA,1645423,0,"10/1/1959","6/27/2024",23508,"CA",c(-122.9580539, 38.698521),FALSE,"PASS"
3894,"USGS",11465350,"DRY C NR MOUTH NR HEALDSBURG CA","CA","ST",38.58737009,-122.8621784,"F","NAD83",56.7,0.16,"NAVD88",18010110,"dv",60,3,11480,NA,"wat",NA,1645423,0,"10/1/1981","2/14/2026",12685,"CA",c(-122.8621784, 38.58737009),FALSE,"PASS"
3908,"USGS",11467000,"RUSSIAN R A HACIENDA BRIDGE NR GUERNEVILLE CA","CA","ST",38.50848204,-122.9277345,"F","NAD83",22.33,0.16,"NAVD88",18010110,"dv",60,3,11517,NA,"wat",NA,1645423,0,"10/1/1939","2/14/2026",31549,"CA",c(-122.9277345, 38.50848204),FALSE,"PASS"
3918,"USGS",11468000,"NAVARRO R NR NAVARRO CA","CA","ST",39.1704079,-123.6680415,"F","NAD83",9.22,0.26,"NAVD88",18010108,"dv",60,3,11556,NA,"wat",NA,1645423,0,"10/1/1950","2/14/2026",27531,"CA",c(-123.6680415, 39.1704079),FALSE,"PASS"
3923,"USGS",11468500,"NOYO R NR FORT BRAGG CA","CA","ST",39.42818069,-123.7377695,"F","NAD83",13.66,0.26,"NAVD88",18010108,"dv",60,3,11572,NA,"wat",NA,1645423,0,"10/1/1951","2/14/2026",27166,"CA",c(-123.7377695, 39.42818069),FALSE,"PASS"
3929,"USGS",11469000,"MATTOLE R NR PETROLIA CA","CA","ST",40.31316145,-124.2833536,"S","NAD83",49.79,0.26,"NAVD88",18010107,"dv",60,3,11585,NA,"wat",NA,1645423,0,"10/1/1911","2/14/2026",28261,"CA",c(-124.2833536, 40.31316145),FALSE,"PASS"
3932,"USGS",11470500,"EEL R BL SCOTT DAM NR POTTER VALLEY CA","CA","ST",39.40793878,-122.9713896,"F","NAD83",NA,NA,NA,18010103,"dv",60,3,217382,NA,"wat",NA,1645423,0,"10/1/1922","9/30/2025",37621,"CA",c(-122.9713896, 39.40793878),FALSE,"PASS"
3933,"USGS",11471000,"POTTER VALLEY PH INTAKE NR POTTER VALLEY CA","CA","ST",39.366552,-123.1275046,"F","NAD83",NA,NA,NA,18010110,"dv",60,3,217373,NA,"wat",NA,1645423,0,"12/1/1909","9/30/2025",42308,"CA",c(-123.1275046, 39.366552),FALSE,"PASS"
3934,"USGS",11471099,"POTTER VALLEY PH (TR ONLY) NR POTTER VALLEY CA","CA","ST",39.36155219,-123.1283379,"F","NAD83",NA,NA,NA,18010110,"dv",60,3,217369,NA,"wat",NA,1645423,0,"9/30/1987","9/30/2025",13879,"CA",c(-123.1283379, 39.36155219),FALSE,"PASS"
3935,"USGS",11471100,"POTTER VALLEY IRRIG CN 5+6 NR POTTER VALLEY CA","CA","ST",39.36155219,-123.1283379,"F","NAD83",NA,NA,NA,18010110,"dv",60,3,217368,NA,"wat",NA,1645423,0,"10/1/1975","9/30/2025",15195,"CA",c(-123.1283379, 39.36155219),FALSE,"PASS"
3936,"USGS",11471105,"POTTER VALLEY IRRIG CN E5 NR POTTER VALLEY CA","CA","ST",39.36155219,-123.1283379,"F","NAD83",NA,NA,NA,18010110,"dv",60,3,217365,NA,"wat",NA,1645423,0,"10/1/1975","9/30/2025",16436,"CA",c(-123.1283379, 39.36155219),FALSE,"PASS"
3937,"USGS",11471106,"POTTER VALLEY IRRIG CN E6 NR POTTER VALLEY CA","CA","ST",39.36155219,-123.1283379,"F","NAD83",NA,NA,NA,18010110,"dv",60,3,217371,NA,"wat",NA,1645423,0,"10/1/1975","9/30/2025",16072,"CA",c(-123.1283379, 39.36155219),FALSE,"PASS"
3938,"USGS",11471500,"EEL R A VAN ARSDALE DAM NR POTTER VALLEY CA","CA","ST",39.38849566,-123.1161157,"F","NAD83",NA,NA,NA,18010103,"dv",60,3,217358,NA,"wat",NA,1645423,0,"12/1/1909","9/30/2025",42094,"CA",c(-123.1161157, 39.38849566),FALSE,"PASS"
3944,"USGS",11472200,"OUTLET C NR LONGVALE CA","CA","ST",39.6179353,-123.3566796,"F","NAD83",1018.14,0.01,"NGVD29",18010103,"dv",60,3,11616,NA,"wat",NA,1645423,0,"10/1/1956","11/6/1994",13885,"CA",c(-123.3566796, 39.6179353),FALSE,"PASS"
3955,"USGS",11473900,"MF EEL R NR DOS RIOS CA","CA","ST",39.7062356,-123.3252632,"F","NAD83",903.43,0.16,"NAVD88",18010104,"dv",60,3,11655,NA,"wat",NA,1645423,0,"10/1/1965","2/14/2026",22052,"CA",c(-123.3252632, 39.7062356),FALSE,"PASS"
3963,"USGS",11475000,"EEL R A FORT SEWARD CA","CA","ST",40.21816919,-123.6325017,"F","NAD83",220.33,0.16,"NAVD88",18010105,"dv",60,3,11677,NA,"wat",NA,1645423,0,"9/1/1955","2/14/2026",25735,"CA",c(-123.6325017, 40.21816919),FALSE,"PASS"
3967,"USGS",11475560,"ELDER C NR BRANSCOMB CA","CA","ST",39.72956555,-123.643883,"F","NAD83",1411.64,0.33,"NAVD88",18010106,"dv",60,3,11694,NA,"wat",NA,1645423,0,"10/1/1967","2/14/2026",21322,"CA",c(-123.643883, 39.72956555),FALSE,"PASS"
3970,"USGS",11475800,"SF EEL R A LEGGETT CA","CA","ST",39.8745957,-123.7205775,"F","NAD83",687.59,0.16,"NAVD88",18010106,"dv",60,3,11705,NA,"wat",NA,1645423,0,"10/1/1965","2/14/2026",19919,"CA",c(-123.7205775, 39.8745957),FALSE,"PASS"
3973,"USGS",11476500,"SF EEL R NR MIRANDA CA","CA","ST",40.18177947,-123.776116,"F","NAD83",220.46,0.16,"NAVD88",18010106,"dv",60,3,11711,NA,"wat",NA,1645423,0,"10/1/1939","2/14/2026",31544,"CA",c(-123.776116, 40.18177947),FALSE,"PASS"
3974,"USGS",11476600,"BULL C NR WEOTT CA","CA","ST",40.3514969,-124.0050136,"S","NAD83",274.54,0.26,"NAVD88",18010106,"dv",60,3,11715,NA,"wat",NA,1645423,0,"10/1/1960","2/14/2026",23393,"CA",c(-124.0050136, 40.3514969),FALSE,"PASS"
3976,"USGS",11477000,"EEL R A SCOTIA CA","CA","ST",40.49149394,-124.0997407,"F","NAD83",38.41,0.16,"NAVD88",18010105,"dv",60,3,11722,NA,"wat",NA,1645423,0,"10/1/1910","2/14/2026",41372,"CA",c(-124.0997407, 40.49149394),FALSE,"PASS"
3986,"USGS",11478500,"VAN DUZEN R NR BRIDGEVILLE CA","CA","ST",40.480385,-123.8908461,"F","NAD83",361.29,0.16,"NAVD88",18010105,"dv",60,3,11742,NA,"wat",NA,1645423,0,"10/1/1950","2/14/2026",27531,"CA",c(-123.8908461, 40.480385),FALSE,"PASS"
3991,"USGS",11480390,"MAD R AB RUTH RES NR FOREST GLEN CA","CA","ST",40.28428216,-123.3352727,"F","NAD83",2668.71,0.16,"NAVD88",18010102,"dv",60,3,11749,NA,"wat",NA,1645423,0,"6/20/1980","2/14/2026",16676,"CA",c(-123.3352727, 40.28428216),FALSE,"PASS"
3992,"USGS",11480410,"MAD R BL RUTH RES NR FOREST GLEN CA","CA","ST",40.37097808,-123.4361411,"F","NAD83",NA,NA,NA,18010102,"dv",60,3,217243,NA,"wat",NA,1645423,0,"10/1/1980","9/30/2024",16070,"CA",c(-123.4361411, 40.37097808),FALSE,"PASS"
3993,"USGS",11480500,"MAD R NR FOREST GLEN CA","CA","ST",40.45819874,-123.5108673,"F","NAD83",2408.18,0.01,"NGVD29",18010102,"dv",60,3,11755,NA,"wat",NA,1645423,0,"10/1/1953","11/9/1994",15015,"CA",c(-123.5108673, 40.45819874),FALSE,"PASS"
3997,"USGS",11481000,"MAD R NR ARCATA CA","CA","ST",40.9098217,-124.06058,"F","NAD83",14.25,0.16,"NAVD88",18010102,"dv",60,3,11768,NA,"wat",NA,1645423,0,"10/1/1910","2/14/2026",28625,"CA",c(-124.06058, 40.9098217),FALSE,"PASS"
3998,"USGS",11481200,"LITTLE R NR TRINIDAD CA","CA","ST",41.00982016,-124.0814157,"S","NAD83",21.18,0.26,"NAVD88",18010102,"dv",60,3,11771,NA,"wat",NA,1645423,0,"10/1/1955","2/14/2026",25705,"CA",c(-124.0814157, 41.00982016),FALSE,"PASS"
3999,"USGS",11481500,"REDWOOD C NR BLUE LAKE CA","CA","ST",40.90596479,-123.815335,"F","NAD83",867.26,0.16,"NAVD88",18010102,"dv",60,3,11775,NA,"wat",NA,1645423,0,"10/1/1953","2/14/2026",19859,"CA",c(-123.815335, 40.90596479),FALSE,"PASS"
4007,"USGS",11482500,"REDWOOD C A ORICK CA","CA","ST",41.2992896,-124.0511825,"F","NAD83",8.97,0.16,"NAVD88",18010102,"dv",60,3,11795,NA,"wat",NA,1645423,0,"9/1/1911","2/14/2026",27195,"CA",c(-124.0511825, 41.2992896),FALSE,"PASS"
4013,"USGS",11512500,"KLAMATH R BL FALL C NR COPCO CA","CA","ST",41.97208569,-122.3691862,"F","NAD83",2310,33,"NGVD29",18010206,"dv",60,3,11803,NA,"wat",NA,1645423,0,"10/1/1923","9/29/1961",13879,"CA",c(-122.3691862, 41.97208569),FALSE,"PASS"
4014,"USGS",11516530,"KLAMATH R BL IRON GATE DAM CA","CA","ST",41.92788026,-122.4441653,"F","NAD83",2165.56,0.16,"NAVD88",18010206,"dv",60,3,11810,NA,"wat",NA,1645423,0,"10/1/1960","2/14/2026",23878,"CA",c(-122.4441653, 41.92788026),FALSE,"PASS"
4018,"USGS",11517000,"SHASTA R NR  MONTAGUE CA","CA","ST",41.708993,-122.538053,"S","NAD83",2467.14,0.26,"NAVD88",18010207,"dv",60,3,11822,NA,"wat",NA,1645423,0,"10/1/1911","2/14/2026",15110,"CA",c(-122.538053, 41.708993),FALSE,"PASS"
4019,"USGS",11517500,"SHASTA R NR YREKA CA","CA","ST",41.82288,-122.5955565,"F","NAD83",2036.93,0.16,"NAVD88",18010207,"dv",60,3,11833,NA,"wat",NA,1645423,0,"10/1/1933","2/14/2026",32662,"CA",c(-122.5955565, 41.82288),FALSE,"PASS"
4030,"USGS",11519500,"SCOTT R NR FORT JONES CA","CA","ST",41.64065587,-123.0150092,"F","NAD83",2626.07,0.26,"NAVD88",18010208,"dv",60,3,11850,NA,"wat",NA,1645423,0,"10/1/1941","2/14/2026",30818,"CA",c(-123.0150092, 41.64065587),FALSE,"PASS"
4032,"USGS",11520500,"KLAMATH R NR SEIAD VALLEY CA","CA","ST",41.8537379,-123.2322733,"F","NAD83",1313.78,0.16,"NAVD88",18010206,"dv",60,3,11854,NA,"wat",NA,1645423,0,"10/1/1912","2/14/2026",31913,"CA",c(-123.2322733, 41.8537379),FALSE,"PASS"
4034,"USGS",11521500,"INDIAN C NR HAPPY CAMP CA","CA","ST",41.83509438,-123.383078,"F","NAD83",1201.55,0.16,"NAVD88",18010209,"dv",60,3,296197,NA,"wat",NA,1645423,0,"12/15/1956","2/14/2026",25081,"CA",c(-123.383078, 41.83509438),FALSE,"PASS"
4039,"USGS",11522500,"SALMON R A SOMES BAR CA","CA","ST",41.37648796,-123.4769615,"S","NAD83",486.33,0.16,"NAVD88",18010210,"dv",60,3,11871,NA,"wat",NA,1645423,0,"10/1/1911","2/14/2026",37392,"CA",c(-123.4769615, 41.37648796),FALSE,"PASS"
4040,"USGS",11523000,"KLAMATH R A ORLEANS",NA,"ST",41.30343278,-123.5344618,"F","NAD83",357.43,0.16,"NAVD88",18010209,"dv",60,3,11875,NA,"wat",NA,1645423,0,"10/1/1927","2/14/2026",35932,"CA",c(-123.5344618, 41.30343278),FALSE,"CHECK"
4043,"USGS",11523200,"TRINITY R AB COFFEE C NR TRINITY CENTER CA","CA","ST",41.11122108,-122.7055474,"F","NAD83",2540.44,0.16,"NAVD88",18010211,"dv",60,3,11886,NA,"wat",NA,1645423,0,"10/1/1957","2/14/2026",24974,"CA",c(-122.7055474, 41.11122108),FALSE,"PASS"
4046,"USGS",11525430,"JUDGE FRANCIS CARR PH NR FRENCH GULCH CA","CA","ST",40.64681495,-122.6272392,"F","NAD83",NA,NA,NA,18020154,"dv",60,3,326086,NA,"wat",NA,1645423,0,"4/16/1963","9/30/2024",22085,"CA",c(-122.6272392, 40.64681495),FALSE,"PASS"
4047,"USGS",11525500,"TRINITY R A LEWISTON CA","CA","ST",40.7247222,-122.801111,"F","NAD83",1821.45,0.16,"NAVD88",18010211,"dv",60,3,11893,NA,"wat",NA,1645423,0,"10/1/1911","2/14/2026",41776,"CA",c(-122.801111, 40.7247222),FALSE,"PASS"
4053,"USGS",11525655,"TRINITY R BL LIMEKILN GULCH NR DOUGLAS CITY CA","CA","ST",40.67261385,-122.9205459,"S","NAD83",1665.3,0.16,"NAVD88",18010211,"dv",60,3,11914,NA,"wat",NA,1645423,0,"4/28/1981","2/14/2026",12346,"CA",c(-122.9205459, 40.67261385),FALSE,"PASS"
4062,"USGS",11526500,"NF TRINITY R A HELENA CA","CA","ST",40.7818089,-123.1283653,"U","NAD83",1460,66,"NGVD29",18010211,"dv",60,3,296199,NA,"wat",NA,1645423,0,"10/1/1911","9/30/2019",12218,"CA",c(-123.1283653, 40.7818089),FALSE,"PASS"
4063,"USGS",11527000,"TRINITY R NR BURNT RANCH CA","CA","ST",40.78871835,-123.440006,"F","NAD83",947.85,0.26,"NAVD88",18010211,"dv",60,3,11940,NA,"wat",NA,1645423,0,"10/1/1931","2/14/2026",28626,"CA",c(-123.440006, 40.78871835),FALSE,"PASS"
4072,"USGS",11528700,"SF TRINITY R BL HYAMPOM CA","CA","ST",40.64983089,-123.4941718,"F","NAD83",1211.96,0.16,"NAVD88",18010212,"dv",60,3,11957,NA,"wat",NA,1645423,0,"10/1/1965","2/14/2026",22052,"CA",c(-123.4941718, 40.64983089),FALSE,"PASS"
4076,"USGS",11530000,"TRINITY R A HOOPA CA","CA","ST",41.0498236,-123.6736278,"F","NAD83",278.69,0.16,"NAVD88",18010211,"dv",60,3,296209,NA,"wat",NA,1645423,0,"10/1/1911","2/14/2026",35930,"CA",c(-123.6736278, 41.0498236),FALSE,"PASS"
4080,"USGS",11530500,"KLAMATH R NR KLAMATH CA","CA","ST",41.51092575,-123.9794772,"F","NAD83",5.41,0.16,"NAVD88",18010209,"dv",60,3,11991,NA,"wat",NA,1645423,0,"10/1/1910","2/14/2026",32665,"CA",c(-123.9794772, 41.51092575),FALSE,"PASS"
4084,"USGS",11532500,"SMITH R NR CRESCENT CITY CA","CA","ST",41.7914769,-124.0761515,"F","NAD83",82.75,0.26,"NAVD88",18010101,"dv",60,3,12011,NA,"wat",NA,1645423,0,"10/1/1931","2/14/2026",34471,"CA",c(-124.0761515, 41.7914769),FALSE,"PASS"
4099,"USGS",3.74e+14,"003S028E34RS01M HOT C FH","FH","SP",37.63937816,-118.8631869,"U","NAD83",7050,5,"NGVD29",18090102,"dv",60,3,13409,NA,"wat",NA,1645423,0,"10/19/1990","10/31/2022",11321,"CA",c(-118.8631869, 37.63937816),FALSE,"FAIL"
4100,"USGS",3.74e+14,"003S028E35KS01M HOT C FH","FH","SP",37.6413224,-118.8504089,"U","NAD83",7065,5,"NGVD29",18090102,"dv",60,3,13414,NA,"wat",NA,1645423,0,"1/1/1987","10/31/2022",12637,"CA",c(-118.8504089, 37.6413224),FALSE,"FAIL"
4128,"USGS",6614800,"MICHIGAN RIVER NEAR CAMERON PASS, CO","CO","ST",40.49609409,-105.8650119,"F","NAD83",10390,15,"NGVD29",10180001,"dv",60,3,17390,NA,"wat",NA,1645423,0,"10/1/1973","2/14/2026",19130,"CO",c(-105.8650119, 40.49609409),FALSE,"PASS"
4131,"USGS",6616000,"NORTH FORK MICHIGAN RIVER NEAR GOULD, CO.","CO","ST",40.5494257,-106.0211287,"F","NAD83",8793,15,"NGVD29",10180001,"dv",60,3,17393,NA,"wat",NA,1645423,0,"10/1/1950","10/8/1982",11696,"CO",c(-106.0211287, 40.5494257),FALSE,"PASS"
4144,"USGS",6620000,"NORTH PLATTE RIVER NEAR NORTHGATE, CO","CO","ST",40.93663889,-106.3391944,"S","NAD83",7820.99,0.15,"NAVD88",10180001,"dv",60,3,161463,NA,"wat",NA,1645423,0,"6/1/1904","2/14/2026",40590,"CO",c(-106.3391944, 40.93663889),FALSE,"PASS"
4145,"USGS",6657500,"LARAMIE RIVER NEAR GLENDEVEY, CO","CO","ST",40.8001111,-105.8786389,"S","NAD83",8230,15,"NGVD29",10180010,"dv",60,3,17416,NA,"wat",NA,1645423,0,"7/1/1904","10/6/1982",26061,"CO",c(-105.8786389, 40.8001111),FALSE,"PASS"
4152,"USGS",6695000,"S PLATTE RIV AB 11-MILE CANYON RES, NR HARTSEL, CO","CO","ST",38.96749238,-105.58139,"F","NAD83",8612.83,15,"NGVD29",10190001,"dv",60,3,325359,NA,"wat",NA,1645423,0,"6/1/1939","9/29/1995",20575,"CO",c(-105.58139, 38.96749238),FALSE,"PASS"
4153,"USGS",6696000,"SOUTH PLATTE RIVER NEAR LAKE GEORGE, CO.","CO","ST",38.90526996,-105.4733299,"F","NAD83",8458,15,"NGVD29",10190001,"dv",60,3,17423,NA,"wat",NA,1645423,0,"10/1/1929","9/29/1998",25200,"CO",c(-105.4733299, 38.90526996),FALSE,"PASS"
4164,"USGS",6700500,"GOOSE CREEK ABOVE CHEESMAN LAKE, CO.","CO","ST",39.20887938,-105.3036069,"F","NAD83",6910,15,"NGVD29",10190002,"dv",60,3,17434,NA,"wat",NA,1645423,0,"1/1/1924","9/29/1982",19250,"CO",c(-105.3036069, 39.20887938),FALSE,"PASS"
4165,"USGS",6701500,"SOUTH PLATTE RIVER BELOW CHEESMAN LAKE, CO","CO","ST",39.20915718,-105.2677725,"F","NAD83",6609.29,15,"NGVD29",10190002,"dv",60,3,17435,NA,"wat",NA,1645423,0,"10/1/1924","9/29/2007",29217,"CO",c(-105.2677725, 39.20915718),FALSE,"PASS"
4175,"USGS",6706000,"NF SOUTH PLATTE R BELOW GENEVA C, AT GRANT, CO.","CO","ST",39.4572101,-105.6586159,"F","NAD83",8560.81,15,"NGVD29",10190002,"dv",60,3,294983,NA,"wat",NA,1645423,0,"1/1/1909","9/29/1998",22340,"CO",c(-105.6586159, 39.4572101),FALSE,"PASS"
4180,"USGS",6707000,"NF SOUTH PLATTE RIVER AT SOUTH PLATTE, CO.","CO","ST",39.408878,-105.1758234,"F","NAD83",6090.55,15,"NGVD29",10190002,"dv",60,3,17470,NA,"wat",NA,1645423,0,"7/1/1909","9/29/1982",25840,"CO",c(-105.1758234, 39.408878),FALSE,"PASS"
4181,"USGS",6707500,"SOUTH PLATTE RIVER AT SOUTH PLATTE, CO","CO","ST",39.4091558,-105.1699899,"F","NAD83",6078.43,15,"NGVD29",10190002,"dv",60,3,17471,NA,"wat",NA,1645423,0,"1896-01-01","9/29/2007",32959,"CO",c(-105.1699899, 39.4091558),FALSE,"PASS"
4182,"USGS",6708000,"SOUTH PLATTE RIVER AT WATERTON, CO.","CO","ST",39.48832188,-105.0927643,"F","NAD83",5484.43,15,"NGVD29",10190002,"dv",60,3,17472,NA,"wat",NA,1645423,0,"5/1/1926","9/29/1980",19876,"CO",c(-105.0927643, 39.48832188),FALSE,"PASS"
4187,"USGS",6709000,"PLUM CREEK NEAR SEDALIA, CO.","CO","ST",39.43831639,-104.9830672,"M","NAD83",5716.41,0.14,"NAVD88",1.02e+11,"dv",60,3,17478,NA,"wat",NA,1645423,0,"6/18/1942","2/14/2026",14912,"CO",c(-104.9830672, 39.43831639),FALSE,"PASS"
4188,"USGS",6709500,"PLUM CREEK NEAR LOUVIERS, CO.","CO","ST",39.48443309,-105.0024836,"F","NAD83",5585,15,"NGVD29",10190002,"dv",60,3,17479,NA,"wat",NA,1645423,0,"10/1/1947","9/29/1990",15705,"CO",c(-105.0024836, 39.48443309),FALSE,"PASS"
4189,"USGS",6709530,"PLUM CREEK AT TITAN ROAD NEAR LOUVIERS, CO","CO","ST",39.50736944,-105.0244667,"5","NAD83",5522.61,0.1,"NAVD88",10190002,"dv",60,3,17481,NA,"wat",NA,1645423,0,"5/1/1984","2/14/2026",15265,"CO",c(-105.0244667, 39.50736944),FALSE,"PASS"
4192,"USGS",6710000,"SOUTH PLATTE RIVER AT LITTLETON, CO.","CO","ST",39.6188766,-105.0191499,"F","NAD83",5304.36,15,"NGVD29",10190002,"dv",60,3,17486,NA,"wat",NA,1645423,0,"10/1/1941","9/29/1986",16435,"CO",c(-105.0191499, 39.6188766),FALSE,"PASS"
4195,"USGS",6710247,"SOUTH PLATTE RIVER BELOW UNION AVE, AT ENGLEWOOD,C",NA,"ST",39.63248027,-105.0150143,"F","NAD83",5283.65,0.06,"NAVD88",1.02e+11,"dv",60,3,17492,NA,"wat",NA,1645423,0,"2/7/1996","2/14/2026",10966,"CO",c(-105.0150143, 39.63248027),FALSE,"CHECK"
4196,"USGS",6710385,"BEAR CREEK ABOVE EVERGREEN, CO","CO","ST",39.63316667,-105.3369444,"S","NAD83",7080,10,"NGVD29",10190002,"dv",60,3,17494,NA,"wat",NA,1645423,0,"8/1/1984","2/14/2026",15173,"CO",c(-105.3369444, 39.63316667),FALSE,"PASS"
4197,"USGS",6710500,"BEAR CREEK AT MORRISON, CO","CO","ST",39.6530433,-105.1958219,"F","NAD83",5780.43,15,"NGVD29",10190002,"dv",60,3,17495,NA,"wat",NA,1645423,0,"5/1/1900","9/29/2007",32720,"CO",c(-105.1958219, 39.6530433),FALSE,"PASS"
4198,"USGS",6710605,"BEAR CREEK ABOVE BEAR CREEK LAKE NEAR MORRISON, CO","CO","ST",39.65202778,-105.17325,"5","NAD83",5650.96,0.2,"NAVD88",1.02e+11,"dv",60,3,17496,NA,"wat",NA,1645423,0,"5/1/1986","9/30/2025",11115,"CO",c(-105.17325, 39.65202778),FALSE,"PASS"
4202,"USGS",6711500,"BEAR CREEK AT MOUTH AT SHERIDAN, CO","CO","ST",39.6522097,-105.033039,"F","NAD83",5295,15,"NGVD29",10190002,"dv",60,3,17500,NA,"wat",NA,1645423,0,"3/1/1927","9/29/2007",29433,"CO",c(-105.033039, 39.6522097),FALSE,"PASS"
4206,"USGS",6711565,"SOUTH PLATTE RIVER AT ENGLEWOOD, CO.","CO","ST",39.66497989,-105.0041809,"M","NAD83",5245.18,0.07,"NAVD88",1.02e+11,"dv",60,3,17504,NA,"wat",NA,1645423,0,"2/1/1983","2/14/2026",15720,"CO",c(-105.0041809, 39.66497989),FALSE,"PASS"
4213,"USGS",6712000,"CHERRY CREEK NEAR FRANKTOWN, CO.","CO","ST",39.3558234,-104.7633092,"F","NAD83",6169.64,0.09,"NAVD88",10190003,"dv",60,3,17520,NA,"wat",NA,1645423,0,"11/21/1939","2/14/2026",31496,"CO",c(-104.7633092, 39.3558234),FALSE,"PASS"
4214,"USGS",6712500,"CHERRY CREEK NEAR MELVIN, CO","CO","ST",39.6049883,-104.8224759,"F","NAD83",5608.21,15,"NGVD29",10190003,"dv",60,3,294987,NA,"wat",NA,1645423,0,"10/1/1939","9/29/1985",11438,"CO",c(-104.8224759, 39.6049883),FALSE,"PASS"
4215,"USGS",6713000,"CHERRY CREEK BELOW CHERRY CREEK LAKE, CO","CO","ST",39.65359899,-104.8630326,"M","NAD83",5487.51,10,"NGVD29",10190003,"dv",60,3,17524,NA,"wat",NA,1645423,0,"6/30/1950","2/14/2026",24300,"CO",c(-104.8630326, 39.65359899),FALSE,"PASS"
4217,"USGS",6713500,"CHERRY CREEK AT DENVER, CO.","CO","ST",39.74248685,-104.9999817,"M","NAD83",5189.79,0.24,"NAVD88",10190003,"dv",60,3,17526,NA,"wat",NA,1645423,0,"8/11/1942","2/14/2026",25646,"CO",c(-104.9999817, 39.74248685),FALSE,"PASS"
4218,"USGS",6714000,"SOUTH PLATTE RIVER AT DENVER, CO.","CO","ST",39.75945556,-105.0040028,"F","NAD83",5157.64,15,"NGVD29",10190003,"dv",60,3,17530,NA,"wat",NA,1645423,0,"1895-07-01","9/29/2007",40998,"CO",c(-105.0040028, 39.75945556),FALSE,"PASS"
4221,"USGS",6714215,"SOUTH PLATTE R AT 64TH AVE. COMMERCE CITY, CO.","CO","ST",39.81220846,-104.9583129,"F","NAD83",5105,15,"NGVD29",10190003,"dv",60,3,17534,NA,"wat",NA,1645423,0,"1/28/1982","2/14/2026",16089,"CO",c(-104.9583129, 39.81220846),FALSE,"PASS"
4228,"USGS",6715000,"CLEAR CREEK ABV WEST FORK CLEAR CREEK NR EMPIRE CO","CO","ST",39.7519319,-105.661947,"F","NAD83",8280,20,"NGVD29",10190004,"dv",60,3,17558,NA,"wat",NA,1645423,0,"10/1/1994","2/14/2026",10992,"CO",c(-105.661947, 39.7519319),FALSE,"PASS"
4231,"USGS",6716100,"WEST FORK CLEAR CREEK ABV MOUTH NR EMPIRE, CO","CO","ST",39.75887636,-105.6600025,"F","NAD83",8235,20,"NGVD29",10190004,"dv",60,3,17561,NA,"wat",NA,1645423,0,"10/1/1994","2/14/2026",11460,"CO",c(-105.6600025, 39.75887636),FALSE,"PASS"
4232,"USGS",6716500,"CLEAR CREEK NEAR LAWSON, CO","CO","ST",39.7658209,-105.6261123,"F","NAD83",8070.52,0.16,"NAVD88",10190004,"dv",60,3,17562,NA,"wat",NA,1645423,0,"3/29/1946","2/14/2026",26255,"CO",c(-105.6261123, 39.7658209),FALSE,"PASS"
4239,"USGS",6718550,"NORTH CLEAR CREEK ABOVE MOUTH NR BLACK HAWK, CO","CO","ST",39.74887674,-105.3997159,"F","NAD83",6910,20,"NGVD29",10190004,"dv",60,3,325367,NA,"wat",NA,1645423,0,"10/1/1994","2/14/2026",11459,"CO",c(-105.3997159, 39.74887674),FALSE,"PASS"
4241,"USGS",6719500,"CLEAR CREEK NEAR GOLDEN, CO.","CO","ST",39.75054305,-105.2488783,"F","NAD83",5735.27,15,"NGVD29",10190004,"dv",60,3,17571,NA,"wat",NA,1645423,0,"1/1/1909","9/29/1974",23497,"CO",c(-105.2488783, 39.75054305),FALSE,"PASS"
4242,"USGS",6719505,"CLEAR CREEK AT GOLDEN, CO","CO","ST",39.75304299,-105.2352667,"F","NAD83",5695,15,"NGVD29",10190004,"dv",60,3,17572,NA,"wat",NA,1645423,0,"10/1/1974","2/14/2026",18761,"CO",c(-105.2352667, 39.75304299),FALSE,"PASS"
4250,"USGS",6720000,"CLEAR CREEK AT MOUTH NEAR DERBY, CO","CO","ST",39.8283194,-104.9588684,"F","NAD83",5110,15,"NGVD29",10190004,"dv",60,3,17612,NA,"wat",NA,1645423,0,"4/1/1914","9/29/1982",20546,"CO",c(-104.9588684, 39.8283194),FALSE,"PASS"
4257,"USGS",6720460,"FIRST CR BEL BUCKLEY RD, AT ROCKY MTN ARSENAL, CO","CO","ST",39.8080421,-104.7938618,"S","NAD83",5289.63,1,"NGVD29",10190003,"dv",60,3,17620,NA,"wat",NA,1645423,0,"10/1/1991","2/14/2026",12556,"CO",c(-104.7938618, 39.8080421),FALSE,"PASS"
4260,"USGS",6720500,"SOUTH PLATTE RIVER AT HENDERSON, CO","CO","ST",39.92192936,-104.868864,"M","NAD83",5001.25,10,"NAVD88",10190003,"dv",60,3,17624,NA,"wat",NA,1645423,0,"5/1/1926","9/29/2007",29737,"CO",c(-104.868864, 39.92192936),FALSE,"PASS"
4265,"USGS",6720820,"BIG DRY CREEK AT WESTMINSTER, CO","CO","ST",39.90568056,-105.0353889,"S","NAD83",5215,10,"NGVD29",10190003,"dv",60,3,17636,NA,"wat",NA,1645423,0,"7/24/1987","2/14/2026",13670,"CO",c(-105.0353889, 39.90568056),FALSE,"PASS"
4266,"USGS",6720990,"BIG DRY CREEK AT MOUTH NEAR FORT LUPTON, CO","CO","ST",40.0688333,-104.8319861,"S","NAD83",4900,10,"NGVD29",10190003,"dv",60,3,17637,NA,"wat",NA,1645423,0,"10/1/1991","2/14/2026",12556,"CO",c(-104.8319861, 40.0688333),FALSE,"PASS"
4267,"USGS",6721000,"SOUTH PLATTE RIVER AT FORT LUPTON, CO.","CO","ST",40.11609435,-104.8185831,"R","NAD83",4860,10,"NGVD29",10190003,"dv",60,3,17638,NA,"wat",NA,1645423,0,"4/29/1929","2/14/2026",18474,"CO",c(-104.8185831, 40.11609435),FALSE,"PASS"
4273,"USGS",6724000,"ST. VRAIN CREEK AT LYONS, CO.","CO","ST",40.21804094,-105.2599887,"F","NAD83",5292,15,"NGVD29",10190005,"dv",60,3,325368,NA,"wat",NA,1645423,0,"1895-10-01","9/29/1998",37376,"CO",c(-105.2599887, 40.21804094),FALSE,"PASS"
4278,"USGS",6725450,"ST. VRAIN CREEK BELOW LONGMONT, CO","CO","ST",40.1574222,-105.0153944,"5","NAD83",4852,10,"NGVD29",10190005,"dv",60,3,325369,NA,"wat",NA,1645423,0,"9/13/1976","9/29/2015",13569,"CO",c(-105.0153944, 40.1574222),FALSE,"PASS"
4279,"USGS",6725500,"MIDDLE BOULDER CREEK AT NEDERLAND, CO.","CO","ST",39.9616536,-105.504442,"F","NAD83",8186,15,"NGVD29",10190005,"dv",60,3,325370,NA,"wat",NA,1645423,0,"6/1/1907","9/29/1995",32081,"CO",c(-105.504442, 39.9616536),FALSE,"PASS"
4283,"USGS",6727000,"BOULDER CREEK NEAR ORODELL, CO.","CO","ST",40.0063748,-105.3308254,"F","NAD83",5826,15,"NGVD29",10190005,"dv",60,3,17655,NA,"wat",NA,1645423,0,"10/1/1906","9/29/1995",32050,"CO",c(-105.3308254, 40.0063748),FALSE,"PASS"
4288,"USGS",6729500,"SOUTH BOULDER CREEK NEAR ELDORADO SPRINGS, CO.","CO","ST",39.9310974,-105.2958242,"F","NAD83",6080,15,"NGVD29",10190005,"dv",60,3,325371,NA,"wat",NA,1645423,0,"1896-01-01","9/29/1995",35174,"CO",c(-105.2958242, 39.9310974),FALSE,"PASS"
4290,"USGS",6730200,"BOULDER CREEK AT NORTH 75TH ST. NEAR BOULDER, CO","CO","ST",40.05165184,-105.1788754,"M","NAD83",5106,10,"NGVD29",10190005,"dv",60,3,17663,NA,"wat",NA,1645423,0,"10/1/1986","2/14/2026",14382,"CO",c(-105.1788754, 40.05165184),FALSE,"PASS"
4293,"USGS",6730500,"BOULDER CREEK AT MOUTH NEAR LONGMONT, CO","CO","ST",40.13877778,-105.0202222,"5","NAD83",4860,10,"NGVD29",10190005,"dv",60,3,17666,NA,"wat",NA,1645423,0,"4/1/1927","2/14/2026",26780,"CO",c(-105.0202222, 40.13877778),FALSE,"PASS"
4295,"USGS",6731000,"ST. VRAIN CREEK AT MOUTH, NEAR PLATTEVILLE, CO.","CO","ST",40.25803869,-104.879696,"F","NAD83",4740,15,"NGVD29",10190005,"dv",60,3,325373,NA,"wat",NA,1645423,0,"2/24/1927","9/29/1998",26151,"CO",c(-104.879696, 40.25803869),FALSE,"PASS"
4299,"USGS",6733000,"BIG THOMPSON RIVER AT ESTES PARK, CO.","CO","ST",40.37831704,-105.513887,"F","NAD83",7492.5,15,"NGVD29",10190006,"dv",60,3,17672,NA,"wat",NA,1645423,0,"10/1/1946","9/29/1998",18992,"CO",c(-105.513887, 40.37831704),FALSE,"PASS"
4301,"USGS",6735500,"BIG THOMPSON RIVER NEAR ESTES PARK, CO.","CO","ST",40.3763726,-105.4855525,"F","NAD83",7422.5,15,"NGVD29",10190006,"dv",60,3,17674,NA,"wat",NA,1645423,0,"7/1/1930","9/29/1995",23832,"CO",c(-105.4855525, 40.3763726),FALSE,"PASS"
4303,"USGS",6736500,"BIG THOMPSON RIVER BL POWERHOUSE, NR DRAKE, CO.","CO","ST",40.4174838,-105.267765,"F","NAD83",5600,15,"NGVD29",10190006,"dv",60,3,294994,NA,"wat",NA,1645423,0,"10/1/1917","9/29/1955",13239,"CO",c(-105.267765, 40.4174838),FALSE,"PASS"
4304,"USGS",6738000,"BIG THOMPSON RIVER AT MOUTH OF CANYON NR DRAKE, CO","CO","ST",40.42165038,-105.2266522,"M","NAD83",5305.47,10,"NGVD29",10190006,"dv",60,3,325374,NA,"wat",NA,1645423,0,"1/1/1927","9/29/2007",26647,"CO",c(-105.2266522, 40.42165038),FALSE,"PASS"
4309,"USGS",6741510,"BIG THOMPSON RIVER AT LOVELAND, CO.","CO","ST",40.37873889,-105.0608167,"S","NAD83",4910,1.6,"NAVD88",10190006,"dv",60,3,17682,NA,"wat",NA,1645423,0,"7/4/1979","2/14/2026",17023,"CO",c(-105.0608167, 40.37873889),FALSE,"PASS"
4312,"USGS",6744000,"BIG THOMPSON RIVER AT MOUTH, NEAR LA SALLE, CO.","CO","ST",40.3499817,-104.7849693,"F","NAD83",4680,15,"NGVD29",10190006,"dv",60,3,17685,NA,"wat",NA,1645423,0,"4/1/1914","9/30/1981",20517,"CO",c(-104.7849693, 40.3499817),FALSE,"PASS"
4314,"USGS",6746095,"JOE WRIGHT CREEK ABOVE JOE WRIGHT RESERVOIR, CO","CO","ST",40.5399822,-105.88279,"F","NAD83",9990,15,"NGVD29",10190007,"dv",60,3,294996,NA,"wat",NA,1645423,0,"10/1/1978","10/16/2023",16452,"CO",c(-105.88279, 40.5399822),FALSE,"PASS"
4316,"USGS",6746110,"JOE WRIGHT CREEK BELOW JOE WRIGHT RESERVOIR, CO","CO","ST",40.5619264,-105.8639,"M","NAD83",9710,10,"NGVD29",10190007,"dv",60,3,17689,NA,"wat",NA,1645423,0,"6/28/1978","2/14/2026",17398,"CO",c(-105.8639, 40.5619264),FALSE,"PASS"
4327,"USGS",6751490,"NORTH FORK CACHE LA POUDRE RIVER AT LIVERMORE, CO","CO","ST",40.7874815,-105.2522047,"F","NAD83",5715,15,"NGVD29",10190007,"dv",60,3,325379,NA,"wat",NA,1645423,0,"10/1/1986","2/14/2026",14382,"CO",c(-105.2522047, 40.7874815),FALSE,"PASS"
4329,"USGS",6752000,"CACHE LA POUDRE RIV AT MO OF CN, NR FT COLLINS, CO","CO","ST",40.6644262,-105.2244271,"F","NAD83",5220,15,"NGVD29",10190007,"dv",60,3,294998,NA,"wat",NA,1645423,0,"1881-07-01","9/29/2007",44465,"CO",c(-105.2244271, 40.6644262),FALSE,"PASS"
4330,"USGS",6752260,"CACHE LA POUDRE RIVER AT FORT COLLINS, CO","CO","ST",40.5880833,-105.0692222,"5","NAD83",4940,10,"NGVD29",10190007,"dv",60,3,17702,NA,"wat",NA,1645423,0,"4/8/1975","2/14/2026",18576,"CO",c(-105.0692222, 40.5880833),FALSE,"PASS"
4331,"USGS",6752280,"CACHE LA POUDRE RIV AB BOXELDER CRK NR TIMNATH, CO","CO","ST",40.5519269,-105.011365,"M","NAD83",4860,10,"NGVD29",10190007,"dv",60,3,325380,NA,"wat",NA,1645423,0,"10/1/1979","2/14/2026",16939,"CO",c(-105.011365, 40.5519269),FALSE,"PASS"
4332,"USGS",6752500,"CACHE LA POUDRE RIVER NEAR GREELEY, CO.","CO","ST",40.41775868,-104.6399624,"F","NAD83",4610,15,"NGVD29",10190007,"dv",60,3,17709,NA,"wat",NA,1645423,0,"4/1/1903","9/29/1998",29657,"CO",c(-104.6399624, 40.41775868),FALSE,"PASS"
4337,"USGS",6754000,"SOUTH PLATTE RIVER NEAR KERSEY, CO","CO","ST",40.4119253,-104.5627366,"M","NAD83",4578.02,10,"NAVD88",10190003,"dv",60,3,17718,NA,"wat",NA,1645423,0,"5/1/1901","9/29/2007",38078,"CO",c(-104.5627366, 40.4119253),FALSE,"PASS"
4362,"USGS",7079300,"EF ARKANSAS R AT US HIGHWAY 24, NR LEADVILLE, CO.","CO","ST",39.2724892,-106.3064133,"F","NAD83",9900,15,"NGVD29",11020001,"dv",60,3,17767,NA,"wat",NA,1645423,0,"5/12/1990","2/14/2026",13063,"CO",c(-106.3064133, 39.2724892),FALSE,"PASS"
4366,"USGS",7081200,"ARKANSAS RIVER NEAR LEADVILLE, CO","CO","ST",39.249,-106.3481111,"5","NAD83",9665,10,"NGVD29",11020001,"dv",60,3,17776,NA,"wat",NA,1645423,0,"10/1/1967","2/14/2026",18929,"CO",c(-106.3481111, 39.249),FALSE,"PASS"
4368,"USGS",7083000,"HALFMOON CREEK NEAR MALTA, CO","CO","ST",39.17221259,-106.3891926,"F","NAD83",9830,15,"NGVD29",11020001,"dv",60,3,17792,NA,"wat",NA,1645423,0,"8/1/1946","1/26/2026",29034,"CO",c(-106.3891926, 39.17221259),FALSE,"PASS"
4373,"USGS",7084500,"LAKE CREEK ABOVE TWIN LAKES RESERVOIR, CO.","CO","ST",39.0630477,-106.4078037,"F","NAD83",9310,15,"NGVD29",11020001,"dv",60,3,17803,NA,"wat",NA,1645423,0,"4/1/1946","9/30/1998",18446,"CO",c(-106.4078037, 39.0630477),FALSE,"PASS"
4374,"USGS",7086000,"ARKANSAS RIVER AT GRANITE, CO.","CO","ST",39.04277116,-106.2658553,"F","NAD83",8914.86,15,"NGVD29",11020001,"dv",60,3,295110,NA,"wat",NA,1645423,0,"4/1/1910","9/29/2007",35611,"CO",c(-106.2658553, 39.04277116),FALSE,"PASS"
4375,"USGS",7086500,"CLEAR CREEK ABOVE CLEAR CREEK RESERVOIR, CO.","CO","ST",39.0180493,-106.2778,"F","NAD83",8885,15,"NGVD29",11020001,"dv",60,3,17808,NA,"wat",NA,1645423,0,"5/1/1946","9/29/1995",18049,"CO",c(-106.2778, 39.0180493),FALSE,"PASS"
4378,"USGS",7089000,"COTTONWOOD C BL HOT SPRINGS, NR BUENA VISTA, CO.","CO","ST",38.81277374,-106.2222426,"F","NAD83",8532,15,"NGVD29",11020001,"dv",60,3,17814,NA,"wat",NA,1645423,0,"1/1/1911","9/29/1986",18198,"CO",c(-106.2222426, 38.81277374),FALSE,"PASS"
4382,"USGS",7091200,"ARKANSAS RIVER NEAR NATHROP, CO","CO","ST",38.6522188,-106.051126,"F","NAD83",7350,15,"NGVD29",11020001,"dv",60,3,17818,NA,"wat",NA,1645423,0,"10/1/1964","2/14/2026",14376,"CO",c(-106.051126, 38.6522188),FALSE,"PASS"
4383,"USGS",7091500,"ARKANSAS RIVER AT SALIDA, CO.","CO","ST",38.5458304,-106.0105693,"F","NAD83",7050.45,15,"NGVD29",11020001,"dv",60,3,17825,NA,"wat",NA,1645423,0,"10/1/1909","9/29/1980",25932,"CO",c(-106.0105693, 38.5458304),FALSE,"PASS"
4387,"USGS",7093700,"ARKANSAS RIVER NEAR WELLSVILLE, CO.","CO","ST",38.50277496,-105.9397333,"F","NAD83",6883.4,15,"NGVD29",11020001,"dv",60,3,17829,NA,"wat",NA,1645423,0,"4/1/1961","9/29/2007",16982,"CO",c(-105.9397333, 38.50277496),FALSE,"PASS"
4390,"USGS",7094500,"ARKANSAS RIVER AT PARKDALE, CO.","CO","ST",38.4872189,-105.373604,"F","NAD83",5714.3,0.1,"NAVD88",11020001,"dv",60,3,17840,NA,"wat",NA,1645423,0,"10/1/1945","2/14/2026",20542,"CO",c(-105.373604, 38.4872189),FALSE,"PASS"
4393,"USGS",7095000,"GRAPE CREEK NEAR WESTCLIFFE, CO.","CO","ST",38.18611049,-105.4836125,"F","NAD83",7690,15,"NGVD29",11020001,"dv",60,3,17847,NA,"wat",NA,1645423,0,"4/1/1925","9/29/1995",24744,"CO",c(-105.4836125, 38.18611049),FALSE,"PASS"
4394,"USGS",7096000,"ARKANSAS RIVER AT CANON CITY, CO.","CO","ST",38.43388674,-105.2572128,"F","NAD83",5342.13,15,"NGVD29",11020002,"dv",60,3,17848,NA,"wat",NA,1645423,0,"1888-10-01","9/30/2018",47005,"CO",c(-105.2572128, 38.43388674),FALSE,"PASS"
4395,"USGS",7096250,"FOURMILE CREEK BELOW CRIPPLE CREEK NEAR VICTOR, CO","CO","ST",38.66388094,-105.228041,"F","NAD83",6870,20,"NGVD29",11020002,"dv",60,3,17852,NA,"wat",NA,1645423,0,"10/1/1992","2/14/2026",11917,"CO",c(-105.228041, 38.66388094),FALSE,"PASS"
4396,"USGS",7096500,"FOURMILE CREEK NEAR CANON CITY, CO.","CO","ST",38.43638726,-105.1913777,"F","NAD83",5254,15,"NGVD29",11020002,"dv",60,3,17853,NA,"wat",NA,1645423,0,"11/1/1948","9/29/1997",11630,"CO",c(-105.1913777, 38.43638726),FALSE,"PASS"
4397,"USGS",7097000,"ARKANSAS RIVER AT PORTLAND, CO.","CO","ST",38.38833418,-105.0160961,"F","NAD83",5021.59,15,"NGVD29",11020002,"dv",60,3,17857,NA,"wat",NA,1645423,0,"6/1/1939","9/29/2007",16922,"CO",c(-105.0160961, 38.38833418),FALSE,"PASS"
4406,"USGS",7099230,"TURKEY CREEK AB TELLER RES NEAR STONE CITY, CO.","CO","ST",38.46499989,-104.8272009,"F","NAD83",5520,15,"NGVD29",11020002,"dv",60,3,17870,NA,"wat",NA,1645423,0,"5/18/1978","10/1/2025",13814,"CO",c(-104.8272009, 38.46499989),FALSE,"PASS"
4409,"USGS",7099400,"ARKANSAS RIVER ABOVE PUEBLO, CO","CO","ST",38.2716694,-104.718033,"F","NAD83",4740,15,"NGVD29",11020002,"dv",60,3,17880,NA,"wat",NA,1645423,0,"10/1/1965","9/29/2007",15339,"CO",c(-104.718033, 38.2716694),FALSE,"PASS"
4410,"USGS",7099500,"ARKANSAS RIVER NEAR PUEBLO, CO.","CO","ST",38.26722495,-104.6577535,"F","NAD83",4689.74,15,"NGVD29",11020002,"dv",60,3,17881,NA,"wat",NA,1645423,0,"1894-10-01","9/29/1975",29583,"CO",c(-104.6577535, 38.26722495),FALSE,"PASS"
4411,"USGS",7099970,"ARKANSAS RIVER AT MOFFAT STREET AT PUEBLO, CO","CO","ST",38.25361396,-104.6060854,"F","NAD83",4653,15,"NGVD29",11020002,"dv",60,3,17884,NA,"wat",NA,1645423,0,"10/1/1988","2/14/2026",13651,"CO",c(-104.6060854, 38.25361396),FALSE,"PASS"
4417,"USGS",7103700,"FOUNTAIN CREEK NEAR COLORADO SPRINGS, CO.","CO","ST",38.85471357,-104.8780314,"F","NAD83",6110,15,"NGVD29",11020003,"dv",60,3,17898,NA,"wat",NA,1645423,0,"4/1/1958","2/14/2026",24792,"CO",c(-104.8780314, 38.85471357),FALSE,"PASS"
4419,"USGS",7103703,"CAMP CREEK AT GARDEN OF THE GODS, CO","CO","ST",38.87693609,-104.8727543,"F","NAD83",6310,10,"NGVD29",11020003,"dv",60,3,325497,NA,"wat",NA,1645423,0,"4/30/1992","2/14/2026",12228,"CO",c(-104.8727543, 38.87693609),FALSE,"PASS"
4424,"USGS",7103780,"MONUMENT C AB N.GATE BLVD AT USAF ACADEMY, CO.","CO","ST",39.03102778,-104.8466111,"F","NAD83",6640,15,"NGVD29",11020003,"dv",60,3,17911,NA,"wat",NA,1645423,0,"4/19/1985","2/14/2026",14476,"CO",c(-104.8466111, 39.03102778),FALSE,"PASS"
4430,"USGS",7103797,"WEST MONUMENT CREEK BELOW RAMPART RESERVOIR, CO","CO","ST",38.97499176,-104.9555374,"F","NAD83",8710,15,"NGVD29",11020003,"dv",60,3,17921,NA,"wat",NA,1645423,0,"11/19/1993","2/14/2026",11776,"CO",c(-104.9555374, 38.97499176),FALSE,"PASS"
4431,"USGS",7103800,"WEST MONUMENT CREEK AT U.S. AIR FORCE ACADEMY, CO","CO","ST",38.97054766,-104.902758,"F","NAD83",7180,15,"NGVD29",11020003,"dv",60,3,17922,NA,"wat",NA,1645423,0,"5/1/1970","2/14/2026",20379,"CO",c(-104.902758, 38.97054766),FALSE,"PASS"
4440,"USGS",7103980,"COTTONWOOD CREEK AT WOODMEN RD NR COLO SPRINGS, CO","CO","ST",38.93943809,-104.7410863,"F","NAD83",6680,10,"NGVD29",11020003,"dv",60,3,325504,NA,"wat",NA,1645423,0,"5/12/1992","2/14/2026",12331,"CO",c(-104.7410863, 38.93943809),FALSE,"PASS"
4443,"USGS",7103990,"COTTONWOOD CREEK AT MOUTH AT PIKEVIEW, CO","CO","ST",38.9272222,-104.8141667,"5","NAD83",6240,10,"NGVD29",11020003,"dv",60,3,17944,NA,"wat",NA,1645423,0,"12/31/1985","2/14/2026",14656,"CO",c(-104.8141667, 38.9272222),FALSE,"PASS"
4444,"USGS",7104000,"MONUMENT CREEK AT PIKEVIEW, CO.","CO","ST",38.91777057,-104.8185877,"F","NAD83",6203.26,15,"NGVD29",11020003,"dv",60,3,17947,NA,"wat",NA,1645423,0,"10/1/1938","2/14/2026",22310,"CO",c(-104.8185877, 38.91777057),FALSE,"PASS"
4445,"USGS",7104500,"TEMPLETON GAP FLOODWAY AT COLORADO SPRINGS, CO.","CO","ST",38.88804838,-104.8174758,"F","NAD83",6200,15,"NGVD29",11020003,"dv",60,3,17950,NA,"wat",NA,1645423,0,"8/1/1951","9/29/1981",11018,"CO",c(-104.8174758, 38.88804838),FALSE,"PASS"
4447,"USGS",7105000,"BEAR CREEK NEAR COLORADO SPRINGS, CO","CO","ST",38.82249078,-104.888586,"F","NAD83",6520,20,"NGVD29",11020003,"dv",60,3,17955,NA,"wat",NA,1645423,0,"5/7/1992","2/14/2026",12333,"CO",c(-104.888586, 38.82249078),FALSE,"PASS"
4448,"USGS",7105490,"CHEYENNE CREEK AT EVANS AVE AT COLORADO SPRINGS,CO",NA,"ST",38.79054685,-104.8641404,"F","NAD83",6280,10,"NGVD29",11020003,"dv",60,3,17957,NA,"wat",NA,1645423,0,"4/23/1992","2/14/2026",12350,"CO",c(-104.8641404, 38.79054685),FALSE,"CHECK"
4449,"USGS",7105500,"FOUNTAIN CREEK AT COLORADO SPRINGS, CO","CO","ST",38.81638158,-104.8227519,"F","NAD83",5900,15,"NGVD29",11020003,"dv",60,3,17959,NA,"wat",NA,1645423,0,"1/19/1976","2/14/2026",18290,"CO",c(-104.8227519, 38.81638158),FALSE,"PASS"
4450,"USGS",7105530,"FOUNTAIN CR BLW JANITELL RD BLW COLO. SPRINGS, CO","CO","ST",38.8030491,-104.7958069,"F","NAD83",5840,15,"NGVD29",11020003,"dv",60,3,17962,NA,"wat",NA,1645423,0,"10/27/1989","2/14/2026",13260,"CO",c(-104.7958069, 38.8030491),FALSE,"PASS"
4453,"USGS",7105800,"FOUNTAIN CREEK AT SECURITY, CO","CO","ST",38.7294404,-104.7338611,"F","NAD83",5640,15,"NGVD29",11020003,"dv",60,3,17982,NA,"wat",NA,1645423,0,"10/1/1964","2/14/2026",22415,"CO",c(-104.7338611, 38.7294404),FALSE,"PASS"
4456,"USGS",7105900,"JIMMY CAMP CREEK AT FOUNTAIN, CO.","CO","ST",38.6844413,-104.688583,"F","NAD83",5530,15,"NGVD29",11020003,"dv",60,3,18000,NA,"wat",NA,1645423,0,"1/16/1976","2/15/2026",18294,"CO",c(-104.688583, 38.6844413),FALSE,"PASS"
4462,"USGS",7105945,"ROCK CREEK ABOVE FORT CARSON RESERVATION, CO","CO","ST",38.707493,-104.8466403,"S","NAD83",6390,10,"NGVD29",11020003,"dv",60,3,18007,NA,"wat",NA,1645423,0,"5/19/1978","10/31/2025",15462,"CO",c(-104.8466403, 38.707493),FALSE,"PASS"
4465,"USGS",7106000,"FOUNTAIN CREEK NEAR FOUNTAIN, CO.","CO","ST",38.6016647,-104.6702503,"F","NAD83",5355,15,"NGVD29",11020003,"dv",60,3,18010,NA,"wat",NA,1645423,0,"10/1/1938","2/14/2026",20681,"CO",c(-104.6702503, 38.6016647),FALSE,"PASS"
4467,"USGS",7106300,"FOUNTAIN CREEK NEAR PINON, CO","CO","ST",38.42944444,-104.5980556,"F","NAD83",4990,15,"NGVD29",11020003,"dv",60,3,240468,NA,"wat",NA,1645423,0,"4/1/1973","2/14/2026",19313,"CO",c(-104.5980556, 38.42944444),FALSE,"PASS"
4468,"USGS",7106500,"FOUNTAIN CREEK AT PUEBLO, CO.","CO","ST",38.2877801,-104.6010849,"F","NAD83",4705,15,"NGVD29",11020003,"dv",60,3,18032,NA,"wat",NA,1645423,0,"1/1/1922","12/24/2024",30178,"CO",c(-104.6010849, 38.2877801),FALSE,"PASS"
4477,"USGS",7108900,"ST. CHARLES RIVER AT VINELAND, CO.","CO","ST",38.24555835,-104.4863597,"F","NAD83",4581.58,15,"NGVD29",11020002,"dv",60,3,18047,NA,"wat",NA,1645423,0,"10/1/1978","2/14/2026",17303,"CO",c(-104.4863597, 38.24555835),FALSE,"PASS"
4479,"USGS",7109500,"ARKANSAS RIVER NEAR AVONDALE, CO.","CO","ST",38.24805799,-104.3991356,"F","NAD83",4509.53,15,"NGVD29",11020002,"dv",60,3,18049,NA,"wat",NA,1645423,0,"5/1/1939","2/14/2026",26829,"CO",c(-104.3991356, 38.24805799),FALSE,"PASS"
4483,"USGS",7111000,"HUERFANO R AT MANZANARES XING, NR REDWING, CO.","CO","ST",37.7277816,-105.351395,"F","NAD83",8270,15,"NGVD29",11020006,"dv",60,3,18060,NA,"wat",NA,1645423,0,"10/1/1923","9/29/1982",21436,"CO",c(-105.351395, 37.7277816),FALSE,"PASS"
4489,"USGS",7114000,"CUCHARAS RIVER AT BOYD RANCH, NEAR LA VETA, CO.","CO","ST",37.42001275,-105.0527781,"F","NAD83",7781,15,"NGVD29",11020006,"dv",60,3,18066,NA,"wat",NA,1645423,0,"10/1/1934","9/29/1981",17166,"CO",c(-105.0527781, 37.42001275),FALSE,"PASS"
4492,"USGS",7116500,"HUERFANO RIVER NEAR BOONE, CO.","CO","ST",38.2250024,-104.2607996,"F","NAD83",4443.74,15,"NGVD29",11020006,"dv",60,3,18069,NA,"wat",NA,1645423,0,"1/1/1922","2/14/2026",18291,"CO",c(-104.2607996, 38.2250024),FALSE,"PASS"
4493,"USGS",7117000,"ARKANSAS RIVER NEAR NEPESTA, CO.","CO","ST",38.18417028,-104.1732974,"F","NAD83",4385,15,"NGVD29",11020005,"dv",60,3,18070,NA,"wat",NA,1645423,0,"10/1/1935","9/30/1995",21915,"CO",c(-104.1732974, 38.18417028),FALSE,"PASS"
4518,"USGS",7124200,"PURGATOIRE RIVER AT MADRID, CO.","CO","ST",37.12946459,-104.6399888,"F","NAD83",6261.61,0.01,"NGVD29",11020010,"dv",60,3,18136,NA,"wat",NA,1645423,0,"3/1/1972","2/14/2026",19709,"CO",c(-104.6399888, 37.12946459),FALSE,"PASS"
4523,"USGS",7124410,"PURGATOIRE RIVER BELOW TRINIDAD LAKE, CO.","CO","ST",37.14390846,-104.5477644,"F","NAD83",6073.64,0.01,"NGVD29",11020010,"dv",60,3,18153,NA,"wat",NA,1645423,0,"12/17/1976","2/14/2026",17957,"CO",c(-104.5477644, 37.14390846),FALSE,"PASS"
4524,"USGS",7124500,"PURGATOIRE RIVER AT TRINIDAD, CO.","CO","ST",37.1708521,-104.509152,"F","NAD83",5979.76,15,"NGVD29",11020010,"dv",60,3,18154,NA,"wat",NA,1645423,0,"1896-10-01","9/29/1981",26628,"CO",c(-104.509152, 37.1708521),FALSE,"PASS"
4556,"USGS",8213500,"RIO GRANDE AT THIRTYMILE BRIDGE, NR CREEDE, CO.","CO","ST",37.72472199,-107.2556094,"F","NAD83",9300,15,"NGVD29",13010001,"dv",60,3,18256,NA,"wat",NA,1645423,0,"6/1/1909","9/29/1998",31538,"CO",c(-107.2556094, 37.72472199),FALSE,"PASS"
4557,"USGS",8214500,"NORTH CLEAR CREEK BL CONTINENTAL RESERVOIR, CO.","CO","ST",37.88833177,-107.2033863,"F","NAD83",10200,15,"NGVD29",13010001,"dv",60,3,18257,NA,"wat",NA,1645423,0,"5/1/1929","9/29/1998",25354,"CO",c(-107.2033863, 37.88833177),FALSE,"PASS"
4558,"USGS",8216500,"WILLOW CREEK AT CREEDE, CO","CO","ST",37.85611048,-106.9275456,"F","NAD83",8880,15,"NGVD29",13010001,"dv",60,3,18259,NA,"wat",NA,1645423,0,"6/1/1951","9/29/1982",11444,"CO",c(-106.9275456, 37.85611048),FALSE,"PASS"
4559,"USGS",8217000,"RIO GRANDE AT WASON, BELOW CREEDE, CO.","CO","ST",37.8225003,-106.8892116,"F","NAD83",8550,15,"NGVD29",13010001,"dv",60,3,18261,NA,"wat",NA,1645423,0,"5/1/1907","9/29/1954",17319,"CO",c(-106.8892116, 37.8225003),FALSE,"PASS"
4560,"USGS",8217500,"RIO GRANDE AT WAGON WHEEL GAP, CO","CO","ST",37.76694638,-106.831433,"F","NAD83",8431.26,0.01,"NGVD29",13010001,"dv",60,3,18263,NA,"wat",NA,1645423,0,"5/1/1951","9/29/2000",17953,"CO",c(-106.831433, 37.76694638),FALSE,"PASS"
4562,"USGS",8218500,"GOOSE CREEK AT WAGONWHEEL GAP, CO.","CO","ST",37.75194676,-106.8300442,"F","NAD83",8460,15,"NGVD29",13010001,"dv",60,3,18266,NA,"wat",NA,1645423,0,"6/1/1954","9/29/1991",13635,"CO",c(-106.8300442, 37.75194676),FALSE,"PASS"
4563,"USGS",8219500,"SOUTH FORK RIO GRANDE AT SOUTH FORK, CO","CO","ST",37.65694884,-106.6492082,"F","NAD83",8221.79,15,"NGVD29",13010001,"dv",60,3,18267,NA,"wat",NA,1645423,0,"8/1/1910","9/29/2007",29430,"CO",c(-106.6492082, 37.65694884),FALSE,"PASS"
4564,"USGS",8220000,"RIO GRANDE NEAR DEL NORTE, CO","CO","ST",37.6886111,-106.4598611,"S","NAD83",7980.25,2,"NGVD29",13010001,"dv",60,3,295557,NA,"wat",NA,1645423,0,"1890-01-01","12/31/2024",46266,"CO",c(-106.4598611, 37.6886111),FALSE,"PASS"
4565,"USGS",8220500,"PINOS CREEK NEAR DEL NORTE, CO.","CO","ST",37.5916708,-106.4500382,"F","NAD83",8480,15,"NGVD29",13010002,"dv",60,3,18269,NA,"wat",NA,1645423,0,"5/1/1919","9/29/1982",17055,"CO",c(-106.4500382, 37.5916708),FALSE,"PASS"
4567,"USGS",8221500,"RIO GRANDE NEAR MONTE VISTA, CO.","CO","ST",37.60944707,-106.1489175,"F","NAD83",7654.16,15,"NGVD29",13010002,"dv",60,3,18271,NA,"wat",NA,1645423,0,"5/1/1926","9/29/1980",19876,"CO",c(-106.1489175, 37.60944707),FALSE,"PASS"
4568,"USGS",8223000,"RIO GRANDE AT ALAMOSA, CO.","CO","ST",37.48139821,-105.8800233,"F","NAD83",7538,1,"NAVD88",1.3e+11,"dv",60,3,18272,NA,"wat",NA,1645423,0,"6/1/1912","9/29/1995",26784,"CO",c(-105.8800233, 37.48139821),FALSE,"PASS"
4573,"USGS",8224500,"KERBER CR ABV LITTLE KERBER CR NR VILLA GROVE, CO","CO","ST",38.22027745,-106.089741,"F","NAD83",8640,10,"NGVD29",13010003,"dv",60,3,18281,NA,"wat",NA,1645423,0,"6/1/1923","9/29/2007",21456,"CO",c(-106.089741, 38.22027745),FALSE,"PASS"
4576,"USGS",8227000,"SAGUACHE CREEK NEAR SAGUACHE, CO","CO","ST",38.16333294,-106.290583,"F","NAD83",8030,15,"NGVD29",13010004,"dv",60,3,325747,NA,"wat",NA,1645423,0,"8/1/1910","9/29/2007",34880,"CO",c(-106.290583, 38.16333294),FALSE,"PASS"
4578,"USGS",8227500,"NORTH CRESTONE CREEK NEAR CRESTONE, CO.","CO","ST",38.01361029,-105.6927882,"F","NAD83",8360,15,"NGVD29",13010003,"dv",60,3,18289,NA,"wat",NA,1645423,0,"5/1/1936","9/29/1981",15166,"CO",c(-105.6927882, 38.01361029),FALSE,"PASS"
4580,"USGS",8230500,"CARNERO CREEK NEAR LA GARITA, CO.","CO","ST",37.85972315,-106.3194768,"F","NAD83",8150,15,"NGVD29",13010004,"dv",60,3,18291,NA,"wat",NA,1645423,0,"4/1/1919","9/29/1981",19561,"CO",c(-106.3194768, 37.85972315),FALSE,"PASS"
4581,"USGS",8231000,"LA GARITA CREEK NEAR LA GARITA, CO","CO","ST",37.8133348,-106.318644,"F","NAD83",8030,15,"NGVD29",13010004,"dv",60,3,18292,NA,"wat",NA,1645423,0,"4/1/1919","9/29/2007",22662,"CO",c(-106.318644, 37.8133348),FALSE,"PASS"
4588,"USGS",8236000,"ALAMOSA RIVER ABOVE TERRACE RESERVOIR, CO.","CO","ST",37.37472769,-106.3347558,"F","NAD83",8600,15,"NGVD29",13010002,"dv",60,3,18319,NA,"wat",NA,1645423,0,"5/1/1914","9/29/1982",21096,"CO",c(-106.3347558, 37.37472769),FALSE,"PASS"
4589,"USGS",8236500,"ALAMOSA RIVER BELOW TERRACE RESERVOIR, CO.","CO","ST",37.35278344,-106.2775324,"F","NAD83",8400,15,"NGVD29",13010002,"dv",60,3,295561,NA,"wat",NA,1645423,0,"4/1/1923","9/29/1955",11870,"CO",c(-106.2775324, 37.35278344),FALSE,"PASS"
4590,"USGS",8238000,"LA JARA CREEK AT GALLEGOS RANCH, NR CAPULIN, CO.","CO","ST",37.2088969,-106.1883626,"F","NAD83",8130,15,"NGVD29",13010002,"dv",60,3,18331,NA,"wat",NA,1645423,0,"3/1/1943","9/29/1982",12814,"CO",c(-106.1883626, 37.2088969),FALSE,"PASS"
4593,"USGS",8240000,"RIO GRANDE AB MOUTH TRINCHERA C NR LASAUSES, CO.","CO","ST",37.3161205,-105.7427959,"F","NAD83",7500,15,"NGVD29",13010002,"dv",60,3,18337,NA,"wat",NA,1645423,0,"5/1/1936","9/30/1998",22798,"CO",c(-105.7427959, 37.3161205),FALSE,"PASS"
4594,"USGS",8240500,"TRINCHERA C AB TURNERS RANCH, NR FT GARLAND, CO.","CO","ST",37.37473306,-105.2950101,"F","NAD83",8520,15,"NGVD29",13010002,"dv",60,3,18338,NA,"wat",NA,1645423,0,"4/1/1923","9/29/1981",20036,"CO",c(-105.2950101, 37.37473306),FALSE,"PASS"
4596,"USGS",8241500,"SANGRE DE CRISTO CREEK NEAR FORT GARLAND, CO.","CO","ST",37.42500877,-105.4150108,"F","NAD83",7900,15,"NGVD29",13010002,"dv",60,3,18340,NA,"wat",NA,1645423,0,"4/1/1916","9/29/1981",18398,"CO",c(-105.4150108, 37.42500877),FALSE,"PASS"
4597,"USGS",8242500,"UTE CREEK NEAR FORT GARLAND, CO","CO","ST",37.4472222,-105.4258333,"F","NAD83",8045,15,"NGVD29",13010002,"dv",60,3,18341,NA,"wat",NA,1645423,0,"5/1/1923","9/29/2007",24623,"CO",c(-105.4258333, 37.4472222),FALSE,"PASS"
4598,"USGS",8243500,"TRINCHERA CREEK BELOW SMITH RES, NR BLANCA, CO.","CO","ST",37.38611996,-105.5511248,"F","NAD83",7700,15,"NGVD29",13010002,"dv",60,3,18342,NA,"wat",NA,1645423,0,"10/1/1929","9/29/1982",17045,"CO",c(-105.5511248, 37.38611996),FALSE,"PASS"
4599,"USGS",8245000,"CONEJOS RIVER BELOW PLATORO RESERVOIR, CO","CO","ST",37.35490278,-106.5441667,"5","NAD83",9866.6,15,"NGVD29",13010005,"dv",60,3,225340,NA,"wat",NA,1645423,0,"6/1/1952","12/31/2024",26512,"CO",c(-106.5441667, 37.35490278),FALSE,"PASS"
4602,"USGS",8246500,"CONEJOS RIVER NEAR MOGOTE, CO.","CO","ST",37.05390016,-106.1875269,"F","NAD83",8273.69,15,"NGVD29",13010005,"dv",60,3,225342,NA,"wat",NA,1645423,0,"4/1/1903","12/31/2024",42219,"CO",c(-106.1875269, 37.05390016),FALSE,"PASS"
4603,"USGS",8248500,"SAN ANTONIO RIVER AT MOUTH, NEAR MANASSA, CO.","CO","ST",37.17695615,-105.8780757,"F","NAD83",7650,15,"NGVD29",13010005,"dv",60,3,18349,NA,"wat",NA,1645423,0,"4/1/1923","9/29/1982",21732,"CO",c(-105.8780757, 37.17695615),FALSE,"PASS"
4604,"USGS",8249000,"CONEJOS RIVER NEAR LASAUSES, CO","CO","ST",37.30028754,-105.7469627,"S","NAD83",7495.02,2,"NGVD29",13010005,"dv",60,3,295568,NA,"wat",NA,1645423,0,"4/1/1921","12/31/2024",37896,"CO",c(-105.7469627, 37.30028754),FALSE,"PASS"
4606,"USGS",8250000,"CULEBRA CREEK AT SAN LUIS, CO","CO","ST",37.18388889,-105.4258333,"F","NAD83",8000,15,"NGVD29",13010002,"dv",60,3,18352,NA,"wat",NA,1645423,0,"4/1/1927","9/29/2007",23557,"CO",c(-105.4258333, 37.18388889),FALSE,"PASS"
4608,"USGS",8251500,"RIO GRANDE NEAR LOBATOS, CO","CO","ST",37.0786111,-105.7569444,"F","NAD83",7427.63,15,"NGVD29",13010002,"dv",60,3,225467,NA,"wat",NA,1645423,0,"1899-07-01","12/31/2024",45840,"CO",c(-105.7569444, 37.0786111),FALSE,"PASS"
4614,"USGS",9010500,"COLORADO RIVER BELOW BAKER GULCH NR GRAND LAKE, CO","CO","ST",40.32581784,-105.8566791,"S","NAD83",8750,10,"NGVD29",14010001,"dv",60,3,18363,NA,"wat",NA,1645423,0,"6/1/1953","2/14/2026",26552,"CO",c(-105.8566791, 40.32581784),FALSE,"PASS"
4617,"USGS",9011000,"COLORADO RIVER NEAR GRAND LAKE, CO.","CO","ST",40.2188742,-105.8575127,"F","NAD83",8380,15,"NGVD29",14010001,"dv",60,3,18369,NA,"wat",NA,1645423,0,"10/1/1904","9/30/1986",24104,"CO",c(-105.8575127, 40.2188742),FALSE,"PASS"
4623,"USGS",9013000,"ALVA B ADAMS TUN AT E PORTAL, NR ESTES PARK, CO.","CO","SB-TSM",40.3276222,-105.5784306,"S","NAD83",8264,1.6,"NAVD88",10190006,"dv",60,3,18375,NA,"wat",NA,1645423,0,"8/1/1947","9/29/1998",18688,"CO",c(-105.5784306, 40.3276222),FALSE,"PASS"
4634,"USGS",9019500,"COLORADO RIVER NEAR GRANBY, CO","CO","ST",40.12081915,-105.9005694,"F","NAD83",7960,15,"NGVD29",14010001,"dv",60,3,18409,NA,"wat",NA,1645423,0,"1/1/1908","2/14/2026",18934,"CO",c(-105.9005694, 40.12081915),FALSE,"PASS"
4638,"USGS",9021000,"WILLOW CREEK BELOW WILLOW CREEK RESERVOIR, CO.","CO","ST",40.14581899,-105.9400156,"F","NAD83",8030.04,0.14,"NAVD88",14010001,"dv",60,3,227542,NA,"wat",NA,1645423,0,"10/1/1953","2/14/2026",13479,"CO",c(-105.9400156, 40.14581899),FALSE,"PASS"
4640,"USGS",9022000,"FRASER RIVER AT UPPER STA, NEAR WINTER PARK, CO.","CO","ST",39.8458204,-105.7519507,"S","NAD83",9520,20,"NGVD29",14010001,"dv",60,3,18414,NA,"wat",NA,1645423,0,"10/1/1968","2/14/2026",16979,"CO",c(-105.7519507, 39.8458204),FALSE,"PASS"
4644,"USGS",9024000,"FRASER RIVER AT WINTER PARK, CO.","CO","ST",39.89998695,-105.7766741,"F","NAD83",8911.08,0.26,"NAVD88",14010001,"dv",60,3,18418,NA,"wat",NA,1645423,0,"10/1/1910","2/14/2026",42140,"CO",c(-105.7766741, 39.89998695),FALSE,"PASS"
4645,"USGS",9025000,"VASQUEZ CREEK AT WINTER PARK, CO","CO","ST",39.92026468,-105.7852857,"F","NAD83",8773.16,0.12,"NAVD88",14010001,"dv",60,3,18419,NA,"wat",NA,1645423,0,"8/1/1934","2/14/2026",33434,"CO",c(-105.7852857, 39.92026468),FALSE,"PASS"
4648,"USGS",9026500,"ST. LOUIS CREEK NEAR FRASER, CO.","CO","ST",39.90998657,-105.8783451,"F","NAD83",8980.17,15,"NGVD29",14010001,"dv",60,3,18422,NA,"wat",NA,1645423,0,"8/1/1934","2/14/2026",33397,"CO",c(-105.8783451, 39.90998657),FALSE,"PASS"
4654,"USGS",9032000,"RANCH CREEK NEAR FRASER, CO.","CO","ST",39.94998694,-105.7655627,"M","NAD83",8660,10,"NGVD29",14010001,"dv",60,3,295620,NA,"wat",NA,1645423,0,"10/1/1934","2/14/2026",33375,"CO",c(-105.7655627, 39.94998694),FALSE,"PASS"
4657,"USGS",9032100,"CABIN CREEK NEAR FRASER, CO.","CO","ST",39.9858203,-105.7450064,"M","NAD83",9560,10,"NGVD29",14010001,"dv",60,3,18433,NA,"wat",NA,1645423,0,"10/1/1983","2/6/2026",15451,"CO",c(-105.7450064, 39.9858203),FALSE,"PASS"
4669,"USGS",9034250,"COLORADO RIVER AT WINDY GAP, NEAR GRANBY, CO.","CO","ST",40.108319,-106.0041847,"F","NAD83",7790.48,0.17,"NAVD88",14010001,"dv",60,3,18444,NA,"wat",NA,1645423,0,"10/1/1981","2/14/2026",16207,"CO",c(-106.0041847, 40.108319),FALSE,"PASS"
4670,"USGS",9034500,"COLORADO RIVER AT HOT SULPHUR SPRINGS, CO.","CO","ST",40.08331887,-106.0880765,"F","NAD83",7670,15,"NGVD29",14010001,"dv",60,3,295626,NA,"wat",NA,1645423,0,"10/1/1904","9/29/1994",31407,"CO",c(-106.0880765, 40.08331887),FALSE,"PASS"
4672,"USGS",9034900,"BOBTAIL CREEK NEAR JONES PASS, CO","CO","ST",39.76026447,-105.9064014,"F","NAD83",10430,15,"NGVD29",14010001,"dv",60,3,18453,NA,"wat",NA,1645423,0,"10/1/1965","2/14/2026",22045,"CO",c(-105.9064014, 39.76026447),FALSE,"PASS"
4673,"USGS",9035500,"WILLIAMS FORK BELOW STEELMAN CREEK, CO.","CO","ST",39.77887549,-105.9283469,"F","NAD83",9800,15,"NGVD29",14010001,"dv",60,3,18454,NA,"wat",NA,1645423,0,"7/1/1933","1/20/2026",25040,"CO",c(-105.9283469, 39.77887549),FALSE,"PASS"
4674,"USGS",9035700,"WILLIAMS FORK ABOVE DARLING CREEK, NEAR LEAL, CO","CO","ST",39.79719444,-106.0256389,"S","NAD83",8940,10,"NGVD29",14010001,"dv",60,3,18455,NA,"wat",NA,1645423,0,"10/1/1965","2/14/2026",22052,"CO",c(-106.0256389, 39.79719444),FALSE,"PASS"
4675,"USGS",9035800,"DARLING CREEK NEAR LEAL, CO.","CO","ST",39.8005418,-106.0264066,"M","NAD83",8940,20,"NGVD29",14010001,"dv",60,3,18456,NA,"wat",NA,1645423,0,"10/1/1965","9/29/2011",16800,"CO",c(-106.0264066, 39.8005418),FALSE,"PASS"
4683,"USGS",9035900,"SOUTH FORK OF WILLIAMS FORK NEAR LEAL, CO","CO","ST",39.79581958,-106.0305734,"S","NAD83",8950,20,"NGVD29",14010001,"dv",60,3,295628,NA,"wat",NA,1645423,0,"10/1/1965","2/14/2026",22042,"CO",c(-106.0305734, 39.79581958),FALSE,"PASS"
4684,"USGS",9036000,"WILLIAMS FORK NEAR LEAL, CO.","CO","ST",39.833875,-106.0564079,"M","NAD83",8790,10,"NGVD29",14010001,"dv",60,3,18465,NA,"wat",NA,1645423,0,"10/1/1933","2/14/2026",33740,"CO",c(-106.0564079, 39.833875),FALSE,"PASS"
4688,"USGS",9037500,"WILLIAMS FORK NEAR PARSHALL, CO","CO","ST",40.0002,-106.1803667,"5","NAD83",7808.95,2,"NGVD29",14010001,"dv",60,3,18469,NA,"wat",NA,1645423,0,"10/1/1904","2/14/2026",41044,"CO",c(-106.1803667, 40.0002),FALSE,"PASS"
4689,"USGS",9038500,"WILLIAMS FORK BELOW WILLIAMS FORK RESERVOIR, CO","CO","ST",40.03592778,-106.2050139,"F","NAD83",7616.53,0.14,"NAVD88",14010001,"dv",60,3,18472,NA,"wat",NA,1645423,0,"10/1/1948","2/14/2026",26587,"CO",c(-106.2050139, 40.03592778),FALSE,"PASS"
4690,"USGS",9039000,"TROUBLESOME CREEK NEAR PEARMONT, CO.","CO","ST",40.2174844,-106.3130854,"F","NAD83",8049,15,"NGVD29",14010001,"dv",60,3,18474,NA,"wat",NA,1645423,0,"10/1/1953","9/30/1993",14610,"CO",c(-106.3130854, 40.2174844),FALSE,"PASS"
4692,"USGS",9040000,"EAST FORK TROUBLESOME C NEAR TROUBLESOME, CO.","CO","ST",40.15748477,-106.2833617,"F","NAD83",7670,15,"NGVD29",14010001,"dv",60,3,18476,NA,"wat",NA,1645423,0,"4/1/1937","10/5/1983",13335,"CO",c(-106.2833617, 40.15748477),FALSE,"PASS"
4699,"USGS",9041400,"MUDDY CRK BLW WOLFORD MTN RESER. NR KREMMLING, CO","CO","ST",40.10859628,-106.4139212,"F","NAD83",7380,20,"NGVD29",14010001,"dv",60,3,18491,NA,"wat",NA,1645423,0,"7/29/1995","2/14/2026",11159,"CO",c(-106.4139212, 40.10859628),FALSE,"PASS"
4701,"USGS",9041900,"MONTE CRISTO DIVERSION NEAR HOOSIER PASS, CO","CO","ST",39.38082156,-106.0714082,"F","NAD83",10986,15,"NGVD29",14010002,"dv",60,3,18498,NA,"wat",NA,1645423,0,"10/1/1957","7/21/2025",19074,"CO",c(-106.0714082, 39.38082156),FALSE,"PASS"
4704,"USGS",9044300,"BEMROSE-HOOSIER DIVERSION NEAR HOOSIER PASS, CO","CO","ST",39.38054378,-106.0708526,"F","NAD83",10986,15,"NGVD29",14010002,"dv",60,3,295645,NA,"wat",NA,1645423,0,"10/1/1957","7/30/2025",18153,"CO",c(-106.0708526, 39.38054378),FALSE,"PASS"
4706,"USGS",9044800,"MCCULLOUGH-SP-CRYS-DIVERSION NEAR HOOSIER PASS, CO","CO","ST",39.38082156,-106.0711304,"F","NAD83",10986,15,"NGVD29",14010002,"dv",60,3,295646,NA,"wat",NA,1645423,0,"10/1/1957","7/21/2025",18360,"CO",c(-106.0711304, 39.38082156),FALSE,"PASS"
4710,"USGS",9046490,"BLUE RIVER AT BLUE RIVER, CO.","CO","ST",39.45582067,-106.0316849,"R","NAD83",9835,20,"NGVD29",14010002,"dv",60,3,18507,NA,"wat",NA,1645423,0,"10/1/1983","2/14/2026",15478,"CO",c(-106.0316849, 39.45582067),FALSE,"PASS"
4712,"USGS",9046600,"BLUE RIVER NEAR DILLON, CO","CO","ST",39.56665329,-106.0494632,"S","NAD83",9020,20,"NGVD29",14010002,"dv",60,3,18512,NA,"wat",NA,1645423,0,"10/1/1957","2/14/2026",24971,"CO",c(-106.0494632, 39.56665329),FALSE,"PASS"
4714,"USGS",9047000,"BLUE RIVER AT DILLON, CO.","CO","ST",39.6138754,-106.0519632,"F","NAD83",8821.17,15,"NGVD29",14010002,"dv",60,3,18514,NA,"wat",NA,1645423,0,"10/1/1910","4/30/1961",18475,"CO",c(-106.0519632, 39.6138754),FALSE,"PASS"
4715,"USGS",9047500,"SNAKE RIVER NEAR MONTEZUMA, CO","CO","ST",39.6053611,-105.9431306,"5","NAD83",9320,15,"NGVD29",14010002,"dv",60,3,18515,NA,"wat",NA,1645423,0,"10/1/1942","10/31/2025",25471,"CO",c(-105.9431306, 39.6053611),FALSE,"PASS"
4716,"USGS",9047700,"KEYSTONE GULCH NEAR DILLON, CO.","CO","ST",39.59443117,-105.9725158,"F","NAD83",9350,15,"NGVD29",14010002,"dv",60,3,18516,NA,"wat",NA,1645423,0,"10/1/1957","2/14/2026",24973,"CO",c(-105.9725158, 39.59443117),FALSE,"PASS"
4717,"USGS",9048000,"SNAKE RIVER AT DILLON, CO.","CO","ST",39.61248655,-106.0422406,"S","NAD83",8870,20,"NGVD29",14010002,"dv",60,3,18517,NA,"wat",NA,1645423,0,"10/1/1910","4/30/1964",15917,"CO",c(-106.0422406, 39.61248655),FALSE,"PASS"
4720,"USGS",9050100,"TENMILE CREEK BL NORTH TENMILE C, AT FRISCO, CO.","CO","ST",39.57526424,-106.1105765,"M","NAD83",9100,20,"NGVD29",14010002,"dv",60,3,18522,NA,"wat",NA,1645423,0,"10/1/1957","2/14/2026",24967,"CO",c(-106.1105765, 39.57526424),FALSE,"PASS"
4721,"USGS",9050500,"TENMILE CREEK AT DILLON, CO.","CO","ST",39.6124865,-106.0547411,"F","NAD83",8817.97,15,"NGVD29",14010002,"dv",60,3,18523,NA,"wat",NA,1645423,0,"10/1/1910","4/30/1961",14821,"CO",c(-106.0547411, 39.6124865),FALSE,"PASS"
4722,"USGS",9050700,"BLUE RIVER BELOW DILLON, CO.","CO","ST",39.625542,-106.0664082,"S","NAD83",8760,20,"NGVD29",14010002,"dv",60,3,18527,NA,"wat",NA,1645423,0,"1/1/1960","2/14/2026",24152,"CO",c(-106.0664082, 39.625542),FALSE,"PASS"
4724,"USGS",9051050,"STRAIGHT CR BLW LASKEY GULCH NR DILLON, CO","CO","ST",39.6397087,-106.040296,"M","NAD83",9070,10,"NGVD29",14010002,"dv",60,3,325775,NA,"wat",NA,1645423,0,"10/1/1986","2/14/2026",14382,"CO",c(-106.040296, 39.6397087),FALSE,"PASS"
4726,"USGS",9052000,"ROCK CREEK NEAR DILLON, CO.","CO","ST",39.72304159,-106.1286328,"F","NAD83",8502.52,15,"NGVD29",14010002,"dv",60,3,18531,NA,"wat",NA,1645423,0,"10/1/1942","9/29/1994",15339,"CO",c(-106.1286328, 39.72304159),FALSE,"PASS"
4731,"USGS",9053500,"BLUE RIVER ABOVE GREEN MOUNTAIN RESERVOIR, CO.","CO","ST",39.83193005,-106.2228033,"S","NAD83",7946.56,20,"NGVD29",14010002,"dv",60,3,18541,NA,"wat",NA,1645423,0,"10/1/1943","9/29/1987",10955,"CO",c(-106.2228033, 39.83193005),FALSE,"PASS"
4732,"USGS",9054000,"BLACK CREEK BELOW BLACK LAKE, NEAR DILLON, CO.","CO","ST",39.7991522,-106.2683604,"F","NAD83",8750,15,"NGVD29",14010002,"dv",60,3,18543,NA,"wat",NA,1645423,0,"7/1/1942","9/29/1994",12874,"CO",c(-106.2683604, 39.7991522),FALSE,"PASS"
4739,"USGS",9057500,"BLUE RIVER BELOW GREEN MOUNTAIN RESERVOIR, CO","CO","ST",39.88026354,-106.3339175,"F","NAD83",7682.66,15,"NGVD29",14010002,"dv",60,3,295651,NA,"wat",NA,1645423,0,"10/1/1937","2/14/2026",32279,"CO",c(-106.3339175, 39.88026354),FALSE,"PASS"
4741,"USGS",9058000,"COLORADO RIVER NEAR KREMMLING, CO","CO","ST",40.03665248,-106.4400324,"S","NAD83",7320,10,"NGVD29",14010001,"dv",60,3,18555,NA,"wat",NA,1645423,0,"8/1/1904","2/14/2026",28320,"CO",c(-106.4400324, 40.03665248),FALSE,"PASS"
4743,"USGS",9058500,"PINEY RIVER BELOW PINEY LAKE, NEAR MINTURN, CO.","CO","ST",39.70804158,-106.4266968,"S","NAD83",9149.86,0.14,"NAVD88",14010001,"dv",60,3,18559,NA,"wat",NA,1645423,0,"10/1/1947","9/30/2025",19367,"CO",c(-106.4266968, 39.70804158),FALSE,"PASS"
4745,"USGS",9058610,"DICKSON CREEK NEAR VAIL, CO","CO","ST",39.7041111,-106.45725,"S","NAD83",9245,15,"NGVD29",14010001,"dv",60,3,18561,NA,"wat",NA,1645423,0,"10/1/1971","9/29/2004",12053,"CO",c(-106.45725, 39.7041111),FALSE,"PASS"
4746,"USGS",9058700,"FREEMAN CREEK NEAR MINTURN, CO.","CO","ST",39.69831939,-106.445586,"S","NAD83",9335,5,"NGVD29",14010001,"dv",60,3,18562,NA,"wat",NA,1645423,0,"10/1/1964","9/29/2004",14609,"CO",c(-106.445586, 39.69831939),FALSE,"PASS"
4747,"USGS",9058800,"EAST MEADOW CREEK NEAR MINTURN CO.","CO","ST",39.73165269,-106.4266969,"F","NAD83",9455,20,"NGVD29",14010001,"dv",60,3,18563,NA,"wat",NA,1645423,0,"10/1/1964","9/29/2004",14609,"CO",c(-106.4266969, 39.73165269),FALSE,"PASS"
4748,"USGS",9059500,"PINEY RIVER NEAR STATE BRIDGE, CO","CO","ST",39.7957222,-106.5743472,"S","NAD83",7276.22,0.11,"NAVD88",14010001,"dv",60,3,18564,NA,"wat",NA,1645423,0,"6/1/1944","2/14/2026",29844,"CO",c(-106.5743472, 39.7957222),FALSE,"PASS"
4763,"USGS",9063000,"EAGLE RIVER AT RED CLIFF, CO.","CO","ST",39.50831949,-106.3666948,"S","NAD83",8658.61,0.15,"NAVD88",14010003,"dv",60,3,18577,NA,"wat",NA,1645423,0,"10/1/1910","2/14/2026",35200,"CO",c(-106.3666948, 39.50831949),FALSE,"PASS"
4764,"USGS",9063200,"WEARYMAN CREEK NEAR RED CLIFF, CO.","CO","ST",39.5222084,-106.3236384,"S","NAD83",9280,10,"NGVD29",14010003,"dv",60,3,18578,NA,"wat",NA,1645423,0,"10/1/1964","10/20/2008",16091,"CO",c(-106.3236384, 39.5222084),FALSE,"PASS"
4765,"USGS",9063400,"TURKEY CREEK NEAR RED CLIFF, CO","CO","ST",39.52260278,-106.33655,"5","NAD83",8918,1,"NGVD29",14010003,"dv",60,3,18579,NA,"wat",NA,1645423,0,"10/1/1963","10/21/2008",16458,"CO",c(-106.33655, 39.52260278),FALSE,"PASS"
4768,"USGS",9063900,"MISSOURI CREEK NEAR GOLD PARK, CO.","CO","ST",39.39026486,-106.4700294,"F","NAD83",9985.89,0.25,"NAVD88",14010003,"dv",60,3,18581,NA,"wat",NA,1645423,0,"7/19/1972","2/14/2026",19569,"CO",c(-106.4700294, 39.39026486),FALSE,"PASS"
4769,"USGS",9064000,"HOMESTAKE CREEK AT GOLD PARK, CO.","CO","ST",39.4055426,-106.433362,"F","NAD83",9217.78,0.18,"NAVD88",14010003,"dv",60,3,325777,NA,"wat",NA,1645423,0,"10/1/1947","2/14/2026",22111,"CO",c(-106.433362, 39.4055426),FALSE,"PASS"
4770,"USGS",9064500,"HOMESTAKE CREEK NEAR RED CLIFF, CO.","CO","ST",39.4733198,-106.3678056,"F","NAD83",8783,15,"NGVD29",14010003,"dv",60,3,18583,NA,"wat",NA,1645423,0,"10/1/1910","10/2/2011",27394,"CO",c(-106.3678056, 39.4733198),FALSE,"PASS"
4771,"USGS",9064600,"EAGLE RIVER NEAR MINTURN, CO","CO","ST",39.55387495,-106.402529,"S","NAD83",8085.99,0.13,"NAVD88",14010003,"dv",60,3,18584,NA,"wat",NA,1645423,0,"10/1/1989","2/14/2026",13284,"CO",c(-106.402529, 39.55387495),FALSE,"PASS"
4772,"USGS",9065100,"CROSS CREEK NEAR MINTURN, CO","CO","ST",39.56829167,-106.4124306,"S","NAD83",7985.72,0.14,"NAVD88",14010003,"dv",60,3,18587,NA,"wat",NA,1645423,0,"10/1/1956","2/14/2026",23405,"CO",c(-106.4124306, 39.56829167),FALSE,"PASS"
4773,"USGS",9065500,"GORE CREEK AT UPPER STATION, NEAR MINTURN, CO.","CO","ST",39.6258193,-106.2780823,"S","NAD83",8600,20,"NGVD29",14010003,"dv",60,3,18588,NA,"wat",NA,1645423,0,"10/1/1947","2/14/2026",26066,"CO",c(-106.2780823, 39.6258193),FALSE,"PASS"
4774,"USGS",9066000,"BLACK GORE CREEK NEAR MINTURN, CO.","CO","ST",39.59637495,-106.2650264,"F","NAD83",9150,15,"NGVD29",14010003,"dv",60,3,18589,NA,"wat",NA,1645423,0,"10/1/1947","2/14/2026",26042,"CO",c(-106.2650264, 39.59637495),FALSE,"PASS"
4776,"USGS",9066100,"BIGHORN CREEK NEAR MINTURN, CO","CO","ST",39.6399859,-106.2933605,"F","NAD83",8625,15,"NGVD29",14010003,"dv",60,3,295653,NA,"wat",NA,1645423,0,"10/1/1963","9/29/2008",16436,"CO",c(-106.2933605, 39.6399859),FALSE,"PASS"
4777,"USGS",9066150,"PITKIN CREEK NEAR MINTURN, CO.","CO","ST",39.64359705,-106.3025273,"F","NAD83",8525,15,"NGVD29",14010003,"dv",60,3,325779,NA,"wat",NA,1645423,0,"10/1/1966","9/29/2008",15340,"CO",c(-106.3025273, 39.64359705),FALSE,"PASS"
4778,"USGS",9066200,"BOOTH CREEK NEAR MINTURN, CO.","CO","ST",39.64831927,-106.3230833,"M","NAD83",8325,10,"NGVD29",14010003,"dv",60,3,18595,NA,"wat",NA,1645423,0,"10/1/1964","2/14/2026",22417,"CO",c(-106.3230833, 39.64831927),FALSE,"PASS"
4780,"USGS",9066300,"MIDDLE CREEK NEAR MINTURN, CO.","CO","ST",39.6458193,-106.3822512,"M","NAD83",8200,10,"NGVD29",14010003,"dv",60,3,18599,NA,"wat",NA,1645423,0,"10/1/1964","2/14/2026",22417,"CO",c(-106.3822512, 39.6458193),FALSE,"PASS"
4783,"USGS",9066400,"RED SANDSTONE CREEK NEAR MINTURN, CO.","CO","ST",39.68276376,-106.4014184,"S","NAD83",9212,1,"NGVD29",14010003,"dv",60,3,18602,NA,"wat",NA,1645423,0,"10/1/1963","9/29/2008",16436,"CO",c(-106.4014184, 39.68276376),FALSE,"PASS"
4785,"USGS",9066510,"GORE CREEK AT MOUTH NEAR MINTURN, CO","CO","ST",39.60943048,-106.447808,"M","NAD83",7720.35,0.25,"NAVD88",14010003,"dv",60,3,18604,NA,"wat",NA,1645423,0,"10/1/1995","2/14/2026",11083,"CO",c(-106.447808, 39.60943048),FALSE,"PASS"
4786,"USGS",9067000,"BEAVER CREEK AT AVON, CO","CO","ST",39.62970826,-106.5228096,"S","NAD83",7454.57,0.1,"NAVD88",14010003,"dv",60,3,18609,NA,"wat",NA,1645423,0,"5/1/1974","11/30/2025",17931,"CO",c(-106.5228096, 39.62970826),FALSE,"PASS"
4789,"USGS",9067200,"LAKE CREEK NEAR EDWARDS, CO","CO","ST",39.647486,-106.6092003,"F","NAD83",6447.84,0.11,"NAVD88",14010003,"dv",60,3,18612,NA,"wat",NA,1645423,0,"10/1/1993","2/14/2026",11825,"CO",c(-106.6092003, 39.647486),FALSE,"PASS"
4795,"USGS",9070000,"EAGLE RIVER BELOW GYPSUM, CO.","CO","ST",39.64942954,-106.9536554,"S","NAD83",6266.81,0.21,"NAVD88",14010003,"dv",60,3,18621,NA,"wat",NA,1645423,0,"10/1/1946","2/14/2026",28992,"CO",c(-106.9536554, 39.64942954),FALSE,"PASS"
4796,"USGS",9070500,"COLORADO RIVER NEAR DOTSERO, CO","CO","ST",39.6446111,-107.0780139,"S","NAD83",6121.59,0.21,"NAVD88",14010001,"dv",60,3,18624,NA,"wat",NA,1645423,0,"12/1/1940","2/14/2026",31115,"CO",c(-107.0780139, 39.6446111),FALSE,"PASS"
4800,"USGS",9072500,"COLORADO RIVER AT GLENWOOD SPRINGS, CO.","CO","ST",39.549982,-107.3208873,"F","NAD83",5720.71,15,"NGVD29",14010001,"dv",60,3,18639,NA,"wat",NA,1645423,0,"1899-10-01","9/29/1966",24470,"CO",c(-107.3208873, 39.549982),FALSE,"PASS"
4803,"USGS",9073300,"ROARING FORK RIVER AB DIFFICULT C NR ASPEN, CO.","CO","ST",39.14109959,-106.7742039,"F","NAD83",8120,15,"NGVD29",14010004,"dv",60,3,18642,NA,"wat",NA,1645423,0,"10/1/1979","2/14/2026",16939,"CO",c(-106.7742039, 39.14109959),FALSE,"PASS"
4804,"USGS",9073400,"ROARING FORK RIVER NEAR ASPEN, CO.","CO","ST",39.17998755,-106.8019826,"S","NAD83",8019.66,0.11,"NAVD88",14010004,"dv",60,3,18646,NA,"wat",NA,1645423,0,"10/1/1964","2/14/2026",22417,"CO",c(-106.8019826, 39.17998755),FALSE,"PASS"
4805,"USGS",9073500,"ROARING FORK RIVER AT ASPEN, CO.","CO","ST",39.18943174,-106.814483,"F","NAD83",7884.58,15,"NGVD29",14010004,"dv",60,3,18647,NA,"wat",NA,1645423,0,"10/1/1910","9/29/1964",15704,"CO",c(-106.814483, 39.18943174),FALSE,"PASS"
4815,"USGS",9074000,"HUNTER CREEK NEAR ASPEN, CO","CO","ST",39.20582037,-106.797538,"S","NAD83",8610,20,"NGVD29",14010004,"dv",60,3,325785,NA,"wat",NA,1645423,0,"6/1/1950","9/30/2016",19145,"CO",c(-106.797538, 39.20582037),FALSE,"PASS"
4840,"USGS",9078000,"FRYINGPAN RIVER AT NORRIE, CO.","CO","ST",39.33081977,-106.6580895,"F","NAD83",8410,15,"NGVD29",14010004,"dv",60,3,18684,NA,"wat",NA,1645423,0,"10/1/1910","10/11/1983",15382,"CO",c(-106.6580895, 39.33081977),FALSE,"PASS"
4851,"USGS",9078500,"NORTH FORK FRYINGPAN RIVER NEAR NORRIE, CO.","CO","ST",39.34276407,-106.6658675,"F","NAD83",8330,15,"NGVD29",14010004,"dv",60,3,18695,NA,"wat",NA,1645423,0,"10/1/1910","9/29/1982",15157,"CO",c(-106.6658675, 39.34276407),FALSE,"PASS"
4861,"USGS",9080400,"FRYINGPAN RIVER NEAR RUEDI, CO.","CO","ST",39.36554075,-106.8255948,"F","NAD83",7478.19,0.09,"NAVD88",14010004,"dv",60,3,18705,NA,"wat",NA,1645423,0,"10/1/1964","2/14/2026",22417,"CO",c(-106.8255948, 39.36554075),FALSE,"PASS"
4866,"USGS",9081600,"CRYSTAL RIVER ABV AVALANCHE CRK, NEAR REDSTONE, CO","CO","ST",39.23263889,-107.2275,"5","NAD83",6906.78,0.15,"NAVD88",14010004,"dv",60,3,18710,NA,"wat",NA,1645423,0,"10/1/1955","2/14/2026",25705,"CO",c(-107.2275, 39.23263889),FALSE,"PASS"
4875,"USGS",9085000,"ROARING FORK RIVER AT GLENWOOD SPRINGS, CO.","CO","ST",39.54666667,-107.3308333,"F","NAD83",5720.05,0.13,"NAVD88",1.4e+11,"dv",60,3,18719,NA,"wat",NA,1645423,0,"4/1/1906","2/14/2026",43318,"CO",c(-107.3308333, 39.54666667),FALSE,"PASS"
4876,"USGS",9085100,"COLORADO RIVER BELOW GLENWOOD SPRINGS, CO","CO","ST",39.5549819,-107.337554,"F","NAD83",5705.42,0.16,"NAVD88",14010005,"dv",60,3,325789,NA,"wat",NA,1645423,0,"10/1/1966","2/14/2026",21687,"CO",c(-107.337554, 39.5549819),FALSE,"PASS"
4888,"USGS",9089500,"WEST DIVIDE CREEK NEAR RAVEN, CO","CO","ST",39.33109185,-107.5800562,"F","NAD83",7050,15,"NGVD29",14010005,"dv",60,3,18743,NA,"wat",NA,1645423,0,"10/1/1955","10/31/2005",17386,"CO",c(-107.5800562, 39.33109185),FALSE,"PASS"
4893,"USGS",9092500,"BEAVER CREEK NEAR RIFLE, CO.","CO","ST",39.47192409,-107.8325657,"F","NAD83",6685,15,"NGVD29",14010005,"dv",60,3,18749,NA,"wat",NA,1645423,0,"10/1/1952","9/29/1982",10956,"CO",c(-107.8325657, 39.47192409),FALSE,"PASS"
4904,"USGS",9093700,"COLORADO RIVER NEAR DE BEQUE, CO.","CO","ST",39.36247855,-108.152579,"F","NAD83",4940,15,"NGVD29",14010005,"dv",60,3,18777,NA,"wat",NA,1645423,0,"10/1/1966","9/29/1997",11322,"CO",c(-108.152579, 39.36247855),FALSE,"PASS"
4910,"USGS",9095500,"COLORADO RIVER NEAR CAMEO, CO.","CO","ST",39.2391463,-108.2661946,"S","NAD83",4817.25,0.1,"NAVD88",14010005,"dv",60,3,18791,NA,"wat",NA,1645423,0,"10/1/1933","2/14/2026",33735,"CO",c(-108.2661946, 39.2391463),FALSE,"PASS"
4918,"USGS",9096500,"PLATEAU CREEK NEAR COLLBRAN, CO.","CO","ST",39.2505349,-107.84062,"F","NAD83",7130,15,"NGVD29",14010005,"dv",60,3,325792,NA,"wat",NA,1645423,0,"10/1/1921","9/29/1980",21549,"CO",c(-107.84062, 39.2505349),FALSE,"PASS"
4920,"USGS",9097500,"BUZZARD CREEK NEAR COLLBRAN, CO","CO","ST",39.2722015,-107.8506206,"F","NAD83",6955,15,"NGVD29",14010005,"dv",60,3,18809,NA,"wat",NA,1645423,0,"10/1/1921","10/22/1980",21572,"CO",c(-107.8506206, 39.2722015),FALSE,"PASS"
4932,"USGS",9105000,"PLATEAU CREEK NEAR CAMEO, CO","CO","ST",39.1836111,-108.2683333,"S","NAD83",4832.98,0.14,"NAVD88",14010005,"dv",60,3,18821,NA,"wat",NA,1645423,0,"4/26/1936","2/14/2026",32071,"CO",c(-108.2683333, 39.1836111),FALSE,"PASS"
4933,"USGS",9106000,"COLORADO RIVER NEAR PALISADE, CO.","CO","ST",39.1277586,-108.3259184,"F","NAD83",4740,15,"NGVD29",14010005,"dv",60,3,295675,NA,"wat",NA,1645423,0,"4/1/1902","9/29/1933",11505,"CO",c(-108.3259184, 39.1277586),FALSE,"PASS"
4936,"USGS",9106150,"COLO RIVER BELOW GRAND VALLEY DIV NR PALISADE, CO","CO","ST",39.09859226,-108.355086,"F","NAD83",4669.4,0.12,"NAVD88",14010005,"dv",60,3,18828,NA,"wat",NA,1645423,0,"10/1/1990","2/14/2026",12921,"CO",c(-108.355086, 39.09859226),FALSE,"PASS"
4940,"USGS",9107000,"TAYLOR RIVER AT TAYLOR PARK, CO.","CO","ST",38.86027127,-106.5666966,"S","NAD83",9332.33,0.12,"NAVD88",14020001,"dv",60,3,18836,NA,"wat",NA,1645423,0,"6/1/1929","2/14/2026",15964,"CO",c(-106.5666966, 38.86027127),FALSE,"PASS"
4944,"USGS",9109000,"TAYLOR RIVER BELOW TAYLOR PARK RESERVOIR, CO.","CO","ST",38.8183269,-106.6091977,"F","NAD83",9172.74,0.11,"NAVD88",14020001,"dv",60,3,18839,NA,"wat",NA,1645423,0,"10/1/1938","2/14/2026",31913,"CO",c(-106.6091977, 38.8183269),FALSE,"PASS"
4945,"USGS",9110000,"TAYLOR RIVER AT ALMONT, CO.","CO","ST",38.66443715,-106.8453172,"F","NAD83",8010.76,15,"NGVD29",14020001,"dv",60,3,18840,NA,"wat",NA,1645423,0,"7/27/1910","2/14/2026",42207,"CO",c(-106.8453172, 38.66443715),FALSE,"PASS"
4953,"USGS",9112200,"EAST RIVER BELOW CEMENT CREEK NR CRESTED BUTTE, CO","CO","ST",38.7841599,-106.8708736,"S","NAD83",8440,20,"NGVD29",14020001,"dv",60,3,18846,NA,"wat",NA,1645423,0,"10/1/1963","2/14/2026",15843,"CO",c(-106.8708736, 38.7841599),FALSE,"PASS"
4954,"USGS",9112500,"EAST RIVER AT ALMONT, CO","CO","ST",38.66443715,-106.848095,"S","NAD83",8006.29,2,"NGVD29",14020001,"dv",60,3,18852,NA,"wat",NA,1645423,0,"10/1/1910","2/14/2026",37757,"CO",c(-106.848095, 38.66443715),FALSE,"PASS"
4961,"USGS",9114500,"GUNNISON RIVER NEAR GUNNISON, CO.","CO","ST",38.54193567,-106.9497661,"F","NAD83",7659.9,0.45,"NAVD88",14020002,"dv",60,3,18859,NA,"wat",NA,1645423,0,"10/1/1910","2/14/2026",36267,"CO",c(-106.9497661, 38.54193567),FALSE,"PASS"
4963,"USGS",9115500,"TOMICHI CREEK AT SARGENTS, CO","CO","ST",38.39502778,-106.422625,"S","NAD83",8416,2,"NGVD29",14020003,"dv",60,3,18860,NA,"wat",NA,1645423,0,"10/1/1916","2/14/2026",27163,"CO",c(-106.422625, 38.39502778),FALSE,"PASS"
4967,"USGS",9118450,"COCHETOPA CREEK BELOW ROCK CREEK NEAR PARLIN, CO","CO","ST",38.3372222,-106.7736111,"S","NAD83",8457.54,0.25,"NAVD88",14020003,"dv",60,3,325803,NA,"wat",NA,1645423,0,"10/1/1981","2/14/2026",16208,"CO",c(-106.7736111, 38.3372222),FALSE,"PASS"
4969,"USGS",9119000,"TOMICHI CREEK AT GUNNISON, CO","CO","ST",38.5211111,-106.9409583,"5","NAD83",7633.58,0.09,"NAVD88",14020003,"dv",60,3,18866,NA,"wat",NA,1645423,0,"10/1/1937","2/14/2026",32277,"CO",c(-106.9409583, 38.5211111),FALSE,"PASS"
4981,"USGS",9124500,"LAKE FORK AT GATEVIEW, CO.","CO","ST",38.2988834,-107.2300557,"F","NAD83",7833.68,0.12,"NAVD88",14020002,"dv",60,3,18880,NA,"wat",NA,1645423,0,"10/1/1937","2/14/2026",32279,"CO",c(-107.2300557, 38.2988834),FALSE,"PASS"
4984,"USGS",9126000,"CIMARRON RIVER NEAR CIMARRON, CO","CO","ST",38.25819444,-107.5461111,"S","NAD83",8641.48,0.01,"NGVD29",14020002,"dv",60,3,325806,NA,"wat",NA,1645423,0,"10/1/1954","2/14/2026",26070,"CO",c(-107.5461111, 38.25819444),FALSE,"PASS"
4989,"USGS",9128000,"GUNNISON RIVER BELOW GUNNISON TUNNEL, CO","CO","ST",38.52915336,-107.648947,"S","NAD83",6514.2,0.23,"NAVD88",14020002,"dv",60,3,18889,NA,"wat",NA,1645423,0,"10/1/1910","2/14/2026",42141,"CO",c(-107.648947, 38.52915336),FALSE,"PASS"
4990,"USGS",9128500,"SMITH FORK NEAR CRAWFORD, CO.","CO","ST",38.72776785,-107.5067234,"F","NAD83",7091,15,"NGVD29",14020002,"dv",60,3,295677,NA,"wat",NA,1645423,0,"10/1/1935","9/29/1994",21549,"CO",c(-107.5067234, 38.72776785),FALSE,"PASS"
5005,"USGS",9132500,"NORTH FORK GUNNISON RIVER NEAR SOMERSET, CO.","CO","ST",38.9258228,-107.4342211,"S","NAD83",6082.25,0.15,"NAVD88",14020004,"dv",60,3,18918,NA,"wat",NA,1645423,0,"10/1/1933","2/14/2026",33716,"CO",c(-107.4342211, 38.9258228),FALSE,"PASS"
5015,"USGS",9134000,"MINNESOTA CREEK NEAR PAONIA, CO.","CO","ST",38.8699892,-107.5042227,"F","NAD83",6200,15,"NGVD29",14020004,"dv",60,3,18928,NA,"wat",NA,1645423,0,"10/1/1936","12/31/2013",14335,"CO",c(-107.5042227, 38.8699892),FALSE,"PASS"
5038,"USGS",9143000,"SURFACE CREEK NEAR CEDAREDGE, CO","CO","ST",38.9847034,-107.8545077,"F","NAD83",8261,15,"NGVD29",14020005,"dv",60,3,18957,NA,"wat",NA,1645423,0,"7/1/1939","10/31/2025",27593,"CO",c(-107.8545077, 38.9847034),FALSE,"PASS"
5039,"USGS",9143500,"SURFACE CREEK AT CEDAREDGE, CO.","CO","ST",38.9016487,-107.921176,"F","NAD83",6225.07,0.1,"NAVD88",14020005,"dv",60,3,18958,NA,"wat",NA,1645423,0,"10/1/1917","2/14/2026",37642,"CO",c(-107.921176, 38.9016487),FALSE,"PASS"
5042,"USGS",9144250,"GUNNISON RIVER AT DELTA, CO","CO","ST",38.75303944,-108.078403,"S","NAD83",4918.75,0.08,"NAVD88",14020005,"dv",60,3,18963,NA,"wat",NA,1645423,0,"6/1/1976","2/13/2026",18155,"CO",c(-108.078403, 38.75303944),FALSE,"PASS"
5048,"USGS",9146200,"UNCOMPAHGRE RIVER NEAR RIDGWAY, CO.","CO","ST",38.1838791,-107.7458924,"S","NAD83",6881.84,0.12,"NAVD88",14020006,"dv",60,3,18975,NA,"wat",NA,1645423,0,"10/1/1958","2/14/2026",24609,"CO",c(-107.7458924, 38.1838791),FALSE,"PASS"
5053,"USGS",9147000,"DALLAS CREEK NEAR RIDGWAY, CO","CO","ST",38.17776806,-107.7583927,"F","NAD83",6957.09,0.22,"NAVD88",14020006,"dv",60,3,18983,NA,"wat",NA,1645423,0,"3/1/1922","2/13/2026",24814,"CO",c(-107.7583927, 38.17776806),FALSE,"PASS"
5054,"USGS",9147025,"UNCOMPAHGRE RIVER BELOW RIDGWAY RESERVOIR, CO","CO","ST",38.24055556,-107.7603056,"S","NAD83",6645.24,0.13,"NAVD88",14020006,"dv",60,3,18986,NA,"wat",NA,1645423,0,"10/1/1988","2/14/2026",13651,"CO",c(-107.7603056, 38.24055556),FALSE,"PASS"
5056,"USGS",9147500,"UNCOMPAHGRE RIVER AT COLONA, CO","CO","ST",38.33143056,-107.779225,"5","NAD83",6320.37,0.18,"NAVD88",14020006,"dv",60,3,18989,NA,"wat",NA,1645423,0,"10/1/1912","2/14/2026",41408,"CO",c(-107.779225, 38.33143056),FALSE,"PASS"
5060,"USGS",9149500,"UNCOMPAHGRE RIVER AT DELTA, CO","CO","ST",38.74194444,-108.0804167,"S","NAD83",4930.01,0.08,"NAVD88",1.4e+11,"dv",60,3,18999,NA,"wat",NA,1645423,0,"10/1/1938","2/14/2026",31914,"CO",c(-108.0804167, 38.74194444),FALSE,"PASS"
5065,"USGS",9152000,"KANNAH CREEK NEAR WHITEWATER, CO.","CO","ST",38.96164907,-108.2303576,"F","NAD83",6060,15,"NGVD29",14020005,"dv",60,3,19016,NA,"wat",NA,1645423,0,"10/1/1917","9/29/1982",23405,"CO",c(-108.2303576, 38.96164907),FALSE,"PASS"
5066,"USGS",9152500,"GUNNISON RIVER NEAR GRAND JUNCTION, CO.","CO","ST",38.98331575,-108.4506446,"S","NAD83",4631.33,0.1,"NAVD88",14020005,"dv",60,3,19017,NA,"wat",NA,1645423,0,"1896-10-01","2/14/2026",42868,"CO",c(-108.4506446, 38.98331575),FALSE,"PASS"
5086,"USGS",9163500,"COLORADO RIVER NEAR COLORADO-UTAH STATE LINE",NA,"ST",39.1327434,-109.0270759,"S","NAD83",4336.57,0.1,"NAVD88",1.4e+11,"dv",60,3,19083,NA,"wat",NA,1645423,0,"5/1/1951","2/14/2026",27319,"CO",c(-109.0270759, 39.1327434),TRUE,"BORDER"
5088,"USGS",9165000,"DOLORES RIVER BELOW RICO, CO.","CO","ST",37.63888414,-108.0603669,"F","NAD83",8427.41,0.15,"NAVD88",1.4e+11,"dv",60,3,325829,NA,"wat",NA,1645423,0,"10/1/1951","2/14/2026",26436,"CO",c(-108.0603669, 37.63888414),FALSE,"PASS"
5090,"USGS",9166500,"DOLORES RIVER AT DOLORES, CO.","CO","ST",37.47249579,-108.4976005,"F","NAD83",6936.38,0.21,"NAVD88",1.4e+11,"dv",60,3,19090,NA,"wat",NA,1645423,0,"1895-10-01","2/14/2026",41772,"CO",c(-108.4976005, 37.47249579),FALSE,"PASS"
5091,"USGS",9166950,"LOST CANYON CREEK NEAR DOLORES, CO.","CO","ST",37.44582222,-108.4683444,"S","NAD83",7029.04,0.1,"NAVD88",1.4e+11,"dv",60,3,19091,NA,"wat",NA,1645423,0,"4/1/1984","11/12/2025",15201,"CO",c(-108.4683444, 37.44582222),FALSE,"PASS"
5099,"USGS",9169500,"DOLORES RIVER AT BEDROCK, CO","CO","ST",38.3102675,-108.8853805,"F","NAD83",4942.59,0.13,"NAVD88",14030002,"dv",60,3,19105,NA,"wat",NA,1645423,0,"10/1/1917","2/14/2026",21747,"CO",c(-108.8853805, 38.3102675),FALSE,"PASS"
5103,"USGS",9171100,"DOLORES RIVER NEAR BEDROCK, CO.","CO","ST",38.35692324,-108.8334516,"F","NAD83",4911.36,0.12,"NAVD88",1.4e+11,"dv",60,3,19115,NA,"wat",NA,1645423,0,"8/1/1971","2/14/2026",19921,"CO",c(-108.8334516, 38.35692324),FALSE,"PASS"
5110,"USGS",9172500,"SAN MIGUEL RIVER NEAR PLACERVILLE, CO","CO","ST",38.03070556,-108.1102889,"F","NAD83",7100,20,"NAVD88",14030003,"dv",60,3,19128,NA,"wat",NA,1645423,0,"10/1/1910","2/13/2026",32822,"CO",c(-108.1102889, 38.03070556),FALSE,"PASS"
5114,"USGS",9173000,"BEAVER CREEK NEAR NORWOOD, CO.","CO","ST",37.96999209,-108.1956327,"F","NAD83",8010,15,"NGVD29",14030003,"dv",60,3,19132,NA,"wat",NA,1645423,0,"10/1/1941","9/29/1981",11503,"CO",c(-108.1956327, 37.96999209),FALSE,"PASS"
5118,"USGS",9174600,"SAN MIGUEL RIVER AT BROOKS BRIDGE NEAR NUCLA CO","CO","ST",38.2441571,-108.5020343,"M","NAD83",5570,10,"NGVD29",14030003,"dv",60,3,19136,NA,"wat",NA,1645423,0,"3/31/1995","2/14/2026",11279,"CO",c(-108.5020343, 38.2441571),FALSE,"PASS"
5123,"USGS",9175500,"SAN MIGUEL RIVER AT NATURITA, CO.","CO","ST",38.2177684,-108.5664809,"F","NAD83",5392.85,15,"NGVD29",14030003,"dv",60,3,19141,NA,"wat",NA,1645423,0,"10/1/1917","9/29/1981",19356,"CO",c(-108.5664809, 38.2177684),FALSE,"PASS"
5126,"USGS",9177000,"SAN MIGUEL RIVER AT URAVAN, CO.","CO","ST",38.35721157,-108.712875,"F","NAD83",4994.33,0.11,"NAVD88",14030003,"dv",60,3,19144,NA,"wat",NA,1645423,0,"8/1/1954","2/14/2026",21413,"CO",c(-108.712875, 38.35721157),FALSE,"PASS"
5133,"USGS",9236000,"BEAR RIVER NEAR TOPONAS, CO","CO","ST",40.04387328,-107.0722729,"F","NAD83",9700,15,"NGVD29",14050001,"dv",60,3,19154,NA,"wat",NA,1645423,0,"10/1/1952","9/29/1986",12051,"CO",c(-107.0722729, 40.04387328),FALSE,"PASS"
5135,"USGS",9237450,"YAMPA RIVER ABOVE STAGECOACH RESERVOIR, CO","CO","ST",40.26426111,-106.8917667,"S","NAD83",8484.19,0.16,"NAVD88",1.41e+11,"dv",60,3,19156,NA,"wat",NA,1645423,0,"10/1/1988","2/14/2026",13650,"CO",c(-106.8917667, 40.26426111),FALSE,"PASS"
5136,"USGS",9237500,"YAMPA RIVER BELOW STAGECOACH RESERVOIR, CO","CO","ST",40.28654444,-106.8290556,"T","NAD83",7057.95,0.16,"NAVD88",1.41e+11,"dv",60,3,19157,NA,"wat",NA,1645423,0,"10/1/1939","2/14/2026",22781,"CO",c(-106.8290556, 40.28654444),FALSE,"PASS"
5148,"USGS",9238900,"FISH CR AT UPPER STA NR STEAMBOAT SPRINGS, CO","CO","ST",40.4749775,-106.7869926,"F","NAD83",7150,15,"NGVD29",14050001,"dv",60,3,295697,NA,"wat",NA,1645423,0,"10/1/1966","2/14/2026",18173,"CO",c(-106.7869926, 40.4749775),FALSE,"PASS"
5150,"USGS",9239500,"YAMPA RIVER AT STEAMBOAT SPRINGS, CO","CO","ST",40.48298611,-106.8324306,"S","NAD83",6701.31,0.15,"NAVD88",1.41e+11,"dv",60,3,19175,NA,"wat",NA,1645423,0,"10/1/1904","2/14/2026",43069,"CO",c(-106.8324306, 40.48298611),FALSE,"PASS"
5155,"USGS",9241000,"ELK RIVER AT CLARK, CO.","CO","ST",40.7174726,-106.9158832,"S","NAD83",7267.75,1,"NGVD29",14050001,"dv",60,3,19180,NA,"wat",NA,1645423,0,"10/1/1910","9/30/2003",25906,"CO",c(-106.9158832, 40.7174726),FALSE,"PASS"
5156,"USGS",9242500,"ELK RIVER NEAR MILNER, CO.","CO","ST",40.51468126,-106.9539707,"F","NAD83",6582.42,0.09,"NAVD88",1.41e+11,"dv",60,3,19181,NA,"wat",NA,1645423,0,"10/1/1904","2/14/2026",19742,"CO",c(-106.9539707, 40.51468126),FALSE,"PASS"
5171,"USGS",9245000,"ELKHEAD CREEK NEAR ELKHEAD, CO.","CO","ST",40.6696938,-107.2850592,"F","NAD83",6845,15,"NGVD29",14050001,"dv",60,3,325849,NA,"wat",NA,1645423,0,"4/1/1953","9/30/1996",15889,"CO",c(-107.2850592, 40.6696938),FALSE,"PASS"
5173,"USGS",9246200,"ELKHEAD CREEK ABOVE LONG GULCH, NEAR HAYDEN, CO","CO","ST",40.59163879,-107.3208933,"S","NAD83",6405,5,"NGVD29",14050001,"dv",60,3,19226,NA,"wat",NA,1645423,0,"8/10/1995","2/14/2026",11147,"CO",c(-107.3208933, 40.59163879),FALSE,"PASS"
5180,"USGS",9247600,"YAMPA RIVER BELOW CRAIG, CO.","CO","ST",40.48078908,-107.6142685,"S","NAD83",6137.65,0.11,"NAVD88",1.41e+11,"dv",60,3,325850,NA,"wat",NA,1645423,0,"10/1/1984","2/14/2026",15112,"CO",c(-107.6142685, 40.48078908),FALSE,"PASS"
5190,"USGS",9250000,"MILK CREEK NEAR THORNBURGH, CO.","CO","ST",40.19358547,-107.7322907,"F","NAD83",6599.32,15,"NGVD29",14050002,"dv",60,3,19249,NA,"wat",NA,1645423,0,"10/1/1952","9/29/1986",12417,"CO",c(-107.7322907, 40.19358547),FALSE,"PASS"
5197,"USGS",9251000,"YAMPA RIVER NEAR MAYBELL, CO","CO","ST",40.50273085,-108.0334482,"F","NAD83",5904.25,0.08,"NAVD88",1.41e+11,"dv",60,3,19278,NA,"wat",NA,1645423,0,"5/1/1916","2/14/2026",40102,"CO",c(-108.0334482, 40.50273085),FALSE,"PASS"
5201,"USGS",9253000,"LITTLE SNAKE RIVER NEAR SLATER, CO","CO","ST",40.9993969,-107.1434257,"F","NAD83",6835.07,0.1,"NAVD88",1.41e+11,"dv",60,3,19289,NA,"wat",NA,1645423,0,"10/1/1942","2/14/2026",28805,"CO",c(-107.1434257, 40.9993969),FALSE,"PASS"
5203,"USGS",9255000,"SLATER FORK NEAR SLATER, CO","CO","ST",40.9824657,-107.3828391,"S","NAD83",6600,10,"NGVD29",14050003,"dv",60,3,19291,NA,"wat",NA,1645423,0,"10/1/1931","2/14/2026",34471,"CO",c(-107.3828391, 40.9824657),FALSE,"PASS"
5204,"USGS",9258000,"WILLOW CREEK NEAR DIXON, WY","WY","ST",40.91550679,-107.5217699,"S","NAD83",6700,10,"NGVD29",14050003,"dv",60,3,161833,NA,"wat",NA,1645423,0,"10/1/1953","9/30/1993",14610,"CO",c(-107.5217699, 40.91550679),FALSE,"FAIL"
5207,"USGS",9260000,"LITTLE SNAKE RIVER NEAR LILY, CO","CO","ST",40.54901667,-108.4243222,"5","NAD83",5692.71,0.11,"NAVD88",1.41e+11,"dv",60,3,19300,NA,"wat",NA,1645423,0,"10/1/1921","2/14/2026",38123,"CO",c(-108.4243222, 40.54901667),FALSE,"PASS"
5208,"USGS",9260050,"YAMPA RIVER AT DEERLODGE PARK, CO","CO","ST",40.45161747,-108.5251294,"F","NAD83",5595.48,0.1,"NAVD88",1.41e+11,"dv",60,3,19311,NA,"wat",NA,1645423,0,"10/1/1982","2/14/2026",15112,"CO",c(-108.5251294, 40.45161747),FALSE,"PASS"
5214,"USGS",9303000,"NORTH FORK WHITE RIVER AT BUFORD, CO","CO","ST",39.9874772,-107.6145076,"F","NAD83",7010,15,"NGVD29",14050005,"dv",60,3,19317,NA,"wat",NA,1645423,0,"5/1/1910","9/29/2001",20605,"CO",c(-107.6145076, 39.9874772),FALSE,"PASS"
5219,"USGS",9303500,"SOUTH FORK WHITE RIVER NEAR BUFORD, CO.","CO","ST",39.92162978,-107.5517612,"F","NAD83",7488,4.3,"NAVD88",14050005,"dv",60,3,295724,NA,"wat",NA,1645423,0,"10/1/1903","9/29/1992",14059,"CO",c(-107.5517612, 39.92162978),FALSE,"PASS"
5220,"USGS",9304000,"SOUTH FORK WHITE RIVER AT BUFORD, CO.","CO","ST",39.97442169,-107.6253412,"F","NAD83",6970,15,"NGVD29",14050005,"dv",60,3,19323,NA,"wat",NA,1645423,0,"7/1/1919","9/29/1997",17351,"CO",c(-107.6253412, 39.97442169),FALSE,"PASS"
5224,"USGS",9304200,"WHITE RIVER ABOVE COAL CREEK NEAR MEEKER, CO","CO","ST",40.00496048,-107.8253814,"F","NAD83",6403.49,0.22,"NAVD88",1.41e+11,"dv",60,3,19330,NA,"wat",NA,1645423,0,"10/1/1961","2/14/2026",23513,"CO",c(-107.8253814, 40.00496048),FALSE,"PASS"
5226,"USGS",9304500,"WHITE RIVER NEAR MEEKER, CO.","CO","ST",40.03359167,-107.8624194,"5","NAD83",6305.24,0.13,"NAVD88",1.41e+11,"dv",60,3,19335,NA,"wat",NA,1645423,0,"10/1/1901","2/14/2026",44331,"CO",c(-107.8624194, 40.03359167),FALSE,"PASS"
5228,"USGS",9304800,"WHITE RIVER BELOW MEEKER, CO","CO","ST",40.0225833,-108.1199444,"5","NAD83",5900,20,"NGVD29",14050005,"dv",60,3,19345,NA,"wat",NA,1645423,0,"10/1/1961","2/14/2026",23513,"CO",c(-108.1199444, 40.0225833),FALSE,"PASS"
5245,"USGS",9306200,"PICEANCE CREEK BL RYAN GULCH, NR RIO BLANCO, CO.","CO","ST",39.9210833,-108.2975876,"F","NAD83",6070,15,"NGVD29",14050006,"dv",60,3,295736,NA,"wat",NA,1645423,0,"10/1/1964","2/14/2026",22107,"CO",c(-108.2975876, 39.9210833),FALSE,"PASS"
5248,"USGS",9306222,"PICEANCE CREEK AT WHITE RIVER, CO","CO","ST",40.0780264,-108.2364753,"S","NAD83",5730,10,"NGVD29",14050006,"dv",60,3,19461,NA,"wat",NA,1645423,0,"10/1/1964","2/14/2026",20944,"CO",c(-108.2364753, 40.0780264),FALSE,"PASS"
5255,"USGS",9306242,"CORRAL GULCH NEAR RANGELY, CO","CO","ST",39.9202502,-108.4728719,"S","NAD83",6580,10,"NGVD29",14050006,"dv",60,3,19501,NA,"wat",NA,1645423,0,"3/14/1974","2/14/2026",18966,"CO",c(-108.4728719, 39.9202502),FALSE,"PASS"
5260,"USGS",9306255,"YELLOW CREEK NEAR WHITE RIVER, CO.","CO","ST",40.16856617,-108.4012339,"F","NAD83",5528.22,0.08,"NAVD88",1.41e+11,"dv",60,3,19518,NA,"wat",NA,1645423,0,"10/1/1972","2/14/2026",17445,"CO",c(-108.4012339, 40.16856617),FALSE,"PASS"
5261,"USGS",9306290,"WHITE RIVER BELOW BOISE CREEK, NEAR RANGELY, CO.","CO","ST",40.17969335,-108.5653775,"S","NAD83",5393.3,0.09,"NAVD88",14050007,"dv",60,3,19524,NA,"wat",NA,1645423,0,"8/1/1982","2/14/2026",15898,"CO",c(-108.5653775, 40.17969335),FALSE,"PASS"
5264,"USGS",9339900,"EF SAN JUAN R AB SAND CREEK, NR PAGOSA SPGS, CO.","CO","ST",37.38972959,-106.8411509,"S","NAD83",7940,10,"NGVD29",14080101,"dv",60,3,19533,NA,"wat",NA,1645423,0,"10/1/1956","9/29/2003",16435,"CO",c(-106.8411509, 37.38972959),FALSE,"PASS"
5265,"USGS",9340000,"EAST FORK SAN JUAN RIVER NR PAGOSA SPRINGS, CO","CO","ST",37.36889576,-106.8925399,"R","NAD83",7597.63,5,"NGVD29",14080101,"dv",60,3,295758,NA,"wat",NA,1645423,0,"10/1/1935","9/29/1980",16436,"CO",c(-106.8925399, 37.36889576),FALSE,"PASS"
5273,"USGS",9342500,"SAN JUAN RIVER AT PAGOSA SPRINGS, CO","CO","ST",37.26552778,-107.011,"5","NAD83",7052.31,0.17,"NAVD88",1.41e+11,"dv",60,3,19544,NA,"wat",NA,1645423,0,"10/1/1935","2/14/2026",33010,"CO",c(-107.011, 37.26552778),FALSE,"PASS"
5274,"USGS",9343000,"RIO BLANCO NEAR PAGOSA SPRINGS, CO.","CO","ST",37.21278565,-106.7944797,"F","NAD83",7950,15,"NGVD29",14080101,"dv",60,3,19545,NA,"wat",NA,1645423,0,"5/1/1935","11/30/1971",13363,"CO",c(-106.7944797, 37.21278565),FALSE,"PASS"
5277,"USGS",9344000,"NAVAJO R AT BANDED PEAK RANCH, NEAR CHROMO, CO.","CO","ST",37.0852879,-106.6894796,"F","NAD83",7940.6,15,"NGVD29",14080101,"dv",60,3,19548,NA,"wat",NA,1645423,0,"10/1/1936","9/29/1995",21548,"CO",c(-106.6894796, 37.0852879),FALSE,"PASS"
5282,"USGS",9346000,"NAVAJO RIVER AT EDITH, CO.","CO","ST",37.0027883,-106.9075366,"F","NAD83",7033,15,"NGVD29",14080101,"dv",60,3,19553,NA,"wat",NA,1645423,0,"10/1/1912","5/9/1996",26149,"CO",c(-106.9075366, 37.0027883),FALSE,"PASS"
5283,"USGS",9346400,"SAN JUAN RIVER NEAR CARRACAS, CO.","CO","ST",37.01362166,-107.3122841,"F","NAD83",6089.22,0.11,"NAVD88",1.41e+11,"dv",60,3,19554,NA,"wat",NA,1645423,0,"11/1/1961","2/14/2026",23482,"CO",c(-107.3122841, 37.01362166),FALSE,"PASS"
5289,"USGS",9349500,"PIEDRA RIVER NEAR PIEDRA, CO.","CO","ST",37.2222256,-107.3428258,"F","NAD83",6510,15,"NGVD29",14080102,"dv",60,3,325894,NA,"wat",NA,1645423,0,"10/1/1939","6/30/1973",12327,"CO",c(-107.3428258, 37.2222256),FALSE,"PASS"
5290,"USGS",9349800,"PIEDRA RIVER NEAR ARBOLES, CO.","CO","ST",37.08834204,-107.3978428,"F","NAD83",6150.04,0.17,"NAVD88",1.41e+11,"dv",60,3,19561,NA,"wat",NA,1645423,0,"9/1/1962","2/14/2026",23178,"CO",c(-107.3978428, 37.08834204),FALSE,"PASS"
5292,"USGS",9352900,"VALLECITO CREEK NEAR BAYFIELD, CO.","CO","ST",37.47750126,-107.5436688,"M","NAD83",7906.08,10,"NGVD29",14080101,"dv",60,3,19562,NA,"wat",NA,1645423,0,"10/1/1962","2/14/2026",23148,"CO",c(-107.5436688, 37.47750126),FALSE,"PASS"
5293,"USGS",9353500,"LOS PINOS RIVER NEAR BAYFIELD, CO.","CO","ST",37.38277997,-107.5775577,"F","NAD83",7582.54,15,"NGVD29",14080101,"dv",60,3,325895,NA,"wat",NA,1645423,0,"10/1/1927","9/29/1986",21549,"CO",c(-107.5775577, 37.38277997),FALSE,"PASS"
5295,"USGS",9354500,"LOS PINOS RIVER AT LA BOCA, CO.","CO","ST",37.00945356,-107.5995147,"F","NAD83",6147.31,0.14,"NAVD88",1.41e+11,"dv",60,3,19571,NA,"wat",NA,1645423,0,"1/1/1951","2/14/2026",27439,"CO",c(-107.5995147, 37.00945356),FALSE,"PASS"
5296,"USGS",9355000,"SPRING CREEK AT LA BOCA, CO","CO","ST",37.01527778,-107.5953333,"S","NAD83",6190,10,"NGVD29",14080101,"dv",60,3,19572,NA,"wat",NA,1645423,0,"1/1/1951","9/29/2011",22187,"CO",c(-107.5953333, 37.01527778),FALSE,"PASS"
5297,"USGS",9357500,"ANIMAS RIVER AT HOWARDSVILLE, CO.","CO","ST",37.83305235,-107.5995046,"F","NAD83",9616.98,15,"NGVD29",14080104,"dv",60,3,19573,NA,"wat",NA,1645423,0,"10/1/1935","9/29/1982",17166,"CO",c(-107.5995046, 37.83305235),FALSE,"PASS"
5298,"USGS",9358000,"ANIMAS RIVER AT SILVERTON, CO.","CO","ST",37.81110556,-107.6592454,"S","NAD83",9289.44,0.12,"NAVD88",1.41e+11,"dv",60,3,325896,NA,"wat",NA,1645423,0,"10/1/1991","2/14/2026",12191,"CO",c(-107.6592454, 37.81110556),FALSE,"PASS"
5299,"USGS",9358550,"CEMENT CREEK AT SILVERTON, CO","CO","ST",37.8197165,-107.6636901,"F","NAD83",9397.58,0.18,"NAVD88",1.41e+11,"dv",60,3,19575,NA,"wat",NA,1645423,0,"10/1/1991","2/14/2026",12190,"CO",c(-107.6636901, 37.8197165),FALSE,"PASS"
5302,"USGS",9359010,"MINERAL CREEK AT SILVERTON, CO","CO","ST",37.8027744,-107.6728392,"S","NAD83",9245.98,0.01,"NGVD29",14080104,"dv",60,3,19590,NA,"wat",NA,1645423,0,"10/1/1991","2/14/2026",12191,"CO",c(-107.6728392, 37.8027744),FALSE,"PASS"
5303,"USGS",9359020,"ANIMAS RIVER BELOW SILVERTON, CO","CO","ST",37.7883333,-107.6682222,"F","NAD83",9199,4.3,"NAVD88",14080104,"dv",60,3,19591,NA,"wat",NA,1645423,0,"10/1/1991","2/14/2026",12556,"CO",c(-107.6682222, 37.7883333),FALSE,"PASS"
5308,"USGS",9361000,"HERMOSA CREEK NEAR HERMOSA, CO.","CO","ST",37.42196111,-107.8450944,"F","NAD83",6708.15,0.19,"NAVD88",1.41e+11,"dv",60,3,260231,NA,"wat",NA,1645423,0,"10/1/1920","11/30/2025",19092,"CO",c(-107.8450944, 37.42196111),FALSE,"PASS"
5311,"USGS",9361500,"ANIMAS RIVER AT DURANGO, CO","CO","ST",37.2791688,-107.8803445,"F","NAD83",6501.57,3,"NGVD29",14080104,"dv",60,3,19604,NA,"wat",NA,1645423,0,"1897-10-01","2/14/2026",41925,"CO",c(-107.8803445, 37.2791688),FALSE,"PASS"
5317,"USGS",9363000,"FLORIDA RIVER NEAR DURANGO, CO.","CO","ST",37.3252804,-107.7489519,"F","NAD83",7301.88,15,"NGVD29",14080104,"dv",60,3,19623,NA,"wat",NA,1645423,0,"10/1/1910","9/29/1960",15460,"CO",c(-107.7489519, 37.3252804),FALSE,"PASS"
5322,"USGS",9363500,"ANIMAS RIVER NEAR CEDAR HILL, NM","NM","ST",37.03656944,-107.8753333,"S","NAD83",5969.07,0.14,"NAVD88",14080104,"dv",60,3,100090,NA,"wat",NA,1645423,0,"11/1/1933","2/14/2026",33709,"CO",c(-107.8753333, 37.03656944),FALSE,"FAIL"
5323,"USGS",9365500,"LA PLATA RIVER AT HESPERUS, CO","CO","ST",37.28972246,-108.0406277,"F","NAD83",8104.71,5,"NGVD29",14080105,"dv",60,3,226679,NA,"wat",NA,1645423,0,"10/1/1917","9/30/2018",36890,"CO",c(-108.0406277, 37.28972246),FALSE,"PASS"
5325,"USGS",9366500,"LA PLATA RIVER AT COLORADO-NEW MEXICO STATE LINE",NA,"ST",36.99972239,-108.1886882,"M","NAD83",5972.03,10,"NGVD29",14080105,"dv",60,3,226680,NA,"wat",NA,1645423,0,"10/1/1920","9/30/2018",35794,"CO",c(-108.1886882, 36.99972239),TRUE,"BORDER"
5333,"USGS",9371000,"MANCOS RIVER NEAR TOWAOC, CO.","CO","ST",37.0275026,-108.7414926,"F","NAD83",5046.84,0.12,"NAVD88",1.41e+11,"dv",60,3,19644,NA,"wat",NA,1645423,0,"4/1/1921","2/14/2026",35566,"CO",c(-108.7414926, 37.0275026),FALSE,"PASS"
5335,"USGS",9371010,"SAN JUAN RIVER AT FOUR CORNERS, CO","CO","ST",37.00113889,-109.0295833,"S","NAD83",4609.5,0.13,"NAVD88",14080201,"dv",60,3,100145,NA,"wat",NA,1645423,0,"10/1/1977","2/14/2026",17524,"CO",c(-109.0295833, 37.00113889),FALSE,"PASS"
5338,"USGS",9371492,"MUD CREEK AT STATE HIGHWAY 32, NEAR CORTEZ, CO.","CO","ST",37.31277555,-108.661215,"S","NAD83",5770.87,0.1,"NAVD88",1.41e+11,"dv",60,3,19651,NA,"wat",NA,1645423,0,"10/1/1981","2/14/2026",13709,"CO",c(-108.661215, 37.31277555),FALSE,"PASS"
5341,"USGS",9371520,"MCELMO CREEK ABOVE TRAIL CANYON NEAR CORTEZ, CO","CO","ST",37.32666396,-108.7006607,"S","NAD83",5647.79,0.19,"NAVD88",1.41e+11,"dv",60,3,19663,NA,"wat",NA,1645423,0,"8/1/1993","2/14/2026",11886,"CO",c(-108.7006607, 37.32666396),FALSE,"PASS"
5343,"USGS",9372000,"MCELMO CREEK NEAR COLORADO-UTAH STATE LINE",NA,"ST",37.32415968,-109.015666,"F","NAD83",4899.58,0.14,"NAVD88",14080202,"dv",60,3,19665,NA,"wat",NA,1645423,0,"3/1/1951","2/14/2026",27364,"CO",c(-109.015666, 37.32415968),TRUE,"BORDER"
5372,"USGS",3.93e+14,"CHERRY CREEK NEAR PARKER, CO","CO","ST",39.5191557,-104.7796975,"F","NAD83",5805,5,"NGVD29",10190003,"dv",60,3,20214,NA,"wat",NA,1645423,0,"10/1/1991","2/14/2026",12556,"CO",c(-104.7796975, 39.5191557),FALSE,"PASS"
5380,"USGS",3.95e+14,"SAND CREEK AT MOUTH NR COMMERCE CITY,CO",NA,"ST",39.8109722,-104.9515833,"S","NAD83",5120,5,"NGVD29",10190003,"dv",60,3,20333,NA,"wat",NA,1645423,0,"1/31/1992","2/14/2026",12069,"CO",c(-104.9515833, 39.8109722),FALSE,"CHECK"
5405,"USGS",4.02e+14,"ANDREWS CREEK-LOCH VALE-RMNP",NA,"ST",40.29,-105.6666667,"S","NAD83",10515,5,"NAVD88",10190006,"dv",60,3,20392,NA,"wat",NA,1645423,0,"9/30/1991","1/24/2026",12502,"CO",c(-105.6666667, 40.29),FALSE,"CHECK"
5407,"USGS",4.02e+14,"THE LOCH OUTLET - LOCH VALE",NA,"ST",40.29305556,-105.6544444,"M","NAD83",10228,5,"NAVD88",10190006,"dv",60,3,250142,NA,"wat",NA,1645423,0,"9/30/1983","2/14/2026",15465,"CO",c(-105.6544444, 40.29305556),FALSE,"CHECK"
7123,"USGS",16010000,"Kawaikoi Stream nr Waimea, Kauai, HI","HI","ST",22.13280556,-159.6199444,"S","NAD83",3420,50,"LMSL",20070000,"dv",60,3,40783,NA,"wat",NA,1645423,0,"4/13/1909","2/14/2026",41158,"HI",c(-159.6199444, 22.13280556),FALSE,"PASS"
7126,"USGS",16013000,"MOHIHI STREAM AT ALT 3420 FT NR WAIMEA,KAUAI,HI",NA,"ST",22.11714444,-159.6010833,"U","NAD83",3420,10,"LMSL",20070000,"dv",60,3,40786,NA,"wat",NA,1645423,0,"7/1/1920","9/30/1971",15035,"HI",c(-159.6010833, 22.11714444),FALSE,"CHECK"
7127,"USGS",16014000,"KOKEE DITCH NR WAIMEA,KAUAI, HI","HI","ST-DCH",22.1085361,-159.6758083,"U","NAD83",3310,10,"LMSL",20070000,"dv",60,3,40787,NA,"wat",NA,1645423,0,"10/1/1926","12/31/1982",20546,"HI",c(-159.6758083, 22.1085361),FALSE,"PASS"
7129,"USGS",16016000,"Waimea River US of Kekaha-Waiahulu Int., Kauai, HI","HI","ST",22.0751111,-159.6483056,"S","NAD83",780,20,"LMSL",20070000,"dv",60,3,308658,NA,"wat",NA,1645423,0,"3/1/1916","2/14/2026",16869,"HI",c(-159.6483056, 22.0751111),FALSE,"PASS"
7131,"USGS",16019000,"Waialae Str at alt 3,820 ft nr Waimea, Kauai, HI","HI","ST",22.08583333,-159.5690833,"S","NAD83",3820,20,"LMSL",20070000,"dv",60,3,40791,NA,"wat",NA,1645423,0,"2/1/1920","2/14/2026",31454,"HI",c(-159.5690833, 22.08583333),FALSE,"PASS"
7134,"USGS",16022000,"KEKAHA DITCH AT CAMP 1, NEAR WAIMEA,KAUAI,HI",NA,"ST-DCH",22.039925,-159.6385889,"U","NAD83",520,10,"LMSL",20070000,"dv",60,3,40794,NA,"wat",NA,1645423,0,"5/1/1908","9/29/1968",21483,"HI",c(-159.6385889, 22.039925),FALSE,"CHECK"
7136,"USGS",16028000,"WAIMEA R BL KEKAHA DTCH INTK NR WAIMEA,KAUAI,HI",NA,"ST",22.04131389,-159.6402556,"U","NAD83",490,10,"LMSL",20070000,"dv",60,3,40796,NA,"wat",NA,1645423,0,"8/1/1921","12/31/1955",11658,"HI",c(-159.6402556, 22.04131389),FALSE,"CHECK"
7139,"USGS",16031000,"Waimea River near Waimea, Kauai, HI","HI","ST",21.98038889,-159.6600833,"S","NAD83",19.7,0.1,"LMSL",20070000,"dv",60,3,40799,NA,"wat",NA,1645423,0,"8/1/1910","2/14/2026",24759,"HI",c(-159.6600833, 21.98038889),FALSE,"PASS"
7143,"USGS",16036000,"Makaweli River nr Waimea, Kauai, HI","HI","ST",21.97138889,-159.6461389,"5","NAD83",18.2,0.01,"LMSL",20070000,"dv",60,3,40803,NA,"wat",NA,1645423,0,"8/1/1943","12/10/2019",27891,"HI",c(-159.6461389, 21.97138889),FALSE,"PASS"
7147,"USGS",16044000,"HANAPEPE DITCH AT KOULA NEAR ELEELE,KAUAI,HI",NA,"ST-DCH",21.94965,-159.5471972,"U","NAD83",490,10,"LMSL",20070000,"dv",60,3,40807,NA,"wat",NA,1645423,0,"2/1/1910","3/31/1949",12204,"HI",c(-159.5471972, 21.94965),FALSE,"CHECK"
7149,"USGS",16049000,"Hanapepe Riv blw Manuahi Str nr Eleele, Kauai, HI","HI","ST",21.95491667,-159.5507778,"5","NAD83",222,1,"LMSL",20070000,"dv",60,3,40809,NA,"wat",NA,1645423,0,"7/1/1917","2/14/2026",37485,"HI",c(-159.5507778, 21.95491667),FALSE,"PASS"
7166,"USGS",16060000,"SF Wailua River nr Lihue, Kauai, HI","HI","ST",22.03669444,-159.3801667,"S","NAD83",240,20,"LMSL",20070000,"dv",60,3,40825,NA,"wat",NA,1645423,0,"1/1/1912","2/14/2026",40504,"HI",c(-159.3801667, 22.03669444),FALSE,"PASS"
7167,"USGS",16061000,"North Wailua Ditch nr Lihue, Kauai, HI","HI","ST-DCH",22.06241944,-159.4677444,"U","NAD83",1105.45,0.01,"LMSL",20070000,"dv",60,3,40826,NA,"wat",NA,1645423,0,"7/1/1932","9/29/1985",19449,"HI",c(-159.4677444, 22.06241944),FALSE,"PASS"
7168,"USGS",16061200,"N. Wailua Ditch blw Waikoko Str nr Lihue, Kauai, H",NA,"ST-DCH",22.05630833,-159.4638556,"S","NAD83",1070,20,"LMSL",20070000,"dv",60,3,40827,NA,"wat",NA,1645423,0,"1/1/1965","9/29/2002",13786,"HI",c(-159.4638556, 22.05630833),FALSE,"CHECK"
7169,"USGS",16062000,"Stable Storm Ditch nr Lihue, Kauai, HI","HI","ST-DCH",22.06602778,-159.4432972,"S","NAD83",710,50,"LMSL",20070000,"dv",60,3,40828,NA,"wat",NA,1645423,0,"1/1/1937","9/29/2002",24013,"HI",c(-159.4432972, 22.06602778),FALSE,"PASS"
7170,"USGS",16063000,"NF Wailua River nr alt 650 ft, Kauai, HI","HI","ST",22.06388889,-159.4363889,"S","NAD83",654,20,"LMSL",20070000,"dv",60,3,40829,NA,"wat",NA,1645423,0,"12/1/1914","9/30/1985",25477,"HI",c(-159.4363889, 22.06388889),FALSE,"PASS"
7171,"USGS",16064000,"Kanaha Ditch nr Lihue, Kauai, HI","HI","ST-DCH",22.06213889,-159.422186,"U","NAD83",540,10,"LMSL",20070000,"dv",60,3,40830,NA,"wat",NA,1645423,0,"2/1/1912","10/31/1955",15613,"HI",c(-159.422186, 22.06213889),FALSE,"PASS"
7172,"USGS",16068000,"EB of NF Wailua River nr Lihue, Kauai, HI","HI","ST",22.06877778,-159.4151667,"S","NAD83",500,20,"LMSL",20070000,"dv",60,3,40831,NA,"wat",NA,1645423,0,"8/1/1912","2/14/2026",40922,"HI",c(-159.4151667, 22.06877778),FALSE,"PASS"
7173,"USGS",16069000,"Wailua Ditch nr Kapaa, Kauai, HI","HI","ST-DCH",22.07296944,-159.3982972,"S","NAD83",462.3,0.01,"LMSL",20070000,"dv",60,3,40832,NA,"wat",NA,1645423,0,"12/1/1936","9/29/2002",24044,"HI",c(-159.3982972, 22.07296944),FALSE,"PASS"
7175,"USGS",16071000,"NF Wailua River nr Kapaa, Kauai, HI","HI","ST",22.04916667,-159.37,"S","NAD83",33,20,"LMSL",20070000,"dv",60,3,40834,NA,"wat",NA,1645423,0,"7/1/1952","10/5/2003",18724,"HI",c(-159.37, 22.04916667),FALSE,"PASS"
7176,"USGS",16071500,"Left Branch Opaekaa Str nr Kapaa, Kauai, HI","HI","ST",22.0756111,-159.3958889,"S","NAD83",458.4,0.01,"LMSL",20070000,"dv",60,3,40835,NA,"wat",NA,1645423,0,"6/1/1960","2/14/2026",24000,"HI",c(-159.3958889, 22.0756111),FALSE,"PASS"
7177,"USGS",16077000,"MAKALEHA DITCH NR KEALIA, KAUAI, HI","HI","ST-DCH",22.11518889,-159.364961,"S","NAD83",518,0.01,"LMSL",20070000,"dv",60,3,40836,NA,"wat",NA,1645423,0,"12/1/1936","12/31/1998",22675,"HI",c(-159.364961, 22.11518889),FALSE,"PASS"
7179,"USGS",16079000,"Kapahi Ditch nr Kealia, Kauai, HI","HI","ST-DCH",22.09935833,-159.3716306,"S","NAD83",377.1,0.01,"LMSL",20070000,"dv",60,3,40838,NA,"wat",NA,1645423,0,"5/1/1909","9/29/2002",32811,"HI",c(-159.3716306, 22.09935833),FALSE,"PASS"
7180,"USGS",16080000,"KAPAA STR AT KAPAHI DITCH INTK NR KAPAA,KAUAI,HI",NA,"ST",22.101025,-159.3719083,"U","NAD83",381.8,0.1,"LMSL",20070000,"dv",60,3,40839,NA,"wat",NA,1645423,0,"7/1/1936","9/30/1985",17989,"HI",c(-159.3719083, 22.101025),FALSE,"CHECK"
7181,"USGS",16080001,"COMBINED RECORDS OF STATIONS 16079000, 16080000",NA,"ST",22.101025,-159.3719083,"U","NAD83",NA,NA,NA,20070000,"dv",60,3,40840,NA,"wat",NA,1645423,0,"7/1/1936","9/30/1979",15797,"HI",c(-159.3719083, 22.101025),FALSE,"CHECK"
7184,"USGS",16087000,"ANAHOLA DITCH WASTEWAY NR KEALIA, KAUAI, HI","HI","ST-DCH",22.13463333,-159.3716278,"U","NAD83",825,1,"LMSL",20070000,"dv",60,3,40843,NA,"wat",NA,1645423,0,"7/1/1936","9/29/1985",17988,"HI",c(-159.3716278, 22.13463333),FALSE,"PASS"
7185,"USGS",16088000,"Anahola Ditch abv Kaneha Res nr Kealia, Kauai, HI","HI","ST-DCH",22.13296667,-159.3716278,"S","NAD83",821.8,0.01,"LMSL",20070000,"dv",60,3,40844,NA,"wat",NA,1645423,0,"1/1/1922","9/29/2002",29278,"HI",c(-159.3716278, 22.13296667),FALSE,"PASS"
7187,"USGS",16091000,"LOWER ANAHOLA DITCH NR KEALIA, KAUAI, HI","HI","ST-DCH",22.134075,-159.322461,"U","NAD83",276.11,0.01,"LMSL",20070000,"dv",60,3,40847,NA,"wat",NA,1645423,0,"1/1/1937","12/31/1995",21182,"HI",c(-159.322461, 22.134075),FALSE,"PASS"
7190,"USGS",16094200,"KA LOKO DITCH NEAR KILAUEA, KAUAI, HI","HI","ST-DCH",22.17546667,-159.3802389,"U","NAD83",750,10,"LMSL",20070000,"dv",60,3,40851,NA,"wat",NA,1645423,0,"9/1/1932","9/29/1968",13178,"HI",c(-159.3802389, 22.17546667),FALSE,"PASS"
7191,"USGS",16095000,"PUU KA ELE DITCH NEAR KILAUEA, KAUAI, HI","HI","ST-DCH",22.18296667,-159.4019056,"U","NAD83",430,10,"LMSL",20070000,"dv",60,3,40853,NA,"wat",NA,1645423,0,"9/1/1932","2/28/1967",12599,"HI",c(-159.4019056, 22.18296667),FALSE,"PASS"
7194,"USGS",16096000,"KALIHIWAI DITCH NEAR KILAUEA,KAUAI,HI",NA,"ST-DCH",22.1821361,-159.429961,"U","NAD83",410,10,"LMSL",20070000,"dv",60,3,40856,NA,"wat",NA,1645423,0,"7/1/1934","2/28/1967",11931,"HI",c(-159.429961, 22.1821361),FALSE,"CHECK"
7197,"USGS",16097500,"Halaulani Str at alt 400 ft nr Kilauea, Kauai, HI","HI","ST",22.17863889,-159.418611,"5","NAD83",391.8,0.01,"LMSL",20070000,"dv",60,3,40859,NA,"wat",NA,1645423,0,"12/1/1957","2/14/2026",24913,"HI",c(-159.418611, 22.17863889),FALSE,"PASS"
7200,"USGS",16100000,"Hanalei Tunnel Outlet nr Lihue, Kauai, HI","HI","ST-DCH",22.08075278,-159.461075,"U","NAD83",1210,10,"LMSL",20070000,"dv",60,3,40862,NA,"wat",NA,1645423,0,"7/1/1932","9/29/1985",19449,"HI",c(-159.461075, 22.08075278),FALSE,"PASS"
7201,"USGS",16101000,"HANALEI RIVER AT ALT 625 FT NR HANALEI,KAUAI,HI",NA,"ST",22.11769444,-159.4644083,"U","NAD83",625,1,"LMSL",20070000,"dv",60,3,40863,NA,"wat",NA,1645423,0,"2/1/1914","7/31/1955",14974,"HI",c(-159.4644083, 22.11769444),FALSE,"CHECK"
7204,"USGS",16103000,"Hanalei River nr Hanalei, Kauai, HI","HI","ST",22.17958333,-159.4663889,"S","NAD83",60,10,"LMSL",20070000,"dv",60,3,40866,NA,"wat",NA,1645423,0,"1/1/1912","2/14/2026",25628,"HI",c(-159.4663889, 22.17958333),FALSE,"PASS"
7207,"USGS",16108000,"Wainiha River nr Hanalei, Kauai, HI","HI","ST",22.13588889,-159.557861,"5","NAD83",960,20,"LMSL",20070000,"dv",60,3,40872,NA,"wat",NA,1645423,0,"9/1/1952","2/14/2026",26189,"HI",c(-159.557861, 22.13588889),FALSE,"PASS"
7213,"USGS",16200000,"NF Kaukonahua Str abv RB, nr Wahiawa, Oahu, HI","HI","ST",21.51627778,-157.9453056,"5","NAD83",1150,20,"LMSL",20060000,"dv",60,3,40878,NA,"wat",NA,1645423,0,"6/1/1913","2/14/2026",38460,"HI",c(-157.9453056, 21.51627778),FALSE,"PASS"
7214,"USGS",16201000,"RB NF Kaukonahua Str nr Wahiawa, Oahu, HI","HI","ST",21.51656944,-157.9453028,"S","NAD83",1200,20,"LMSL",20060000,"dv",60,3,40882,NA,"wat",NA,1645423,0,"6/1/1913","6/30/1953",14005,"HI",c(-157.9453028, 21.51656944),FALSE,"PASS"
7218,"USGS",16208000,"SF Kaukonahua Str at E pump, nr Wahiawa, Oahu, HI","HI","ST",21.48880556,-157.9960556,"S","NAD83",860.35,0.01,"LMSL",20060000,"dv",60,3,40886,NA,"wat",NA,1645423,0,"7/1/1957","2/14/2026",23703,"HI",c(-157.9960556, 21.48880556),FALSE,"PASS"
7228,"USGS",16211600,"Makaha Str nr Makaha, Oahu, HI","HI","ST",21.50158333,-158.1801667,"5","NAD83",938.64,0.01,"LMSL",20060000,"dv",60,3,40906,NA,"wat",NA,1645423,0,"7/1/1959","2/14/2026",24325,"HI",c(-158.1801667, 21.50158333),FALSE,"PASS"
7235,"USGS",16212800,"Kipapa Str nr Wahiawa, Oahu, HI","HI","ST",21.4671111,-157.9587778,"S","NAD83",690,20,"LMSL",20060000,"dv",60,3,40922,NA,"wat",NA,1645423,0,"1/1/1957","10/12/2011",18966,"HI",c(-157.9587778, 21.4671111),FALSE,"PASS"
7237,"USGS",16213000,"Waikele Str at Waipahu, Oahu, HI","HI","ST",21.38347222,-158.0109167,"5","NAD83",1.37,0.01,"LMSL",20060000,"dv",60,3,40929,NA,"wat",NA,1645423,0,"7/1/1951","2/14/2026",26634,"HI",c(-158.0109167, 21.38347222),FALSE,"PASS"
7238,"USGS",16214000,"Pearl Harbor Spr at Waiawa nr Pearl City, Oahu, HI","HI","SP",21.38919444,-157.9835833,"5","NAD83",2.25,0.05,"LMSL",20060000,"dv",60,3,40935,NA,"wat",NA,1645423,0,"4/1/1931","6/30/1964",11049,"HI",c(-157.9835833, 21.38919444),FALSE,"PASS"
7240,"USGS",16216000,"Waiawa Str nr Pearl City, Oahu, HI","HI","ST",21.39569444,-157.9783056,"5","NAD83",1.81,0.01,"LMSL",20060000,"dv",60,3,40937,NA,"wat",NA,1645423,0,"7/1/1952","10/13/2004",19098,"HI",c(-157.9783056, 21.39569444),FALSE,"PASS"
7247,"USGS",16224000,"Pearl Harbor Spring at Kalauao nr Aiea, Oahu, HI","HI","SP",21.38188889,-157.94325,"5","NAD83",10.56,0.01,"LMSL",20060000,"dv",60,3,40944,NA,"wat",NA,1645423,0,"4/1/1931","6/30/1965",11840,"HI",c(-157.94325, 21.38188889),FALSE,"PASS"
7252,"USGS",16226000,"N. Halawa Str nr Aiea, Oahu, HI","HI","ST",21.39295833,-157.8908639,"S","NAD83",320,20,"LMSL",20060000,"dv",60,3,40951,NA,"wat",NA,1645423,0,"9/1/1929","10/29/2006",20878,"HI",c(-157.8908639, 21.39295833),FALSE,"PASS"
7253,"USGS",16226200,"N. Halawa Str nr Honolulu, Oahu, HI","HI","ST",21.382,-157.9033333,"S","NAD83",160,10,"LMSL",20060000,"dv",60,3,40952,NA,"wat",NA,1645423,0,"2/1/1983","2/14/2026",15720,"HI",c(-157.9033333, 21.382),FALSE,"PASS"
7258,"USGS",16228000,"Moanalua Str nr Honolulu, Oahu, HI","HI","ST",21.3782361,-157.8700306,"S","NAD83",338.12,0.01,"LMSL",20060000,"dv",60,3,40968,NA,"wat",NA,1645423,0,"7/1/1926","9/30/1978",19085,"HI",c(-157.8700306, 21.3782361),FALSE,"PASS"
7261,"USGS",16229000,"Kalihi Str nr Honolulu, Oahu, HI","HI","ST",21.3633611,-157.8444444,"S","NAD83",464.4,0.1,"LMSL",20060000,"dv",60,3,40973,NA,"wat",NA,1645423,0,"10/1/1913","2/14/2026",40893,"HI",c(-157.8444444, 21.3633611),FALSE,"PASS"
7262,"USGS",16229300,"Kalihi Str at Kalihi, Oahu, HI","HI","ST",21.33823889,-157.8739194,"S","NAD83",70,20,"LMSL",20060000,"dv",60,3,40974,NA,"wat",NA,1645423,0,"7/1/1962","4/30/2005",15645,"HI",c(-157.8739194, 21.33823889),FALSE,"PASS"
7264,"USGS",16232000,"Nuuanu Str bl Res 2 Wasteway nr Honolulu, Oahu, HI","HI","ST",21.34608333,-157.8249167,"S","NAD83",630.71,0.01,"LMSL",20060000,"dv",60,3,40978,NA,"wat",NA,1645423,0,"11/1/1913","1/2/1996",29587,"HI",c(-157.8249167, 21.34608333),FALSE,"PASS"
7267,"USGS",16238500,"Waihi Stream at Honolulu, Oahu, HI","HI","ST",21.3283611,-157.800861,"S","NAD83",290.77,0.01,"LMSL",20060000,"dv",60,3,40984,NA,"wat",NA,1645423,0,"6/1/1913","2/14/2026",29293,"HI",c(-157.800861, 21.3283611),FALSE,"PASS"
7269,"USGS",16240500,"Waiakeakua Str at Honolulu, Oahu, HI","HI","ST",21.32822222,-157.799611,"S","NAD83",294.5,0.01,"LMSL",20060000,"dv",60,3,40989,NA,"wat",NA,1645423,0,"6/1/1913","2/14/2026",39463,"HI",c(-157.799611, 21.32822222),FALSE,"PASS"
7274,"USGS",16244000,"Pukele Stream near Honolulu, Oahu, HI","HI","ST",21.30666667,-157.7883333,"S","NAD83",344.78,0.01,"LMSL",20060000,"dv",60,3,41006,NA,"wat",NA,1645423,0,"7/1/1926","2/14/2026",27499,"HI",c(-157.7883333, 21.30666667),FALSE,"PASS"
7275,"USGS",16246000,"Waiomao Stream near Honolulu, Oahu, HI","HI","ST",21.3061111,-157.7838889,"S","NAD83",400,20,"LMSL",20060000,"dv",60,3,41010,NA,"wat",NA,1645423,0,"5/1/1911","10/16/2014",18068,"HI",c(-157.7838889, 21.3061111),FALSE,"PASS"
7285,"USGS",16254000,"Makawao Str nr Kailua, Oahu, HI","HI","ST",21.3595,-157.7621667,"S","NAD83",100,20,"LMSL",20060000,"dv",60,3,41032,NA,"wat",NA,1645423,0,"12/1/1912","2/14/2026",25352,"HI",c(-157.7621667, 21.3595),FALSE,"PASS"
7299,"USGS",16275000,"Heeia Stream at Haiku Valley nr Kaneohe, Oahu, HI","HI","ST",21.40920833,-157.8232306,"S","NAD83",271.9,0.1,"LMSL",20060000,"dv",60,3,41087,NA,"wat",NA,1645423,0,"2/1/1914","2/15/2026",31915,"HI",c(-157.8232306, 21.40920833),FALSE,"PASS"
7303,"USGS",16283000,"Kahaluu Stream near Heeia, Oahu, HI","HI","ST",21.43527778,-157.8530556,"S","NAD83",357.52,0.01,"LMSL",20060000,"dv",60,3,41091,NA,"wat",NA,1645423,0,"11/1/1935","9/30/1971",13118,"HI",c(-157.8530556, 21.43527778),FALSE,"PASS"
7304,"USGS",16283200,"Kahaluu Str nr Ahuimanu, Oahu, HI","HI","ST",21.43872222,-157.843861,"5","NAD83",150,20,"LMSL",20060000,"dv",60,3,41092,NA,"wat",NA,1645423,0,"10/1/1983","2/14/2026",15478,"HI",c(-157.843861, 21.43872222),FALSE,"PASS"
7306,"USGS",16283600,"SF WAIHEE STR NR HEEIA, OAHU, HI","HI","ST",21.44323056,-157.86725,"U","NAD83",615.74,1,"LMSL",20060000,"dv",60,3,41094,NA,"wat",NA,1645423,0,"9/1/1962","9/30/1996",12449,"HI",c(-157.86725, 21.44323056),FALSE,"PASS"
7307,"USGS",16283700,"NF WAIHEE STREAM NR HEEIA, OAHU, HI","HI","ST",21.44350833,-157.8689167,"U","NAD83",639,1,"LMSL",20060000,"dv",60,3,41095,NA,"wat",NA,1645423,0,"9/1/1962","9/30/1996",12449,"HI",c(-157.8689167, 21.44350833),FALSE,"PASS"
7309,"USGS",16284000,"WAIHEE STREAM NR HEEIA, OAHU, HI","HI","ST",21.44711944,-157.8578056,"U","NAD83",193.44,0.01,"LMSL",20060000,"dv",60,3,41097,NA,"wat",NA,1645423,0,"1/1/1936","9/30/1982",17075,"HI",c(-157.8578056, 21.44711944),FALSE,"PASS"
7310,"USGS",16284200,"Waihee Str nr Kahaluu, Oahu, HI","HI","ST",21.44816667,-157.856611,"R","NAD83",170,20,"LMSL",20060000,"dv",60,3,41098,NA,"wat",NA,1645423,0,"10/1/1974","2/14/2026",18765,"HI",c(-157.856611, 21.44816667),FALSE,"PASS"
7319,"USGS",16294900,"Waikane Str at alt 75 ft at Waikane, Oahu, HI","HI","ST",21.49708333,-157.8629722,"S","NAD83",75,20,"LMSL",20060000,"dv",60,3,41113,NA,"wat",NA,1645423,0,"1/1/1960","2/14/2026",24136,"HI",c(-157.8629722, 21.49708333),FALSE,"PASS"
7321,"USGS",16296500,"Kahana Str at alt 30 ft nr Kahana, Oahu, HI","HI","ST",21.5406111,-157.8825556,"S","NAD83",30,20,"LMSL",20060000,"dv",60,3,41115,NA,"wat",NA,1645423,0,"1/1/1959","2/14/2026",24149,"HI",c(-157.8825556, 21.5406111),FALSE,"PASS"
7322,"USGS",16301050,"Punaluu Str abv Punaluu Ditch Intake, Oahu, HI","HI","ST",21.55638889,-157.8988889,"S","NAD83",212,20,"LMSL",20060000,"dv",60,3,41116,NA,"wat",NA,1645423,0,"6/1/1953","2/14/2026",26083,"HI",c(-157.8988889, 21.55638889),FALSE,"PASS"
7323,"USGS",16302000,"Punaluu Ditch nr Punaluu, Oahu, HI","HI","ST-DCH",21.55827778,-157.9003056,"S","NAD83",200,20,"LMSL",20060000,"dv",60,3,41117,NA,"wat",NA,1645423,0,"6/1/1953","12/30/2008",20302,"HI",c(-157.9003056, 21.55827778),FALSE,"PASS"
7324,"USGS",16303000,"Punaluu Str nr Punaluu, Oahu, HI","HI","ST",21.55638889,-157.8988889,"S","NAD83",212,20,"LMSL",20060000,"dv",60,3,41118,NA,"wat",NA,1645423,0,"6/1/1953","1/31/2009",20334,"HI",c(-157.8988889, 21.55638889),FALSE,"PASS"
7325,"USGS",16303003,"COMBINED RECORDS OF STATIONS 16302000,16303000",NA,"ST",21.55600278,-157.898911,"U","NAD83",NA,NA,NA,20060000,"dv",60,3,41125,NA,"wat",NA,1645423,0,"6/1/1953","9/30/2008",20211,"HI",c(-157.898911, 21.55600278),FALSE,"CHECK"
7326,"USGS",16304200,"Kaluanui Stream nr Punaluu, Oahu, HI","HI","ST",21.5861111,-157.9080556,"S","NAD83",110,20,"LMSL",20060000,"dv",60,3,41126,NA,"wat",NA,1645423,0,"5/1/1967","2/14/2026",21474,"HI",c(-157.9080556, 21.5861111),FALSE,"PASS"
7332,"USGS",16325000,"Kamananui Str at Pupukea Mil Rd, Oahu, HI","HI","ST",21.62055556,-158.015,"S","NAD83",590,20,"LMSL",20060000,"dv",60,3,41135,NA,"wat",NA,1645423,0,"7/1/1963","2/15/2026",16313,"HI",c(-158.015, 21.62055556),FALSE,"PASS"
7334,"USGS",16330000,"Kamananui Str at Maunawai, Oahu, HI","HI","ST",21.63547222,-158.0545833,"5","NAD83",20,20,"LMSL",20060000,"dv",60,3,41139,NA,"wat",NA,1645423,0,"3/1/1958","2/14/2026",24823,"HI",c(-158.0545833, 21.63547222),FALSE,"PASS"
7336,"USGS",16345000,"Opaeula Str nr Wahiawa, Oahu, HI","HI","ST",21.56233333,-158.00025,"5","NAD83",1120,20,"LMSL",20060000,"dv",60,3,41142,NA,"wat",NA,1645423,0,"9/1/1959","2/14/2026",24274,"HI",c(-158.00025, 21.56233333),FALSE,"PASS"
7337,"USGS",16400000,"Halawa Stream near Halawa, Molokai, HI","HI","ST",21.1555,-156.7619722,"5","NAD83",210,25,"LMSL",20050000,"dv",60,3,41144,NA,"wat",NA,1645423,0,"7/1/1917","2/14/2026",37635,"HI",c(-156.7619722, 21.1555),FALSE,"PASS"
7343,"USGS",16404000,"PELEKUNU STREAM NR PELEKUNU, MOLOKAI, HI","HI","ST",21.13321389,-156.875836,"U","NAD83",552,1,"LMSL",20050000,"dv",60,3,41150,NA,"wat",NA,1645423,0,"12/1/1919","4/7/1982",14215,"HI",c(-156.875836, 21.13321389),FALSE,"PASS"
7346,"USGS",16405100,"Molokai Tunnel at East Portal, Molokai, HI","HI","ST-DCH",21.14071389,-156.9183306,"S","NAD83",989,1,"LMSL",20050000,"dv",60,3,41153,NA,"wat",NA,1645423,0,"7/1/1966","9/29/2002",13240,"HI",c(-156.9183306, 21.14071389),FALSE,"PASS"
7347,"USGS",16405300,"Molokai Tunnel at West Portal, Molokai, HI","HI","ST-DCH",21.12100278,-156.9944333,"S","NAD83",970,1,"LMSL",20050000,"dv",60,3,41154,NA,"wat",NA,1645423,0,"7/1/1965","2/8/2005",14468,"HI",c(-156.9944333, 21.12100278),FALSE,"PASS"
7348,"USGS",16405500,"Waikolu Str at alt 900 ft nr Kalaupapa, Molokai,HI",NA,"ST",21.14210278,-156.918886,"S","NAD83",900,25,"LMSL",20050000,"dv",60,3,41155,NA,"wat",NA,1645423,0,"6/1/1956","9/30/2003",17015,"HI",c(-156.918886, 21.14210278),FALSE,"CHECK"
7350,"USGS",16408000,"Waikolu Str blw pipe nr Kalaupapa, Molokai, HI","HI","ST",21.159325,-156.9288889,"S","NAD83",250,20,"LMSL",20050000,"dv",60,3,41157,NA,"wat",NA,1645423,0,"7/1/1919","2/14/2026",26538,"HI",c(-156.9288889, 21.159325),FALSE,"PASS"
7357,"USGS",16414000,"Kaunakakai Gulch at Kaunakakai, Molokai, HI","HI","ST",21.10267222,-157.0066556,"S","NAD83",240,25,"LMSL",20050000,"dv",60,3,41163,NA,"wat",NA,1645423,0,"1/1/1950","9/29/1998",17804,"HI",c(-157.0066556, 21.10267222),FALSE,"PASS"
7359,"USGS",16415000,"EF Kawela Gulch nr Kamalo, Molokai, HI","HI","ST",21.1096361,-156.9033278,"H","NAD83",3624.86,0.01,"LMSL",20050000,"dv",60,3,251491,NA,"wat",NA,1645423,0,"10/1/1946","2/14/2026",11190,"HI",c(-156.9033278, 21.1096361),FALSE,"PASS"
7364,"USGS",16419500,"Papio Gulch at Halawa, Molokai, HI","HI","ST",21.14513889,-156.734825,"H","NAD83",640,20,"LMSL",20050000,"dv",60,3,41170,NA,"wat",NA,1645423,0,"7/1/1963","9/29/2006",15797,"HI",c(-156.734825, 21.14513889),FALSE,"PASS"
7367,"USGS",16501000,"PALIKEA STREAM BL DIV DAM NR KIPAHULU, MAUI, HI","HI","ST",20.68098056,-156.0666083,"U","NAD83",1546,1,"LMSL",20020000,"dv",60,3,41173,NA,"wat",NA,1645423,0,"3/1/1927","9/29/1983",19055,"HI",c(-156.0666083, 20.68098056),FALSE,"PASS"
7369,"USGS",16502000,"Hahalawe Gulch near Kipahulu, Maui, HI","HI","ST",20.67850556,-156.0449556,"H","NAD83",885,20,"LMSL",20020000,"dv",60,3,41175,NA,"wat",NA,1645423,0,"3/1/1927","9/29/1969",14975,"HI",c(-156.0449556, 20.67850556),FALSE,"PASS"
7375,"USGS",16508000,"Hanawi Stream near Nahiku, Maui, HI","HI","ST",20.8068611,-156.1142222,"1","NAD83",1318,1,"LMSL",20020000,"dv",60,3,41181,NA,"wat",NA,1645423,0,"2/1/1914","2/14/2026",38729,"HI",c(-156.1142222, 20.8068611),FALSE,"PASS"
7377,"USGS",16510000,"Kapaula Gulch near Nahiku, Maui, HI","HI","ST",20.80944444,-156.1152778,"S","NAD83",1350,20,"LMSL",20020000,"dv",60,3,41186,NA,"wat",NA,1645423,0,"11/1/1921","12/31/1962",15036,"HI",c(-156.1152778, 20.80944444),FALSE,"PASS"
7379,"USGS",16512000,"KOOLAU DITCH AT NAHIKU WEIR NR NAHIKU, MAUI, HI","HI","ST-DCH",20.81234167,-156.1180028,"U","NAD83",1289.14,0.01,"LMSL",20020000,"dv",60,3,41188,NA,"wat",NA,1645423,0,"1899-10-01","9/30/1985",24685,"HI",c(-156.1180028, 20.81234167),FALSE,"PASS"
7382,"USGS",16515000,"Waiohue Gulch near Nahiku, Maui, HI","HI","ST",20.815,-156.1263889,"S","NAD83",1320,20,"LMSL",20020000,"dv",60,3,41191,NA,"wat",NA,1645423,0,"11/1/1921","3/31/1963",15126,"HI",c(-156.1263889, 20.815),FALSE,"PASS"
7383,"USGS",16516000,"Kopiliula Stream near Keanae, Maui, HI","HI","ST",20.81472222,-156.1338889,"S","NAD83",1290,20,"LMSL",20020000,"dv",60,3,41192,NA,"wat",NA,1645423,0,"2/1/1914","12/31/1957",14184,"HI",c(-156.1338889, 20.81472222),FALSE,"PASS"
7384,"USGS",16517000,"East Wailuaiki Stream near Keanae, Maui, HI","HI","ST",20.81416667,-156.1377778,"S","NAD83",1340,20,"LMSL",20020000,"dv",60,3,41196,NA,"wat",NA,1645423,0,"1/1/1914","12/31/1957",14062,"HI",c(-156.1377778, 20.81416667),FALSE,"PASS"
7385,"USGS",16518000,"West Wailuaiki Stream near Keanae, Maui, HI","HI","ST",20.8143611,-156.1429722,"1","NAD83",1550,20,"LMSL",20020000,"dv",60,3,41197,NA,"wat",NA,1645423,0,"1/1/1914","2/14/2026",39306,"HI",c(-156.1429722, 20.8143611),FALSE,"PASS"
7386,"USGS",16519000,"WEST WAILUANUI STREAM NEAR KEANAE, MAUI, HI","HI","ST",20.82456667,-156.1452139,"U","NAD83",1245,10,"LMSL",20020000,"dv",60,3,41198,NA,"wat",NA,1645423,0,"1/1/1914","12/31/1957",14245,"HI",c(-156.1452139, 20.82456667),FALSE,"PASS"
7387,"USGS",16520000,"East Wailuanui Stream near Keanae, Maui, HI","HI","ST",20.82,-156.1408333,"S","NAD83",1310,40,"LMSL",20020000,"dv",60,3,41199,NA,"wat",NA,1645423,0,"1/1/1914","12/31/1957",14548,"HI",c(-156.1408333, 20.82),FALSE,"PASS"
7390,"USGS",16522000,"TARO PATCH FEEDER DITCH AT KEANAE, MAUI, HI","HI","ST-DCH",20.85789444,-156.1471528,"U","NAD83",51,1,"LMSL",20020000,"dv",60,3,41205,NA,"wat",NA,1645423,0,"9/1/1934","9/29/1968",12448,"HI",c(-156.1471528, 20.85789444),FALSE,"PASS"
7392,"USGS",16523000,"Koolau Ditch near Keanae, Maui, HI","HI","ST-DCH",20.82822222,-156.1725278,"S","NAD83",1235,0.1,"LMSL",20020000,"dv",60,3,41206,NA,"wat",NA,1645423,0,"1/1/1910","9/29/1985",25782,"HI",c(-156.1725278, 20.82822222),FALSE,"PASS"
7394,"USGS",16527000,"Honomanu Stream near Keanae, Maui, HI","HI","ST",20.831325,-156.1872889,"S","NAD83",1840,20,"LMSL",20020000,"dv",60,3,336287,NA,"wat",NA,1645423,0,"12/1/1913","2/15/2026",18984,"HI",c(-156.1872889, 20.831325),FALSE,"PASS"
7396,"USGS",16531000,"KULA DIV FROM HAIPUAENA STR NR OLINDA,MAUI,HI",NA,"FA-DV",20.803475,-156.2213528,"U","NAD83",4320,10,"LMSL",20020000,"dv",60,3,41212,NA,"wat",NA,1645423,0,"8/1/1945","9/29/1985",14670,"HI",c(-156.2213528, 20.803475),FALSE,"CHECK"
7401,"USGS",16536000,"Haipuaena Stream abv Spreckels Ditch, Maui, HI","HI","ST",20.84808333,-156.1885556,"1","NAD83",1512.22,0.01,"LMSL",20020000,"dv",60,3,348843,NA,"wat",NA,1645423,0,"11/1/1913","2/15/2026",20139,"HI",c(-156.1885556, 20.84808333),FALSE,"PASS"
7402,"USGS",16538000,"SPRECKELS DITCH AT HAIPUAENA WEIR NR HUELO, MAUI",NA,"ST-DCH",20.85097222,-156.1874694,"U","NAD83",1470.96,0.01,"LMSL",20020000,"dv",60,3,41218,NA,"wat",NA,1645423,0,"5/1/1922","10/3/1985",23078,"HI",c(-156.1874694, 20.85097222),FALSE,"CHECK"
7403,"USGS",16541000,"KOOLAU DITCH AT HAIPUAENA NR HUELO, MAUI, HI","HI","ST-DCH",20.85152778,-156.1858,"U","NAD83",1240,10,"LMSL",20020000,"dv",60,3,41219,NA,"wat",NA,1645423,0,"5/1/1932","9/29/1987",20240,"HI",c(-156.1858, 20.85152778),FALSE,"PASS"
7404,"USGS",16541500,"Manuel Luis Ditch at Puohokamoa Stream, Maui, HI","HI","ST-DCH",20.86005556,-156.1803333,"S","NAD83",910,0.1,"LMSL",20020000,"dv",60,3,41220,NA,"wat",NA,1645423,0,"1/1/1918","10/3/1985",24656,"HI",c(-156.1803333, 20.86005556),FALSE,"PASS"
7408,"USGS",16545000,"Puohokamoa Str ab Spreckels Ditch, Maui, HI","HI","ST",20.85263746,-156.1885855,"U","NAD83",1322.04,0.01,"LMSL",2e+11,"dv",60,3,41224,NA,"wat",NA,1645423,0,"7/1/1913","11/2/1971",21309,"HI",c(-156.1885855, 20.85263746),FALSE,"PASS"
7413,"USGS",16552800,"Waikamoi Str abv Kula PL intake nr Olinda, Maui,HI",NA,"ST",20.80538889,-156.2312222,"U","NAD83",4487,1,"LMSL",20020000,"dv",60,3,41229,NA,"wat",NA,1645423,0,"8/1/1953","2/13/2026",11532,"HI",c(-156.2312222, 20.80538889),FALSE,"CHECK"
7416,"USGS",16555000,"WAIKAMOI STR AB WAILOA DITCH NR HUELO, MAUI,HI",NA,"ST",20.85848056,-156.196925,"U","NAD83",1293.59,0.01,"LMSL",20020000,"dv",60,3,41232,NA,"wat",NA,1645423,0,"2/1/1922","11/30/1957",13087,"HI",c(-156.196925, 20.85848056),FALSE,"CHECK"
7418,"USGS",16557000,"ALO STREAM NEAR HUELO, MAUI, HI","HI","ST",20.85959167,-156.1941472,"U","NAD83",1248.38,0.01,"LMSL",20020000,"dv",60,3,41237,NA,"wat",NA,1645423,0,"1/1/1911","11/30/1957",17136,"HI",c(-156.1941472, 20.85959167),FALSE,"PASS"
7420,"USGS",16565000,"KAAIEA GULCH NEAR HUELO, MAUI, HI","HI","ST",20.86403889,-156.2019278,"U","NAD83",1310,10,"LMSL",20020000,"dv",60,3,41239,NA,"wat",NA,1645423,0,"1/1/1922","8/31/1962",14853,"HI",c(-156.2019278, 20.86403889),FALSE,"PASS"
7424,"USGS",16570000,"Nailiilihaele Stream near Huelo, Maui, HI","HI","ST",20.8711111,-156.2155556,"S","NAD83",1225,20,"LMSL",20020000,"dv",60,3,299998,NA,"wat",NA,1645423,0,"1/1/1911","2/14/2026",23544,"HI",c(-156.2155556, 20.8711111),FALSE,"PASS"
7427,"USGS",16577000,"Kailua Stream near Huelo, Maui, HI","HI","ST",20.87305556,-156.2208333,"S","NAD83",1250,20,"LMSL",20020000,"dv",60,3,41246,NA,"wat",NA,1645423,0,"7/1/1913","2/28/1958",15522,"HI",c(-156.2208333, 20.87305556),FALSE,"PASS"
7429,"USGS",16585000,"HOOLAWANUI STREAM NR HUELO, MAUI, HI","HI","ST",20.88403056,-156.2449667,"U","NAD83",1219.42,0.01,"LMSL",20020000,"dv",60,3,41248,NA,"wat",NA,1645423,0,"1/1/1911","11/8/1971",22227,"HI",c(-156.2449667, 20.88403056),FALSE,"PASS"
7430,"USGS",16586000,"HOOLAWALIILII STREAM NEAR HUELO, MAUI, HI","HI","ST",20.88486389,-156.2402472,"U","NAD83",1245,1,"LMSL",20020000,"dv",60,3,41249,NA,"wat",NA,1645423,0,"1/1/1912","11/30/1957",16771,"HI",c(-156.2402472, 20.88486389),FALSE,"PASS"
7431,"USGS",16587000,"Honopou Stream near Huelo, Maui, HI","HI","ST",20.88563889,-156.2525556,"S","NAD83",1208,1,"LMSL",20020000,"dv",60,3,41250,NA,"wat",NA,1645423,0,"1/1/1911","2/14/2026",42048,"HI",c(-156.2525556, 20.88563889),FALSE,"PASS"
7432,"USGS",16588000,"Wailoa Ditch at Honopou near Huelo, Maui, HI","HI","ST-DCH",20.88619025,-156.2524216,"S","NAD83",1208,1,"LMSL",2e+11,"dv",60,3,41251,NA,"wat",NA,1645423,0,"12/1/1922","9/30/1987",23680,"HI",c(-156.2524216, 20.88619025),FALSE,"PASS"
7433,"USGS",16589000,"New Hamakua Ditch at Honopou near Huelo, Maui, HI","HI","ST-DCH",20.88805556,-156.2532778,"S","NAD83",1170,1,"LMSL",20020000,"dv",60,3,41252,NA,"wat",NA,1645423,0,"2/1/1918","10/2/1985",24716,"HI",c(-156.2532778, 20.88805556),FALSE,"PASS"
7434,"USGS",16590000,"OLD HAMAKUA DITCH AT HONOPOU NR HUELO, MAUI,HI",NA,"ST-DCH",20.88902778,-156.251911,"U","NAD83",1117,1,"LMSL",20020000,"dv",60,3,41253,NA,"wat",NA,1645423,0,"2/1/1918","6/30/1965",12080,"HI",c(-156.251911, 20.88902778),FALSE,"CHECK"
7436,"USGS",16592000,"Lowrie Ditch at Honopou Gulch near Huelo, Maui, HI","HI","ST-DCH",20.91255556,-156.2492778,"5","NAD83",598,1,"LMSL",20020000,"dv",60,3,41255,NA,"wat",NA,1645423,0,"1/1/1910","10/23/1985",26625,"HI",c(-156.2492778, 20.91255556),FALSE,"PASS"
7438,"USGS",16594000,"Haiku Ditch at Honopou Gulch near Kailua, Maui, HI","HI","ST-DCH",20.91558333,-156.2469722,"S","NAD83",421.54,0.01,"LMSL",20020000,"dv",60,3,41257,NA,"wat",NA,1645423,0,"1/1/1910","10/8/1985",27068,"HI",c(-156.2469722, 20.91558333),FALSE,"PASS"
7444,"USGS",16599500,"Opana Tunnel near Kailiili, Maui, HI","HI","ST-DCH",20.84792222,-156.268575,"S","NAD83",2340,20,"LMSL",20020000,"dv",60,3,41266,NA,"wat",NA,1645423,0,"6/1/1965","10/11/2007",15473,"HI",c(-156.268575, 20.84792222),FALSE,"PASS"
7447,"USGS",16604500,"Wailuku River at Kepaniwai Park, Maui, HI","HI","ST",20.88238889,-156.5392778,"S","NAD83",780,20,"LMSL",20020000,"dv",60,3,41269,NA,"wat",NA,1645423,0,"5/1/1983","2/15/2026",15133,"HI",c(-156.5392778, 20.88238889),FALSE,"PASS"
7451,"USGS",16614000,"Waihee Rv abv Waihee Dtch intk nr Waihee, Maui, HI","HI","ST",20.9358611,-156.5468333,"5","NAD83",605,20,"LMSL",20020000,"dv",60,3,41272,NA,"wat",NA,1645423,0,"11/1/1983","2/14/2026",15443,"HI",c(-156.5468333, 20.9358611),FALSE,"PASS"
7453,"USGS",16618000,"Kahakuloa Stream near Honokohau, Maui, HI","HI","ST",20.97869444,-156.5545,"5","NAD83",330,20,"LMSL",20020000,"dv",60,3,41274,NA,"wat",NA,1645423,0,"8/1/1939","2/14/2026",28627,"HI",c(-156.5545, 20.97869444),FALSE,"PASS"
7454,"USGS",16620000,"Honokohau Stream near Honokohau, Maui, HI","HI","ST",20.95969444,-156.5870556,"S","NAD83",940,20,"LMSL",20020000,"dv",60,3,41278,NA,"wat",NA,1645423,0,"6/1/1913","2/14/2026",39856,"HI",c(-156.5870556, 20.95969444),FALSE,"PASS"
7457,"USGS",16629000,"HONOKOWAI DITCH NEAR LAHAINA, MAUI, HI","HI","ST-DCH",20.92986667,-156.62135,"U","NAD83",1600,100,"LMSL",20020000,"dv",60,3,41281,NA,"wat",NA,1645423,0,"7/1/1912","9/29/1967",19694,"HI",c(-156.62135, 20.92986667),FALSE,"PASS"
7463,"USGS",16638500,"Kahoma Stream at Lahaina, Maui, HI","HI","ST",20.88313889,-156.6770833,"S","NAD83",50,20,"LMSL",20020000,"dv",60,3,41287,NA,"wat",NA,1645423,0,"11/1/1962","2/11/2026",11012,"HI",c(-156.6770833, 20.88313889),FALSE,"PASS"
7468,"USGS",16645000,"OLOWALU DITCH NEAR OLOWALU, MAUI, HI","HI","ST-DCH",20.82264167,-156.6110694,"U","NAD83",480,10,"LMSL",20020000,"dv",60,3,41291,NA,"wat",NA,1645423,0,"9/1/1911","9/29/1967",20017,"HI",c(-156.6110694, 20.82264167),FALSE,"PASS"
7476,"USGS",16700000,"Waiakea Stream nr Mountain View, HI","HI","ST",19.63858889,-155.1717694,"H","NAD83",1934,1,"LMSL",20010000,"dv",60,3,41303,NA,"wat",NA,1645423,0,"10/1/1930","11/30/1995",23802,"HI",c(-155.1717694, 19.63858889),FALSE,"PASS"
7487,"USGS",16704000,"Wailuku River at Piihonua, HI","HI","ST",19.71213889,-155.15075,"5","NAD83",1090,10,"LMSL",20010000,"dv",60,3,41334,NA,"wat",NA,1645423,0,"7/1/1928","2/14/2026",35352,"HI",c(-155.15075, 19.71213889),FALSE,"PASS"
7494,"USGS",16717000,"Honolii Stream nr Papaikou, HI","HI","ST",19.76433333,-155.1518333,"5","NAD83",1540,10,"LMSL",20010000,"dv",60,3,41354,NA,"wat",NA,1645423,0,"6/1/1911","2/14/2026",22203,"HI",c(-155.1518333, 19.76433333),FALSE,"PASS"
7500,"USGS",16720000,"Kawainui Stream nr Kamuela, HI","HI","ST",20.08533333,-155.6811667,"S","NAD83",4060,20,"LMSL",20010000,"dv",60,3,41358,NA,"wat",NA,1645423,0,"1/1/1964","2/14/2026",22689,"HI",c(-155.6811667, 20.08533333),FALSE,"PASS"
7501,"USGS",16720300,"Kawaiki Stream near Kamuela, HI","HI","ST",20.08385556,-155.6802778,"U","NAD83",4090,10,"LMSL",20010000,"dv",60,3,41359,NA,"wat",NA,1645423,0,"6/1/1968","10/19/1999",11463,"HI",c(-155.6802778, 20.08385556),FALSE,"PASS"
7502,"USGS",16720500,"Upper Hamakua Ditch bl Kawaiki Str nr Kamuela, HI","HI","ST-DCH",20.08441389,-155.6755556,"S","NAD83",4020,20,"LMSL",20010000,"dv",60,3,41360,NA,"wat",NA,1645423,0,"9/16/1919","9/29/2002",13812,"HI",c(-155.6755556, 20.08441389),FALSE,"PASS"
7503,"USGS",16724800,"Up Hamakua Ditch ab Alakahi Str nr Kamuela, HI","HI","ST-DCH",20.07218333,-155.6711139,"S","NAD83",3890,20,"LMSL",20010000,"dv",60,3,41361,NA,"wat",NA,1645423,0,"4/1/1968","9/29/2000",11870,"HI",c(-155.6711139, 20.07218333),FALSE,"PASS"
7504,"USGS",16725000,"Alakahi Stream near Kamuela, HI","HI","ST",20.07108333,-155.67075,"5","NAD83",3900,20,"LMSL",20010000,"dv",60,3,41362,NA,"wat",NA,1645423,0,"1/1/1964","2/14/2026",22688,"HI",c(-155.67075, 20.07108333),FALSE,"PASS"
7520,"USGS",16743000,"AWINI DITCH AT E HONOKANE IKI GULCH NR NIULII,HI",NA,"ST-DCH",20.16388056,-155.7177722,"U","NAD83",2000,100,"LMSL",20010000,"dv",60,3,41378,NA,"wat",NA,1645423,0,"10/1/1927","9/29/1972",15979,"HI",c(-155.7177722, 20.16388056),FALSE,"CHECK"
7521,"USGS",16744000,"E HONOKANE IKI INTAKE TO AWINI DITCH NR NIULII",NA,"FA-DV",20.16388056,-155.71805,"U","NAD83",2000,100,"LMSL",20010000,"dv",60,3,41379,NA,"wat",NA,1645423,0,"11/1/1927","9/29/1972",14976,"HI",c(-155.71805, 20.16388056),FALSE,"CHECK"
7525,"USGS",16751000,"Kohala Ditch at Pololu near Niulii, HI","HI","ST-DCH",20.16888056,-155.7361056,"U","NAD83",960,10,"LMSL",20010000,"dv",60,3,41383,NA,"wat",NA,1645423,0,"9/1/1927","9/29/1972",16374,"HI",c(-155.7361056, 20.16888056),FALSE,"PASS"
7528,"USGS",16755000,"Kehena Ditch near Kohala, HI","HI","ST-DCH",20.12055,-155.7486056,"U","NAD83",3850,10,"LMSL",20010000,"dv",60,3,41385,NA,"wat",NA,1645423,0,"1/1/1918","6/30/1966",14609,"HI",c(-155.7486056, 20.12055),FALSE,"PASS"
7533,"USGS",16757000,"Waikoloa Stream nr Kamuela, HI","HI","ST",20.05179444,-155.6641806,"H","NAD83",3580,20,"LMSL",20010000,"dv",60,3,271084,NA,"wat",NA,1645423,0,"6/1/1947","7/16/2025",11338,"HI",c(-155.6641806, 20.05179444),FALSE,"PASS"
7534,"USGS",16758000,"Waikoloa Str at Marine Dam nr Kamuela, HI","HI","ST",20.0436345,-155.663977,"5","NAD83",3460,20,"LMSL",2e+11,"dv",60,3,41391,NA,"wat",NA,1645423,0,"6/1/1947","2/14/2026",23764,"HI",c(-155.663977, 20.0436345),FALSE,"PASS"
7535,"USGS",16759000,"Hauani Gulch near Kamuela, HI","HI","ST",20.03801389,-155.6486139,"S","NAD83",3117.42,0.01,"LMSL",20010000,"dv",60,3,41392,NA,"wat",NA,1645423,0,"3/1/1956","10/3/2004",17749,"HI",c(-155.6486139, 20.03801389),FALSE,"PASS"
7544,"USGS",16770500,"Paauau Gulch at Pahala, HI","HI","ST",19.20777778,-155.4770833,"5","NAD83",972,10,"LMSL",20010000,"dv",60,3,41401,NA,"wat",NA,1645423,0,"5/1/1962","2/14/2026",15022,"HI",c(-155.4770833, 19.20777778),FALSE,"PASS"
7552,"USGS",10039500,"BEAR RIVER AT BORDER, WY","WY","ST",42.21104338,-111.0538022,"S","NAD83",6056.85,0.23,"NAVD88",16010102,"dv",60,3,143401,NA,"wat",NA,1645423,0,"10/1/1937","2/14/2026",31794,"ID",c(-111.0538022, 42.21104338),FALSE,"FAIL"
7556,"USGS",10046000,"RAINBOW INLET CANAL NEAR DINGLE, ID","ID","ST-CA",42.22992858,-111.2960363,"F","NAD83",5922,20,"NGVD29",16010201,"dv",60,3,143407,NA,"wat",NA,1645423,0,"1/4/1922","9/29/2006",30362,"ID",c(-111.2960363, 42.22992858),FALSE,"PASS"
7557,"USGS",10046500,"BEAR RIVER BL STEWART DAM NR MONTPELIER ID","ID","ST",42.25305556,-111.2897222,"S","NAD83",5950,20,"NGVD29",16010201,"dv",60,3,143408,NA,"wat",NA,1645423,0,"10/1/1942","9/29/1993",18627,"ID",c(-111.2897222, 42.25305556),FALSE,"PASS"
7559,"USGS",10047500,"MONTPELIER CR AT IRRIG. WEIR, NR MONTPELIER, ID","ID","ST",42.3296506,-111.2374243,"F","NAD83",6210,20,"NGVD29",16010201,"dv",60,3,143409,NA,"wat",NA,1645423,0,"12/1/1942","9/29/1979",13452,"ID",c(-111.2374243, 42.3296506),FALSE,"PASS"
7563,"USGS",10059500,"BEAR LAKE OUTLET CANAL NR PARIS ID","ID","ST-CA",42.2165949,-111.3438159,"1","NAD83",5912.6,0.01,"NGVD29",16010201,"dv",60,3,143414,NA,"wat",NA,1645423,0,"1/1/1922","9/29/2006",30587,"ID",c(-111.3438159, 42.2165949),FALSE,"PASS"
7566,"USGS",10068500,"BEAR RIVER AT PESCADERO ID","ID","ST",42.4015929,-111.356875,"F","NAD83",5909.85,0.19,"NAVD88",16010201,"dv",60,3,143416,NA,"wat",NA,1645423,0,"1/1/1922","2/14/2026",32673,"ID",c(-111.356875, 42.4015929),FALSE,"PASS"
7572,"USGS",10075000,"BEAR RIVER AT SODA SPRINGS ID","ID","ST",42.61379777,-111.5835813,"1","NAD83",5760,20,"NGVD29",16010201,"dv",60,3,237555,NA,"wat",NA,1645423,0,"4/15/1944","9/30/2023",22334,"ID",c(-111.5835813, 42.61379777),FALSE,"PASS"
7576,"USGS",10079500,"BEAR RIVER AT ALEXANDER ID","ID","ST",42.6449078,-111.6983074,"1","NAD83",5650,20,"NGVD29",16010202,"dv",60,3,143420,NA,"wat",NA,1645423,0,"1857-02-01","9/29/2017",35576,"ID",c(-111.6983074, 42.6449078),FALSE,"PASS"
7577,"USGS",10080000,"BEAR RIVER BELOW GRACE DAM, NEAR GRACE, ID","ID","ST",42.58629696,-111.731641,"F","NAD83",NA,NA,NA,16010202,"dv",60,3,143421,NA,"wat",NA,1645423,0,"4/1/1922","9/30/2017",27003,"ID",c(-111.731641, 42.58629696),FALSE,"PASS"
7583,"USGS",10092700,"BEAR RIVER AT IDAHO-UTAH STATE LINE",NA,"ST",42.0129808,-111.92134,"F","NAD83",4424.2,0.08,"NAVD88",16010202,"dv",60,3,143425,NA,"wat",NA,1645423,0,"10/1/1970","2/14/2026",20225,"ID",c(-111.92134, 42.0129808),TRUE,"BORDER"
7584,"USGS",10093000,"CUB RIVER NR PRESTON ID","ID","ST",42.14027778,-111.6913889,"S","NAD83",5285.1,0.01,"NGVD29",16010202,"dv",60,3,143428,NA,"wat",NA,1645423,0,"3/1/1940","10/3/2010",17810,"ID",c(-111.6913889, 42.14027778),FALSE,"PASS"
7588,"USGS",10119000,"LITTLE MALAD RIVER AB ELKHORN RES NR MALAD CITY ID","ID","ST",42.3365842,-112.4402506,"S","NAD83",5050,20,"NGVD29",16010204,"dv",60,3,44922,NA,"wat",NA,1645423,0,"8/1/1911","10/23/1969",11727,"ID",c(-112.4402506, 42.3365842),FALSE,"PASS"
7597,"USGS",10125500,"MALAD RIVER AT WOODRUFF ID","ID","ST",42.0297222,-112.2295833,"S","NAD83",4366.79,0.12,"NAVD88",16010204,"dv",60,3,44931,"[(2)]","wat",NA,1645423,0,"11/19/1938","9/29/1982",16021,"ID",c(-112.2295833, 42.0297222),FALSE,"PASS"
7599,"USGS",12305000,"KOOTENAI RIVER AT LEONIA, ID","ID","ST",48.6168833,-116.0491944,"1","NAD83",1794.75,0.64,"NAVD88",17010104,"dv",60,3,44935,NA,"wat",NA,1645423,0,"3/25/1928","2/14/2026",35749,"ID",c(-116.0491944, 48.6168833),FALSE,"PASS"
7600,"USGS",12305500,"BOULDER CREEK NR LEONIA ID","ID","ST",48.59827328,-116.0926855,"F","NAD83",2600,20,"NGVD29",17010104,"dv",60,3,44937,NA,"wat",NA,1645423,0,"6/1/1928","10/5/1977",17445,"ID",c(-116.0926855, 48.59827328),FALSE,"PASS"
7602,"USGS",12306500,"MOYIE RIVER AT EASTPORT ID","ID","ST",48.99916667,-116.1797222,"1","NAD83",2623.96,0.58,"NAVD88",17010105,"dv",60,3,44939,NA,"wat",NA,1645423,0,"9/1/1929","2/14/2026",35231,"ID",c(-116.1797222, 48.99916667),FALSE,"PASS"
7604,"USGS",12307500,"MOYIE RIVER AT EILEEN ID","ID","ST",48.77410858,-116.1582512,"F","NAD83",2124.5,0.01,"NGVD29",17010105,"dv",60,3,44942,NA,"wat",NA,1645423,0,"10/1/1925","9/29/1978",19357,"ID",c(-116.1582512, 48.77410858),FALSE,"PASS"
7608,"USGS",12311000,"DEEP CREEK AT MORAVIA ID","ID","ST",48.63021257,-116.3871424,"S","NAD83",1800,20,"NGVD29",17010104,"dv",60,3,44959,NA,"wat",NA,1645423,0,"5/1/1928","9/29/1971",15857,"ID",c(-116.3871424, 48.63021257),FALSE,"PASS"
7617,"USGS",12318500,"KOOTENAI RIVER NR COPELAND ID","ID","ST",48.905,-116.4019444,"S","NAD83",1703.86,0.1,"NAVD88",17010104,"dv",60,3,44973,NA,"wat",NA,1645423,0,"5/1/1929","9/29/1992",23163,"ID",c(-116.4019444, 48.905),FALSE,"PASS"
7620,"USGS",12320500,"LONG CANYON CREEK NR PORTHILL ID","ID","ST",48.9505034,-116.5360459,"F","NAD83",1830,20,"NGVD29",17010104,"dv",60,3,44980,NA,"wat",NA,1645423,0,"5/18/1928","9/29/1959",11081,"ID",c(-116.5360459, 48.9505034),FALSE,"PASS"
7622,"USGS",12321000,"SMITH CREEK NR PORTHILL ID","ID","ST",48.961059,-116.5566028,"S","NAD83",1770,20,"NGVD29",17010104,"dv",60,3,44982,NA,"wat",NA,1645423,0,"5/12/1928","11/13/1960",11516,"ID",c(-116.5566028, 48.961059),FALSE,"PASS"
7623,"USGS",12321500,"BOUNDARY CREEK NR PORTHILL ID","ID","ST",48.9972222,-116.5691667,"5","NAD83",1768.68,0.51,"NAVD88",17010104,"dv",60,3,44983,NA,"wat",NA,1645423,0,"5/17/1928","2/14/2026",35347,"ID",c(-116.5691667, 48.9972222),FALSE,"PASS"
7625,"USGS",12322001,"KOOTENAI RIVER AT PORTHILL ID TOTAL FLOW",NA,"ST",48.9999522,-116.5038223,"F","NAD83",NA,NA,NA,17010104,"dv",60,3,227989,NA,"wat",NA,1645423,0,"4/1/1928","2/14/2026",35744,NA,c(-116.5038223, 48.9999522),FALSE,"CHECK"
7626,"USGS",12391950,"CLARK FORK RIVER BELOW CABINET GORGE DAM ID","ID","ST",48.08805556,-116.0727778,"S","NAD83",2080.36,0.34,"NAVD88",17010213,"dv",60,3,44995,NA,"wat",NA,1645423,0,"10/1/1995","2/14/2026",11094,"ID",c(-116.0727778, 48.08805556),FALSE,"PASS"
7627,"USGS",12392000,"CLARK FORK AT WHITEHORSE RAPIDS NR CABINET ID","ID","ST",48.09166667,-116.1166667,"1","NAD83",2060,20,"NGVD29",17010213,"dv",60,3,44999,NA,"wat",NA,1645423,0,"10/1/1928","9/29/2014",31410,"ID",c(-116.1166667, 48.09166667),FALSE,"PASS"
7628,"USGS",12392155,"LIGHTNING CREEK AT CLARK FORK ID","ID","ST",48.15166667,-116.1816667,"F","NAD83",2099.32,0.08,"NAVD88",17010213,"dv",60,3,45000,NA,"wat",NA,1645423,0,"10/1/1988","2/14/2026",13371,"ID",c(-116.1816667, 48.15166667),FALSE,"PASS"
7629,"USGS",12392300,"PACK RIVER NR COLBURN ID","ID","ST",48.42,-116.5019444,"5","NAD83",2080.08,0.09,"NAVD88",17010214,"dv",60,3,45001,NA,"wat",NA,1645423,0,"9/1/1958","4/24/2025",12714,"ID",c(-116.5019444, 48.42),FALSE,"PASS"
7635,"USGS",12393500,"PRIEST RIVER AT OUTLET OF PRIEST LAKE NR COOLIN ID","ID","ST",48.49325165,-116.8943736,"S","NAD83",2437.99,0.01,"NGVD29",17010215,"dv",60,3,45012,NA,"wat",NA,1645423,0,"7/13/1912","9/29/1948",12910,"ID",c(-116.8943736, 48.49325165),FALSE,"PASS"
7637,"USGS",12394000,"PRIEST RIVER NR COOLIN ID","ID","ST",48.45186127,-116.9004834,"F","NAD83",2338.24,0.01,"NGVD29",17010215,"dv",60,3,45013,NA,"wat",NA,1645423,0,"10/1/1948","9/29/2006",21183,"ID",c(-116.9004834, 48.45186127),FALSE,"PASS"
7639,"USGS",12395000,"Priest River near Priest River, ID","ID","ST",48.20852,-116.9146429,"S","NAD83",2099.2,0.13,"NAVD88",17010215,"dv",60,3,45015,NA,"wat",NA,1645423,0,"7/1/1903","2/14/2026",36394,"ID",c(-116.9146429, 48.20852),FALSE,"PASS"
7640,"USGS",12395500,"PEND OREILLE RIVER AT NEWPORT WA","WA","ST",48.1822222,-117.0341667,"S","NAD83",2003.77,0.09,"NAVD88",17010216,"dv",60,3,45017,NA,"wat",NA,1645423,0,"7/1/1903","2/14/2026",34923,"ID",c(-117.0341667, 48.1822222),FALSE,"FAIL"
7641,"USGS",12411000,"NF COEUR D ALENE R AB SHOSHONE CK NR PRICHARD ID","ID","ST",47.7061111,-115.9791667,"1","NAD83",2489.15,0.15,"NAVD88",17010301,"dv",60,3,45018,NA,"wat",NA,1645423,0,"10/1/1950","2/14/2026",27530,"ID",c(-115.9791667, 47.7061111),FALSE,"PASS"
7646,"USGS",12413000,"NF COEUR D ALENE RIVER AT ENAVILLE ID","ID","ST",47.5722,-116.2528,"1","NAD83",2179.08,0.19,"NAVD88",17010301,"dv",60,3,45023,NA,"wat",NA,1645423,0,"3/3/1911","2/14/2026",32124,"ID",c(-116.2528, 47.5722),FALSE,"PASS"
7651,"USGS",12413140,"PLACER CREEK AT WALLACE ID","ID","ST",47.46298287,-115.9371053,"S","NAD83",2840,20,"NGVD29",17010302,"dv",60,3,45030,NA,"wat",NA,1645423,0,"10/30/1967","4/30/2000",11507,"ID",c(-115.9371053, 47.46298287),FALSE,"PASS"
7654,"USGS",12413210,"SF COEUR D ALENE AT ELIZABETH PARK NR KELLOGG ID","ID","ST",47.53138889,-116.0925,"S","NAD83",2673.16,0.15,"NAVD88",17010302,"dv",60,3,45033,NA,"wat",NA,1645423,0,"8/12/1987","2/13/2026",13972,"ID",c(-116.0925, 47.53138889),FALSE,"PASS"
7662,"USGS",12413470,"SF Coeur D Alene River nr Pinehurst, ID","ID","ST",47.5513111,-116.2362917,"1","NAD83",2161.97,0.12,"NAVD88",17010302,"dv",60,3,45078,NA,"wat",NA,1645423,0,"8/12/1987","2/14/2026",14064,"ID",c(-116.2362917, 47.5513111),FALSE,"PASS"
7663,"USGS",12413500,"COEUR D ALENE RIVER NR CATALDO ID","ID","ST",47.5548222,-116.3246222,"1","NAD83",2103.63,0.09,"NAVD88",17010303,"dv",60,3,45088,NA,"wat",NA,1645423,0,"5/1/1911","2/14/2026",34028,"ID",c(-116.3246222, 47.5548222),FALSE,"PASS"
7671,"USGS",12414500,"ST JOE RIVER AT CALDER, ID","ID","ST",47.2744444,-116.1888889,"S","NAD83",2175.51,0.09,"NAVD88",17010304,"dv",60,3,326146,NA,"wat",NA,1645423,0,"5/1/1911","2/14/2026",39064,"ID",c(-116.1888889, 47.2744444),FALSE,"PASS"
7672,"USGS",12414900,"ST MARIES RIVER NR SANTA, ID","ID","ST",47.1761111,-116.4933333,"S","NAD83",2592.45,0.09,"NAVD88",17010304,"dv",60,3,296275,NA,"wat",NA,1645423,0,"10/1/1965","2/14/2026",22039,"ID",c(-116.4933333, 47.1761111),FALSE,"PASS"
7673,"USGS",12415000,"ST MARIES RIVER AT LOTUS ID","ID","ST",47.2444444,-116.623611,"S","NAD83",2143.36,0.01,"NGVD29",17010304,"dv",60,3,45119,NA,"wat",NA,1645423,0,"2/1/1912","9/29/1966",17135,"ID",c(-116.623611, 47.2444444),FALSE,"PASS"
7680,"USGS",12416000,"HAYDEN CREEK BL NORTH FORK NR HAYDEN LAKE ID","ID","ST",47.8225,-116.6547222,"S","NAD83",2370,20,"NGVD29",17010305,"dv",60,3,45132,NA,"wat",NA,1645423,0,"4/1/1948","5/14/1997",13988,"ID",c(-116.6547222, 47.8225),FALSE,"PASS"
7685,"USGS",12418000,"RATHDRUM PRAIRIE CANAL NR HUETTER ID","ID","ST-CA",47.71,-116.8730556,"S","NAD83",2272.02,0.01,"NGVD29",17010305,"dv",60,3,45144,NA,"wat",NA,1645423,0,"4/1/1946","9/29/1992",14345,"ID",c(-116.8730556, 47.71),FALSE,"PASS"
7686,"USGS",12418500,"SPOKANE VALLEY FARMS CO CANAL AT POST FALLS ID","ID","ST-CA",47.71166667,-116.9541667,"S","NAD83",NA,NA,NA,17010305,"dv",60,3,45145,NA,"wat",NA,1645423,0,"5/20/1911","9/29/1966",15255,"ID",c(-116.9541667, 47.71166667),FALSE,"PASS"
7687,"USGS",12419000,"Spokane River near Post Falls, ID","ID","ST",47.70295737,-116.9779747,"S","NAD83",2003,10,"NGVD29",17010305,"dv",60,3,45146,NA,"wat",NA,1645423,0,"1/1/1913","2/15/2026",41319,"ID",c(-116.9779747, 47.70295737),FALSE,"PASS"
7697,"USGS",13032500,"SNAKE RIVER NR IRWIN ID","ID","ST",43.3508333,-111.2188889,"S","NAD83",5356.67,0.1,"NAVD88",17040104,"dv",60,3,326171,NA,"wat",NA,1645423,0,"3/30/1935","2/14/2026",29056,"ID",c(-111.2188889, 43.3508333),FALSE,"PASS"
7706,"USGS",13037500,"SNAKE RIVER NR HEISE ID","ID","ST",43.6125,-111.66,"S","NAD83",5018.09,0.07,"NAVD88",17040104,"dv",60,3,45224,NA,"wat",NA,1645423,0,"10/1/1910","2/14/2026",42141,"ID",c(-111.66, 43.6125),FALSE,"PASS"
7707,"USGS",13038000,"DRY BED NR RIRIE ID","ID","ST",43.63888889,-111.716111,"S","NAD83",4978.55,0.1,"NAVD88",17040201,"dv",60,3,45226,NA,"wat",NA,1645423,0,"5/31/1923","2/14/2026",18923,"ID",c(-111.716111, 43.63888889),FALSE,"PASS"
7709,"USGS",13038500,"SNAKE RIVER AT LORENZO ID","ID","ST",43.73527778,-111.8780556,"S","NAD83",4844.89,0.12,"NAVD88",1.7e+11,"dv",60,3,326173,NA,"wat",NA,1645423,0,"4/1/1924","2/14/2026",17953,"ID",c(-111.8780556, 43.73527778),FALSE,"PASS"
7710,"USGS",13039500,"HENRYS FORK NR LAKE ID","ID","ST",44.5944444,-111.3497222,"S","NAD83",6451.38,0.21,"NAVD88",17040202,"dv",60,3,45235,NA,"wat",NA,1645423,0,"5/1/1920","2/14/2026",36732,"ID",c(-111.3497222, 44.5944444),FALSE,"PASS"
7716,"USGS",13042500,"HENRYS FORK NR ISLAND PARK ID","ID","ST",44.41666667,-111.3947222,"S","NAD83",6227.51,0.1,"NAVD88",17040202,"dv",60,3,326178,NA,"wat",NA,1645423,0,"1/7/1933","2/14/2026",33955,"ID",c(-111.3947222, 44.41666667),FALSE,"PASS"
7719,"USGS",13044000,"HENRYS FORK AT WARM RIVER ID","ID","ST",44.1136111,-111.3330556,"S","NAD83",5257,20,"NGVD29",17040202,"dv",60,3,45247,NA,"wat",NA,1645423,0,"10/1/1910","9/29/1952",14233,"ID",c(-111.3330556, 44.1136111),FALSE,"PASS"
7723,"USGS",13046000,"HENRYS FORK NR ASHTON ID","ID","ST",44.0697222,-111.5105556,"S","NAD83",5093.49,0.07,"NAVD88",17040203,"dv",60,3,326181,NA,"wat",NA,1645423,0,"1890-04-01","2/14/2026",40677,"ID",c(-111.5105556, 44.0697222),FALSE,"PASS"
7724,"USGS",13046995,"FALL RIVER AB YELLOWSTONE CANAL NR SQUIRREL ID","ID","ST",44.06194444,-111.1519444,"S","NAD83",5747.88,0.16,"NAVD88",17040203,"dv",60,3,45257,NA,"wat",NA,1645423,0,"11/16/1993","2/14/2026",11778,"ID",c(-111.1519444, 44.06194444),FALSE,"PASS"
7726,"USGS",13047500,"FALL RIVER NR SQUIRREL ID","ID","ST",44.0686111,-111.2413889,"S","NAD83",5582.57,0.76,"NAVD88",17040203,"dv",60,3,45259,NA,"wat",NA,1645423,0,"10/1/1904","2/14/2026",41047,"ID",c(-111.2413889, 44.0686111),FALSE,"PASS"
7727,"USGS",13047600,"FALL RIVER NR ASHTON ID","ID","ST",44.0561111,-111.358611,"S","NAD83",5335.3,0.99,"NAVD88",17040203,"dv",60,3,45261,NA,"wat",NA,1645423,0,"11/16/1993","2/14/2026",11778,"ID",c(-111.358611, 44.0561111),FALSE,"PASS"
7730,"USGS",13049500,"FALL RIVER NR CHESTER ID","ID","ST",44.0183333,-111.5666667,"S","NAD83",5054.47,0.26,"NAVD88",17040203,"dv",60,3,45266,NA,"wat",NA,1645423,0,"4/23/1920","2/14/2026",30174,"ID",c(-111.5666667, 44.0183333),FALSE,"PASS"
7732,"USGS",13050500,"HENRYS FORK AT ST ANTHONY ID","ID","ST",43.96694444,-111.6725,"S","NAD83",4953.19,0.07,"NAVD88",17040203,"dv",60,3,45268,NA,"wat",NA,1645423,0,"3/1/1919","2/14/2026",31112,"ID",c(-111.6725, 43.96694444),FALSE,"PASS"
7736,"USGS",13052200,"TETON RIVER AB SOUTH LEIGH CREEK NR DRIGGS ID","ID","ST",43.78194444,-111.2091667,"S","NAD83",5956.29,0.11,"NAVD88",17040204,"dv",60,3,45273,NA,"wat",NA,1645423,0,"10/1/1961","2/14/2026",23513,"ID",c(-111.2091667, 43.78194444),FALSE,"PASS"
7746,"USGS",13055000,"TETON RIVER NR ST ANTHONY ID","ID","ST",43.9272222,-111.6138889,"S","NAD83",4972.54,0.09,"NAVD88",17040204,"dv",60,3,45288,NA,"wat",NA,1645423,0,"1890-01-01","2/14/2026",39603,"ID",c(-111.6138889, 43.9272222),FALSE,"PASS"
7754,"USGS",13055340,"SF TETON RIVER NEAR REXBURG ID","ID","ST",43.835,-111.7777778,"S","NAD83",4854.09,0.1,"NAVD88",17040204,"dv",60,3,45311,NA,"wat",NA,1645423,0,"10/1/1982","2/14/2026",14692,"ID",c(-111.7777778, 43.835),FALSE,"PASS"
7757,"USGS",13056500,"HENRYS FORK NR REXBURG ID","ID","ST",43.8258333,-111.905,"S","NAD83",4809.56,0.07,"NAVD88",17040203,"dv",60,3,45318,NA,"wat",NA,1645423,0,"4/1/1909","2/14/2026",42689,"ID",c(-111.905, 43.8258333),FALSE,"PASS"
7761,"USGS",13057132,"GREAT WESTERN SPILLBACK NR IDAHO FALLS ID","ID","ST",43.6008333,-112.0619444,"S","NAD83",4746.02,0.09,"NAVD88",17040201,"dv",60,3,45325,NA,"wat",NA,1645423,0,"10/1/1987","2/14/2026",13969,"ID",c(-112.0619444, 43.6008333),FALSE,"PASS"
7763,"USGS",13057155,"SNAKE RIVER AB EAGLE ROCK NR IDAHO FALLS ID","ID","ST",43.6047222,-112.058611,"S","NAD83",4733.21,0.06,"NAVD88",17040201,"dv",60,3,45327,NA,"wat",NA,1645423,0,"10/1/1987","2/14/2026",14017,"ID",c(-112.058611, 43.6047222),FALSE,"PASS"
7767,"USGS",13057940,"WILLOW CREEK BL TEX CREEK NR RIRIE ID","ID","ST",43.44194444,-111.7283333,"S","NAD83",5152.46,0.13,"NAVD88",17040205,"dv",60,3,45332,NA,"wat",NA,1645423,0,"8/24/1977","2/14/2026",15514,"ID",c(-111.7283333, 43.44194444),FALSE,"PASS"
7768,"USGS",13058000,"WILLOW CREEK NR RIRIE ID","ID","ST",43.5833333,-111.746111,"S","NAD83",4948.24,0.1,"NAVD88",17040205,"dv",60,3,45335,NA,"wat",NA,1645423,0,"4/1/1903","2/14/2026",24092,"ID",c(-111.746111, 43.5833333),FALSE,"PASS"
7770,"USGS",13058510,"SAND CREEK NEAR UCON ID","ID","ST",43.57416667,-111.895,"S","NAD83",4848.56,0.08,"NAVD88",17040207,"dv",60,3,296325,NA,"wat",NA,1645423,0,"3/24/1978","2/14/2026",15301,"ID",c(-111.895, 43.57416667),FALSE,"PASS"
7771,"USGS",13058520,"WILLOW CREEK FLOODWAY CHANNEL NR UCON ID","ID","ST",43.57638889,-111.9130556,"S","NAD83",4840,0.1,"NGVD29",17040201,"dv",60,3,45338,NA,"wat",NA,1645423,0,"4/14/1978","2/14/2026",15279,"ID",c(-111.9130556, 43.57638889),FALSE,"PASS"
7772,"USGS",13058529,"WILLOW CR FLOODWAY CHANNEL AT MOUTH NR ID FALLS ID","ID","ST",43.5747222,-112.0480556,"S","NAD83",4729.48,0.05,"NAVD88",17040201,"dv",60,3,45339,NA,"wat",NA,1645423,0,"10/1/1987","2/14/2026",14017,"ID",c(-112.0480556, 43.5747222),FALSE,"PASS"
7773,"USGS",13058530,"WILLOW CREEK BLW FLOODWAY CHANNEL NR UCON ID","ID","ST",43.5758333,-111.9119444,"S","NAD83",4834.96,0.07,"NAVD88",17040205,"dv",60,3,45340,NA,"wat",NA,1645423,0,"12/6/1977","2/14/2026",15385,"ID",c(-111.9119444, 43.5758333),FALSE,"PASS"
7775,"USGS",13060000,"SNAKE RIVER NR SHELLEY ID","ID","ST",43.41305556,-112.135,"S","NAD83",4601.73,0.06,"NAVD88",17040206,"dv",60,3,45342,NA,"wat",NA,1645423,0,"3/18/1915","2/14/2026",37598,"ID",c(-112.135, 43.41305556),FALSE,"PASS"
7782,"USGS",13062500,"SNAKE RIVER AT BLACKFOOT ID","ID","ST",43.1975,-112.3691667,"S","NAD83",4469.81,0.06,"NAVD88",17040206,"dv",60,3,326182,NA,"wat",NA,1645423,0,"8/1/1978","2/14/2026",17365,"ID",c(-112.3691667, 43.1975),FALSE,"PASS"
7784,"USGS",13063000,"BLACKFOOT RIVER AB RESERVOIR NR HENRY ID","ID","ST",42.81527778,-111.5066667,"S","NAD83",6263.21,0.28,"NAVD88",17040207,"dv",60,3,45354,NA,"wat",NA,1645423,0,"3/25/1914","2/14/2026",15381,"ID",c(-111.5066667, 42.81527778),FALSE,"PASS"
7790,"USGS",13066000,"BLACKFOOT RIVER NR SHELLEY ID","ID","ST",43.26277778,-112.0477778,"S","NAD83",4645.56,0.47,"NAVD88",17040207,"dv",60,3,45362,NA,"wat",NA,1645423,0,"7/1/1909","2/14/2026",24260,"ID",c(-112.0477778, 43.26277778),FALSE,"PASS"
7796,"USGS",13068495,"BLACKFOOT RIVER BYPASS NR BLACKFOOT ID","ID","ST",43.1708333,-112.3877778,"S","NAD83",4466.81,0.08,"NAVD88",17040207,"dv",60,3,45368,NA,"wat",NA,1645423,0,"4/16/1964","2/14/2026",22585,"ID",c(-112.3877778, 43.1708333),FALSE,"PASS"
7797,"USGS",13068500,"BLACKFOOT RIVER NR BLACKFOOT ID","ID","ST",43.13055556,-112.4766667,"S","NAD83",4418.8,0.09,"NAVD88",17040207,"dv",60,3,45369,NA,"wat",NA,1645423,0,"4/27/1913","2/14/2026",36344,"ID",c(-112.4766667, 43.13055556),FALSE,"PASS"
7798,"USGS",13068501,"BLACKFOOT RIVER AND BYPASS CHANNEL NR BLACKFOOT ID","ID","ST",43.13047008,-112.4772036,"F","NAD83",4426,1.6,"NAVD88",17040207,"dv",60,3,45373,NA,"wat",NA,1645423,0,"4/27/1913","9/29/2016",32533,"ID",c(-112.4772036, 43.13047008),FALSE,"PASS"
7801,"USGS",13069500,"SNAKE RIVER NR BLACKFOOT ID","ID","ST",43.12527778,-112.5188889,"S","NAD83",4402.34,0.09,"NAVD88",17040206,"dv",60,3,45375,NA,"wat",NA,1645423,0,"6/6/1910","2/14/2026",42199,"ID",c(-112.5188889, 43.12527778),FALSE,"PASS"
7813,"USGS",13073000,"PORTNEUF RIVER AT TOPAZ ID","ID","ST",42.6247222,-112.0880556,"S","NAD83",4921.77,0.07,"NAVD88",17040208,"dv",60,3,45389,NA,"wat",NA,1645423,0,"1/1/1913","2/14/2026",39918,"ID",c(-112.0880556, 42.6247222),FALSE,"PASS"
7818,"USGS",13075000,"MARSH CREEK NR MCCAMMON ID","ID","ST",42.63,-112.2255556,"S","NAD83",4610.3,0.07,"NAVD88",17040208,"dv",60,3,45395,NA,"wat",NA,1645423,0,"9/27/1954","2/14/2026",26065,"ID",c(-112.2255556, 42.63),FALSE,"PASS"
7820,"USGS",13075500,"PORTNEUF RIVER AT POCATELLO ID","ID","ST",42.87166667,-112.4680556,"S","NAD83",4421.48,0.15,"NAVD88",17040208,"dv",60,3,45404,NA,"wat",NA,1645423,0,"1897-05-18","2/14/2026",42353,"ID",c(-112.4680556, 42.87166667),FALSE,"PASS"
7823,"USGS",13075910,"PORTNEUF RIVER NR TYHEE ID","ID","ST",42.9447222,-112.5444444,"S","NAD83",4366.58,0.06,"NAVD88",17040208,"dv",60,3,45410,NA,"wat",NA,1645423,0,"5/1/1985","2/14/2026",12584,"ID",c(-112.5444444, 42.9447222),FALSE,"PASS"
7826,"USGS",13075983,"SPRING CREEK AT SHEEPSKIN RD NR FORT HALL ID","ID","ST",43.0425,-112.55,"S","NAD83",4370.95,0.08,"NAVD88",17040208,"dv",60,3,45413,NA,"wat",NA,1645423,0,"7/24/1980","2/14/2026",16642,"ID",c(-112.55, 43.0425),FALSE,"PASS"
7834,"USGS",13077000,"SNAKE RIVER AT NEELEY ID","ID","ST",42.7675,-112.8794444,"S","NAD83",4244.42,0.16,"NAVD88",17040209,"dv",60,3,45424,NA,"wat",NA,1645423,0,"2/12/1907","2/14/2026",43340,"ID",c(-112.8794444, 42.7675),FALSE,"PASS"
7838,"USGS",13078000,"RAFT RIVER AB ONEMILE CREEK NR MALTA ID","ID","ST",42.0636111,-113.4513889,"S","NAD83",4952.99,0.11,"NAVD88",17040210,"dv",60,3,45429,NA,"wat",NA,1645423,0,"10/1/1946","2/14/2026",26742,"ID",c(-113.4513889, 42.0636111),FALSE,"PASS"
7847,"USGS",13080000,"NORTH SIDE MINIDOKA CANAL NR MINIDOKA ID","ID","ST-CA",42.67166667,-113.4838889,"S","NAD83",4180.33,0.01,"NGVD29",17040209,"dv",60,3,45437,NA,"wat",NA,1645423,0,"5/1/1909","9/29/1978",19647,"ID",c(-113.4838889, 42.67166667),FALSE,"PASS"
7848,"USGS",13080500,"SOUTH SIDE MINIDOKA CANAL NR MINIDOKA ID","ID","ST-CA",42.6625,-113.4888889,"S","NAD83",4184,1,"NGVD29",17040209,"dv",60,3,45438,NA,"wat",NA,1645423,0,"4/21/1909","9/29/1978",25326,"ID",c(-113.4888889, 42.6625),FALSE,"PASS"
7849,"USGS",13081500,"SNAKE R NR MINIDOKA ID AT HOWELLS FERRY",NA,"ST",42.67277778,-113.5002778,"S","NAD83",4134.64,0.06,"NAVD88",17040209,"dv",60,3,45445,NA,"wat",NA,1645423,0,"4/21/1910","2/14/2026",42283,"ID",c(-113.5002778, 42.67277778),FALSE,"CHECK"
7854,"USGS",13082500,"GOOSE CREEK AB TRAPPER CREEK NR OAKLEY ID","ID","ST",42.1261111,-113.9355556,"S","NAD83",4762.23,1.2,"NAVD88",17040211,"dv",60,3,45454,NA,"wat",NA,1645423,0,"4/29/1911","2/14/2026",41019,"ID",c(-113.9355556, 42.1261111),FALSE,"PASS"
7855,"USGS",13083000,"TRAPPER CREEK NR OAKLEY ID","ID","ST",42.1658333,-113.983611,"S","NAD83",4825.1,0.23,"NAVD88",17040211,"dv",60,3,45458,NA,"wat",NA,1645423,0,"5/1/1911","6/30/2024",40421,"ID",c(-113.983611, 42.1658333),FALSE,"PASS"
7860,"USGS",13085800,"P A LATERAL NR MILNER ID","ID","ST",42.53555556,-113.9727778,"S","NAD83",NA,NA,NA,17040209,"dv",60,3,45465,NA,"wat",NA,1645423,0,"10/1/1918","9/29/1978",21574,"ID",c(-113.9727778, 42.53555556),FALSE,"PASS"
7861,"USGS",13086000,"MILNER LOW LIFT CANAL NR MILNER ID","ID","ST-CA",42.519356,-114.0108607,"F","NAD83",NA,NA,NA,17040212,"dv",60,3,45466,NA,"wat",NA,1645423,0,"10/1/1920","9/29/1978",21183,"ID",c(-114.0108607, 42.519356),FALSE,"PASS"
7862,"USGS",13086500,"GOODING CANAL AT MILNER ID","ID","ST-CA",42.5275,-114.01,"S","NAD83",NA,NA,NA,17040212,"dv",60,3,45467,NA,"wat",NA,1645423,0,"5/1/1930","9/29/1978",17683,"ID",c(-114.01, 42.5275),FALSE,"PASS"
7863,"USGS",13087000,"NORTH SIDE TWIN FALLS CANAL AT MILNER ID","ID","ST-CA",42.52963376,-114.020583,"F","NAD83",NA,NA,NA,17040212,"dv",60,3,45468,NA,"wat",NA,1645423,0,"5/10/1909","9/29/1978",25329,"ID",c(-114.020583, 42.52963376),FALSE,"PASS"
7864,"USGS",13087500,"SOUTH SIDE TWIN FALLS CANAL AT MILNER ID","ID","ST-CA",42.52185605,-114.0172497,"F","NAD83",NA,NA,NA,17040209,"dv",60,3,45469,NA,"wat",NA,1645423,0,"5/10/1909","9/29/1978",25143,"ID",c(-114.0172497, 42.52185605),FALSE,"PASS"
7869,"USGS",13087995,"SNAKE RIVER GAGING STATION AT MILNER ID","ID","ST",42.52805556,-114.0183333,"S","NAD83",4065.75,0.08,"NAVD88",17040212,"dv",60,3,45486,NA,"wat",NA,1645423,0,"10/1/1992","2/14/2026",12190,"ID",c(-114.0183333, 42.52805556),FALSE,"PASS"
7870,"USGS",13088000,"SNAKE RIVER AT MILNER ID  TOTAL FLOW",NA,"ST",42.52796709,-114.0186386,"F","NAD83",4062.9,0.01,"NGVD29",17040212,"dv",60,3,45490,NA,"wat",NA,1645423,0,"5/1/1909","9/30/2025",42522,"ID",c(-114.0186386, 42.52796709),FALSE,"CHECK"
7875,"USGS",13089500,"DEVILS WASHBOWL SPRING NR KIMBERLY 10S 18E 04AAD1S",NA,"ST",42.5897222,-114.3469444,"F","NAD83",3540,20,"NGVD29",17040212,"dv",60,3,45499,NA,"wat",NA,1645423,0,"4/1/1950","2/14/2026",18394,"ID",c(-114.3469444, 42.5897222),FALSE,"CHECK"
7876,"USGS",13090000,"SNAKE RIVER NR KIMBERLY ID","ID","ST",42.5908333,-114.3602778,"1","NAD83",3362.67,0.01,"NGVD29",17040212,"dv",60,3,296337,NA,"wat",NA,1645423,0,"10/1/1923","10/28/2025",37283,"ID",c(-114.3602778, 42.5908333),FALSE,"PASS"
7878,"USGS",13090500,"SNAKE RIVER NR TWIN FALLS ID","ID","ST",42.6061111,-114.4763889,"1","NAD83",3133.33,0.02,"NAVD88",17040212,"dv",60,3,45506,NA,"wat",NA,1645423,0,"9/30/1911","2/14/2026",18614,"ID",c(-114.4763889, 42.6061111),FALSE,"PASS"
7881,"USGS",13091000,"BLUE LAKES SPRING NR TWIN FALLS ID 09S 17E 28DBA1S",NA,"SP",42.614632,-114.4692055,"F","NAD83",3300,20,"NGVD29",17040212,"dv",60,3,326188,NA,"wat",NA,1645423,0,"4/1/1950","10/15/2008",21383,"ID",c(-114.4692055, 42.614632),FALSE,"CHECK"
7884,"USGS",13092000,"ROCK CREEK NR ROCK CREEK ID","ID","ST",42.35630256,-114.3041959,"S","NAD83",4340,20,"NGVD29",17040212,"dv",60,3,45523,NA,"wat",NA,1645423,0,"11/28/1909","9/29/1974",12844,"ID",c(-114.3041959, 42.35630256),FALSE,"PASS"
7886,"USGS",13092747,"ROCK CREEK AB HWY 30/93 XING AT TWIN FALLS ID","ID","ST",42.5625,-114.4947222,"S","NAD83",3630,1,"NGVD29",17040212,"dv",60,3,296341,NA,"wat",NA,1645423,0,"10/1/1992","2/14/2026",12190,"ID",c(-114.4947222, 42.5625),TRUE,"BORDER"
7887,"USGS",13093000,"ROCK CREEK BELOW POLELINE ROAD NR TWIN FALLS ID","ID","ST",42.5935205,-114.529763,"F","NAD83",3500,20,"NGVD29",17040212,"dv",60,3,45536,NA,"wat",NA,1645423,0,"3/27/1922","9/30/1990",11918,"ID",c(-114.529763, 42.5935205),FALSE,"PASS"
7894,"USGS",13094000,"SNAKE RIVER NR BUHL ID","ID","ST",42.6658333,-114.7122222,"F","NAD83",2960.27,0.12,"NAVD88",17040212,"dv",60,3,45546,NA,"wat",NA,1645423,0,"12/12/1946","2/14/2026",28919,"ID",c(-114.7122222, 42.6658333),FALSE,"PASS"
7899,"USGS",13095175,"BRIGGS SPRING AT HEAD NEAR BUHL ID","ID","SP",42.67388889,-114.8091667,"S","NAD83",3002.94,0.03,"NAVD88",17040212,"dv",60,3,45558,NA,"wat",NA,1645423,0,"4/24/1989","2/14/2026",13443,"ID",c(-114.8091667, 42.67388889),FALSE,"PASS"
7901,"USGS",13095500,"BOX CANYON SPRINGS NR WENDELL ID","ID","SP",42.7075,-114.8102778,"S","NAD83",2987.29,0.03,"NAVD88",17040212,"dv",60,3,45567,NA,"wat",NA,1645423,0,"4/1/1950","2/14/2026",27714,"ID",c(-114.8102778, 42.7075),FALSE,"PASS"
7903,"USGS",13106000,"SALMON RIVER CANAL CO CANAL NR ROGERSON ID","ID","ST-CA",42.2208333,-114.7377778,"1","NAD83",NA,NA,NA,17040213,"dv",60,3,45595,NA,"wat",NA,1645423,0,"4/1/1937","9/24/2017",22942,"ID",c(-114.7377778, 42.2208333),FALSE,"PASS"
7909,"USGS",13108150,"SALMON FALLS CREEK NR HAGERMAN ID","ID","ST",42.69638889,-114.8552778,"S","NAD83",2893.7,0.37,"NAVD88",17040213,"dv",60,3,45609,NA,"wat",NA,1645423,0,"4/6/1970","2/14/2026",20401,"ID",c(-114.8552778, 42.69638889),FALSE,"PASS"
7915,"USGS",13112000,"CAMAS CREEK AT CAMAS ID","ID","ST",44.00277778,-112.221111,"S","NAD83",4807.15,0.09,"NAVD88",17040214,"dv",60,3,45622,NA,"wat",NA,1645423,0,"5/1/1925","2/14/2026",35216,"ID",c(-112.221111, 44.00277778),FALSE,"PASS"
7917,"USGS",13113000,"BEAVER CREEK AT SPENCER ID","ID","ST",44.35527778,-112.18,"S","NAD83",5843,4.3,"NAVD88",17040214,"dv",60,3,45624,NA,"wat",NA,1645423,0,"10/1/1940","9/29/2019",12137,"ID",c(-112.18, 44.35527778),FALSE,"PASS"
7918,"USGS",13113500,"BEAVER CREEK AT DUBOIS ID","ID","ST",44.17666667,-112.2288889,"S","NAD83",5150,20,"NGVD29",17040214,"dv",60,3,45628,NA,"wat",NA,1645423,0,"5/1/1921","9/30/1987",19430,"ID",c(-112.2288889, 44.17666667),FALSE,"PASS"
7919,"USGS",13114000,"BEAVER CREEK NR CAMAS ID","ID","ST",44.0072222,-112.2241667,"S","NAD83",4790,20,"NGVD29",17040214,"dv",60,3,45629,NA,"wat",NA,1645423,0,"5/1/1921","9/30/1991",21571,"ID",c(-112.2241667, 44.0072222),FALSE,"PASS"
7923,"USGS",13116500,"MEDICINE LODGE CREEK NR SMALL ID","ID","ST",44.25916667,-112.4102778,"S","NAD83",5461.67,0.09,"NAVD88",17040215,"dv",60,3,45634,NA,"wat",NA,1645423,0,"4/19/1921","2/14/2026",18872,"ID",c(-112.4102778, 44.25916667),FALSE,"PASS"
7931,"USGS",13118700,"LITTLE LOST RIVER BL WET CREEK NR HOWE ID","ID","ST",44.1386111,-113.2452778,"S","NAD83",5877.36,0.29,"NAVD88",17040217,"dv",60,3,45649,NA,"wat",NA,1645423,0,"1/1/1958","2/14/2026",24882,"ID",c(-113.2452778, 44.1386111),FALSE,"PASS"
7933,"USGS",13119000,"LITTLE LOST RIVER NR HOWE, ID","ID","ST",43.87027778,-113.0880556,"S","NAD83",5025.7,0.18,"NAVD88",17040217,"dv",60,3,45655,NA,"wat",NA,1645423,0,"4/13/1921","12/25/2025",25225,"ID",c(-113.0880556, 43.87027778),FALSE,"PASS"
7934,"USGS",13119500,"BLAINE COUNTY INVESTMENT CO CANAL NR HOWE ID","ID","ST-CA",43.8804586,-113.095282,"F","NAD83",NA,NA,NA,17040217,"dv",60,3,45656,NA,"wat",NA,1645423,0,"4/11/1924","9/29/1978",17403,"ID",c(-113.095282, 43.8804586),FALSE,"PASS"
7935,"USGS",13120000,"NF BIG LOST RIVER AT WILD HORSE NR CHILLY ID","ID","ST",43.93277778,-114.1138889,"S","NAD83",6861.97,0.06,"NAVD88",1.7e+11,"dv",60,3,45657,NA,"wat",NA,1645423,0,"4/1/1944","5/1/2025",29615,"ID",c(-114.1138889, 43.93277778),FALSE,"PASS"
7936,"USGS",13120500,"BIG LOST RIVER AT HOWELL RANCH NR CHILLY ID","ID","ST",43.9983333,-114.021111,"S","NAD83",6626.34,0.05,"NAVD88",17040218,"dv",60,3,296349,NA,"wat",NA,1645423,0,"5/1/1904","2/14/2026",36694,"ID",c(-114.021111, 43.9983333),FALSE,"PASS"
7943,"USGS",13123500,"BIG LOST RIVER E CHL AB MACKAY RES NR MACKAY ID","ID","ST",43.9722222,-113.7313889,"S","NAD83",6180,20,"NGVD29",17040218,"dv",60,3,45667,NA,"wat",NA,1645423,0,"5/1/1919","11/14/1959",14442,"ID",c(-113.7313889, 43.9722222),FALSE,"PASS"
7944,"USGS",13124000,"BIG LOST RIVER W CHL AB MACKAY RES NR MACKAY ID","ID","ST",43.9725,-113.7452778,"S","NAD83",6238,20,"NGVD29",17040218,"dv",60,3,296353,NA,"wat",NA,1645423,0,"5/9/1919","11/16/1959",14802,"ID",c(-113.7452778, 43.9725),FALSE,"PASS"
7946,"USGS",13124500,"WARM SPRINGS CREEK E CHL NR MACKAY ID","ID","ST",43.9697222,-113.7438889,"S","NAD83",6460,20,"NGVD29",17040218,"dv",60,3,45669,NA,"wat",NA,1645423,0,"5/1/1919","11/6/1959",14800,"ID",c(-113.7438889, 43.9697222),FALSE,"PASS"
7947,"USGS",13125000,"WARM SPRINGS CREEK W CHL NR MACKAY ID","ID","ST",43.9683333,-113.7438889,"S","NAD83",6446,20,"NGVD29",17040218,"dv",60,3,45670,NA,"wat",NA,1645423,0,"5/8/1919","11/6/1959",14793,"ID",c(-113.7438889, 43.9683333),FALSE,"PASS"
7948,"USGS",13125500,"SURFACE INFLOW TO MACKAY RES NR MACKAY ID","ID","ST",43.93324407,-113.7508635,"F","NAD83",NA,NA,NA,17040218,"dv",60,3,45671,NA,"wat",NA,1645423,0,"5/9/1919","11/6/1959",14792,"ID",c(-113.7508635, 43.93324407),FALSE,"PASS"
7949,"USGS",13126500,"SHARP DITCH NR MACKAY ID","ID","ST-DCH",43.9461111,-113.6552778,"S","NAD83",5984.98,0.01,"NGVD29",17040218,"dv",60,3,45674,NA,"wat",NA,1645423,0,"6/6/1912","9/29/1969",18052,"ID",c(-113.6552778, 43.9461111),FALSE,"PASS"
7950,"USGS",13127000,"BIG LOST RIVER BL MACKAY RES NR MACKAY ID","ID","ST",43.93916667,-113.6483333,"S","NAD83",5950.58,0.1,"NAVD88",17040218,"dv",60,3,45675,NA,"wat",NA,1645423,0,"12/1/1903","2/14/2026",41146,"ID",c(-113.6483333, 43.93916667),FALSE,"PASS"
7969,"USGS",13132500,"BIG LOST RIVER NR ARCO ID","ID","ST",43.5822222,-113.2705556,"S","NAD83",5239.79,0.07,"NAVD88",17040218,"dv",60,3,45692,NA,"wat",NA,1645423,0,"9/1/1946","2/14/2026",26955,"ID",c(-113.2705556, 43.5822222),FALSE,"PASS"
7970,"USGS",13132513,"INL DIVERSION AT HEAD NEAR ARCO ID","ID","ST",43.5136111,-113.0838889,"S","NAD83",5003.05,0.07,"NAVD88",17040218,"dv",60,3,45693,NA,"wat",NA,1645423,0,"7/20/1984","8/31/2025",13185,"ID",c(-113.0838889, 43.5136111),FALSE,"PASS"
7972,"USGS",13132520,"BIG LOST RIVER BL INL DIV NEAR ARCO ID","ID","ST",43.5158333,-113.0819444,"S","NAD83",5003.01,0.06,"NAVD88",17040218,"dv",60,3,45695,NA,"wat",NA,1645423,0,"7/11/1984","8/31/2025",13419,"ID",c(-113.0819444, 43.5158333),FALSE,"PASS"
7973,"USGS",13132535,"BIG LOST R AT LINCOLN BLVD BRIDGE NR ATOMIC CITY",NA,"ST",43.57440278,-112.9421167,"1","NAD83",4902.07,0.06,"NAVD88",17040218,"dv",60,3,45696,NA,"wat",NA,1645423,0,"7/12/1984","11/23/2025",13478,"ID",c(-112.9421167, 43.57440278),FALSE,"CHECK"
7984,"USGS",13135000,"SNAKE RIVER BL LOWER SALMON FALLS NR HAGERMAN ID","ID","ST",42.84851319,-114.9014473,"F","NAD83",2727.7,0.01,"NGVD29",17040212,"dv",60,3,45715,NA,"wat",NA,1645423,0,"10/1/1937","10/27/2025",32169,"ID",c(-114.9014473, 42.84851319),FALSE,"PASS"
7985,"USGS",13135500,"BIG WOOD RIVER NR KETCHUM ID","ID","ST",43.78626389,-114.4250556,"S","NAD83",6225.02,0.02,"NAVD88",17040219,"dv",60,3,45716,NA,"wat",NA,1645423,0,"6/1/1948","2/14/2026",13935,"ID",c(-114.4250556, 43.78626389),FALSE,"PASS"
7995,"USGS",13139000,"BIG WOOD SLOUGH AT HAILEY ID","ID","ST",43.51777778,-114.3197222,"S","NAD83",5301.17,0.01,"NGVD29",17040219,"dv",60,3,45741,NA,"wat",NA,1645423,0,"6/11/1915","11/2/1973",21330,"ID",c(-114.3197222, 43.51777778),FALSE,"PASS"
7996,"USGS",13139500,"BIG WOOD RIVER AT HAILEY ID","ID","ST",43.5172222,-114.3216667,"S","NAD83",5295.42,0.01,"NGVD29",17040219,"dv",60,3,45744,NA,"wat",NA,1645423,0,"7/1/1915","9/29/2006",33329,"ID",c(-114.3216667, 43.5172222),FALSE,"PASS"
7997,"USGS",13139510,"BIG WOOD RIVER AT HAILEY ID TOTAL FLOW",NA,"ST",43.5172222,-114.3216667,"S","NAD83",5298.73,0.03,"NAVD88",17040219,"dv",60,3,45745,NA,"wat",NA,1645423,0,"7/1/1915","2/14/2026",40405,"ID",c(-114.3216667, 43.5172222),FALSE,"CHECK"
8001,"USGS",13141000,"BIG WOOD RIVER NR BELLEVUE, ID","ID","ST",43.32805556,-114.3416667,"1","NAD83",4820,20,"NGVD29",17040219,"dv",60,3,45758,NA,"wat",NA,1645423,0,"7/6/1911","9/29/1996",27298,"ID",c(-114.3416667, 43.32805556),FALSE,"PASS"
8002,"USGS",13141500,"CAMAS CREEK NR BLAINE ID","ID","ST",43.33277778,-114.5419444,"S","NAD83",4870,20,"NGVD29",17040220,"dv",60,3,45767,NA,"wat",NA,1645423,0,"6/1/1912","2/14/2026",34976,"ID",c(-114.5419444, 43.33277778),FALSE,"PASS"
8003,"USGS",13142500,"BIG WOOD RIVER BL MAGIC DAM NR RICHFIELD ID","ID","ST",43.24805556,-114.3566667,"S","NAD83",4661.6,0.01,"NGVD29",17040219,"dv",60,3,296355,NA,"wat",NA,1645423,0,"4/19/1911","2/14/2026",41770,"ID",c(-114.3566667, 43.24805556),FALSE,"PASS"
8014,"USGS",13147900,"LITTLE WOOD RIVER AB HIGH FIVE CREEK NR CAREY ID","ID","ST",43.49305556,-114.0572222,"S","NAD83",5310.76,0.1,"NAVD88",17040221,"dv",60,3,45781,NA,"wat",NA,1645423,0,"10/1/1958","2/14/2026",22694,"ID",c(-114.0572222, 43.49305556),FALSE,"PASS"
8016,"USGS",13148500,"LITTLE WOOD RIVER NR CAREY ID","ID","ST",43.39,-113.9997222,"S","NAD83",4991.82,0.11,"NAVD88",17040221,"dv",60,3,45788,NA,"wat",NA,1645423,0,"5/1/1925","2/14/2026",36666,"ID",c(-113.9997222, 43.39),FALSE,"PASS"
8020,"USGS",13150430,"SILVER CREEK AT SPORTSMAN ACCESS NR PICABO ID","ID","ST",43.3233611,-114.10835,"S","NAD83",4834.45,0.02,"NAVD88",17040221,"dv",60,3,296356,NA,"wat",NA,1645423,0,"10/1/1974","2/14/2026",18765,"ID",c(-114.10835, 43.3233611),FALSE,"PASS"
8021,"USGS",13150500,"SILVER CREEK NEAR HWY 20 NEAR PICABO, ID","ID","ST",43.2836111,-114.0177778,"1","NAD83",4790,20,"NGVD29",17040221,"dv",60,3,45801,NA,"wat",NA,1645423,0,"6/1/1920","12/8/1962",13042,"ID",c(-114.0177778, 43.2836111),FALSE,"PASS"
8022,"USGS",13151000,"LITTLE WOOD RIVER NR RICHFIELD ID","ID","ST",43.0475,-114.1319444,"S","NAD83",4270,20,"NGVD29",17040221,"dv",60,3,45802,NA,"wat",NA,1645423,0,"1/1/1911","9/29/1972",16653,"ID",c(-114.1319444, 43.0475),FALSE,"PASS"
8025,"USGS",13152500,"MALAD RIVER NR GOODING ID","ID","ST",42.88638889,-114.8030556,"S","NAD83",3344.39,0.02,"NAVD88",17040219,"dv",60,3,45805,NA,"wat",NA,1645423,0,"3/26/1916","2/14/2026",37452,"ID",c(-114.8030556, 42.88638889),FALSE,"PASS"
8028,"USGS",13153000,"KING HILL CANAL NR HAGERMAN ID","ID","ST-CA",42.86805556,-114.911111,"S","NAD83",NA,NA,NA,17040212,"dv",60,3,296360,NA,"wat",NA,1645423,0,"11/6/1929","7/31/1978",15373,"ID",c(-114.911111, 42.86805556),FALSE,"PASS"
8029,"USGS",13153500,"MALAD RIVER NR BLISS ID","ID","ST",42.86323537,-114.902003,"F","NAD83",NA,NA,NA,17040219,"dv",60,3,326201,NA,"wat",NA,1645423,0,"1899-04-01","10/28/2025",15105,"ID",c(-114.902003, 42.86323537),FALSE,"PASS"
8033,"USGS",13153776,"SNAKE RIVER BL BLISS DAM NR BLISS ID","ID","ST",42.9143452,-115.0933982,"S","NAD83",2630,20,"NGVD29",17040212,"dv",60,3,45816,NA,"wat",NA,1645423,0,"8/31/1991","10/29/2025",12479,"ID",c(-115.0933982, 42.9143452),FALSE,"PASS"
8040,"USGS",13154500,"SNAKE RIVER AT KING HILL ID","ID","ST",43.0022222,-115.2025,"S","NAD83",2495.13,0.37,"NAVD88",17050101,"dv",60,3,45831,NA,"wat",NA,1645423,0,"6/1/1909","2/14/2026",42628,"ID",c(-115.2025, 43.0022222),FALSE,"PASS"
8077,"USGS",13159800,"CANYON CR AT OREGON TRAIL XING NR MOUNTAIN HOME ID","ID","ST",43.2611111,-115.7025,"S","NAD83",3541.67,0.04,"NAVD88",17050101,"dv",60,3,45870,NA,"wat",NA,1645423,0,"3/1/1984","2/14/2026",15320,"ID",c(-115.7025, 43.2611111),FALSE,"PASS"
8079,"USGS",13160500,"MOUNTAIN HOME FEEDER CANAL AT HEAD NR MTN. HOME ID","ID","ST-CA",43.2123942,-115.6931437,"S","NAD83",3330,20,"NGVD29",17050101,"dv",60,3,45872,NA,"wat",NA,1645423,0,"4/15/1924","10/13/1969",13686,"ID",c(-115.6931437, 43.2123942),FALSE,"PASS"
8098,"USGS",13168500,"BRUNEAU RIVER NR HOT SPRING ID","ID","ST",42.7711111,-115.7202778,"S","NAD83",2598.5,0.01,"NGVD29",17050102,"dv",60,3,45889,NA,"wat",NA,1645423,0,"7/1/1909","2/14/2026",32157,"ID",c(-115.7202778, 42.7711111),FALSE,"PASS"
8104,"USGS",13169500,"BIG JACKS CREEK NR BRUNEAU ID","ID","ST",42.785,-115.9833333,"1","NAD83",2810,20,"NGVD29",17050102,"dv",60,3,45899,NA,"wat",NA,1645423,0,"12/1/1938","9/30/2004",18287,"ID",c(-115.9833333, 42.785),FALSE,"PASS"
8120,"USGS",13171620,"SNAKE RIVER BL CJ STRIKE DAM NR GRAND VIEW ID","ID","ST",42.94711569,-115.981204,"F","NAD83",NA,NA,NA,17050103,"dv",60,3,45915,NA,"wat",NA,1645423,0,"4/1/1985","10/23/2025",14816,"ID",c(-115.981204, 42.94711569),FALSE,"PASS"
8126,"USGS",13172500,"SNAKE RIVER NR MURPHY ID","ID","ST",43.25481389,-116.3906389,"5","NAD83",2265.52,0.63,"NAVD88",17050103,"dv",60,3,45921,NA,"wat",NA,1645423,0,"8/29/1912","2/14/2026",41150,"ID",c(-116.3906389, 43.25481389),FALSE,"PASS"
8141,"USGS",13185000,"BOISE RIVER NR TWIN SPRINGS ID","ID","ST",43.66805556,-115.7252778,"1","NAD83",3274.96,0.29,"NAVD88",17050112,"dv",60,3,45962,NA,"wat",NA,1645423,0,"4/1/1911","2/14/2026",41958,"ID",c(-115.7252778, 43.66805556),FALSE,"PASS"
8143,"USGS",13186000,"SF BOISE RIVER NR FEATHERVILLE ID","ID","ST",43.4958333,-115.3080556,"1","NAD83",4222.39,0.28,"NAVD88",17050113,"dv",60,3,45969,NA,"wat",NA,1645423,0,"5/1/1945","2/14/2026",29510,"ID",c(-115.3080556, 43.4958333),FALSE,"PASS"
8146,"USGS",13189000,"LITTLE CAMAS CANAL AT HEADING NR BENNETT ID","ID","ST-CA",43.35277778,-115.391111,"S","NAD83",4926,20,"NGVD29",17050113,"dv",60,3,45972,NA,"wat",NA,1645423,0,"6/1/1917","9/29/1973",18133,"ID",c(-115.391111, 43.35277778),FALSE,"PASS"
8148,"USGS",13190500,"SF BOISE RIVER AT ANDERSON RANCH DAM ID","ID","ST",43.3436111,-115.4775,"S","NAD83",3833.07,0.26,"NAVD88",17050113,"dv",60,3,45980,NA,"wat",NA,1645423,0,"4/8/1943","2/14/2026",30264,"ID",c(-115.4775, 43.3436111),FALSE,"PASS"
8151,"USGS",13191000,"SF BOISE RIVER NR LENOX ID","ID","ST",43.49638889,-115.6888889,"S","NAD83",3395,20,"NGVD29",17050113,"dv",60,3,45992,NA,"wat",NA,1645423,0,"4/1/1911","12/9/1947",13035,"ID",c(-115.6888889, 43.49638889),FALSE,"PASS"
8158,"USGS",13194500,"BOISE RIVER AT DOWLING RANCH NR ARROWROCK ID","ID","ST",43.59166667,-115.9752778,"S","NAD83",2890,20,"NGVD29",17050112,"dv",60,3,46005,NA,"wat",NA,1645423,0,"3/12/1911","4/30/1955",16121,"ID",c(-115.9752778, 43.59166667),FALSE,"PASS"
8168,"USGS",13200000,"MORES CREEK AB ROBIE CREEK NR ARROWROCK DAM ID","ID","ST",43.64805556,-115.9897222,"F","NAD83",3077.83,0.23,"NAVD88",17050112,"dv",60,3,296376,NA,"wat",NA,1645423,0,"10/1/1950","2/14/2026",27531,"ID",c(-115.9897222, 43.64805556),FALSE,"PASS"
8170,"USGS",13201000,"MORES CREEK NR ARROWROCK ID","ID","ST",43.58694444,-115.9852778,"S","NAD83",2896.11,0.01,"NGVD29",17050112,"dv",60,3,46020,NA,"wat",NA,1645423,0,"12/1/1915","3/30/1955",14365,"ID",c(-115.9852778, 43.58694444),FALSE,"PASS"
8171,"USGS",13202000,"BOISE RIVER NR BOISE ID","ID","ST",43.52766907,-116.0595539,"F","NAD83",2827,20,"NGVD29",17050114,"dv",60,3,46022,NA,"wat",NA,1645423,0,"1895-01-01","9/30/2019",31316,"ID",c(-116.0595539, 43.52766907),FALSE,"PASS"
8178,"USGS",13205500,"BOISE RIVER AT BOISE ID","ID","ST",43.60905575,-116.2084506,"F","NAD83",2675.46,0.01,"NGVD29",17050114,"dv",60,3,46038,NA,"wat",NA,1645423,0,"2/27/1940","10/31/1982",15588,"ID",c(-116.2084506, 43.60905575),FALSE,"PASS"
8181,"USGS",13206000,"BOISE RIVER AT GLENWOOD BRIDGE NR BOISE ID","ID","ST",43.66055556,-116.2791667,"1","NAD83",2603.02,0.1,"NAVD88",17050114,"dv",60,3,46041,NA,"wat",NA,1645423,0,"3/23/1938","2/14/2026",16969,"ID",c(-116.2791667, 43.66055556),FALSE,"PASS"
8207,"USGS",13212500,"BOISE RIVER AT NOTUS ID","ID","ST",43.7223828,-116.7937552,"F","NAD83",2288.55,0.01,"NGVD29",17050114,"dv",60,3,46102,NA,"wat",NA,1645423,0,"3/18/1920","9/29/1973",19210,"ID",c(-116.7937552, 43.7223828),FALSE,"PASS"
8212,"USGS",13213000,"BOISE RIVER NR PARMA ID","ID","ST",43.78166667,-116.9727778,"S","NAD83",2199.46,0.03,"NAVD88",17050114,"dv",60,3,46110,NA,"wat",NA,1645423,0,"8/26/1971","2/14/2026",18071,"ID",c(-116.9727778, 43.78166667),FALSE,"PASS"
8214,"USGS",13213100,"SNAKE RIVER AT NYSSA OR","OR","ST",43.8761111,-116.9825,"S","NAD83",2160.53,0.03,"NAVD88",17050115,"dv",60,3,296387,NA,"wat",NA,1645423,0,"11/26/1974","2/14/2026",17839,"ID",c(-116.9825, 43.8761111),FALSE,"FAIL"
8216,"USGS",13235000,"SOUTH FORK PAYETTE RIVER AT LOWMAN, ID","ID","ST",44.08527778,-115.6222222,"1","NAD83",3770,4.3,"NAVD88",17050120,"dv",60,3,46150,NA,"wat",NA,1645423,0,"6/1/1941","2/14/2026",30940,"ID",c(-115.6222222, 44.08527778),FALSE,"PASS"
8218,"USGS",13236500,"DEADWOOD RIVER BL DEADWOOD RES NR LOWMAN ID","ID","ST",44.29194444,-115.6419444,"F","NAD83",5180.52,0.01,"NGVD29",17050120,"dv",60,3,46157,NA,"wat",NA,1645423,0,"10/1/1926","2/14/2026",36296,"ID",c(-115.6419444, 44.29194444),FALSE,"PASS"
8219,"USGS",13237000,"DEADWOOD RIVER NR LOWMAN ID","ID","ST",44.0822222,-115.6605556,"S","NAD83",3680,20,"NGVD29",17050120,"dv",60,3,46158,NA,"wat",NA,1645423,0,"7/21/1921","1/31/1953",11498,"ID",c(-115.6605556, 44.0822222),FALSE,"PASS"
8220,"USGS",13237500,"SF PAYETTE RIVER NR GARDEN VALLEY ID","ID","ST",44.06100538,-115.9203953,"F","NAD83",3090,20,"NGVD29",17050120,"dv",60,3,46159,NA,"wat",NA,1645423,0,"5/15/1921","9/29/1960",14383,"ID",c(-115.9203953, 44.06100538),FALSE,"PASS"
8224,"USGS",13238000,"PAYETTE RIVER NR BANKS ID","ID","ST",44.0854476,-116.0998475,"F","NAD83",2805,20,"NGVD29",17050122,"dv",60,3,46167,NA,"wat",NA,1645423,0,"8/19/1921","9/29/1973",19035,"ID",c(-116.0998475, 44.0854476),FALSE,"PASS"
8226,"USGS",13239000,"NF PAYETTE RIVER AT MCCALL ID","ID","ST",44.9072222,-116.1191667,"F","NAD83",4971.82,1.7,"NAVD88",17050123,"dv",60,3,46170,NA,"wat",NA,1645423,0,"9/1/1908","2/14/2026",42198,"ID",c(-116.1191667, 44.9072222),FALSE,"PASS"
8228,"USGS",13240000,"LAKE FORK PAYETTE RIVER AB JUMBO CR NR MCCALL ID","ID","ST",44.9136111,-115.9972222,"S","NAD83",5140,20,"NGVD29",17050123,"dv",60,3,46175,NA,"wat",NA,1645423,0,"10/1/1945","9/30/2025",27721,"ID",c(-115.9972222, 44.9136111),FALSE,"PASS"
8231,"USGS",13242000,"LAKE IRRIGATION DISTRICT CANAL NR MC CALL, ID","ID","ST-CA",44.8972222,-116.0413889,"S","NAD83",NA,NA,NA,17050123,"dv",60,3,46179,NA,"wat",NA,1645423,0,"5/9/1926","9/29/1973",15058,"ID",c(-116.0413889, 44.8972222),FALSE,"PASS"
8232,"USGS",13242500,"LAKE FORK PAYETTE RIVER BL LID CANAL NR MCCALL ID","ID","ST",44.89527778,-116.0405556,"S","NAD83",5080,20,"NGVD29",17050123,"dv",60,3,46180,NA,"wat",NA,1645423,0,"10/1/1940","9/29/1973",12052,"ID",c(-116.0405556, 44.89527778),FALSE,"PASS"
8236,"USGS",13245000,"NF PAYETTE RIVER AT CASCADE ID","ID","ST",44.52489317,-116.0467983,"F","NAD83",3084.61,0.21,"NAVD88",17050123,"dv",60,3,46186,NA,"wat",NA,1645423,0,"5/1/1941","10/20/2025",30854,"ID",c(-116.0467983, 44.52489317),FALSE,"PASS"
8238,"USGS",13246000,"NF PAYETTE RIVER NR BANKS ID","ID","ST",44.11416667,-116.1072222,"S","NAD83",3084.61,0.21,"NAVD88",17050123,"dv",60,3,46193,NA,"wat",NA,1645423,0,"4/21/1947","2/14/2026",28706,"ID",c(-116.1072222, 44.11416667),FALSE,"PASS"
8241,"USGS",13247500,"PAYETTE RIVER NR HORSESHOE BEND ID","ID","ST",43.9433333,-116.1966667,"S","NAD83",2625.61,0.01,"NGVD29",17050122,"dv",60,3,46196,NA,"wat",NA,1645423,0,"10/1/1906","2/14/2026",42567,"ID",c(-116.1966667, 43.9433333),FALSE,"PASS"
8245,"USGS",13249500,"PAYETTE RIVER NR EMMETT ID","ID","ST",43.93055556,-116.4427778,"S","NAD83",2400.32,0.01,"NGVD29",17050122,"dv",60,3,46201,NA,"wat",NA,1645423,0,"6/11/1925","2/14/2026",36774,"ID",c(-116.4427778, 43.93055556),FALSE,"PASS"
8246,"USGS",13250000,"PAYETTE RIVER NR LETHA ID","ID","ST",43.90171944,-116.6332972,"R","NAD83",2274.75,0.1,"NAVD88",1.71e+11,"dv",60,3,46202,NA,"wat",NA,1645423,0,"7/11/1952","2/14/2026",14478,"ID",c(-116.6332972, 43.90171944),FALSE,"PASS"
8249,"USGS",13251000,"PAYETTE RIVER NR PAYETTE ID","ID","ST",44.0422222,-116.9252778,"1","NAD83",2138.44,0.01,"NGVD29",17050122,"dv",60,3,46205,NA,"wat",NA,1645423,0,"8/1/1935","2/14/2026",33071,"ID",c(-116.9252778, 44.0422222),FALSE,"PASS"
8251,"USGS",13251500,"WEISER RIVER AT TAMARACK ID","ID","ST",44.94666667,-116.3827778,"S","NAD83",4080,20,"NGVD29",17050124,"dv",60,3,46212,NA,"wat",NA,1645423,0,"9/16/1936","12/31/1975",13505,"ID",c(-116.3827778, 44.94666667),FALSE,"PASS"
8256,"USGS",13254500,"LOST CREEK NR TAMARACK ID","ID","ST",44.95416667,-116.4663889,"S","NAD83",4729.6,0.01,"NGVD29",17050124,"dv",60,3,46218,NA,"wat",NA,1645423,0,"1/1/1910","11/9/1982",17482,"ID",c(-116.4663889, 44.95416667),FALSE,"PASS"
8267,"USGS",13258500,"WEISER RIVER NR CAMBRIDGE ID","ID","ST",44.5794444,-116.6433333,"S","NAD83",2647.64,0.09,"NAVD88",17050124,"dv",60,3,46233,NA,"wat",NA,1645423,0,"4/1/1939","2/14/2026",31732,"ID",c(-116.6433333, 44.5794444),FALSE,"PASS"
8271,"USGS",13261000,"LITTLE WEISER RIVER NR INDIAN VALLEY ID","ID","ST",44.49305556,-116.3980556,"S","NAD83",3250,20,"NGVD29",17050124,"dv",60,3,326212,NA,"wat",NA,1645423,0,"6/26/1920","9/29/1971",13847,"ID",c(-116.3980556, 44.49305556),FALSE,"PASS"
8277,"USGS",13263500,"WEISER RIVER AB CRANE CREEK NR WEISER ID","ID","ST",44.30277778,-116.7944444,"S","NAD83",2270,20,"NGVD29",17050124,"dv",60,3,296401,NA,"wat",NA,1645423,0,"6/23/1920","9/29/1952",11610,"ID",c(-116.7944444, 44.30277778),FALSE,"PASS"
8278,"USGS",13264500,"CRANE CREEK NR MIDVALE ID","ID","ST",44.35544265,-116.6190418,"F","NAD83",3140,20,"NGVD29",17050124,"dv",60,3,46247,NA,"wat",NA,1645423,0,"11/1/1910","10/11/1969",18424,"ID",c(-116.6190418, 44.35544265),FALSE,"PASS"
8280,"USGS",13265500,"CRANE CREEK AT MOUTH NR WEISER ID","ID","ST",44.2918111,-116.7826306,"1","NAD83",2243.79,0.02,"NAVD88",17050124,"dv",60,3,46249,NA,"wat",NA,1645423,0,"7/14/1920","2/14/2026",28799,"ID",c(-116.7826306, 44.2918111),FALSE,"PASS"
8281,"USGS",13266000,"WEISER RIVER NR WEISER ID","ID","ST",44.27,-116.7722222,"1","NAD83",2208.9,0.23,"NAVD88",17050124,"dv",60,3,296405,NA,"wat",NA,1645423,0,"1894-12-05","2/14/2026",31614,"ID",c(-116.7722222, 44.27),FALSE,"PASS"
8282,"USGS",13266000,"WEISER RIVER NR WEISER ID","ID","ST",44.27,-116.7722222,"1","NAD83",2208.9,0.23,"NAVD88",17050124,"dv",60,3,296406,"[Discharge 1921 to 1952]","wat",NA,1645423,0,"10/1/1921","9/29/1952",11322,"ID",c(-116.7722222, 44.27),FALSE,"PASS"
8283,"USGS",13266500,"GALLOWAY CANAL NR WEISER ID","ID","ST-CA",44.2429431,-116.8343272,"F","NAD83",NA,NA,NA,17050124,"dv",60,3,296407,NA,"wat",NA,1645423,0,"4/29/1920","10/12/1969",13377,"ID",c(-116.8343272, 44.2429431),FALSE,"PASS"
8289,"USGS",13269000,"SNAKE RIVER AT WEISER ID","ID","ST",44.24555556,-116.9808333,"1","NAD83",2089.52,0.05,"NAVD88",17050201,"dv",60,3,46267,NA,"wat",NA,1645423,0,"10/1/1910","2/14/2026",42141,"ID",c(-116.9808333, 44.24555556),FALSE,"PASS"
8304,"USGS",13295000,"VALLEY CREEK AT STANLEY ID","ID","ST",44.2225,-114.931111,"1","NAD83",6221.81,0.01,"NGVD29",17060201,"dv",60,3,46297,NA,"wat",NA,1645423,0,"6/1/1911","2/14/2026",31717,"ID",c(-114.931111, 44.2225),FALSE,"PASS"
8305,"USGS",13295500,"SALMON RIVER BL VALLEY CREEK AT STANLEY ID","ID","ST",44.23277778,-114.9177778,"S","NAD83",6190.32,0.01,"NGVD29",17060201,"dv",60,3,46298,NA,"wat",NA,1645423,0,"7/17/1925","10/31/1960",12891,"ID",c(-114.9177778, 44.23277778),FALSE,"PASS"
8306,"USGS",13296000,"YANKEE FORK SALMON RIVER NR CLAYTON ID","ID","ST",44.27888889,-114.7338889,"1","NAD83",5950,5,"NAVD88",17060201,"dv",60,3,46302,NA,"wat",NA,1645423,0,"5/1/1921","2/14/2026",15082,"ID",c(-114.7338889, 44.27888889),FALSE,"PASS"
8307,"USGS",13296500,"SALMON RIVER BL YANKEE FORK NR CLAYTON ID","ID","ST",44.2683333,-114.7327778,"S","NAD83",5900,20,"NGVD29",17060201,"dv",60,3,46303,NA,"wat",NA,1645423,0,"10/1/1921","2/14/2026",34227,"ID",c(-114.7327778, 44.2683333),FALSE,"PASS"
8309,"USGS",13297330,"THOMPSON CREEK NR CLAYTON ID","ID","ST",44.27027778,-114.5166667,"F","NAD83",5700,20,"NGVD29",17060201,"dv",60,3,46305,NA,"wat",NA,1645423,0,"10/1/1972","2/14/2026",19494,"ID",c(-114.5166667, 44.27027778),FALSE,"PASS"
8310,"USGS",13297350,"BRUNO CREEK NR CLAYTON ID","ID","ST",44.2975,-114.4813889,"S","NAD83",5828.77,0.28,"NAVD88",17060201,"dv",60,3,46306,NA,"wat",NA,1645423,0,"4/16/1971","1/29/2026",20013,"ID",c(-114.4813889, 44.2975),FALSE,"PASS"
8311,"USGS",13297355,"Paasasikwana Naokwaide bl Bruno Ck","CK","ST",44.2908333,-114.4716667,"S","NAD83",5718.89,0.27,"NAVD88",17060201,"dv",60,3,46307,NA,"wat",NA,1645423,0,"10/1/1972","2/14/2026",19483,"ID",c(-114.4716667, 44.2908333),FALSE,"FAIL"
8329,"USGS",13302000,"PAHSIMEROI RIVER NR MAY ID","ID","ST",44.68964775,-114.045339,"F","NAD83",4636.95,0.01,"NGVD29",17060202,"dv",60,3,46329,NA,"wat",NA,1645423,0,"10/1/1929","6/30/1972",11358,"ID",c(-114.045339, 44.68964775),FALSE,"PASS"
8330,"USGS",13302005,"PAHSIMEROI RIVER AT ELLIS ID","ID","ST",44.69166667,-114.0469444,"S","NAD83",4638.84,0.14,"NAVD88",17060202,"dv",60,3,326216,NA,"wat",NA,1645423,0,"10/1/1984","2/14/2026",15112,"ID",c(-114.0469444, 44.69166667),FALSE,"PASS"
8331,"USGS",13302500,"SALMON RIVER AT SALMON ID","ID","ST",45.1836111,-113.8952778,"S","NAD83",3914.99,0.1,"NAVD88",17060203,"dv",60,3,46334,NA,"wat",NA,1645423,0,"10/1/1912","2/14/2026",40366,"ID",c(-113.8952778, 45.1836111),FALSE,"PASS"
8344,"USGS",13305000,"LEMHI RIVER NR LEMHI ID","ID","ST",44.94,-113.6391667,"S","NAD83",4899.76,0.12,"NAVD88",17060204,"dv",60,3,46357,NA,"wat",NA,1645423,0,"12/1/1938","2/14/2026",24640,"ID",c(-113.6391667, 44.94),FALSE,"PASS"
8346,"USGS",13305310,"LEMHI RIVER BELOW L5 DIVERSION NEAR SALMON, ID","ID","ST",45.13277778,-113.7988889,"S","NAD83",4168.76,0.19,"NAVD88",17060204,"dv",60,3,46359,NA,"wat",NA,1645423,0,"11/18/1992","2/14/2026",11979,"ID",c(-113.7988889, 45.13277778),FALSE,"PASS"
8352,"USGS",13306385,"NAPIAS CREEK BELOW ARNETT CREEK NEAR LEESBURG, ID","ID","ST",45.20555556,-114.1338889,"S","NAD83",6319.95,0.11,"NAVD88",17060203,"dv",60,3,46367,NA,"wat",NA,1645423,0,"8/9/1991","2/14/2026",12596,"ID",c(-114.1338889, 45.20555556),FALSE,"PASS"
8353,"USGS",13306500,"PANTHER CREEK NR SHOUP ID","ID","ST",45.3060277,-114.3928643,"F","NAD83",3264.96,0.01,"NGVD29",17060203,"dv",60,3,46368,NA,"wat",NA,1645423,0,"10/1/1944","9/29/1977",12052,"ID",c(-114.3928643, 45.3060277),FALSE,"PASS"
8354,"USGS",13307000,"SALMON RIVER NR SHOUP ID","ID","ST",45.3225,-114.44,"S","NAD83",3157.59,0.12,"NAVD88",17060203,"dv",60,3,46369,NA,"wat",NA,1645423,0,"10/1/1944","2/14/2026",22051,"ID",c(-114.44, 45.3225),FALSE,"PASS"
8357,"USGS",13308500,"MF SALMON RIVER NR CAPEHORN ID","ID","ST",44.4083333,-115.1788889,"1","NAD83",6435,20,"NGVD29",17060205,"dv",60,3,46372,NA,"wat",NA,1645423,0,"10/1/1928","7/17/1972",15996,"ID",c(-115.1788889, 44.4083333),FALSE,"PASS"
8358,"USGS",13309000,"BEAR VALLEY CREEK NR CAPE HORN ID","ID","ST",44.4275,-115.2941667,"S","NAD83",6340,20,"NGVD29",17060205,"dv",60,3,46373,NA,"wat",NA,1645423,0,"9/6/1921","10/30/1960",12885,"ID",c(-115.2941667, 44.4275),FALSE,"PASS"
8359,"USGS",13309220,"MF SALMON RIVER AT MF LODGE NR YELLOW PINE ID","ID","ST",44.7215194,-115.0143472,"1","NAD83",4384.4,0.15,"NAVD88",17060205,"dv",60,3,46374,NA,"wat",NA,1645423,0,"4/1/1973","2/14/2026",12952,"ID",c(-115.0143472, 44.7215194),FALSE,"PASS"
8362,"USGS",13310199,"MF SALMON RIVER AT MOUTH NR SHOUP, ID","ID","ST",45.2936111,-114.5963889,"S","NAD83",2986.38,0.16,"NAVD88",17060206,"dv",60,3,46377,NA,"wat",NA,1645423,0,"10/1/1993","2/14/2026",11819,"ID",c(-114.5963889, 45.2936111),FALSE,"PASS"
8363,"USGS",13310500,"SF SALMON RIVER NR KNOX ID","ID","ST",44.65406567,-115.7023395,"F","NAD83",5090.31,0.01,"NGVD29",17060208,"dv",60,3,46378,NA,"wat",NA,1645423,0,"9/8/1928","10/31/1960",11742,"ID",c(-115.7023395, 44.65406567),FALSE,"PASS"
8369,"USGS",13310700,"SF SALMON RIVER NR KRASSEL RANGER STATION ID","ID","ST",44.9869444,-115.725,"S","NAD83",3750,20,"NGVD29",17060208,"dv",60,3,46384,NA,"wat",NA,1645423,0,"10/1/1966","2/14/2026",19919,"ID",c(-115.725, 44.9869444),FALSE,"PASS"
8372,"USGS",13311000,"EF OF SF SALMON RIVER AT STIBNITE, ID","ID","ST",44.9057222,-115.3295,"5","NAD83",6466,4.3,"NAVD88",17060208,"dv",60,3,46405,NA,"wat",NA,1645423,0,"6/15/1928","2/14/2026",16215,"ID",c(-115.3295, 44.9057222),FALSE,"PASS"
8378,"USGS",13313000,"JOHNSON CREEK AT YELLOW PINE ID","ID","ST",44.96166667,-115.5,"S","NAD83",4655.75,0.01,"NGVD29",17060208,"dv",60,3,46441,NA,"wat",NA,1645423,0,"9/1/1928","2/14/2026",35596,"ID",c(-115.5, 44.96166667),FALSE,"PASS"
8391,"USGS",13316500,"LITTLE SALMON RIVER AT RIGGINS ID","ID","ST",45.41305556,-116.3252778,"S","NAD83",1755.28,0.1,"NAVD88",17060210,"dv",60,3,46450,NA,"wat",NA,1645423,0,"2/1/1951","2/14/2026",26827,"ID",c(-116.3252778, 45.41305556),FALSE,"PASS"
8395,"USGS",13317000,"SALMON RIVER AT WHITE BIRD ID","ID","ST",45.75027778,-116.3238889,"F","NAD83",1416.01,0.2,"NAVD88",17060209,"dv",60,3,296431,NA,"wat",NA,1645423,0,"9/1/1910","2/14/2026",41436,"ID",c(-116.3238889, 45.75027778),FALSE,"PASS"
8403,"USGS",13336500,"SELWAY RIVER NR LOWELL ID","ID","ST",46.08666667,-115.5138889,"S","NAD83",1533.45,0.3,"NAVD88",17060302,"dv",60,3,326226,NA,"wat",NA,1645423,0,"4/11/1911","2/14/2026",35346,"ID",c(-115.5138889, 46.08666667),FALSE,"PASS"
8407,"USGS",13337000,"LOCHSA RIVER NR LOWELL ID","ID","ST",46.1508333,-115.5872222,"S","NAD83",1462.5,0.4,"NAVD88",17060303,"dv",60,3,46507,NA,"wat",NA,1645423,0,"10/1/1910","2/14/2026",35931,"ID",c(-115.5872222, 46.1508333),FALSE,"PASS"
8411,"USGS",13337500,"SF CLEARWATER RIVER NR ELK CITY ID","ID","ST",45.82527778,-115.5272222,"S","NAD83",3810,0.1,"NGVD29",17060305,"dv",60,3,296437,NA,"wat",NA,1645423,0,"10/1/1944","10/22/2024",16824,"ID",c(-115.5272222, 45.82527778),FALSE,"PASS"
8412,"USGS",13338000,"SF CLEARWATER RIVER NR GRANGEVILLE ID","ID","ST",45.9111111,-116.0083333,"S","NAD83",1830,20,"NGVD29",17060305,"dv",60,3,46524,NA,"wat",NA,1645423,0,"11/14/1910","9/29/1963",16831,"ID",c(-116.0083333, 45.9111111),FALSE,"PASS"
8413,"USGS",13338500,"SF CLEARWATER RIVER AT STITES ID","ID","ST",46.08638889,-115.9766667,"S","NAD83",1327.12,0.6,"NAVD88",17060305,"dv",60,3,46525,NA,"wat",NA,1645423,0,"10/1/1911","2/14/2026",22612,"ID",c(-115.9766667, 46.08638889),FALSE,"PASS"
8416,"USGS",13339000,"CLEARWATER RIVER AT KAMIAH ID","ID","ST",46.23277778,-116.0225,"S","NAD83",1162.52,0.01,"NGVD29",17060306,"dv",60,3,46532,NA,"wat",NA,1645423,0,"8/20/1910","10/31/1965",20162,"ID",c(-116.0225, 46.23277778),FALSE,"PASS"
8417,"USGS",13339500,"LOLO CREEK NR GREER ID","ID","ST",46.37166667,-116.1625,"S","NAD83",1077.8,0.8,"NAVD88",17060306,"dv",60,3,46533,NA,"wat",NA,1645423,0,"11/12/1911","2/3/2026",17343,"ID",c(-116.1625, 46.37166667),FALSE,"PASS"
8419,"USGS",13340000,"CLEARWATER RIVER AT OROFINO ID","ID","ST",46.4783333,-116.2575,"S","NAD83",993.89,0.9,"NAVD88",17060306,"dv",60,3,46535,NA,"wat",NA,1645423,0,"10/1/1930","2/14/2026",25338,"ID",c(-116.2575, 46.4783333),FALSE,"PASS"
8421,"USGS",13340600,"NF CLEARWATER RIVER NR CANYON RANGER STATION ID","ID","ST",46.84055556,-115.621111,"S","NAD83",1706.15,0.1,"NAVD88",17060307,"dv",60,3,46543,NA,"wat",NA,1645423,0,"4/25/1967","2/14/2026",21479,"ID",c(-115.621111, 46.84055556),FALSE,"PASS"
8426,"USGS",13341050,"CLEARWATER RIVER NR PECK ID","ID","ST",46.50027778,-116.3925,"S","NAD83",940.08,0.11,"NAVD88",17060306,"dv",60,3,174098,NA,"wat",NA,1645423,0,"10/1/1964","2/14/2026",22417,"ID",c(-116.3925, 46.50027778),FALSE,"PASS"
8440,"USGS",13342450,"LAPWAI CREEK NR LAPWAI, ID","ID","ST",46.42638889,-116.806111,"S","NAD83",867.89,0.14,"NAVD88",17060306,"dv",60,3,46580,NA,"wat",NA,1645423,0,"10/1/1974","2/14/2026",17884,"ID",c(-116.806111, 46.42638889),FALSE,"PASS"
8441,"USGS",13342500,"CLEARWATER RIVER AT SPALDING ID","ID","ST",46.4483333,-116.8275,"S","NAD83",773.63,0.15,"NAVD88",17060306,"dv",60,3,46589,NA,"wat",NA,1645423,0,"10/1/1910","2/14/2026",37757,"ID",c(-116.8275, 46.4483333),FALSE,"PASS"
8442,"USGS",13345000,"PALOUSE RIVER NR POTLATCH, ID","ID","ST",46.91527778,-116.951111,"S","NAD83",2458.54,0.16,"NAVD88",17060108,"dv",60,3,326233,NA,"wat",NA,1645423,0,"10/24/1914","2/14/2026",23441,"ID",c(-116.951111, 46.91527778),FALSE,"PASS"
8443,"USGS",13346800,"PARADISE CR AT UNIVERSITY OF IDAHO AT MOSCOW ID","ID","ST",46.7319444,-117.0241667,"S","NAD83",2536.5,0.17,"NAVD88",17060108,"dv",60,3,46600,NA,"wat",NA,1645423,0,"10/1/1978","2/14/2026",17304,"ID",c(-117.0241667, 46.7319444),FALSE,"PASS"
12531,"USGS",5014500,"Swiftcurrent Creek at Many Glacier MT","MT","ST",48.7988333,-113.6567306,"1","NAD83",4876.78,0.01,"NGVD29",9040001,"dv",60,3,80619,NA,"wat",NA,1645423,0,"6/1/1912","2/14/2026",34768,"MT",c(-113.6567306, 48.7988333),FALSE,"PASS"
12533,"USGS",5016000,"Swiftcurrent Creek at Sherburne MT","MT","ST",48.8299083,-113.517211,"1","NAD83",4730.26,0.01,"NGVD29",9040001,"dv",60,3,80623,NA,"wat",NA,1645423,0,"7/1/1912","10/30/2004",22182,"MT",c(-113.517211, 48.8299083),FALSE,"PASS"
12535,"USGS",5017500,"St. Mary River near Babb MT","MT","ST",48.83303718,-113.4206533,"S","NAD83",4468.13,0.01,"NGVD29",9040001,"dv",60,3,80625,NA,"wat",NA,1645423,0,"7/14/1901","2/14/2026",33872,"MT",c(-113.4206533, 48.83303718),FALSE,"PASS"
12536,"USGS",5018000,"St. Mary Canal at intake near Babb MT","MT","ST-CA",48.85277778,-113.4169444,"1","NAD83",4470,1,"NAVD88",10010002,"dv",60,3,80626,NA,"wat",NA,1645423,0,"3/1/1918","7/22/2024",15603,"MT",c(-113.4169444, 48.85277778),FALSE,"PASS"
12537,"USGS",5018500,"St. Mary Canal at St. Mary Crossing near Babb MT","MT","ST-CA",48.94696667,-113.3753306,"1","NAD83",4450,1,"NAVD88",10010002,"dv",60,3,278351,"[Furnished]","wat",NA,1645423,0,"7/1/1918","10/31/2025",26404,"MT",c(-113.3753306, 48.94696667),FALSE,"PASS"
12538,"USGS",5019000,"St. Mary Canal at Hudson Bay Divide nr Browning",NA,"ST",48.9949864,-113.0775923,"U","NAD83",NA,NA,NA,10010002,"dv",60,3,80629,NA,"wat",NA,1645423,0,"3/1/1917","8/1/1984",12437,"MT",c(-113.0775923, 48.9949864),FALSE,"CHECK"
12549,"USGS",6012500,"Red Rock R bl Lima Reservoir nr Monida MT","MT","ST",44.65588056,-112.3712222,"1","NAD83",6530,1,"NGVD29",10020001,"dv",60,3,80643,NA,"wat",NA,1645423,0,"1/1/1911","2/14/2026",29535,"MT",c(-112.3712222, 44.65588056),FALSE,"PASS"
12557,"USGS",6016000,"Beaverhead River at Barretts MT","MT","ST",45.11612778,-112.7504944,"1","NAD83",5268.17,0.01,"NGVD29",10020002,"dv",60,3,80653,NA,"wat",NA,1645423,0,"10/1/1907","2/14/2026",38516,"MT",c(-112.7504944, 45.11612778),FALSE,"PASS"
12562,"USGS",6018500,"Beaverhead River near Twin Bridges MT","MT","ST",45.38338889,-112.4528306,"1","NAD83",4809.15,0.01,"NGVD29",10020002,"dv",60,3,80662,NA,"wat",NA,1645423,0,"8/21/1935","2/14/2026",29764,"MT",c(-112.4528306, 45.38338889),FALSE,"PASS"
12564,"USGS",6019500,"Ruby River above reservoir near Alder, MT","MT","ST",45.1923194,-112.1428167,"1","NAD83",5400,20,"NAVD88",10020003,"dv",60,3,80666,NA,"wat",NA,1645423,0,"5/1/1938","2/14/2026",31947,"MT",c(-112.1428167, 45.1923194),FALSE,"PASS"
12566,"USGS",6020600,"Ruby River below reservoir near Alder, MT","MT","ST",45.2418694,-112.1112389,"1","NAD83",5286.6,0.1,"NGVD29",10020003,"dv",60,3,80668,NA,"wat",NA,1645423,0,"11/30/1962","2/14/2026",23088,"MT",c(-112.1112389, 45.2418694),FALSE,"PASS"
12571,"USGS",6023000,"Ruby River near Twin Bridges MT","MT","ST",45.50691389,-112.3308889,"1","NAD83",4670,10,"NAVD88",10020003,"dv",60,3,80676,NA,"wat",NA,1645423,0,"8/21/1940","2/14/2026",11752,"MT",c(-112.3308889, 45.50691389),FALSE,"PASS"
12588,"USGS",6025500,"Big Hole River near Melrose MT","MT","ST",45.52658056,-112.701725,"1","NAD83",5032.87,0.01,"NGVD29",10020004,"dv",60,3,80705,NA,"wat",NA,1645423,0,"10/1/1923","2/14/2026",37393,"MT",c(-112.701725, 45.52658056),FALSE,"PASS"
12596,"USGS",6026500,"Jefferson River near Twin Bridges MT","MT","ST",45.6132833,-112.3293972,"1","NAD83",4560,1,"NAVD88",10020005,"dv",60,3,80728,NA,"wat",NA,1645423,0,"8/1/1940","2/14/2026",18246,"MT",c(-112.3293972, 45.6132833),FALSE,"PASS"
12611,"USGS",6033000,"Boulder River near Boulder, MT","MT","ST",46.21103056,-112.09165,"1","NAD83",4815.57,0.2,"NAVD88",10020006,"dv",60,3,80751,NA,"wat",NA,1645423,0,"5/1/1929","2/14/2026",30546,"MT",c(-112.09165, 46.21103056),FALSE,"PASS"
12613,"USGS",6034500,"Jefferson River at Sappington MT","MT","ST",45.8037111,-111.752261,"1","NAD83",4170,10,"NGVD29",10020005,"dv",60,3,80754,NA,"wat",NA,1645423,0,"1894-10-01","11/10/1969",14739,"MT",c(-111.752261, 45.8037111),FALSE,"PASS"
12614,"USGS",6035000,"Willow Creek near Harrison MT","MT","ST",45.7230583,-111.741025,"1","NAD83",4750,1,"NAVD88",10020005,"dv",60,3,80755,NA,"wat",NA,1645423,0,"5/1/1938","2/14/2026",24597,"MT",c(-111.741025, 45.7230583),FALSE,"PASS"
12616,"USGS",6036650,"Jefferson River near Three Forks MT","MT","ST",45.8971361,-111.5956722,"1","NAD83",4079.5,0.1,"NAVD88",10020005,"dv",60,3,80765,NA,"wat",NA,1645423,0,"10/1/1978","2/14/2026",16938,"MT",c(-111.5956722, 45.8971361),FALSE,"PASS"
12617,"USGS",6037500,"Madison River near West Yellowstone, MT","MT","ST",44.6570722,-111.0679639,"1","NAD83",6650,1,"NAVD88",10020007,"dv",60,3,80799,NA,"wat",NA,1645423,0,"7/1/1913","2/14/2026",36358,"MT",c(-111.0679639, 44.6570722),FALSE,"PASS"
12618,"USGS",6038500,"Madison River bl Hebgen Lake nr Grayling MT","MT","ST",44.86639167,-111.3387806,"1","NAD83",6448.47,0.01,"NGVD29",10020007,"dv",60,3,80803,NA,"wat",NA,1645423,0,"10/1/1938","2/14/2026",31912,"MT",c(-111.3387806, 44.86639167),FALSE,"PASS"
12619,"USGS",6038800,"Madison River at Kirby Ranch nr Cameron MT","MT","ST",44.88865556,-111.580886,"1","NAD83",5872.92,0.1,"NAVD88",10020007,"dv",60,3,80808,NA,"wat",NA,1645423,0,"9/1/1959","2/14/2026",14575,"MT",c(-111.580886, 44.88865556),FALSE,"PASS"
12628,"USGS",6041000,"Madison River bl Ennis Lake nr McAllister MT","MT","ST",45.49023056,-111.6345056,"1","NAD83",4689.03,0.01,"NGVD29",10020007,"dv",60,3,80825,NA,"wat",NA,1645423,0,"10/1/1938","2/14/2026",30086,"MT",c(-111.6345056, 45.49023056),FALSE,"PASS"
12634,"USGS",6043500,"Gallatin River near Gallatin Gateway, MT","MT","ST",45.4973,-111.2707083,"1","NAD83",5167.67,0.01,"NGVD29",10020008,"dv",60,3,80830,NA,"wat",NA,1645423,0,"1889-08-01","2/14/2026",35017,"MT",c(-111.2707083, 45.4973),FALSE,"PASS"
12662,"USGS",6050000,"Hyalite C at Hyalite R S nr Bozeman MT","MT","ST",45.56332778,-111.0718889,"5","NAD83",5539.6,0.1,"NAVD88",10020008,"dv",60,3,80867,NA,"wat",NA,1645423,0,"1895-08-01","2/14/2026",27310,"MT",c(-111.0718889, 45.56332778),FALSE,"PASS"
12679,"USGS",6052500,"Gallatin River at Logan MT","MT","ST",45.8862472,-111.4420083,"1","NAD83",4086.42,0.01,"NGVD29",10020008,"dv",60,3,80888,NA,"wat",NA,1645423,0,"1893-10-01","2/14/2026",40100,"MT",c(-111.4420083, 45.8862472),FALSE,"PASS"
12683,"USGS",6054500,"Missouri River at Toston MT","MT","ST",46.1465722,-111.4202778,"1","NAD83",3905.68,0.01,"NGVD29",10030101,"dv",60,3,80896,NA,"wat",NA,1645423,0,"1890-04-01","2/14/2026",33589,"MT",c(-111.4202778, 46.1465722),FALSE,"PASS"
12694,"USGS",6061500,"Prickly Pear Creek near Clancy MT","MT","ST",46.5190972,-111.946786,"1","NAD83",4070.3,0.14,"NAVD88",10030101,"dv",60,3,80908,NA,"wat",NA,1645423,0,"7/1/1908","2/14/2026",31830,"MT",c(-111.946786, 46.5190972),FALSE,"PASS"
12697,"USGS",6062500,"Tenmile Creek near Rimini MT","MT","ST",46.5238972,-112.2566472,"1","NAD83",4850,1,"NAVD88",10030101,"dv",60,3,80911,NA,"wat",NA,1645423,0,"10/1/1914","2/14/2026",39732,"MT",c(-112.2566472, 46.5238972),FALSE,"PASS"
12700,"USGS",6063000,"Tenmile Creek near Helena MT","MT","ST",46.60500556,-112.0882639,"1","NAD83",3953.21,0.03,"NAVD88",10030101,"dv",60,3,80914,NA,"wat",NA,1645423,0,"8/1/1908","2/14/2026",22401,"MT",c(-112.0882639, 46.60500556),FALSE,"PASS"
12705,"USGS",6065500,"Missouri River bl Hauser Dam near Helena MT","MT","ST",46.76619167,-111.8887944,"1","NAD83",3580,1,"NAVD88",10030101,"dv",60,3,80919,NA,"wat",NA,1645423,0,"10/1/1922","2/14/2026",18764,"MT",c(-111.8887944, 46.76619167),FALSE,"PASS"
12706,"USGS",6066500,"Missouri River bl Holter Dam nr Wolf Cr MT","MT","ST",46.99473889,-112.0106667,"1","NAD83",3464.11,0.01,"NGVD29",10030102,"dv",60,3,80920,NA,"wat",NA,1645423,0,"10/1/1945","2/14/2026",29357,"MT",c(-112.0106667, 46.99473889),FALSE,"PASS"
12716,"USGS",6071300,"Little Prickly Pear Cr at Wolf Cr MT","MT","ST",47.0054361,-112.070311,"1","NAD83",3547.38,0.01,"NGVD29",10030101,"dv",60,3,172094,NA,"wat",NA,1645423,0,"5/1/1962","2/14/2026",14158,"MT",c(-112.070311, 47.0054361),FALSE,"PASS"
12721,"USGS",6073500,"Dearborn River near Craig MT","MT","ST",47.199025,-112.0959056,"1","NAD83",3800,1,"NAVD88",10030102,"dv",60,3,80945,NA,"wat",NA,1645423,0,"10/1/1945","2/14/2026",20639,"MT",c(-112.0959056, 47.199025),FALSE,"PASS"
12730,"USGS",6076690,"Smith River near Ft Logan MT","MT","ST",46.7958,-111.1785556,"1","NAD83",4400,1,"NGVD29",10030103,"dv",60,3,80955,NA,"wat",NA,1645423,0,"10/1/1977","2/14/2026",12424,"MT",c(-111.1785556, 46.7958),FALSE,"PASS"
12731,"USGS",6077000,"Sheep Cr nr White Sulphur Springs MT","MT","ST",46.76816389,-110.8099778,"1","NAD83",5820,10,"NGVD29",10030103,"dv",60,3,80956,NA,"wat",NA,1645423,0,"8/1/1941","10/4/1972",11388,"MT",c(-110.8099778, 46.76816389),FALSE,"PASS"
12734,"USGS",6077500,"Smith River near Eden MT","MT","ST",47.18929167,-111.3862389,"1","NAD83",3520,10,"NAVD88",10030103,"dv",60,3,80962,NA,"wat",NA,1645423,0,"4/1/1951","2/14/2026",12108,"MT",c(-111.3862389, 47.18929167),FALSE,"PASS"
12736,"USGS",6078200,"Missouri River near Ulm MT","MT","ST",47.43496667,-111.3884444,"1","NAD83",3313.27,0.01,"NGVD29",10030102,"dv",60,3,80969,NA,"wat",NA,1645423,0,"7/31/1957","2/14/2026",24824,"MT",c(-111.3884444, 47.43496667),FALSE,"PASS"
12741,"USGS",6078500,"North Fork Sun River near Augusta MT","MT","ST",47.6398611,-112.8593333,"1","NAD83",4783.84,0.17,"NAVD88",10030104,"dv",60,3,80974,NA,"wat",NA,1645423,0,"5/1/1911","2/14/2026",14595,"MT",c(-112.8593333, 47.6398611),FALSE,"PASS"
12743,"USGS",6080000,"Sun River bl Wagner Basin, nr Augusta, MT","MT","ST",47.620875,-112.7070028,"1","NAD83",4474,1,"NGVD29",10030104,"dv",60,3,80976,NA,"wat",NA,1645423,0,"1889-08-01","9/29/1940",13758,"MT",c(-112.7070028, 47.620875),FALSE,"PASS"
12755,"USGS",6085800,"Sun River at Simms MT","MT","ST",47.50162778,-111.9319139,"1","NAD83",3551.08,0.17,"NAVD88",10030104,"dv",60,3,201363,NA,"wat",NA,1645423,0,"3/29/1966","2/14/2026",15016,"MT",c(-111.9319139, 47.50162778),FALSE,"PASS"
12764,"USGS",6088500,"Muddy Creek at Vaughn MT","MT","ST",47.56126667,-111.5417694,"1","NAD83",3330,10,"NAVD88",1e+11,"dv",60,3,81004,NA,"wat",NA,1645423,0,"6/1/1925","2/14/2026",32533,"MT",c(-111.5417694, 47.56126667),FALSE,"PASS"
12765,"USGS",6089000,"Sun River near Vaughn MT","MT","ST",47.52577778,-111.511036,"1","NAD83",3340.02,0.01,"NGVD29",10030104,"dv",60,3,81008,NA,"wat",NA,1645423,0,"4/1/1934","2/14/2026",33550,"MT",c(-111.511036, 47.52577778),FALSE,"PASS"
12766,"USGS",6090300,"Missouri River near Great Falls MT","MT","ST",47.5844444,-111.0605806,"1","NAD83",2807.21,0.01,"NGVD29",10030102,"dv",60,3,81014,NA,"wat",NA,1645423,0,"5/1/1953","2/14/2026",25429,"MT",c(-111.0605806, 47.5844444),FALSE,"PASS"
12767,"USGS",6090500,"Belt Creek near Monarch MT","MT","ST",47.20859444,-110.9317472,"1","NAD83",3980,10,"NAVD88",1e+11,"dv",60,3,81015,NA,"wat",NA,1645423,0,"5/1/1951","2/14/2026",16395,"MT",c(-110.9317472, 47.20859444),FALSE,"PASS"
12775,"USGS",6090800,"Missouri River at Fort Benton MT","MT","ST",47.8169111,-110.6661417,"1","NAD83",2614.05,0.01,"NGVD29",10030102,"dv",60,3,81026,NA,"wat",NA,1645423,0,"1890-10-01","2/14/2026",49445,"MT",c(-110.6661417, 47.8169111),FALSE,"PASS"
12777,"USGS",6091700,"Two Medicine River bl South Fork nr Browning MT","MT","ST",48.42695278,-112.9899833,"1","NAD83",4180,1,"NAVD88",10030201,"dv",60,3,81031,NA,"wat",NA,1645423,0,"4/28/1977","2/14/2026",17442,"MT",c(-112.9899833, 48.42695278),FALSE,"PASS"
12778,"USGS",6091800,"Two Medicine Canal near Browning MT","MT","ST-CA",48.47802959,-112.8139595,"U","NAD83",NA,NA,NA,10030201,"dv",60,3,81032,NA,"wat",NA,1645423,0,"5/1/1951","10/31/2006",13948,"MT",c(-112.8139595, 48.47802959),FALSE,"PASS"
12779,"USGS",6092000,"Two Medicine River near Browning MT","MT","ST",48.47171667,-112.8037806,"1","NAD83",3930,10,"NGVD29",10030201,"dv",60,3,81033,NA,"wat",NA,1645423,0,"4/1/1907","9/29/1977",16073,"MT",c(-112.8037806, 48.47171667),FALSE,"PASS"
12782,"USGS",6093200,"Badger Cr bl Four Horns Canal nr Browning MT","MT","ST",48.36945,-112.8017806,"1","NAD83",4140,1,"NAVD88",10030201,"dv",60,3,81035,NA,"wat",NA,1645423,0,"10/1/1973","2/14/2026",18761,"MT",c(-112.8017806, 48.36945),FALSE,"PASS"
12786,"USGS",6095000,"Birch Creek near Dupuyer MT","MT","ST",48.24190278,-112.653586,"1","NAD83",4180,10,"NGVD29",10030201,"dv",60,3,81038,NA,"wat",NA,1645423,0,"8/1/1907","9/29/1937",10957,"MT",c(-112.653586, 48.24190278),FALSE,"PASS"
12798,"USGS",6099000,"Cut Bank Creek at Cut Bank MT","MT","ST",48.63340278,-112.3464806,"1","NAD83",3561.42,0.01,"NGVD29",10030202,"dv",60,3,81046,NA,"wat",NA,1645423,0,"8/1/1905","2/14/2026",27688,"MT",c(-112.3464806, 48.63340278),FALSE,"PASS"
12799,"USGS",6099500,"Marias River near Shelby MT","MT","ST",48.4271972,-111.889836,"1","NAD83",3087.72,0.01,"NGVD29",10030203,"dv",60,3,81047,NA,"wat",NA,1645423,0,"4/1/1902","2/14/2026",43815,"MT",c(-111.889836, 48.4271972),FALSE,"PASS"
12804,"USGS",6101500,"Marias River near Chester MT","MT","ST",48.3059611,-111.0805278,"1","NAD83",2814.03,0.01,"NGVD29",10030203,"dv",60,3,81052,NA,"wat",NA,1645423,0,"4/1/1921","2/14/2026",26616,"MT",c(-111.0805278, 48.3059611),FALSE,"PASS"
12806,"USGS",6102000,"Marias River near Brinkman MT","MT","ST",48.2631833,-110.7142222,"1","NAD83",2677.25,0.01,"NGVD29",10030203,"dv",60,3,81057,NA,"wat",NA,1645423,0,"10/1/1921","9/29/1956",12783,"MT",c(-110.7142222, 48.2631833),FALSE,"PASS"
12819,"USGS",6108000,"Teton River near Dutton MT","MT","ST",47.930325,-111.5529417,"1","NAD83",3240.63,0.17,"NAVD88",10030205,"dv",60,3,81071,NA,"wat",NA,1645423,0,"8/1/1954","1/29/2025",25750,"MT",c(-111.5529417, 47.930325),FALSE,"PASS"
12823,"USGS",6109500,"Missouri River at Virgelle MT","MT","ST",48.0037833,-110.2588222,"1","NAD83",2507.5,0.1,"NGVD29",10040101,"dv",60,3,81079,NA,"wat",NA,1645423,0,"3/1/1935","2/14/2026",33223,"MT",c(-110.2588222, 48.0037833),FALSE,"PASS"
12827,"USGS",6110000,"Judith River near Utica MT","MT","ST",46.8924111,-110.2314528,"1","NAD83",4790,10,"NGVD29",10040103,"dv",60,3,325276,NA,"wat",NA,1645423,0,"10/1/1919","10/2/1975",20456,"MT",c(-110.2314528, 46.8924111),FALSE,"PASS"
12840,"USGS",6115000,"Missouri R Power Plant ferry nr Zortman MT","MT","ST",47.7300333,-108.9347528,"1","NAD83",2273.02,0.01,"NGVD29",10040104,"dv",60,3,81099,NA,"wat",NA,1645423,0,"2/1/1934","11/30/1968",12722,"MT",c(-108.9347528, 47.7300333),FALSE,"PASS"
12841,"USGS",6115200,"Missouri River near Landusky MT","MT","ST",47.63143056,-108.6877444,"1","NAD83",2239.96,0.01,"NGVD29",10040104,"dv",60,3,81104,NA,"wat",NA,1645423,0,"3/1/1934","2/14/2026",33589,"MT",c(-108.6877444, 47.63143056),FALSE,"PASS"
12845,"USGS",6115500,"North Fork Musselshell River nr Delpine MT","MT","ST",46.6097861,-110.5766222,"1","NAD83",5380,10,"NGVD29",10040201,"dv",60,3,81110,NA,"wat",NA,1645423,0,"6/1/1940","10/4/1979",13931,"MT",c(-110.5766222, 46.6097861),FALSE,"PASS"
12851,"USGS",6118500,"South Fork Musselshell R ab Martinsdale MT","MT","ST",46.45324167,-110.3822889,"1","NAD83",4900,100,"NGVD29",10040201,"dv",60,3,81116,NA,"wat",NA,1645423,0,"10/1/1941","10/1/2019",15716,"MT",c(-110.3822889, 46.45324167),FALSE,"PASS"
12856,"USGS",6120500,"Musselshell River at Harlowton MT","MT","ST",46.4288,-109.8411944,"1","NAD83",4165.88,0.12,"NAVD88",10040201,"dv",60,3,81120,NA,"wat",NA,1645423,0,"8/1/1907","2/14/2026",42752,"MT",c(-109.8411944, 46.4288),FALSE,"PASS"
12863,"USGS",6123500,"Musselshell River near Ryegate MT","MT","ST",46.30843889,-109.1906778,"1","NAD83",3580,10,"NGVD29",10040201,"dv",60,3,81130,NA,"wat",NA,1645423,0,"7/1/1946","9/30/1979",12145,"MT",c(-109.1906778, 46.30843889),FALSE,"PASS"
12872,"USGS",6126500,"Musselshell River near Roundup MT","MT","ST",46.4277194,-108.5701028,"1","NAD83",3188.54,0.12,"NAVD88",10040202,"dv",60,3,81140,NA,"wat",NA,1645423,0,"6/1/1946","2/14/2026",29114,"MT",c(-108.5701028, 46.4277194),FALSE,"PASS"
12875,"USGS",6127500,"Musselshell River at Musselshell MT","MT","ST",46.522425,-108.1088722,"1","NAD83",2984.72,0.01,"NGVD29",10040202,"dv",60,3,81143,NA,"wat",NA,1645423,0,"9/1/1928","2/14/2026",23381,"MT",c(-108.1088722, 46.522425),FALSE,"PASS"
12877,"USGS",6127900,"Flatwillow Creek near Flatwillow MT","MT","ST",46.7912333,-108.6141556,"1","NAD83",3560,10,"NGVD29",10040203,"dv",60,3,81147,NA,"wat",NA,1645423,0,"5/1/1911","9/29/1956",16100,"MT",c(-108.6141556, 46.7912333),FALSE,"PASS"
12882,"USGS",6130500,"Musselshell River at Mosby MT","MT","ST",46.99469167,-107.8891639,"1","NAD83",2493.9,1,"NGVD29",10040205,"dv",60,3,81152,NA,"wat",NA,1645423,0,"5/1/1929","2/14/2026",34774,"MT",c(-107.8891639, 46.99469167),FALSE,"PASS"
12886,"USGS",6131000,"Big Dry Creek near Van Norman MT","MT","ST",47.3494472,-106.3578167,"1","NAD83",2330,1,"NAVD88",10040105,"dv",60,3,81161,NA,"wat",NA,1645423,0,"10/1/1939","6/29/2014",24348,"MT",c(-106.3578167, 47.3494472),FALSE,"PASS"
12888,"USGS",6131200,"Nelson Creek near Van Norman MT","MT","ST",47.5365944,-106.1534528,"1","NAD83",2300,1,"NAVD88",10040104,"dv",60,3,81163,NA,"wat",NA,1645423,0,"10/1/1975","2/14/2026",12433,"MT",c(-106.1534528, 47.5365944),FALSE,"PASS"
12889,"USGS",6132000,"Missouri River below Fort Peck Dam MT","MT","ST",48.044425,-106.3562583,"1","NAD83",2019.44,0.2,"NAVD88",10060001,"dv",60,3,258083,NA,"wat",NA,1645423,0,"4/1/1934","3/31/2023",31638,"MT",c(-106.3562583, 48.044425),FALSE,"PASS"
12890,"USGS",6132200,"South Fork Milk River near Babb MT","MT","ST",48.7534833,-113.1674306,"1","NAD83",4731.6,0.1,"NGVD29",10050001,"dv",60,3,81168,NA,"wat",NA,1645423,0,"5/1/1961","10/31/2009",12017,"MT",c(-113.1674306, 48.7534833),FALSE,"PASS"
12893,"USGS",6133500,"N F Milk River ab St. Mary canal nr Browning MT","MT","ST",48.96352778,-113.0623556,"5","NAD83",4240,10,"NAVD88",10050001,"dv",60,3,81173,NA,"wat",NA,1645423,0,"5/1/1911","10/31/2025",23142,"MT",c(-113.0623556, 48.96352778),FALSE,"PASS"
12894,"USGS",6135000,"Milk River at Eastern Crossing of Int Bndry",NA,"ST",48.9748194,-110.4217778,"1","NAD83",2660,10,"NAVD88",10050002,"dv",60,3,81181,NA,"wat",NA,1645423,0,"8/9/1909","10/31/2025",29044,"MT",c(-110.4217778, 48.9748194),FALSE,"CHECK"
12911,"USGS",6140500,"Milk River at Havre MT","MT","ST",48.5636861,-109.6959556,"1","NAD83",2465.24,0.01,"NGVD29",10050004,"dv",60,3,81199,NA,"wat",NA,1645423,0,"1898-05-01","2/14/2026",34539,"MT",c(-109.6959556, 48.5636861),FALSE,"PASS"
12920,"USGS",6146000,"North Chinook Irrigation Canal nr Havre, MT","MT","ST-CA",48.81667277,-109.4674063,"U","NAD83",NA,NA,NA,10050007,"dv",60,3,81228,NA,"wat",NA,1645423,0,"3/29/1921","10/31/1968",13309,"MT",c(-109.4674063, 48.81667277),FALSE,"PASS"
12925,"USGS",6150000,"Woodpile Coulee near international boundary",NA,"ST",48.98321389,-109.5310944,"1","NAD83",2740,10,"NGVD29",10050008,"dv",60,3,81250,NA,"wat",NA,1645423,0,"3/1/1927","11/2/1976",13175,"MT",c(-109.5310944, 48.98321389),FALSE,"CHECK"
12926,"USGS",6150500,"East Fork Battle Creek nr international boundary",NA,"ST",48.9711083,-109.1302667,"1","NAD83",2760,10,"NGVD29",10050008,"dv",60,3,81251,NA,"wat",NA,1645423,0,"3/1/1927","11/2/1976",12907,"MT",c(-109.1302667, 48.9711083),FALSE,"CHECK"
12927,"USGS",6151500,"Battle Creek near Chinook MT","MT","ST",48.64949167,-109.2316944,"1","NAD83",2410,1,"NAVD88",10050008,"dv",60,3,81253,NA,"wat",NA,1645423,0,"4/1/1905","10/31/2025",12967,"MT",c(-109.2316944, 48.64949167),FALSE,"PASS"
12929,"USGS",6152500,"Matheson Ditch nr Chinook MT","MT","ST-DCH",48.59343056,-109.148075,"1","NAD83",NA,NA,NA,10050008,"dv",60,3,81255,NA,"wat",NA,1645423,0,"4/1/1905","10/31/1955",12915,"MT",c(-109.148075, 48.59343056),FALSE,"PASS"
12934,"USGS",6154100,"Milk River near Harlem MT","MT","ST",48.48964167,-108.75895,"1","NAD83",2319.4,0.01,"NGVD29",10050004,"dv",60,3,81259,NA,"wat",NA,1645423,0,"10/1/1959","2/14/2026",15597,"MT",c(-108.75895, 48.48964167),FALSE,"PASS"
12937,"USGS",6154400,"Peoples Creek near Hays MT","MT","ST",48.2237333,-108.7140528,"1","NAD83",2714.1,0.1,"NGVD29",10050009,"dv",60,3,81261,NA,"wat",NA,1645423,0,"12/1/1966","2/14/2026",21436,"MT",c(-108.7140528, 48.2237333),FALSE,"PASS"
12938,"USGS",6154410,"Little Peoples Creek near Hays, MT","MT","ST",47.9649333,-108.6559611,"1","NAD83",3789,10,"NAVD88",NA,"dv",60,3,81262,NA,"wat",NA,1645423,0,"8/1/1972","2/14/2026",14077,"MT",c(-108.6559611, 47.9649333),FALSE,"PASS"
12941,"USGS",6154500,"Peoples Creek near Dodson MT","MT","ST",48.34238889,-108.3598194,"1","NAD83",2310,10,"NGVD29",10050009,"dv",60,3,81266,NA,"wat",NA,1645423,0,"4/1/1918","9/29/1988",11449,"MT",c(-108.3598194, 48.34238889),FALSE,"PASS"
12943,"USGS",6154550,"Peoples Cr bl Kuhr Coulee nr Dodson MT","MT","ST",48.3636333,-108.3562389,"1","NAD83",2309,1,"NGVD29",10050009,"dv",60,3,81268,NA,"wat",NA,1645423,0,"4/1/1918","9/30/2009",19120,"MT",c(-108.3562389, 48.3636333),FALSE,"PASS"
12945,"USGS",6155500,"Milk River at Malta MT","MT","ST",48.3621944,-107.876375,"1","NAD83",2246,10,"NAVD88",10050004,"dv",60,3,81271,NA,"wat",NA,1645423,0,"8/1/1902","2/14/2026",12004,"MT",c(-107.876375, 48.3621944),FALSE,"PASS"
12947,"USGS",6156000,"Whitewater Creek near international boundary",NA,"ST",48.95262778,-107.8622194,"1","NAD83",2500,100,"NGVD29",10050011,"dv",60,3,81274,NA,"wat",NA,1645423,0,"3/1/1927","10/31/1979",13121,"MT",c(-107.8622194, 48.95262778),FALSE,"CHECK"
12948,"USGS",6164500,"Frenchman Canal near Saco MT","MT","ST-CA",48.60000655,-107.2506306,"U","NAD83",NA,NA,NA,10050013,"dv",60,3,81294,NA,"wat",NA,1645423,0,"10/1/1920","10/31/1967",13165,"MT",c(-107.2506306, 48.60000655),FALSE,"PASS"
12949,"USGS",6164510,"Milk River at Juneberg Bridge nr Saco MT","MT","ST",48.50920278,-107.2187556,"1","NAD83",2130,1,"NAVD88",10050004,"dv",60,3,81295,NA,"wat",NA,1645423,0,"10/1/1977","2/14/2026",13397,"MT",c(-107.2187556, 48.50920278),FALSE,"PASS"
12959,"USGS",6166000,"Beaver Cr bl Guston Coulee nr Saco MT","MT","ST",48.3567833,-107.5821861,"1","NAD83",2215,1,"NAVD88",10050014,"dv",60,3,81305,NA,"wat",NA,1645423,0,"4/1/1920","2/14/2026",11143,"MT",c(-107.5821861, 48.3567833),FALSE,"PASS"
12965,"USGS",6169500,"Rock Creek bl Horse Creek nr int'l boundary",NA,"ST",48.969375,-106.8398417,"1","NAD83",2530,1,"NAVD88",10050015,"dv",60,3,81311,NA,"wat",NA,1645423,0,"3/1/1916","2/9/2026",25421,"MT",c(-106.8398417, 48.969375),FALSE,"CHECK"
12969,"USGS",6170000,"McEachern Creek at international boundary",NA,"ST",48.9909861,-106.9285472,"1","NAD83",2540,10,"NGVD29",10050015,"dv",60,3,81315,NA,"wat",NA,1645423,0,"4/1/1924","11/1/1976",13490,"MT",c(-106.9285472, 48.9909861),FALSE,"CHECK"
12976,"USGS",6172000,"Milk River near Vandalia MT","MT","ST",48.37304167,-106.9732417,"1","NAD83",2089,1,"NGVD29",10050012,"dv",60,3,81322,NA,"wat",NA,1645423,0,"10/1/1914","5/31/1987",11240,"MT",c(-106.9732417, 48.37304167),FALSE,"PASS"
12978,"USGS",6172310,"Milk River at Tampico MT","MT","ST",48.30790556,-106.8223167,"1","NAD83",2110,1,"NAVD88",10050012,"dv",60,3,81324,NA,"wat",NA,1645423,0,"10/1/1973","2/14/2026",11819,"MT",c(-106.8223167, 48.30790556),FALSE,"PASS"
12979,"USGS",6174000,"Willow Creek near Glasgow MT","MT","ST",48.1143944,-106.6715639,"1","NAD83",2110,10,"NGVD29",10050012,"dv",60,3,81325,NA,"wat",NA,1645423,0,"10/1/1953","9/29/1987",12417,"MT",c(-106.6715639, 48.1143944),FALSE,"PASS"
12980,"USGS",6174500,"Milk River at Nashua MT","MT","ST",48.13005278,-106.3643139,"1","NAD83",2027.75,0.01,"NGVD29",10050012,"dv",60,3,81329,NA,"wat",NA,1645423,0,"10/1/1939","2/14/2026",31542,"MT",c(-106.3643139, 48.13005278),FALSE,"PASS"
12986,"USGS",6177000,"Missouri River near Wolf Point MT","MT","ST",48.067325,-105.5330972,"1","NAD83",1958.57,0.01,"NGVD29",10060001,"dv",60,3,81341,NA,"wat",NA,1645423,0,"10/1/1928","2/14/2026",35566,"MT",c(-105.5330972, 48.067325),FALSE,"PASS"
12988,"USGS",6177500,"Redwater River at Circle MT","MT","ST",47.4139722,-105.5756444,"1","NAD83",2394.32,0.01,"NGVD29",10060002,"dv",60,3,81343,NA,"wat",NA,1645423,0,"4/1/1929","2/14/2026",31941,"MT",c(-105.5756444, 47.4139722),FALSE,"PASS"
12992,"USGS",6178000,"Poplar River at international boundary",NA,"ST",48.9902861,-105.6969083,"1","NAD83",2460,10,"NAVD88",10060003,"dv",60,3,81348,NA,"wat",NA,1645423,0,"3/1/1931","10/31/2025",23672,"MT",c(-105.6969083, 48.9902861),FALSE,"CHECK"
12996,"USGS",6181000,"Poplar River near Poplar MT","MT","ST",48.11791667,-105.1928167,"H","NAD83",1943,4.3,"NAVD88",10060003,"dv",60,3,81359,NA,"wat",NA,1645423,0,"8/1/1908","2/14/2026",31822,"MT",c(-105.1928167, 48.11791667),FALSE,"PASS"
13000,"USGS",6183450,"Big Muddy Creek near Antelope MT","MT","ST",48.6728972,-104.5120861,"1","NAD83",2000,1,"NAVD88",10060006,"dv",60,3,81368,NA,"wat",NA,1645423,0,"10/1/1978","2/14/2026",17303,"MT",c(-104.5120861, 48.6728972),FALSE,"PASS"
13007,"USGS",6185500,"Missouri River near Culbertson MT","MT","ST",48.1235,-104.4733,"1","NAD83",1885.08,0.14,"NAVD88",10060005,"dv",60,3,81383,NA,"wat",NA,1645423,0,"7/1/1941","2/14/2026",28626,"MT",c(-104.4733, 48.1235),FALSE,"PASS"
13012,"USGS",6191000,"Gardner River near Mammoth, YNP",NA,"ST",44.9923444,-110.690975,"1","NAD83",5623.97,0.01,"NGVD29",10070001,"dv",60,3,81438,NA,"wat",NA,1645423,0,"10/1/1938","2/14/2026",27712,"MT",c(-110.690975, 44.9923444),FALSE,"CHECK"
13013,"USGS",6191500,"Yellowstone River at Corwin Springs MT","MT","ST",45.1121194,-110.7936667,"1","NAD83",5079.09,0.01,"NGVD29",10070002,"dv",60,3,81442,NA,"wat",NA,1645423,0,"1889-08-01","2/14/2026",43724,"MT",c(-110.7936667, 45.1121194),FALSE,"PASS"
13016,"USGS",6192500,"Yellowstone River near Livingston, MT","MT","ST",45.5972111,-110.5664972,"1","NAD83",4542.49,0.01,"NGVD29",10070002,"dv",60,3,81453,NA,"wat",NA,1645423,0,"1897-05-01","2/12/2026",36962,"MT",c(-110.5664972, 45.5972111),FALSE,"PASS"
13021,"USGS",6193500,"Shields River at Clyde Park MT","MT","ST",45.8857333,-110.6179583,"1","NAD83",4780,10,"NGVD29",10070003,"dv",60,3,81460,NA,"wat",NA,1645423,0,"3/31/1921","9/29/1967",14553,"MT",c(-110.6179583, 45.8857333),FALSE,"PASS"
13026,"USGS",6195600,"Shields River nr Livingston MT","MT","ST",45.7383611,-110.4794694,"1","NAD83",4420,1,"NAVD88",10070003,"dv",60,3,81465,NA,"wat",NA,1645423,0,"10/1/1978","2/14/2026",17304,"MT",c(-110.4794694, 45.7383611),FALSE,"PASS"
13030,"USGS",6197500,"Boulder River near Contact MT","MT","ST",45.5545333,-110.2005417,"1","NAD83",4930,10,"NGVD29",10070002,"dv",60,3,325291,NA,"wat",NA,1645423,0,"5/1/1910","10/18/1983",10971,"MT",c(-110.2005417, 45.5545333),FALSE,"PASS"
13036,"USGS",6200000,"Boulder River at Big Timber MT","MT","ST",45.8337944,-109.9387056,"1","NAD83",4056.3,0.1,"NGVD29",10070002,"dv",60,3,81485,NA,"wat",NA,1645423,0,"4/1/1947","2/14/2026",28354,"MT",c(-109.9387056, 45.8337944),FALSE,"PASS"
13038,"USGS",6200500,"Sweet Grass Creek above Melville MT","MT","ST",46.15538056,-110.08705,"1","NAD83",5490,10,"NGVD29",10070002,"dv",60,3,81490,NA,"wat",NA,1645423,0,"8/1/1913","9/29/1969",16041,"MT",c(-110.08705, 46.15538056),FALSE,"PASS"
13049,"USGS",6204050,"West Rosebud Creek near Roscoe MT","MT","ST",45.24323889,-109.7313028,"1","NAD83",6535.6,0.1,"NGVD29",10070005,"dv",60,3,81503,NA,"wat",NA,1645423,0,"9/1/1965","2/14/2026",21717,"MT",c(-109.7313028, 45.24323889),FALSE,"PASS"
13052,"USGS",6204500,"Rosebud Creek near Absarokee MT","MT","ST",45.48659167,-109.4561306,"1","NAD83",4160,10,"NGVD29",10070005,"dv",60,3,81509,NA,"wat",NA,1645423,0,"4/1/1935","10/13/1969",12615,"MT",c(-109.4561306, 45.48659167),FALSE,"PASS"
13054,"USGS",6205000,"Stillwater River near Absarokee, MT","MT","ST",45.53674167,-109.4220556,"1","NAD83",3957,4.3,"NAVD88",10070005,"dv",60,3,81511,NA,"wat",NA,1645423,0,"8/1/1910","2/14/2026",33389,"MT",c(-109.4220556, 45.53674167),FALSE,"PASS"
13055,"USGS",6207500,"Clarks Fork Yellowstone River nr Belfry MT","MT","ST",45.0099111,-109.0653667,"1","NAD83",3986.24,0.01,"NGVD29",10070006,"dv",60,3,81515,NA,"wat",NA,1645423,0,"8/1/1921","2/14/2026",38179,"MT",c(-109.0653667, 45.0099111),FALSE,"PASS"
13063,"USGS",6208500,"Clarks Fork Yellowstone River at Edgar MT","MT","ST",45.46571389,-108.8441056,"1","NAD83",3460,10,"NAVD88",10070006,"dv",60,3,81537,NA,"wat",NA,1645423,0,"7/29/1921","2/14/2026",31979,"MT",c(-108.8441056, 45.46571389),FALSE,"PASS"
13064,"USGS",6208500,"Clarks Fork Yellowstone River at Edgar MT","MT","ST",45.46571389,-108.8441056,"1","NAD83",3460,10,"NAVD88",10070006,"dv",60,3,247095,"[Adjusted for White Horse Canal]","wat",NA,1645423,0,"7/29/1921","2/14/2026",31979,"MT",c(-108.8441056, 45.46571389),FALSE,"PASS"
13069,"USGS",6209510,"Rock Creek above Maurice Creek, near Red Lodge, MT","MT","ST",45.1207783,-109.2965443,"5","NAD83",6099.42,0.01,"NGVD29",10070006,"dv",60,3,330310,NA,"wat",NA,1645423,0,"5/1/1932","9/30/1986",18434,"MT",c(-109.2965443, 45.1207783),FALSE,"PASS"
13072,"USGS",6211000,"Red Lodge Cr ab Cooney Re nr Boyd MT","MT","ST",45.43785,-109.2533111,"1","NAD83",4248,1,"NGVD29",10070006,"dv",60,3,81550,NA,"wat",NA,1645423,0,"5/23/1937","10/31/2025",20357,"MT",c(-109.2533111, 45.43785),FALSE,"PASS"
13073,"USGS",6211500,"Willow Creek near Boyd MT","MT","ST",45.4221472,-109.2305306,"1","NAD83",4260,10,"NGVD29",10070006,"dv",60,3,81551,NA,"wat",NA,1645423,0,"5/22/1937","12/2/2025",20484,"MT",c(-109.2305306, 45.4221472),FALSE,"PASS"
13074,"USGS",6212500,"Red Lodge Cr bl Cooney Reservoir nr Boyd MT","MT","ST",45.44990278,-109.1854028,"1","NAD83",4139.12,0.01,"NGVD29",10070006,"dv",60,3,81552,NA,"wat",NA,1645423,0,"10/1/1937","6/15/2003",23584,"MT",c(-109.1854028, 45.44990278),FALSE,"PASS"
13078,"USGS",6214500,"Yellowstone River at Billings MT","MT","ST",45.8001194,-108.4680306,"1","NAD83",3081.36,0.1,"NGVD29",10070004,"dv",60,3,81559,NA,"wat",NA,1645423,0,"6/1/1904","2/14/2026",36053,"MT",c(-108.4680306, 45.8001194),FALSE,"PASS"
13081,"USGS",6216000,"Pryor Creek at Pryor MT","MT","ST",45.43467778,-108.5336528,"1","NAD83",4007.35,0.01,"NGVD29",10070008,"dv",60,3,81564,NA,"wat",NA,1645423,0,"6/19/1921","9/29/2009",16490,"MT",c(-108.5336528, 45.43467778),FALSE,"PASS"
13097,"USGS",6287000,"Bighorn R bl Yellowtail Afterbay Dam nr St. Xavier",NA,"ST",45.31690278,-107.9188889,"1","NAD83",3100,1,"NGVD29",10080015,"dv",60,3,81584,NA,"wat",NA,1645423,0,"10/1/1934","2/14/2026",33374,"MT",c(-107.9188889, 45.31690278),FALSE,"CHECK"
13105,"USGS",6289000,"Little Bighorn River at State Line nr Wyola MT","MT","ST",45.0071111,-107.6154083,"1","NAD83",4350,1,"NAVD88",10080016,"dv",60,3,81594,NA,"wat",NA,1645423,0,"4/1/1939","2/14/2026",31732,"MT",c(-107.6154083, 45.0071111),TRUE,"BORDER"
13107,"USGS",6290000,"Pass Creek near Wyola MT","MT","ST",45.05626389,-107.3559,"1","NAD83",3920,10,"NGVD29",10080016,"dv",60,3,81596,NA,"wat",NA,1645423,0,"7/1/1935","9/29/2009",17383,"MT",c(-107.3559, 45.05626389),FALSE,"PASS"
13108,"USGS",6290500,"Little Bighorn R bl Pass Cr nr Wyola MT","MT","ST",45.1771333,-107.39455,"1","NAD83",3600,1,"NGVD29",10080016,"dv",60,3,81598,NA,"wat",NA,1645423,0,"4/1/1939","10/24/2004",23384,"MT",c(-107.39455, 45.1771333),FALSE,"PASS"
13111,"USGS",6291500,"Lodge Grass Cr ab Willow Cr diversion, nr Wyola MT","MT","ST",45.12648056,-107.5998917,"1","NAD83",4170,1,"NGVD29",10080016,"dv",60,3,81602,NA,"wat",NA,1645423,0,"4/1/1939","9/29/2009",22830,"MT",c(-107.5998917, 45.12648056),FALSE,"PASS"
13115,"USGS",6293500,"Little Bighorn River nr Crow Agency MT","MT","ST",45.56833889,-107.4527694,"S","NAD83",3062,10,"NAVD88",1.01e+11,"dv",60,3,352027,NA,"wat",NA,1645423,0,"4/11/1912","9/29/1960",12654,"MT",c(-107.4527694, 45.56833889),FALSE,"PASS"
13118,"USGS",6294000,"Little Bighorn River near Hardin MT","MT","ST",45.7356861,-107.5574694,"1","NAD83",2882.29,0.01,"NGVD29",10080016,"dv",60,3,81610,NA,"wat",NA,1645423,0,"6/1/1953","2/14/2026",26542,"MT",c(-107.5574694, 45.7356861),FALSE,"PASS"
13119,"USGS",6294000,"Little Bighorn River near Hardin MT","MT","ST",45.7356861,-107.5574694,"1","NAD83",2882.29,0.01,"NGVD29",10080016,"dv",60,3,247514,"[Adjusted for Agency Canal]","wat",NA,1645423,0,"6/1/1953","2/14/2026",26542,"MT",c(-107.5574694, 45.7356861),FALSE,"PASS"
13120,"USGS",6294500,"Bighorn River ab Tullock Cr nr Bighorn MT","MT","ST",46.1244722,-107.4687917,"1","NAD83",2702.36,0.19,"NAVD88",10080015,"dv",60,3,325311,NA,"wat",NA,1645423,0,"5/11/1945","2/14/2026",29500,"MT",c(-107.4687917, 46.1244722),FALSE,"PASS"
13123,"USGS",6294700,"Bighorn River at Bighorn MT","MT","ST",46.14708056,-107.4673472,"1","NAD83",2690,10,"NGVD29",10080015,"dv",60,3,81620,NA,"wat",NA,1645423,0,"5/11/1945","9/29/1981",13291,"MT",c(-107.4673472, 46.14708056),FALSE,"PASS"
13127,"USGS",6295000,"Yellowstone River at Forsyth MT","MT","ST",46.2666361,-106.6913028,"1","NAD83",2504.62,0.01,"NGVD29",10100001,"dv",60,3,81626,NA,"wat",NA,1645423,0,"5/15/1921","2/14/2026",18245,"MT",c(-106.6913028, 46.2666361),FALSE,"PASS"
13129,"USGS",6295113,"Rosebud C at Reservation Bndry nr Kirby MT","MT","ST",45.36116667,-106.9903556,"1","NAD83",3766.55,0.31,"NAVD88",10100003,"dv",60,3,81630,NA,"wat",NA,1645423,0,"10/1/1979","2/14/2026",16028,"MT",c(-106.9903556, 45.36116667),FALSE,"PASS"
13131,"USGS",6295250,"Rosebud Creek near Colstrip MT","MT","ST",45.76715,-106.5698583,"1","NAD83",3000,1,"NGVD29",10100003,"dv",60,3,81636,NA,"wat",NA,1645423,0,"10/1/1974","9/29/2006",11687,"MT",c(-106.5698583, 45.76715),FALSE,"PASS"
13135,"USGS",6296003,"Rosebud Creek at mouth near Rosebud MT","MT","ST",46.26463056,-106.4752306,"1","NAD83",2480,20,"NGVD29",10100003,"dv",60,3,81641,NA,"wat",NA,1645423,0,"10/1/1974","9/29/2015",11869,"MT",c(-106.4752306, 46.26463056),FALSE,"PASS"
13139,"USGS",6306300,"Tongue River at State Line nr Decker MT","MT","ST",45.0091361,-106.8359444,"1","NAD83",3431,0.23,"NAVD88",10090101,"dv",60,3,81646,NA,"wat",NA,1645423,0,"7/8/1960","2/14/2026",23913,"MT",c(-106.8359444, 45.0091361),TRUE,"BORDER"
13142,"USGS",6307500,"Tongue River at Tongue R Dam nr Decker MT","MT","ST",45.141275,-106.7713556,"1","NAD83",3344.4,0.1,"NGVD29",10090101,"dv",60,3,81659,NA,"wat",NA,1645423,0,"5/18/1939","2/14/2026",31676,"MT",c(-106.7713556, 45.141275),FALSE,"PASS"
13146,"USGS",6307600,"Hanging Woman Creek near Birney MT","MT","ST",45.29906389,-106.5081667,"1","NAD83",3150,10,"NAVD88",10090101,"dv",60,3,81671,NA,"wat",NA,1645423,0,"9/1/1973","9/30/2017",12814,"MT",c(-106.5081667, 45.29906389),FALSE,"PASS"
13147,"USGS",6307616,"Tongue R at Birney Day School Br nr Birney MT","MT","ST",45.41160556,-106.4573528,"1","NAD83",3060,1,"NAVD88",10090102,"dv",60,3,81682,NA,"wat",NA,1645423,0,"10/1/1979","2/14/2026",16938,"MT",c(-106.4573528, 45.41160556),FALSE,"PASS"
13150,"USGS",6307740,"Otter Creek at Ashland MT","MT","ST",45.58838889,-106.2550556,"1","NAD83",2916.5,0.1,"NGVD29",10090102,"dv",60,3,81691,NA,"wat",NA,1645423,0,"10/1/1972","11/7/2016",12518,"MT",c(-106.2550556, 45.58838889),FALSE,"PASS"
13152,"USGS",6307830,"Tongue R bl Brandenberg bridge nr Ashland MT","MT","ST",45.8403861,-106.2234333,"1","NAD83",2760,10,"NGVD29",10090102,"dv",60,3,81703,NA,"wat",NA,1645423,0,"10/1/1973","2/14/2026",11149,"MT",c(-106.2234333, 45.8403861),FALSE,"PASS"
13156,"USGS",6308500,"Tongue River at Miles City, MT","MT","ST",46.3845944,-105.8455222,"1","NAD83",2351.4,0.01,"NAVD88",10090102,"dv",60,3,81722,NA,"wat",NA,1645423,0,"4/1/1938","2/14/2026",30657,"MT",c(-105.8455222, 46.3845944),FALSE,"PASS"
13157,"USGS",6309000,"Yellowstone River at Miles City, MT","MT","ST",46.4207722,-105.8600333,"1","NAD83",2333.3,0.1,"NGVD29",10100001,"dv",60,3,81735,NA,"wat",NA,1645423,0,"9/1/1922","2/14/2026",34896,"MT",c(-105.8600333, 46.4207722),FALSE,"PASS"
13159,"USGS",6324500,"Powder River at Moorhead MT","MT","ST",45.0571972,-105.8783778,"1","NAD83",3350.6,5,"NGVD29",10090207,"dv",60,3,81737,NA,"wat",NA,1645423,0,"5/1/1929","2/14/2026",34623,"MT",c(-105.8783778, 45.0571972),FALSE,"PASS"
13165,"USGS",6326500,"Powder River near Locate MT","MT","ST",46.4294361,-105.3103306,"1","NAD83",2384.7,0.1,"NGVD29",10090209,"dv",60,3,81752,NA,"wat",NA,1645423,0,"3/25/1938","2/14/2026",32093,"MT",c(-105.3103306, 46.4294361),FALSE,"PASS"
13172,"USGS",6327500,"Yellowstone River at Glendive, MT","MT","ST",47.10588889,-104.7184306,"R","NAD83",2001.43,0.08,"NAVD88",10100004,"dv",60,3,81765,NA,"wat",NA,1645423,0,"1897-10-01","2/14/2026",14304,"MT",c(-104.7184306, 47.10588889),FALSE,"PASS"
13177,"USGS",6329500,"Yellowstone River near Sidney MT","MT","ST",47.67741389,-104.1554111,"1","NAD83",1882.87,0.1,"NAVD88",10100004,"dv",60,3,81772,NA,"wat",NA,1645423,0,"10/1/1910","2/14/2026",41410,"MT",c(-104.1554111, 47.67741389),FALSE,"PASS"
13181,"USGS",6334000,"Little Missouri River near Alzada MT","MT","ST",45.07613889,-104.4096,"1","NAD83",3367,1,"NGVD29",10110201,"dv",60,3,81778,NA,"wat",NA,1645423,0,"6/1/1911","9/29/1969",19055,"MT",c(-104.4096, 45.07613889),FALSE,"PASS"
13184,"USGS",6336500,"Beaver Creek at Wibaux MT","MT","ST",46.9899222,-104.1837667,"1","NAD83",2650,10,"NGVD29",10110204,"dv",60,3,81781,NA,"wat",NA,1645423,0,"4/1/1938","10/18/1983",13258,"MT",c(-104.1837667, 46.9899222),FALSE,"PASS"
13192,"USGS",12301300,"Tobacco River near Eureka MT","MT","ST",48.89359167,-115.0878528,"1","NAD83",2518.85,0.01,"NGVD29",17010101,"dv",60,3,81790,NA,"wat",NA,1645423,0,"10/1/1958","11/1/2016",21217,"MT",c(-115.0878528, 48.89359167),FALSE,"PASS"
13197,"USGS",12301933,"Kootenai River bl Libby Dam nr Libby MT","MT","ST",48.40066389,-115.3187194,"1","NAD83",2100,1,"NGVD29",17010101,"dv",60,3,81801,NA,"wat",NA,1645423,0,"10/1/1971","2/14/2026",19860,"MT",c(-115.3187194, 48.40066389),FALSE,"PASS"
13200,"USGS",12302055,"Fisher River near Libby MT","MT","ST",48.35560278,-115.31465,"1","NAD83",2134.1,0.1,"NGVD29",17010102,"dv",60,3,81809,NA,"wat",NA,1645423,0,"10/1/1967","2/14/2026",21322,"MT",c(-115.31465, 48.35560278),FALSE,"PASS"
13202,"USGS",12303000,"Kootenai River at Libby MT","MT","ST",48.4002194,-115.5536444,"1","NAD83",2041.54,0.01,"NGVD29",17010101,"dv",60,3,81813,NA,"wat",NA,1645423,0,"10/1/1910","9/29/1991",29238,"MT",c(-115.5536444, 48.4002194),FALSE,"PASS"
13203,"USGS",12303100,"Flower Creek near Libby MT","MT","ST",48.34483889,-115.6065694,"1","NAD83",2866,1,"NGVD29",17010101,"dv",60,3,81814,NA,"wat",NA,1645423,0,"9/1/1960","10/5/1992",11723,"MT",c(-115.6065694, 48.34483889),FALSE,"PASS"
13208,"USGS",12304500,"Yaak River near Troy MT","MT","ST",48.5617222,-115.9701583,"1","NAD83",1839,1,"NGVD29",17010103,"dv",60,3,81819,NA,"wat",NA,1645423,0,"3/1/1956","2/14/2026",25550,"MT",c(-115.9701583, 48.5617222),FALSE,"PASS"
13212,"USGS",12323240,"Blacktail Creek at Butte MT","MT","ST",45.9946694,-112.5357139,"1","NAD83",5430,20,"NAVD88",17010201,"dv",60,3,81825,NA,"wat",NA,1645423,0,"10/1/1988","4/29/2020",11534,"MT",c(-112.5357139, 45.9946694),FALSE,"PASS"
13215,"USGS",12323250,"Silver Bow Cr bl Blacktail Cr, at Butte, MT","MT","ST",45.99916667,-112.5773222,"5","NAD83",5420,20,"NAVD88",17010201,"dv",60,3,81827,NA,"wat",NA,1645423,0,"10/1/1983","2/14/2026",15478,"MT",c(-112.5773222, 45.99916667),FALSE,"PASS"
13217,"USGS",12323600,"Silver Bow Creek at Opportunity MT","MT","ST",46.1077583,-112.8052833,"1","NAD83",4912,2,"NGVD29",17010201,"dv",60,3,81830,NA,"wat",NA,1645423,0,"7/1/1988","2/14/2026",13402,"MT",c(-112.8052833, 46.1077583),FALSE,"PASS"
13222,"USGS",12323750,"Silver Bow Creek at Warm Springs MT","MT","ST",46.1794972,-112.780561,"1","NAD83",4787.95,20,"NGVD29",17010201,"dv",60,3,81849,NA,"wat",NA,1645423,0,"3/13/1972","2/14/2026",14765,"MT",c(-112.780561, 46.1794972),FALSE,"PASS"
13224,"USGS",12323770,"Warm Springs Creek at Warm Springs MT","MT","ST",46.180375,-112.7850778,"1","NAD83",4810,10,"NAVD88",17010201,"dv",60,3,81856,NA,"wat",NA,1645423,0,"10/1/1983","2/14/2026",15476,"MT",c(-112.7850778, 46.180375),FALSE,"PASS"
13225,"USGS",12323800,"Clark Fork near Galen MT","MT","ST",46.20824167,-112.76735,"1","NAD83",4749,20,"NGVD29",17010201,"dv",60,3,81863,NA,"wat",NA,1645423,0,"7/1/1988","2/14/2026",13742,"MT",c(-112.76735, 46.20824167),FALSE,"PASS"
13230,"USGS",12324200,"Clark Fork at Deer Lodge MT","MT","ST",46.39765,-112.7425389,"1","NAD83",4502.2,1,"NGVD29",17010201,"dv",60,3,81874,NA,"wat",NA,1645423,0,"10/1/1978","2/14/2026",17304,"MT",c(-112.7425389, 46.39765),FALSE,"PASS"
13233,"USGS",12324590,"Little Blackfoot River near Garrison MT","MT","ST",46.5194833,-112.7931722,"1","NAD83",4347.73,0.05,"NAVD88",17010201,"dv",60,3,81882,NA,"wat",NA,1645423,0,"9/26/1972","2/14/2026",19348,"MT",c(-112.7931722, 46.5194833),FALSE,"PASS"
13235,"USGS",12324680,"Clark Fork at Goldcreek MT","MT","ST",46.58998889,-112.9287139,"1","NAD83",4172.8,1,"NGVD29",17010201,"dv",60,3,81887,NA,"wat",NA,1645423,0,"9/20/1977","2/14/2026",17655,"MT",c(-112.9287139, 46.58998889),FALSE,"PASS"
13236,"USGS",12325500,"Flint Creek near Southern Cross MT","MT","ST",46.23266667,-113.2998722,"1","NAD83",5630,1,"NAVD88",17010202,"dv",60,3,81892,NA,"wat",NA,1645423,0,"10/1/1940","2/14/2026",27404,"MT",c(-113.2998722, 46.23266667),FALSE,"PASS"
13247,"USGS",12329500,"Flint Creek at Maxville MT","MT","ST",46.4637583,-113.2402778,"1","NAD83",4828.38,0.01,"NGVD29",17010202,"dv",60,3,81903,NA,"wat",NA,1645423,0,"7/29/1941","2/14/2026",30723,"MT",c(-113.2402778, 46.4637583),FALSE,"PASS"
13248,"USGS",12330000,"Boulder Creek at Maxville MT","MT","ST",46.47165278,-113.2357694,"1","NAD83",4750,10,"NAVD88",17010202,"dv",60,3,81904,NA,"wat",NA,1645423,0,"5/1/1939","2/14/2026",31577,"MT",c(-113.2357694, 46.47165278),FALSE,"PASS"
13252,"USGS",12331500,"Flint Creek near Drummond MT","MT","ST",46.62872778,-113.1506917,"1","NAD83",4017.27,0.01,"NGVD29",17010202,"dv",60,3,81908,NA,"wat",NA,1645423,0,"10/20/1947","2/14/2026",12656,"MT",c(-113.1506917, 46.62872778),FALSE,"PASS"
13257,"USGS",12331800,"Clark Fork near Drummond MT","MT","ST",46.71191389,-113.3307806,"1","NAD83",3810,20,"NAVD88",17010202,"dv",60,3,81913,NA,"wat",NA,1645423,0,"4/1/1993","2/14/2026",12006,"MT",c(-113.3307806, 46.71191389),FALSE,"PASS"
13259,"USGS",12332000,"Middle Fork Rock Cr nr Philipsburg MT","MT","ST",46.1845694,-113.5015694,"1","NAD83",5444.08,0.01,"NGVD29",17010202,"dv",60,3,81915,NA,"wat",NA,1645423,0,"10/1/1937","2/14/2026",32121,"MT",c(-113.5015694, 46.1845694),FALSE,"PASS"
13264,"USGS",12334510,"Rock Creek near Clinton MT","MT","ST",46.7223361,-113.683061,"1","NAD83",3519.46,0.1,"NGVD29",17010202,"dv",60,3,81920,NA,"wat",NA,1645423,0,"10/1/1972","2/14/2026",19495,"MT",c(-113.683061, 46.7223361),FALSE,"PASS"
13265,"USGS",12334550,"Clark Fork at Turah Bridge nr Bonner MT","MT","ST",46.8259111,-113.8140306,"1","NAD83",3320,20,"NAVD88",17010202,"dv",60,3,81924,NA,"wat",NA,1645423,0,"10/1/1984","2/14/2026",15111,"MT",c(-113.8140306, 46.8259111),FALSE,"PASS"
13270,"USGS",12335500,"Nevada Cr ab reservoir, nr Helmville, MT","MT","ST",46.77777778,-112.767786,"1","NAD83",4640,1,"NAVD88",17010203,"dv",60,3,81937,NA,"wat",NA,1645423,0,"5/1/1939","1/24/2025",31165,"MT",c(-112.767786, 46.77777778),FALSE,"PASS"
13285,"USGS",12340000,"Blackfoot River near Bonner MT","MT","ST",46.8994111,-113.7563194,"1","NAD83",3344.76,1,"NGVD29",17010203,"dv",60,3,81958,NA,"wat",NA,1645423,0,"1898-07-01","2/14/2026",33529,"MT",c(-113.7563194, 46.8994111),FALSE,"PASS"
13286,"USGS",12340500,"Clark Fork above Missoula MT","MT","ST",46.87676389,-113.9321194,"1","NAD83",3198.3,20,"NGVD29",17010204,"dv",60,3,81964,NA,"wat",NA,1645423,0,"3/1/1929","2/14/2026",35396,"MT",c(-113.9321194, 46.87676389),FALSE,"PASS"
13289,"USGS",12342500,"West Fork Bitterroot River nr Conner MT","MT","ST",45.72482778,-114.2822944,"1","NAD83",4581.4,0.1,"NGVD29",17010205,"dv",60,3,81972,NA,"wat",NA,1645423,0,"5/1/1941","2/14/2026",30971,"MT",c(-114.2822944, 45.72482778),FALSE,"PASS"
13293,"USGS",12344000,"Bitterroot River near Darby MT","MT","ST",45.97205,-114.1412333,"1","NAD83",3942.14,0.01,"NGVD29",17010205,"dv",60,3,81980,NA,"wat",NA,1645423,0,"4/1/1937","2/14/2026",32462,"MT",c(-114.1412333, 45.97205),FALSE,"PASS"
13313,"USGS",12352500,"Bitterroot River near Missoula MT","MT","ST",46.83173889,-114.054861,"1","NAD83",3110,10,"NAVD88",17010205,"dv",60,3,82002,NA,"wat",NA,1645423,0,"1898-07-01","2/14/2026",15237,"MT",c(-114.054861, 46.83173889),FALSE,"PASS"
13314,"USGS",12353000,"Clark Fork below Missoula MT","MT","ST",46.8686333,-114.1277472,"1","NAD83",3083.88,0.01,"NGVD29",17010204,"dv",60,3,82009,NA,"wat",NA,1645423,0,"10/1/1929","2/14/2026",35200,"MT",c(-114.1277472, 46.8686333),FALSE,"PASS"
13319,"USGS",12354000,"St. Regis River near St. Regis, MT","MT","ST",47.2967111,-115.122625,"1","NAD83",2645,10,"NGVD29",17010204,"dv",60,3,82017,NA,"wat",NA,1645423,0,"9/1/1910","2/14/2026",16764,"MT",c(-115.122625, 47.2967111),FALSE,"PASS"
13320,"USGS",12354500,"Clark Fork at St. Regis MT","MT","ST",47.30163889,-115.0868694,"1","NAD83",2600.37,10,"NGVD29",17010204,"dv",60,3,82022,NA,"wat",NA,1645423,0,"11/1/1910","2/14/2026",40281,"MT",c(-115.0868694, 47.30163889),FALSE,"PASS"
13325,"USGS",12355500,"N F Flathead River nr Columbia Falls MT","MT","ST",48.4957972,-114.1267639,"1","NAD83",3145.59,0.1,"NGVD29",17010206,"dv",60,3,82038,NA,"wat",NA,1645423,0,"10/1/1910","2/14/2026",36941,"MT",c(-114.1267639, 48.4957972),FALSE,"PASS"
13332,"USGS",12358500,"M F Flathead River near West Glacier MT","MT","ST",48.49551667,-114.0102083,"1","NAD83",3128.72,10,"NGVD29",17010207,"dv",60,3,82051,NA,"wat",NA,1645423,0,"10/1/1939","2/14/2026",31549,"MT",c(-114.0102083, 48.49551667),FALSE,"PASS"
13335,"USGS",12359800,"S F Flathead R ab Twin C nr Hungry Horse MT","MT","ST",47.9790972,-113.5606833,"1","NAD83",3575,1,"NAVD88",17010209,"dv",60,3,82054,NA,"wat",NA,1645423,0,"10/1/1964","2/14/2026",14626,"MT",c(-113.5606833, 47.9790972),FALSE,"PASS"
13346,"USGS",12362500,"S F Flathead River nr Columbia Falls MT","MT","ST",48.35657778,-114.0378583,"1","NAD83",3040,1,"NGVD29",17010209,"dv",60,3,82067,NA,"wat",NA,1645423,0,"2/1/1911","2/14/2026",37335,"MT",c(-114.0378583, 48.35657778),FALSE,"PASS"
13347,"USGS",12363000,"Flathead River at Columbia Falls MT","MT","ST",48.3618111,-114.18495,"D","NAD83",2981.54,0.18,"NAVD88",17010208,"dv",60,3,82074,NA,"wat",NA,1645423,0,"6/1/1922","2/14/2026",35537,"MT",c(-114.18495, 48.3618111),FALSE,"PASS"
13352,"USGS",12365000,"Stillwater River near Whitefish MT","MT","ST",48.31905278,-114.3871583,"1","NAD83",2953.26,0.01,"NGVD29",17010210,"dv",60,3,82083,NA,"wat",NA,1645423,0,"10/1/1930","9/30/2006",19295,"MT",c(-114.3871583, 48.31905278),FALSE,"PASS"
13356,"USGS",12366000,"Whitefish River near Kalispell MT","MT","ST",48.3201861,-114.2785944,"1","NAD83",2969.83,0.01,"NGVD29",17010210,"dv",60,3,82087,NA,"wat",NA,1645423,0,"8/1/1928","2/14/2026",22035,"MT",c(-114.2785944, 48.3201861),FALSE,"PASS"
13363,"USGS",12370000,"Swan River near Bigfork, MT","MT","ST",48.02423056,-113.9788194,"1","NAD83",3062.6,0.1,"NGVD29",17010211,"dv",60,3,82101,NA,"wat",NA,1645423,0,"5/1/1922","2/14/2026",37911,"MT",c(-113.9788194, 48.02423056),FALSE,"PASS"
13366,"USGS",12372000,"Flathead River near Polson MT","MT","ST",47.6802861,-114.2467278,"1","NAD83",2692.7,0.1,"NGVD29",17010212,"dv",60,3,82110,NA,"wat",NA,1645423,0,"8/1/1907","2/14/2026",43146,"MT",c(-114.2467278, 47.6802861),FALSE,"PASS"
13369,"USGS",12374250,"Mill Cr ab Bassoo Cr nr Niarada MT","MT","ST",47.82982778,-114.6978333,"1","NAD83",3000,1,"NAVD88",17010212,"dv",60,3,82113,NA,"wat",NA,1645423,0,"8/1/1982","10/4/2020",13915,"MT",c(-114.6978333, 47.82982778),FALSE,"PASS"
13372,"USGS",12375900,"South Crow Creek near Ronan MT","MT","ST",47.4914361,-114.0266444,"1","NAD83",3320,1,"NAVD88",17010212,"dv",60,3,82116,NA,"wat",NA,1645423,0,"9/29/1982","10/4/2020",13886,"MT",c(-114.0266444, 47.4914361),FALSE,"PASS"
13376,"USGS",12377150,"Mission Creek ab reservoir nr St. Ignatius MT","MT","ST",47.32019167,-113.9878917,"1","NAD83",3460,10,"NAVD88",17010212,"dv",60,3,82120,NA,"wat",NA,1645423,0,"10/1/1982","2/14/2026",15843,"MT",c(-113.9878917, 47.32019167),FALSE,"PASS"
13383,"USGS",12381400,"South Fork Jocko River near Arlee MT","MT","ST",47.19555,-113.850736,"1","NAD83",3970,1,"NAVD88",17010212,"dv",60,3,82127,NA,"wat",NA,1645423,0,"9/28/1982","2/14/2026",15841,"MT",c(-113.850736, 47.19555),FALSE,"PASS"
13388,"USGS",12383500,"Big Knife Creek near Arlee MT","MT","ST",47.1472611,-113.974475,"1","NAD83",3720,1,"NGVD29",17010212,"dv",60,3,82132,NA,"wat",NA,1645423,0,"8/1/1910","9/29/2010",11511,"MT",c(-113.974475, 47.1472611),FALSE,"PASS"
13405,"USGS",12388700,"Flathead River at Perma MT","MT","ST",47.36679167,-114.585,"1","NAD83",2469.3,0.1,"NGVD29",17010212,"dv",60,3,82149,NA,"wat",NA,1645423,0,"10/1/1983","2/14/2026",15478,"MT",c(-114.585, 47.36679167),FALSE,"PASS"
13406,"USGS",12389000,"Clark Fork near Plains MT","MT","ST",47.4292,-114.8565333,"1","NAD83",2449.11,0.01,"NGVD29",17010213,"dv",60,3,326135,NA,"wat",NA,1645423,0,"10/1/1910","2/14/2026",42141,"MT",c(-114.8565333, 47.4292),FALSE,"PASS"
13407,"USGS",12389500,"Thompson River near Thompson Falls MT","MT","ST",47.5918583,-115.229536,"1","NAD83",2429.97,0.01,"NGVD29",17010213,"dv",60,3,82154,NA,"wat",NA,1645423,0,"3/1/1911","2/14/2026",25735,"MT",c(-115.229536, 47.5918583),FALSE,"PASS"
13409,"USGS",12390700,"Prospect Creek at Thompson Falls MT","MT","ST",47.5860611,-115.3551,"1","NAD83",2382.4,0.1,"NGVD29",17010213,"dv",60,3,82156,NA,"wat",NA,1645423,0,"4/1/1956","2/14/2026",25522,"MT",c(-115.3551, 47.5860611),FALSE,"PASS"
13411,"USGS",12391400,"Clark Fork bl Noxon Rapids Dam nr Noxon MT","MT","ST",47.9612444,-115.7335056,"1","NAD83",NA,NA,NA,17010213,"dv",60,3,82158,NA,"wat",NA,1645423,0,"6/1/1960","9/29/2014",19844,"MT",c(-115.7335056, 47.9612444),FALSE,"PASS"
13789,"USGS",9415900,"MUDDY SPGS AT LDS FARM NR MOAPA, NV","NV","ST",36.72163699,-114.7155502,"S","NAD83",1770,20,"NGVD29",15010012,"dv",60,3,102229,NA,"wat",NA,1645423,0,"8/22/1985","2/14/2026",14166,"NV",c(-114.7155502, 36.72163699),FALSE,"PASS"
13791,"USGS",9415910,"PEDERSON SPGS NR MOAPA, NV","NV","ST",36.70958056,-114.7159722,"H","NAD83",1810.99,0.08,"NAVD88",15010012,"dv",60,3,102231,NA,"wat",NA,1645423,0,"10/1/1986","2/14/2026",13760,"NV",c(-114.7159722, 36.70958056),FALSE,"PASS"
13793,"USGS",9415920,"WARM SPGS W NR MOAPA, NV","NV","ST",36.7111833,-114.7136639,"5","NAD83",1771,1,"NAVD88",15010012,"dv",60,3,102232,NA,"wat",NA,1645423,0,"8/22/1985","2/14/2026",14167,"NV",c(-114.7136639, 36.7111833),FALSE,"PASS"
13796,"USGS",9416000,"MUDDY RV NR MOAPA, NV","NV","ST",36.7110817,-114.6952715,"S","NAD83",1710,1,"NGVD29",15010012,"dv",60,3,295797,NA,"wat",NA,1645423,0,"7/1/1913","2/14/2026",31427,"NV",c(-114.6952715, 36.7110817),FALSE,"PASS"
13800,"USGS",9417500,"MEADOW VALLEY WASH AT EAGLE CYN NR URSINE, NV","NV","ST",38.0041285,-114.206927,"S","NAD83",5653.91,0.05,"NAVD88",15010013,"dv",60,3,102247,NA,"wat",NA,1645423,0,"8/23/1962","2/14/2026",11224,"NV",c(-114.206927, 38.0041285),FALSE,"PASS"
13804,"USGS",9418500,"MEADOW VALLEY WASH NR CALIENTE, NV","NV","ST",37.55837778,-114.5630556,"S","NAD83",4200,5,"NGVD29",15010013,"dv",60,3,102251,NA,"wat",NA,1645423,0,"2/1/1951","2/14/2026",25418,"NV",c(-114.5630556, 37.55837778),FALSE,"PASS"
13806,"USGS",9419000,"MUDDY RV NR GLENDALE, NV","NV","ST",36.64302844,-114.5397075,"S","NAD83",1463.76,0.06,"NAVD88",15010012,"dv",60,3,102259,NA,"wat",NA,1645423,0,"2/1/1950","2/14/2026",27509,"NV",c(-114.5397075, 36.64302844),FALSE,"PASS"
13812,"USGS",9419550,"ROGERS SPNG NR OVERTON BEACH, NV","NV","SP",36.3765833,-114.4435833,"5","NAD83",1565,16,"NGVD29",15010005,"dv",60,3,102272,NA,"wat",NA,1645423,0,"8/1/1985","2/14/2026",14808,"NV",c(-114.4435833, 36.3765833),FALSE,"PASS"
13813,"USGS",9419610,"LEE CYN NR CHARLESTON PARK, NV","NV","ST",36.34030278,-115.652225,"S","NAD83",7820,16,"NGVD29",15010015,"dv",60,3,102273,NA,"wat",NA,1645423,0,"10/1/1963","9/30/1994",11323,"NV",c(-115.652225, 36.34030278),FALSE,"PASS"
13814,"USGS",9419625,"CORN CK SPGS AT NATIONAL FISH & WILDLIFE HDQRS, NV","NV","ST",36.43884444,-115.3581194,"5","NAD83",2927.49,0.08,"NAVD88",15010015,"dv",60,3,102274,NA,"wat",NA,1645423,0,"7/1/1985","2/14/2026",13993,"NV",c(-115.3581194, 36.43884444),FALSE,"PASS"
13823,"USGS",9419659,"SLOAN CHANNEL TRIB AT LAS VEGAS BLVD NR N LV","LV","ST",36.22864167,-115.0742806,"S","NAD83",1839.96,0.06,"NAVD88",15010015,"dv",60,3,295805,NA,"wat",NA,1645423,0,"1/26/1988","6/30/2020",11845,"NV",c(-115.0742806, 36.22864167),FALSE,"FAIL"
13824,"USGS",9419665,"SLOAN CHANNEL AT CHARLESTON BLVD NR LAS VEGAS, NV","NV","ST",36.1597028,-115.045273,"S","NAD83",1710.72,0.07,"NAVD88",1.5e+11,"dv",60,3,102290,NA,"wat",NA,1645423,0,"9/30/1988","2/14/2026",13476,"NV",c(-115.045273, 36.1597028),FALSE,"PASS"
13831,"USGS",94196781,"FLAMINGO WASH AT NELLIS BLVD NR LAS VEGAS, NV","NV","ST",36.14302819,-115.0655537,"S","NAD83",1712.72,0.05,"NAVD88",15010015,"dv",60,3,102299,NA,"wat",NA,1645423,0,"10/1/1988","2/14/2026",13651,"NV",c(-115.0655537, 36.14302819),FALSE,"PASS"
13834,"USGS",9419679,"LAS VEGAS WASTEWAY NR E LAS VEGAS, NV","NV","ST",36.10805,-115.0219944,"C","NAD83",1636.87,0.3,"NAVD88",15010015,"dv",60,3,102313,NA,"wat",NA,1645423,0,"5/1/1979","2/14/2026",16531,"NV",c(-115.0219944, 36.10805),FALSE,"PASS"
13840,"USGS",9419740,"C-1 CHANNEL NR WARM SPGS RD AT HENDERSON, NV","NV","ST",36.044699,-114.9591584,"S","NAD83",1852.27,0.06,"NAVD88",15010015,"dv",60,3,102328,NA,"wat",NA,1645423,0,"10/1/1990","2/14/2026",12685,"NV",c(-114.9591584, 36.044699),FALSE,"PASS"
13844,"USGS",9419753,"LV WASH ABV THREE KIDS WASH BLW HENDERSON, NV","NV","ST",36.100375,-114.9433194,"S","NAD83",1401.87,0.3,"NAVD88",15010015,"dv",60,3,102332,NA,"wat",NA,1645423,0,"5/23/1988","2/14/2026",11463,"NV",c(-114.9433194, 36.100375),FALSE,"PASS"
13845,"USGS",9419756,"LAS VEGAS WASH OVERFLOW AT LAKE LAS VEGAS INLET",NA,"ST",36.10247588,-114.934437,"S","NAD83",1392.12,0.05,"NAVD88",15010015,"dv",60,3,102339,NA,"wat",NA,1645423,0,"10/1/1991","2/14/2026",12556,"NV",c(-114.934437, 36.10247588),FALSE,"CHECK"
13847,"USGS",9419800,"LV WASH BLW LAKE LAS VEGAS NR BOULDER CITY, NV","NV","ST",36.12219816,-114.904992,"S","NAD83",1249.45,0.05,"NAVD88",15010015,"dv",60,3,102341,NA,"wat",NA,1645423,0,"8/1/1969","2/14/2026",14170,"NV",c(-114.904992, 36.12219816),FALSE,"PASS"
13848,"USGS",9421500,"COLORADO RV BLW HOOVER DAM, AZ-NV",NA,"ST",36.01525847,-114.7385936,"S","NAD83",675.49,33,"NGVD29",15030101,"dv",60,3,102357,NA,"wat",NA,1645423,0,"4/1/1934","2/5/2026",33549,"NV",c(-114.7385936, 36.01525847),FALSE,"CHECK"
13849,"USGS",9423000,"COLORADO RIVER BELOW DAVIS DAM, AZ-NV",NA,"ST",35.19166556,-114.5721876,"T","NAD83",490,20,"NGVD29",15030101,"dv",60,3,5380,NA,"wat",NA,1645423,0,"5/11/1905","2/14/2026",28785,"NV",c(-114.5721876, 35.19166556),FALSE,"CHECK"
13863,"USGS",10243260,"LEHMAN CK NR BAKER, NV","NV","ST",39.0116129,-114.2144392,"S","NAD83",6687.97,0.06,"NAVD88",16020301,"dv",60,3,102393,NA,"wat",NA,1645423,0,"10/1/1947","2/14/2026",13359,"NV",c(-114.2144392, 39.0116129),FALSE,"PASS"
13868,"USGS",10243700,"CLEVE CK NR ELY, NV","NV","ST",39.21657778,-114.5296389,"S","NAD83",6191.76,0.05,"NAVD88",16060008,"dv",60,3,102413,NA,"wat",NA,1645423,0,"5/29/1914","2/14/2026",20567,"NV",c(-114.5296389, 39.21657778),FALSE,"PASS"
13871,"USGS",10244950,"STEPTOE CK NR ELY, NV","NV","ST",39.20153889,-114.689161,"S","NAD83",7360.92,0.05,"NAVD88",16060008,"dv",60,3,102418,NA,"wat",NA,1645423,0,"6/1/1966","2/14/2026",21809,"NV",c(-114.689161, 39.20153889),FALSE,"PASS"
13899,"USGS",10249280,"KINGSTON CK BLW COUGAR CYN NR AUSTIN, NV","NV","ST",39.2124291,-117.1134216,"U","NAD83",6449.44,0.06,"NAVD88",16060004,"dv",60,3,102445,NA,"wat",NA,1645423,0,"10/1/1966","5/22/2025",21374,"NV",c(-117.1134216, 39.2124291),FALSE,"PASS"
13900,"USGS",10249300,"S TWIN RV NR ROUND MOUNTAIN, NV","NV","ST",38.8874302,-117.2453673,"U","NAD83",6400,40,"NGVD29",16060004,"dv",60,3,102449,NA,"wat",NA,1645423,0,"8/5/1965","2/14/2026",22109,"NV",c(-117.2453673, 38.8874302),FALSE,"PASS"
13924,"USGS",10293500,"E WALKER RV ABV STROSNIDER DITCH NR MASON, NV","NV","ST",38.81371389,-119.0479917,"S","NAD83",4574.1,0.01,"NGVD29",16050301,"dv",60,3,102497,NA,"wat",NA,1645423,0,"10/1/1947","2/14/2026",25712,"NV",c(-119.0479917, 38.81371389),FALSE,"PASS"
13929,"USGS",10297500,"W WALKER RV AT HOYE BRG NR WELLINGTON, NV","NV","ST",38.72806389,-119.427861,"S","NAD83",4980,0.01,"NGVD29",16050302,"dv",60,3,102511,NA,"wat",NA,1645423,0,"5/1/1910","2/14/2026",29390,"NV",c(-119.427861, 38.72806389),FALSE,"PASS"
13935,"USGS",10300000,"W WALKER RV NR HUDSON, NV","NV","ST",38.8096366,-119.227377,"U","NAD83",4650,0.01,"NGVD29",16050302,"dv",60,3,102517,NA,"wat",NA,1645423,0,"10/1/1914","2/14/2026",29361,"NV",c(-119.227377, 38.8096366),FALSE,"PASS"
13944,"USGS",10301500,"WALKER RV NR WABUSKA, NV","NV","ST",39.1524611,-119.0988889,"S","NAD83",4300,20,"NGVD29",16050303,"dv",60,3,102524,NA,"wat",NA,1645423,0,"7/22/1902","2/14/2026",38210,"NV",c(-119.0988889, 39.1524611),FALSE,"PASS"
13945,"USGS",10301600,"WALKER RV ABV WEBER RES NR SCHURZ, NV","NV","ST",39.1032533,-118.929317,"U","NAD83",4215,0.01,"NGVD29",16050303,"dv",60,3,102531,NA,"wat",NA,1645423,0,"6/13/1977","2/14/2026",13517,"NV",c(-118.929317, 39.1032533),FALSE,"PASS"
13947,"USGS",10301742,"CANAL NO 2 ABV LITTLE DAM NR SCHURZ, NV","NV","ST-CA",39.0140869,-118.8609803,"S","NAD83",4160,10,"NGVD29",16050303,"dv",60,3,102535,NA,"wat",NA,1645423,0,"4/19/1995","2/14/2026",11119,"NV",c(-118.8609803, 39.0140869),FALSE,"PASS"
13949,"USGS",10301755,"CANAL NO 1 BLW LITTLE DAM NR SCHURZ, NV","NV","ST-CA",39.01242024,-118.861258,"S","NAD83",4160,10,"NGVD29",16050303,"dv",60,3,102537,NA,"wat",NA,1645423,0,"4/21/1995","2/14/2026",11109,"NV",c(-118.861258, 39.01242024),FALSE,"PASS"
13952,"USGS",10302002,"WALKER RV AT LATERAL 2-A SIPHON NR SCHURZ, NV","NV","ST",38.94019785,-118.8037557,"S","NAD83",4105,10,"NGVD29",16050303,"dv",60,3,102540,NA,"wat",NA,1645423,0,"10/1/1994","2/14/2026",11460,"NV",c(-118.8037557, 38.94019785),FALSE,"PASS"
13957,"USGS",10308800,"BRYANT CK NR GARDNERVILLE, NV","NV","ST",38.79379494,-119.672673,"U","NAD83",5445.91,0.01,"NGVD29",16050201,"dv",60,3,102562,NA,"wat",NA,1645423,0,"6/1/1961","6/30/2017",12615,"NV",c(-119.672673, 38.79379494),FALSE,"PASS"
13958,"USGS",10309000,"E FK CARSON RV NR GARDNERVILLE, NV","NV","ST",38.84519444,-119.7060833,"T","NAD83",5036,20,"NAVD88",16050201,"dv",60,3,102569,NA,"wat",NA,1645423,0,"1890-01-01","2/14/2026",38222,"NV",c(-119.7060833, 38.84519444),FALSE,"PASS"
13966,"USGS",10310400,"DAGGETT CK NR GENOA, NV","NV","ST",38.9645,-119.8493194,"S","NAD83",5100,20,"NGVD29",16050201,"dv",60,3,102586,NA,"wat",NA,1645423,0,"10/29/1965","2/14/2026",20136,"NV",c(-119.8493194, 38.9645),FALSE,"PASS"
13972,"USGS",10310500,"CLEAR CK NR CARSON CITY, NV","NV","ST",39.11324216,-119.7982365,"T","NAD83",5000,20,"NGVD29",16050201,"dv",60,3,102594,NA,"wat",NA,1645423,0,"3/1/1948","2/14/2026",18869,"NV",c(-119.7982365, 39.11324216),FALSE,"PASS"
13973,"USGS",10311000,"CARSON RV NR CARSON CITY, NV","NV","ST",39.10768747,-119.7132334,"S","NAD83",4620.48,0.01,"NGVD29",16050201,"dv",60,3,102595,NA,"wat",NA,1645423,0,"5/12/1939","2/14/2026",31691,"NV",c(-119.7132334, 39.10768747),FALSE,"PASS"
13976,"USGS",10311100,"KINGS CYN CK NR CARSON CITY, NV","NV","ST",39.15379796,-119.8079599,"S","NAD83",5180,20,"NGVD29",16050201,"dv",60,3,102598,NA,"wat",NA,1645423,0,"6/1/1976","2/14/2026",18155,"NV",c(-119.8079599, 39.15379796),FALSE,"PASS"
13977,"USGS",10311200,"ASH CYN CK NR CARSON CITY, NV","NV","ST",39.17629816,-119.805738,"S","NAD83",5080,10,"NGVD29",16050201,"dv",60,3,102599,NA,"wat",NA,1645423,0,"7/1/1976","2/14/2026",18126,"NV",c(-119.805738, 39.17629816),FALSE,"PASS"
13980,"USGS",10311300,"EAGLE VALLEY CK AT CARSON CITY, NV","NV","ST",39.165275,-119.722225,"S","NAD83",4620,10,"NGVD29",16050201,"dv",60,3,102602,NA,"wat",NA,1645423,0,"1/1/1985","2/14/2026",15020,"NV",c(-119.722225, 39.165275),FALSE,"PASS"
13981,"USGS",10311400,"CARSON RV AT DEER RUN RD NR CARSON CITY, NV","NV","ST",39.18137778,-119.6948694,"S","NAD83",4576.32,0.05,"NAVD88",16050201,"dv",60,3,102603,NA,"wat",NA,1645423,0,"4/20/1979","2/14/2026",15338,"NV",c(-119.6948694, 39.18137778),FALSE,"PASS"
13986,"USGS",10312000,"CARSON RV NR FORT CHURCHILL, NV","NV","ST",39.29166667,-119.311111,"S","NAD83",4180,5,"NGVD29",16050202,"dv",60,3,102615,NA,"wat",NA,1645423,0,"4/13/1911","2/14/2026",41947,"NV",c(-119.311111, 39.29166667),FALSE,"PASS"
13987,"USGS",10312150,"CARSON RV BLW LAHONTAN RESERVOIR NR FALLON, NV","NV","ST",39.4639361,-119.0462583,"S","NAD83",4040,10,"NGVD29",16050203,"dv",60,3,102631,NA,"wat",NA,1645423,0,"10/1/1966","2/14/2026",21687,"NV",c(-119.0462583, 39.4639361),FALSE,"PASS"
13997,"USGS",10312275,"CARSON RV AT TARZYN RD NR FALLON, NV","NV","ST",39.55880594,-118.7259842,"U","NAD83",3920,20,"NGVD29",16050203,"dv",60,3,102683,NA,"wat",NA,1645423,0,"3/29/1985","2/14/2026",14903,"NV",c(-118.7259842, 39.55880594),FALSE,"PASS"
14005,"USGS",10315500,"MARYS RV ABV HOT SPGS CK NR DEETH, NV","NV","ST",41.2526961,-115.2564468,"U","NAD83",5504,20,"NGVD29",16040101,"dv",60,3,102700,NA,"wat",NA,1645423,0,"10/1/1943","2/14/2026",29723,"NV",c(-115.2564468, 41.2526961),FALSE,"PASS"
14008,"USGS",10316500,"LAMOILLE CK NR LAMOILLE, NV","NV","ST",40.69076057,-115.477003,"S","NAD83",6240,40,"NGVD29",16040101,"dv",60,3,102706,NA,"wat",NA,1645423,0,"5/1/1915","2/14/2026",33041,"NV",c(-115.477003, 40.69076057),FALSE,"PASS"
14016,"USGS",10317500,"N FK HUMBOLDT RV AT DEVILS GATE NR HALLECK, NV","NV","ST",41.17875278,-115.492575,"S","NAD83",5370,0.01,"NGVD29",16040102,"dv",60,3,102714,NA,"wat",NA,1645423,0,"10/1/1913","2/14/2026",25919,"NV",c(-115.492575, 41.17875278),FALSE,"PASS"
14018,"USGS",10318500,"HUMBOLDT RV NR ELKO, NV","NV","ST",40.93655556,-115.6241667,"1","NAD83",5142.32,0.2,"NGVD29",16040101,"dv",60,3,102716,NA,"wat",NA,1645423,0,"1895-07-01","2/14/2026",32370,"NV",c(-115.6241667, 40.93655556),FALSE,"PASS"
14021,"USGS",10319900,"S FK HUMBOLDT RV ABV TENMILE CK NR ELKO, NV","NV","ST",40.6274972,-115.7305222,"S","NAD83",5275,25,"NGVD29",16040103,"dv",60,3,102719,NA,"wat",NA,1645423,0,"2/1/1989","2/14/2026",13527,"NV",c(-115.7305222, 40.6274972),FALSE,"PASS"
14023,"USGS",10320000,"S FK HUMBOLDT RV ABV DIXIE CK NR ELKO, NV","NV","ST",40.6849236,-115.8134002,"U","NAD83",5140,0.01,"NGVD29",16040103,"dv",60,3,102721,NA,"wat",NA,1645423,0,"10/1/1948","2/14/2026",26148,"NV",c(-115.8134002, 40.6849236),FALSE,"PASS"
14025,"USGS",10320500,"S FK HUMBOLDT RV NR ELKO, NV","NV","ST",40.72353367,-115.8300682,"U","NAD83",5100,0.01,"NGVD29",16040103,"dv",60,3,102723,NA,"wat",NA,1645423,0,"1896-09-01","9/30/1973",25534,"NV",c(-115.8300682, 40.72353367),FALSE,"PASS"
14026,"USGS",10321000,"HUMBOLDT RV NR CARLIN, NV","NV","ST",40.72769715,-116.009242,"U","NAD83",4935.6,0.4,"NAVD88",16040101,"dv",60,3,102728,NA,"wat",NA,1645423,0,"10/1/1943","2/14/2026",30088,"NV",c(-116.009242, 40.72769715),FALSE,"PASS"
14028,"USGS",10321590,"SUSIE CK AT CARLIN, NV","NV","ST",40.72602928,-116.0778547,"S","NAD83",4910.6,0.4,"NAVD88",16040101,"dv",60,3,102730,NA,"wat",NA,1645423,0,"4/29/1992","2/14/2026",12344,"NV",c(-116.0778547, 40.72602928),FALSE,"PASS"
14032,"USGS",10321950,"MAGGIE CK AT MAGGIE CR CYN NR CARLIN, NV","NV","ST",40.80324824,-116.2000813,"F","NAD83",5095,10,"NGVD29",16040101,"dv",60,3,102734,NA,"wat",NA,1645423,0,"9/23/1989","2/14/2026",13294,"NV",c(-116.2000813, 40.80324824),FALSE,"PASS"
14034,"USGS",10322000,"MAGGIE CK AT CARLIN, NV","NV","ST",40.71624444,-116.093575,"S","NAD83",4896.9,0.4,"NAVD88",16040101,"dv",60,3,102736,NA,"wat",NA,1645423,0,"7/1/1913","2/14/2026",16072,"NV",c(-116.093575, 40.71624444),FALSE,"PASS"
14035,"USGS",10322150,"MARYS CK AT CARLIN, NV","NV","ST",40.710473,-116.1259112,"F","NAD83",4912,0.4,"NAVD88",16040101,"dv",60,3,102737,NA,"wat",NA,1645423,0,"11/18/1989","2/13/2026",13226,"NV",c(-116.1259112, 40.710473),FALSE,"PASS"
14036,"USGS",10322500,"HUMBOLDT RV AT PALISADE, NV","NV","ST",40.60741747,-116.2017444,"S","NAD83",4829.2,0.4,"NAVD88",16040101,"dv",60,3,102738,NA,"wat",NA,1645423,0,"10/1/1902","2/14/2026",43304,"NV",c(-116.2017444, 40.60741747),FALSE,"PASS"
14045,"USGS",10323425,"HUMBOLDT RV AT OLD US 40 BRG AT DUNPHY, NV","NV","ST",40.7054675,-116.5309216,"S","NAD83",4619.9,0.4,"NAVD88",16040105,"dv",60,3,102747,NA,"wat",NA,1645423,0,"2/14/1991","2/14/2026",12785,"NV",c(-116.5309216, 40.7054675),FALSE,"PASS"
14046,"USGS",10323500,"HUMBOLDT RV NR ARGENTA, NV","NV","ST",40.67907858,-116.6467582,"U","NAD83",4580,0.01,"NGVD29",16040105,"dv",60,3,102748,NA,"wat",NA,1645423,0,"3/1/1946","9/30/1982",13363,"NV",c(-116.6467582, 40.67907858),FALSE,"PASS"
14048,"USGS",10324500,"ROCK CK NR BATTLE MOUNTAIN, NV","NV","ST",40.83040556,-116.5883417,"S","NAD83",4665.9,0.4,"NAVD88",16040106,"dv",60,3,102750,NA,"wat",NA,1645423,0,"4/1/1918","2/14/2026",31514,"NV",c(-116.5883417, 40.83040556),FALSE,"PASS"
14050,"USGS",10325000,"HUMBOLDT RV AT BATTLE MOUNTAIN, NV","NV","ST",40.6676885,-116.9312118,"S","NAD83",4492.9,0.4,"NAVD88",16040105,"dv",60,3,102752,NA,"wat",NA,1645423,0,"1896-10-01","2/14/2026",27526,"NV",c(-116.9312118, 40.6676885),FALSE,"PASS"
14057,"USGS",10327500,"HUMBOLDT RV AT COMUS, NV","NV","ST",40.99212549,-117.3176168,"S","NAD83",4363.3,0.4,"NAVD88",16040105,"dv",60,3,102760,NA,"wat",NA,1645423,0,"1894-10-01","2/14/2026",40794,"NV",c(-117.3176168, 40.99212549),FALSE,"PASS"
14063,"USGS",10329000,"L HUMBOLDT RV NR PARADISE VALLEY, NV","NV","ST",41.4158222,-117.373511,"S","NAD83",4464.4,0.4,"NAVD88",16040109,"dv",60,3,102765,NA,"wat",NA,1645423,0,"10/1/1921","2/14/2026",32219,"NV",c(-117.373511, 41.4158222),FALSE,"PASS"
14064,"USGS",10329500,"MARTIN CK NR PARADISE VALLEY, NV","NV","ST",41.5346175,-117.4179047,"S","NAD83",4648.9,0.4,"NAVD88",16040109,"dv",60,3,102766,NA,"wat",NA,1645423,0,"10/1/1921","2/14/2026",38123,"NV",c(-117.4179047, 41.5346175),FALSE,"PASS"
14070,"USGS",10332500,"H L I L AND P CO FEEDER CANAL NR IMLAY, NV","NV","ST",40.66817778,-118.1998944,"S","NAD83",4170,0.01,"NGVD29",16040108,"dv",60,3,102772,NA,"wat",NA,1645423,0,"10/1/1946","9/30/1976",10958,"NV",c(-118.1998944, 40.66817778),FALSE,"PASS"
14071,"USGS",10333000,"HUMBOLDT RV NR IMLAY, NV","NV","ST",40.6924048,-118.204312,"S","NAD83",4133.2,0.4,"NAVD88",16040108,"dv",60,3,102773,NA,"wat",NA,1645423,0,"6/1/1935","2/14/2026",31919,"NV",c(-118.204312, 40.6924048),FALSE,"PASS"
14073,"USGS",10335000,"HUMBOLDT RV NR RYE PATCH, NV","NV","ST",40.4674063,-118.3076469,"S","NAD83",4067.7,0.4,"NAVD88",16040108,"dv",60,3,102785,NA,"wat",NA,1645423,0,"1896-02-01","2/14/2026",42110,"NV",c(-118.3076469, 40.4674063),FALSE,"PASS"
14077,"USGS",10336698,"THIRD CK NR CRYSTAL BAY, NV","NV","ST",39.24046325,-119.9465774,"S","NAD83",6237.59,0.26,"NAVD88",16050101,"dv",60,3,7571,NA,"wat",NA,1645423,0,"10/1/1969","2/14/2026",19369,"NV",c(-119.9465774, 39.24046325),FALSE,"PASS"
14080,"USGS",10336700,"INCLINE CK NR CRYSTAL BAY, NV","NV","ST",39.2401855,-119.9449106,"S","NAD83",6251,0.16,"NAVD88",16050101,"dv",60,3,7577,NA,"wat",NA,1645423,0,"10/1/1969","2/14/2026",15742,"NV",c(-119.9449106, 39.2401855),FALSE,"PASS"
14081,"USGS",10336715,"MARLETTE CK NR CARSON CITY, NV","NV","ST",39.17213045,-119.907963,"U","NAD83",7760,0.01,"NGVD29",16050101,"dv",60,3,102842,NA,"wat",NA,1645423,0,"10/1/1973","2/14/2026",18724,"NV",c(-119.907963, 39.17213045),FALSE,"PASS"
14082,"USGS",10336730,"GLENBROOK CK AT GLENBROOK, NV","NV","ST",39.08740806,-119.9399057,"S","NAD83",6240,20,"NGVD29",16050101,"dv",60,3,102843,NA,"wat",NA,1645423,0,"10/1/1971","2/14/2026",15414,"NV",c(-119.9399057, 39.08740806),FALSE,"PASS"
14093,"USGS",10347460,"TRUCKEE RV NR MOGUL, NV","NV","ST",39.50713218,-119.931864,"S","NAD83",4691,4.3,"NAVD88",16050102,"dv",60,3,102897,NA,"wat",NA,1645423,0,"2/19/1993","2/14/2026",11683,"NV",c(-119.931864, 39.50713218),FALSE,"PASS"
14094,"USGS",10347600,"HUNTER CK NR RENO, NV","NV","ST",39.4951111,-119.8945,"S","NAD83",4880,20,"NGVD29",16050102,"dv",60,3,102901,NA,"wat",NA,1645423,0,"10/1/1961","2/14/2026",13650,"NV",c(-119.8945, 39.4951111),FALSE,"PASS"
14097,"USGS",10348000,"TRUCKEE RV AT RENO, NV","NV","ST",39.53018865,-119.7954684,"S","NAD83",4448.04,0.05,"NAVD88",16050102,"dv",60,3,102907,NA,"wat",NA,1645423,0,"10/1/1906","2/14/2026",37440,"NV",c(-119.7954684, 39.53018865),FALSE,"PASS"
14099,"USGS",10348200,"TRUCKEE RV NR SPARKS, NV","NV","ST",39.51761667,-119.7416444,"S","NAD83",4386.03,0.07,"NAVD88",16050102,"dv",60,3,102915,NA,"wat",NA,1645423,0,"4/20/1977","2/14/2026",17833,"NV",c(-119.7416444, 39.51761667),FALSE,"PASS"
14105,"USGS",10348460,"FRANKTOWN CK NR CARSON CITY, NV","NV","ST",39.20227778,-119.8710833,"1","NAD83",7470,10,"NGVD29",16050102,"dv",60,3,102930,NA,"wat",NA,1645423,0,"6/1/1974","11/24/2025",17570,"NV",c(-119.8710833, 39.20227778),FALSE,"PASS"
14111,"USGS",10348850,"GALENA CK AT GALENA CK STATE PARK, NV","NV","ST",39.35435414,-119.8585225,"U","NAD83",6320,0.01,"NGVD29",16050102,"dv",60,3,102941,NA,"wat",NA,1645423,0,"10/1/1984","2/14/2026",12917,"NV",c(-119.8585225, 39.35435414),FALSE,"PASS"
14112,"USGS",10348900,"GALENA CK NR STEAMBOAT, NV","NV","ST",39.36185,-119.8267444,"S","NAD83",5592,1,"NGVD29",16050102,"dv",60,3,102942,NA,"wat",NA,1645423,0,"10/1/1961","9/30/1994",12053,"NV",c(-119.8267444, 39.36185),FALSE,"PASS"
14113,"USGS",10349300,"STEAMBOAT CK AT STEAMBOAT, NV","NV","ST",39.3771333,-119.7436583,"S","NAD83",4600,0.01,"NGVD29",16050102,"dv",60,3,102943,NA,"wat",NA,1645423,0,"10/1/1961","2/14/2026",23513,"NV",c(-119.7436583, 39.3771333),FALSE,"PASS"
14119,"USGS",10349980,"STEAMBOAT CK AT CLEANWATER WAY NR RENO, NV","NV","ST",39.5129672,-119.712409,"S","NAD83",4375,5,"NGVD29",16050102,"dv",60,3,236251,NA,"wat",NA,1645423,0,"7/29/1976","2/14/2026",16989,"NV",c(-119.712409, 39.5129672),FALSE,"PASS"
14120,"USGS",10350000,"TRUCKEE RV AT VISTA, NV","NV","ST",39.5204672,-119.7010198,"U","NAD83",4371.16,0.1,"NAVD88",16050102,"dv",60,3,102960,NA,"wat",NA,1645423,0,"1899-08-18","2/14/2026",36067,"NV",c(-119.7010198, 39.5204672),FALSE,"PASS"
14124,"USGS",10351300,"TRUCKEE CANAL NR WADSWORTH, NV","NV","ST-CA",39.6126902,-119.2971146,"S","NAD83",4200,20,"NGVD29",16050102,"dv",60,3,102990,NA,"wat",NA,1645423,0,"10/1/1966","2/14/2026",21129,"NV",c(-119.2971146, 39.6126902),FALSE,"PASS"
14127,"USGS",10351400,"TRUCKEE CANAL NR HAZEN, NV","NV","ST-CA",39.5038035,-119.0451614,"S","NAD83",4166.53,1,"NGVD29",16050203,"dv",60,3,102993,NA,"wat",NA,1645423,0,"10/1/1966","2/14/2026",21686,"NV",c(-119.0451614, 39.5038035),FALSE,"PASS"
14128,"USGS",10351600,"TRUCKEE RV BLW DERBY DAM NR WADSWORTH, NV","NV","ST",39.58463448,-119.4412872,"U","NAD83",4185.53,0.05,"NAVD88",16050102,"dv",60,3,102998,NA,"wat",NA,1645423,0,"1/1/1918","2/14/2026",39400,"NV",c(-119.4412872, 39.58463448),FALSE,"PASS"
14129,"USGS",10351650,"TRUCKEE RV AT WADSWORTH, NV","NV","ST",39.63213447,-119.2832254,"S","NAD83",4039,10,"NGVD29",16050103,"dv",60,3,103005,NA,"wat",NA,1645423,0,"5/1/1965","2/14/2026",19678,"NV",c(-119.2832254, 39.63213447),FALSE,"PASS"
14131,"USGS",10351700,"TRUCKEE RV NR NIXON, NV","NV","ST",39.7773722,-119.3375222,"S","NAD83",3940,20,"NGVD29",16050103,"dv",60,3,103007,NA,"wat",NA,1645423,0,"10/1/1957","2/14/2026",24974,"NV",c(-119.3375222, 39.7773722),FALSE,"PASS"
14132,"USGS",10352500,"MCDERMITT CK NR MCDERMITT, NV","NV","ST",41.9665572,-117.831812,"U","NAD83",4545,20,"NGVD29",16040201,"dv",60,3,103015,NA,"wat",NA,1645423,0,"10/1/1948","2/14/2026",27869,"NV",c(-117.831812, 41.9665572),FALSE,"PASS"
14133,"USGS",10353000,"E FK QUINN RV NR MC DERMITT, NV","NV","ST",41.9748361,-117.5860667,"S","NAD83",4700,0.01,"NGVD29",16040201,"dv",60,3,103016,NA,"wat",NA,1645423,0,"10/1/1948","10/16/1981",12063,"NV",c(-117.5860667, 41.9748361),FALSE,"PASS"
14135,"USGS",10353500,"QUINN RV NR MC DERMITT, NV","NV","ST",41.77489345,-117.8051426,"U","NAD83",4240,0.01,"NGVD29",16040201,"dv",60,3,103021,NA,"wat",NA,1645423,0,"10/1/1948","9/30/1985",13250,"NV",c(-117.8051426, 41.77489345),FALSE,"PASS"
14161,"USGS",13105000,"SALMON FALLS CREEK NR SAN JACINTO NV","NV","ST",41.9447222,-114.688611,"S","NAD83",5105.52,0.35,"NAVD88",17040213,"dv",60,3,45593,NA,"wat",NA,1645423,0,"6/6/1910","2/14/2026",41407,"NV",c(-114.688611, 41.9447222),FALSE,"PASS"
14162,"USGS",13161500,"BRUNEAU RV AT ROWLAND, NV","NV","ST",41.9332368,-115.6745268,"U","NAD83",4500,0.01,"NGVD29",17050102,"dv",60,3,103030,NA,"wat",NA,1645423,0,"6/1/1913","2/14/2026",23631,"NV",c(-115.6745268, 41.9332368),FALSE,"PASS"
14164,"USGS",13174500,"OWYHEE RV NR GOLD CK, NV","NV","ST",41.68879428,-115.8448067,"S","NAD83",6118.75,1,"NGVD29",17050104,"dv",60,3,103035,NA,"wat",NA,1645423,0,"4/1/1916","2/14/2026",35928,"NV",c(-115.8448067, 41.68879428),FALSE,"PASS"
14167,"USGS",13175100,"OWYHEE RV NR MOUNTAIN CITY, NV","NV","ST",41.8604583,-115.9892597,"F","NAD83",5560,20,"NGVD29",17050104,"dv",60,3,103038,NA,"wat",NA,1645423,0,"4/22/1991","2/14/2026",12120,"NV",c(-115.9892597, 41.8604583),FALSE,"PASS"
14169,"USGS",13176000,"OWYHEE RIVER AB CHINA DIVERSION DAM NR OWYHEE NV","NV","ST",41.92212369,-116.0703746,"F","NAD83",5425,20,"NGVD29",17050104,"dv",60,3,103040,NA,"wat",NA,1645423,0,"3/24/1939","4/30/1984",16475,"NV",c(-116.0703746, 41.92212369),FALSE,"PASS"
14523,"USGS",7199000,"CANADIAN RIVER NEAR HEBRON, NM","NM","ST",36.7872491,-104.4622099,"U","NAD83",6266,4.3,"NAVD88",11080001,"dv",60,3,99602,NA,"wat",NA,1645423,0,"10/1/1946","9/30/1986",14610,"NM",c(-104.4622099, 36.7872491),FALSE,"PASS"
14532,"USGS",7202500,"EAGLE TAIL DITCH NR MAXWELL, NM","NM","ST-DCH",36.64864167,-104.5591556,"S","NAD83",6107,1,"NAVD88",11080001,"dv",60,3,99613,NA,"wat",NA,1645423,0,"1/1/1945","2/14/2026",20577,"NM",c(-104.5591556, 36.64864167),FALSE,"PASS"
14533,"USGS",7203000,"VERMEJO RIVER NEAR DAWSON, NM","NM","ST",36.68102778,-104.7863944,"S","NAD83",6378,4.3,"NAVD88",11080001,"dv",60,3,99614,NA,"wat",NA,1645423,0,"10/1/1915","2/14/2026",37761,"NM",c(-104.7863944, 36.68102778),FALSE,"PASS"
14536,"USGS",7204000,"MORENO CREEK AT EAGLE NEST, N. MEX.",NA,"ST",36.55387222,-105.2679806,"S","NAD83",8197.39,20,"NGVD29",1.11e+11,"dv",60,3,99617,NA,"wat",NA,1645423,0,"4/1/1928","6/21/2010",16689,"NM",c(-105.2679806, 36.55387222),FALSE,"CHECK"
14537,"USGS",7204500,"CIENEGUILLA CR NR EAGLE NEST, NM","NM","ST",36.48521667,-105.2653806,"S","NAD83",8204,1.6,"NAVD88",1.11e+11,"dv",60,3,99618,NA,"wat",NA,1645423,0,"4/1/1928","6/21/2010",17057,"NM",c(-105.2653806, 36.48521667),FALSE,"PASS"
14538,"USGS",7205000,"SIXMILE CREEK NEAR EAGLE NEST, NM","NM","ST",36.518525,-105.2752472,"S","NAD83",8195.16,11,"NGVD29",1.11e+11,"dv",60,3,99619,NA,"wat",NA,1645423,0,"8/1/1958","6/21/2010",13384,"NM",c(-105.2752472, 36.518525),FALSE,"PASS"
14539,"USGS",7206000,"CIMARRON RIVER BELOW EAGLE NEST DAM, NM","NM","ST",36.532125,-105.2281444,"S","NAD83",8080,11,"NGVD29",11080002,"dv",60,3,99622,NA,"wat",NA,1645423,0,"5/1/1950","2/14/2026",27684,"NM",c(-105.2281444, 36.532125),FALSE,"PASS"
14543,"USGS",7206500,"CIMARRON RIVER AT UTE PARK, NM","NM","ST",36.55836729,-105.0894486,"U","NAD83",7400,20,"NGVD29",11080002,"dv",60,3,99626,NA,"wat",NA,1645423,0,"10/1/1907","9/29/1950",11049,"NM",c(-105.0894486, 36.55836729),FALSE,"PASS"
14544,"USGS",7207000,"CIMARRON RIVER NEAR CIMARRON, NM","NM","ST",36.5198333,-104.9786111,"S","NAD83",6602.93,0.12,"NAVD88",11080002,"dv",60,3,99627,NA,"wat",NA,1645423,0,"6/1/1950","2/14/2026",27646,"NM",c(-104.9786111, 36.5198333),FALSE,"PASS"
14545,"USGS",7207500,"PONIL CREEK NEAR CIMARRON, NM","NM","ST",36.57369444,-104.9468056,"S","NAD83",6630,11,"NGVD29",11080002,"dv",60,3,99628,NA,"wat",NA,1645423,0,"1/1/1916","2/14/2026",31481,"NM",c(-104.9468056, 36.57369444),FALSE,"PASS"
14546,"USGS",7208500,"RAYADO CREEK NEAR CIMARRON, NM","NM","ST",36.37234444,-104.9692889,"S","NAD83",6720,11,"NGVD29",11080002,"dv",60,3,99629,NA,"wat",NA,1645423,0,"10/1/1911","2/14/2026",36466,"NM",c(-104.9692889, 36.37234444),FALSE,"PASS"
14547,"USGS",7211000,"CIMARRON RIVER AT SPRINGER, NM","NM","ST",36.3603112,-104.5986002,"S","NAD83",5770,11,"NGVD29",11080002,"dv",60,3,99630,NA,"wat",NA,1645423,0,"10/1/1907","9/29/2004",29035,"NM",c(-104.5986002, 36.3603112),FALSE,"PASS"
14548,"USGS",7211500,"CANADIAN RIVER NEAR TAYLOR SPRINGS, NM","NM","ST",36.29756944,-104.4954722,"S","NAD83",5638.01,0.15,"NAVD88",11080003,"dv",60,3,99631,NA,"wat",NA,1645423,0,"10/1/1939","2/14/2026",29478,"NM",c(-104.4954722, 36.29756944),FALSE,"PASS"
14558,"USGS",7215500,"MORA RIVER AT LA CUEVA, NM","NM","ST",35.94511667,-105.2557333,"S","NAD83",7012.7,0.12,"NAVD88",11080004,"dv",60,3,99640,NA,"wat",NA,1645423,0,"5/1/1906","2/14/2026",36538,"NM",c(-105.2557333, 35.94511667),FALSE,"PASS"
14560,"USGS",7216500,"MORA RIVER NEAR GOLONDRINAS, NM","NM","ST",35.8908722,-105.1636194,"S","NAD83",6750,11,"NGVD29",11080003,"dv",60,3,99642,NA,"wat",NA,1645423,0,"4/1/1915","2/14/2026",37960,"NM",c(-105.1636194, 35.8908722),FALSE,"PASS"
14563,"USGS",7218000,"COYOTE CREEK NEAR GOLONDRINAS, NM","NM","ST",35.9165222,-105.1640833,"S","NAD83",6785.22,0.14,"NAVD88",11080004,"dv",60,3,99645,NA,"wat",NA,1645423,0,"10/1/1929","2/14/2026",35122,"NM",c(-105.1640833, 35.9165222),FALSE,"PASS"
14569,"USGS",7221000,"MORA RIVER NR SHOEMAKER, NM","NM","ST",35.8003243,-104.7833122,"S","NAD83",6145,11,"NGVD29",11080004,"dv",60,3,99651,NA,"wat",NA,1645423,0,"10/1/1919","9/29/1996",27150,"NM",c(-104.7833122, 35.8003243),FALSE,"PASS"
14570,"USGS",7221500,"CANADIAN RIVER NEAR SANCHEZ, NM","NM","ST",35.6548333,-104.3786111,"S","NAD83",4423.3,0.12,"NAVD88",11080003,"dv",60,3,99652,NA,"wat",NA,1645423,0,"10/1/1912","2/14/2026",33137,"NM",c(-104.3786111, 35.6548333),FALSE,"PASS"
14572,"USGS",7222500,"CONCHAS RIVER AT VARIADERO, NM","NM","ST",35.40282567,-104.4435938,"S","NAD83",4430,11,"NGVD29",11080005,"dv",60,3,99654,"[(2)]","wat",NA,1645423,0,"10/1/1936","9/29/1996",21914,"NM",c(-104.4435938, 35.40282567),FALSE,"PASS"
14576,"USGS",7224500,"CANADIAN RIVER BELOW CONCHAS DAM, NM","NM","ST",35.4089371,-104.1699758,"S","NAD83",4021.9,11,"NGVD29",11080006,"dv",60,3,353389,"[(2)]","wat",NA,1645423,0,"5/1/1936","9/29/1972",12205,"NM",c(-104.1699758, 35.4089371),FALSE,"PASS"
14581,"USGS",8247500,"SAN ANTONIO RIVER AT ORTIZ, CO","CO","ST",36.99306944,-106.0386325,"F","NAD83",7970,15,"NGVD29",13010005,"dv",60,3,225347,NA,"wat",NA,1645423,0,"10/1/1919","12/31/2024",34532,"NM",c(-106.0386325, 36.99306944),FALSE,"FAIL"
14582,"USGS",8248000,"LOS PINOS RIVER NEAR ORTIZ, CO","CO","ST",36.9822359,-106.0736334,"F","NAD83",8040,15,"NGVD29",13010005,"dv",60,3,225352,NA,"wat",NA,1645423,0,"1/1/1915","12/31/2024",38809,"NM",c(-106.0736334, 36.9822359),FALSE,"FAIL"
14583,"USGS",8252500,"COSTILLA CREEK ABOVE COSTILLA DAM, NM","NM","ST",36.8983611,-105.2546667,"S","NAD83",9454,11,"NGVD29",13020101,"dv",60,3,99663,NA,"wat",NA,1645423,0,"5/1/1937","2/14/2026",14843,"NM",c(-105.2546667, 36.8983611),FALSE,"PASS"
14584,"USGS",8253000,"CASIAS CREEK NEAR COSTILLA, NM","NM","ST",36.89685556,-105.2604583,"S","NAD83",9437,11,"NGVD29",13020101,"dv",60,3,99664,NA,"wat",NA,1645423,0,"5/1/1937","2/14/2026",14875,"NM",c(-105.2604583, 36.89685556),FALSE,"PASS"
14585,"USGS",8253500,"SANTISTEVAN CREEK NEAR COSTILLA, NM","NM","ST",36.88416667,-105.2811111,"S","NAD83",9520,11,"NGVD29",13020101,"dv",60,3,99665,NA,"wat",NA,1645423,0,"5/1/1937","2/14/2026",15026,"NM",c(-105.2811111, 36.88416667),FALSE,"PASS"
14586,"USGS",8254000,"COSTILLA CREEK BELOW COSTILLA DAM, NM","NM","ST",36.87280556,-105.2836667,"S","NAD83",9300,11,"NGVD29",13020101,"dv",60,3,99668,NA,"wat",NA,1645423,0,"4/9/1937","2/14/2026",23886,"NM",c(-105.2836667, 36.87280556),FALSE,"PASS"
14589,"USGS",8255500,"COSTILLA CREEK NEAR COSTILLA, NM","NM","ST",36.9668611,-105.5071111,"S","NAD83",7936,11,"NGVD29",13020101,"dv",60,3,99671,NA,"wat",NA,1645423,0,"3/7/1936","2/14/2026",31895,"NM",c(-105.5071111, 36.9668611),FALSE,"PASS"
14599,"USGS",8261000,"COSTILLA CREEK NEAR GARCIA, CO","CO","ST",36.98902778,-105.5324583,"S","NAD83",7821,11,"NGVD29",13020101,"dv",60,3,99681,NA,"wat",NA,1645423,0,"10/1/1965","2/14/2026",11322,"NM",c(-105.5324583, 36.98902778),FALSE,"FAIL"
14601,"USGS",8263500,"RIO GRANDE NEAR CERRO, NM","NM","ST",36.74001667,-105.6834417,"S","NAD83",7110,20,"NGVD29",13020101,"dv",60,3,99683,NA,"wat",NA,1645423,0,"10/1/1948","2/14/2026",27895,"NM",c(-105.6834417, 36.74001667),FALSE,"PASS"
14604,"USGS",8265000,"RED RIVER NEAR QUESTA, NM","NM","ST",36.70331111,-105.5684306,"S","NAD83",7456.4,0.1,"NAVD88",1.3e+11,"dv",60,3,99686,NA,"wat",NA,1645423,0,"10/1/1924","2/14/2026",35414,"NM",c(-105.5684306, 36.70331111),FALSE,"PASS"
14606,"USGS",8266000,"CABRESTO CREEK NEAR QUESTA, NM","NM","ST",36.73058216,-105.5538944,"S","NAD83",7845,11,"NGVD29",13020101,"dv",60,3,99688,NA,"wat",NA,1645423,0,"10/1/1943","9/29/1996",19358,"NM",c(-105.5538944, 36.73058216),FALSE,"PASS"
14607,"USGS",8266820,"RED RIVER BELOW FISH HATCHERY, NEAR QUESTA, NM","NM","ST",36.68283889,-105.6541222,"S","NAD83",7073.84,0.1,"NAVD88",1.3e+11,"dv",60,3,295573,NA,"wat",NA,1645423,0,"8/9/1978","2/14/2026",17357,"NM",c(-105.6541222, 36.68283889),FALSE,"PASS"
14609,"USGS",8267500,"RIO HONDO NEAR VALDEZ, NM","NM","ST",36.5417972,-105.5565222,"S","NAD83",7650,100,"NGVD29",13020101,"dv",60,3,99691,NA,"wat",NA,1645423,0,"10/1/1934","2/14/2026",33372,"NM",c(-105.5565222, 36.5417972),FALSE,"PASS"
14611,"USGS",8268500,"ARROYO HONDO AT ARROYO HONDO, NM","NM","ST",36.53224505,-105.6855672,"S","NAD83",6670,11,"NGVD29",13020101,"dv",60,3,99693,NA,"wat",NA,1645423,0,"10/1/1912","9/29/1985",25322,"NM",c(-105.6855672, 36.53224505),FALSE,"PASS"
14612,"USGS",8268700,"RIO GRANDE NEAR ARROYO HONDO, NM","NM","ST",36.53446658,-105.710012,"S","NAD83",6470,11,"NGVD29",13020101,"dv",60,3,99694,NA,"wat",NA,1645423,0,"3/1/1963","9/29/2004",13099,"NM",c(-105.710012, 36.53446658),FALSE,"PASS"
14613,"USGS",8269000,"RIO PUEBLO DE TAOS NEAR TAOS, NM","NM","ST",36.44126944,-105.51065,"S","NAD83",7380,11,"NGVD29",13020101,"dv",60,3,99695,NA,"wat",NA,1645423,0,"1/1/1913","2/14/2026",28071,"NM",c(-105.51065, 36.44126944),FALSE,"PASS"
14614,"USGS",8271000,"RIO LUCERO NEAR ARROYO SECO, NM","NM","ST",36.50828889,-105.5309639,"S","NAD83",8051.44,11,"NGVD29",13020101,"dv",60,3,99696,NA,"wat",NA,1645423,0,"1/1/1913","2/14/2026",30297,"NM",c(-105.5309639, 36.50828889),FALSE,"PASS"
14617,"USGS",8275500,"RIO GRANDE DEL RANCHO NEAR TALPA, NM","NM","ST",36.29946944,-105.5826,"S","NAD83",7240,11,"NGVD29",13020101,"dv",60,3,295574,NA,"wat",NA,1645423,0,"10/1/1952","2/14/2026",25705,"NM",c(-105.5826, 36.29946944),FALSE,"PASS"
14619,"USGS",8276000,"RIO PUEBLO DE TAOS AT LOS CORDOVAS, NM","NM","ST",36.3889138,-105.6339012,"S","NAD83",6709.59,11,"NGVD29",13020101,"dv",60,3,295575,NA,"wat",NA,1645423,0,"4/1/1910","9/29/1965",19967,"NM",c(-105.6339012, 36.3889138),FALSE,"PASS"
14620,"USGS",8276300,"RIO PUEBLO DE TAOS BELOW LOS CORDOVAS, NM","NM","ST",36.3793333,-105.6678333,"S","NAD83",6650,20,"NGVD29",13020101,"dv",60,3,99702,NA,"wat",NA,1645423,0,"4/1/1957","2/14/2026",25157,"NM",c(-105.6678333, 36.3793333),FALSE,"PASS"
14621,"USGS",8276500,"RIO GRANDE BLW TAOS JUNCTION BRIDGE NEAR TAOS, NM","NM","ST",36.3200333,-105.7544444,"S","NAD83",6050.3,11,"NGVD29",13020101,"dv",60,3,99703,NA,"wat",NA,1645423,0,"10/1/1925","2/14/2026",36662,"NM",c(-105.7544444, 36.3200333),FALSE,"PASS"
14622,"USGS",8277470,"RIO PUEBLO NR PENASCO, NM","NM","ST",36.16846667,-105.6027889,"S","NAD83",7760,20,"NGVD29",13020101,"dv",60,3,99704,NA,"wat",NA,1645423,0,"12/1/1991","2/14/2026",12495,"NM",c(-105.6027889, 36.16846667),FALSE,"PASS"
14625,"USGS",8279000,"EMBUDO CREEK AT DIXON, NM","NM","ST",36.21085556,-105.9136306,"S","NAD83",5858.6,100,"NGVD29",13020101,"dv",60,3,99707,NA,"wat",NA,1645423,0,"10/1/1923","2/14/2026",33881,"NM",c(-105.9136306, 36.21085556),FALSE,"PASS"
14626,"USGS",8279500,"RIO GRANDE AT EMBUDO, NM","NM","ST",36.20555556,-105.9639722,"S","NAD83",5789.14,11,"NGVD29",13020101,"dv",60,3,99708,NA,"wat",NA,1645423,0,"1889-01-01","2/14/2026",46794,"NM",c(-105.9639722, 36.20555556),FALSE,"PASS"
14634,"USGS",8284100,"RIO CHAMA NEAR LA PUENTE, NM","NM","ST",36.6626583,-106.6333667,"S","NAD83",7083,20,"NGVD29",13020102,"dv",60,3,99714,NA,"wat",NA,1645423,0,"10/1/1955","2/14/2026",25705,"NM",c(-106.6333667, 36.6626583),FALSE,"PASS"
14636,"USGS",8284160,"AZOTEA TUNNEL AT OUTLET NEAR CHAMA, NM","NM","ST",36.8533464,-106.672259,"S","NAD83",7519.87,11,"NGVD29",13020102,"dv",60,3,99716,NA,"wat",NA,1645423,0,"10/1/1970","9/29/2008",13604,"NM",c(-106.672259, 36.8533464),FALSE,"PASS"
14637,"USGS",8284200,"WILLOW C AB HERON RE NR LOS OJOS, NM","NM","ST",36.74251407,-106.6267031,"S","NAD83",7196.29,11,"NGVD29",13020102,"dv",60,3,99717,NA,"wat",NA,1645423,0,"12/1/1962","12/30/2008",16832,"NM",c(-106.6267031, 36.74251407),FALSE,"PASS"
14638,"USGS",8284300,"HORSE LAKE C AB HERON RE NR LOS OJOS, NM","NM","ST",36.70668056,-106.7455944,"S","NAD83",7187.01,11,"NGVD29",13020102,"dv",60,3,99718,NA,"wat",NA,1645423,0,"10/1/1962","9/29/2009",11940,"NM",c(-106.7455944, 36.70668056),FALSE,"PASS"
14640,"USGS",8285500,"RIO CHAMA BELOW EL VADO DAM, NM","NM","ST",36.5803833,-106.7247667,"S","NAD83",6696.12,11,"NGVD29",13020102,"dv",60,3,99720,NA,"wat",NA,1645423,0,"10/30/1935","2/14/2026",32981,"NM",c(-106.7247667, 36.5803833),FALSE,"PASS"
14641,"USGS",8286500,"RIO CHAMA ABOVE ABIQUIU RESERVOIR, NM","NM","ST",36.3188222,-106.5995306,"S","NAD83",6280,11,"NGVD29",13020102,"dv",60,3,99721,NA,"wat",NA,1645423,0,"8/1/1961","2/14/2026",23013,"NM",c(-106.5995306, 36.3188222),FALSE,"PASS"
14642,"USGS",8287000,"RIO CHAMA BELOW ABIQUIU DAM, NM","NM","ST",36.2372222,-106.4174167,"S","NAD83",6042.69,0.1,"NAVD88",13020102,"dv",60,3,99724,NA,"wat",NA,1645423,0,"11/1/1961","2/14/2026",23481,"NM",c(-106.4174167, 36.2372222),FALSE,"PASS"
14645,"USGS",8289000,"RIO OJO CALIENTE AT LA MADERA, NM","NM","ST",36.34974167,-106.0441861,"S","NAD83",6362.4,0.1,"NAVD88",1.3e+11,"dv",60,3,99731,NA,"wat",NA,1645423,0,"10/1/1932","2/14/2026",34105,"NM",c(-106.0441861, 36.34974167),FALSE,"PASS"
14648,"USGS",8290000,"RIO CHAMA NEAR CHAMITA, NM","NM","ST",36.07355556,-106.1116944,"S","NAD83",5657.05,0.15,"NAVD88",13020102,"dv",60,3,99734,NA,"wat",NA,1645423,0,"10/1/1912","2/14/2026",37700,"NM",c(-106.1116944, 36.07355556),FALSE,"PASS"
14649,"USGS",8291000,"SANTA CRUZ RIVER NEAR CUNDIYO, NM","NM","ST",35.9647222,-105.9047222,"S","NAD83",6460,11,"NGVD29",13020101,"dv",60,3,99737,NA,"wat",NA,1645423,0,"10/1/1932","2/14/2026",34078,"NM",c(-105.9047222, 35.9647222),FALSE,"PASS"
14653,"USGS",8294210,"RIO NAMBE BELOW NAMBE FALLS DAM NEAR NAMBE, NM","NM","ST",35.8461111,-105.9097222,"S","NAD83",6540,1.6,"NAVD88",13020101,"dv",60,3,99743,NA,"wat",NA,1645423,0,"1/1/1979","2/14/2026",17120,"NM",c(-105.9097222, 35.8461111),FALSE,"PASS"
14661,"USGS",8302500,"TESUQUE CREEK ABOVE DIVERSIONS NEAR SANTA FE, NM","NM","ST",35.73955556,-105.9049528,"S","NAD83",7112,12,"NGVD29",13020101,"dv",60,3,99751,NA,"wat",NA,1645423,0,"4/1/1936","2/14/2026",16025,"NM",c(-105.9049528, 35.73955556),FALSE,"PASS"
14670,"USGS",8313000,"RIO GRANDE AT OTOWI BRIDGE, NM","NM","ST",35.8745,-106.1424444,"S","NAD83",5491.66,0.13,"NAVD88",13020101,"dv",60,3,99759,NA,"wat",NA,1645423,0,"1895-02-01","2/14/2026",45122,"NM",c(-106.1424444, 35.8745),FALSE,"PASS"
14691,"USGS",8313500,"COCHITI EAST SIDE MAIN CANAL AT COCHITI, NM","NM","ST-CA",35.617,-106.3241667,"S","NAD83",5237.02,0.1,"NAVD88",13020201,"dv",60,3,99781,NA,"wat",NA,1645423,0,"8/1/1954","2/14/2026",21758,"NM",c(-106.3241667, 35.617),FALSE,"PASS"
14692,"USGS",8314000,"SILE MAIN CANAL (AT HEAD) AT COCHITI, NM","NM","ST-CA",35.6195,-106.3246944,"S","NAD83",5246.09,0.13,"NAVD88",13020201,"dv",60,3,99782,NA,"wat",NA,1645423,0,"8/1/1954","2/14/2026",22811,"NM",c(-106.3246944, 35.6195),FALSE,"PASS"
14693,"USGS",8314500,"RIO GRANDE AT COCHITI, NM","NM","ST",35.63225275,-106.3194706,"S","NAD83",5224.7,11,"NGVD29",13020201,"dv",60,3,99783,NA,"wat",NA,1645423,0,"6/1/1926","10/30/1970",16223,"NM",c(-106.3194706, 35.63225275),FALSE,"PASS"
14696,"USGS",8316000,"SANTA FE RIVER NEAR SANTA FE, NM","NM","ST",35.68644444,-105.8436111,"S","NAD83",7720,11,"NGVD29",13020201,"dv",60,3,99788,NA,"wat",NA,1645423,0,"2/1/1913","2/14/2026",40945,"NM",c(-105.8436111, 35.68644444),FALSE,"PASS"
14697,"USGS",8317200,"SANTA FE RIVER ABOVE COCHITI LAKE, NM","NM","ST",35.5472222,-106.2288889,"U","NAD83",5512.57,0.14,"NAVD88",13020201,"dv",60,3,99791,NA,"wat",NA,1645423,0,"3/20/1970","2/14/2026",17474,"NM",c(-106.2288889, 35.5472222),FALSE,"PASS"
14698,"USGS",8317400,"RIO GRANDE BELOW COCHITI DAM, NM","NM","ST",35.618,-106.3239444,"S","NAD83",5229.01,0.07,"NAVD88",13020201,"dv",60,3,99793,NA,"wat",NA,1645423,0,"10/1/1970","2/14/2026",20226,"NM",c(-106.3239444, 35.618),FALSE,"PASS"
14700,"USGS",8317950,"GALISTEO CREEK BELOW GALISTEO DAM, NM","NM","ST",35.46465278,-106.2133889,"S","NAD83",5458.24,0.1,"NAVD88",13020201,"dv",60,3,295578,NA,"wat",NA,1645423,0,"3/20/1970","2/14/2026",20420,"NM",c(-106.2133889, 35.46465278),FALSE,"PASS"
14702,"USGS",8319000,"RIO GRANDE AT SAN FELIPE, NM","NM","ST",35.4445833,-106.4398333,"S","NAD83",5115.73,20,"NGVD29",13020201,"dv",60,3,99807,NA,"wat",NA,1645423,0,"1/1/1927","2/26/2025",34968,"NM",c(-106.4398333, 35.4445833),FALSE,"PASS"
14704,"USGS",8321500,"JEMEZ R BL EAST FORK NR JEMEZ SPRINGS, NM","NM","ST",35.82752335,-106.6480908,"S","NAD83",6702.7,11,"NGVD29",13020202,"dv",60,3,99809,NA,"wat",NA,1645423,0,"5/14/1951","12/31/1990",11211,"NM",c(-106.6480908, 35.82752335),FALSE,"PASS"
14705,"USGS",8323000,"RIO GUADALUPE AT BOX CANYON NEAR JEMEZ, NM","NM","ST",35.7311362,-106.7628146,"U","NAD83",6015.5,0.1,"NGVD29",13020202,"dv",60,3,99810,NA,"wat",NA,1645423,0,"5/15/1951","9/29/1996",13231,"NM",c(-106.7628146, 35.7311362),FALSE,"PASS"
14707,"USGS",8324000,"JEMEZ RIVER NEAR JEMEZ, NM","NM","ST",35.6619833,-106.7434389,"S","NAD83",5622,20,"NGVD29",13020202,"dv",60,3,99812,NA,"wat",NA,1645423,0,"10/1/1936","2/14/2026",27823,"NM",c(-106.7434389, 35.6619833),FALSE,"PASS"
14709,"USGS",8329000,"JEMEZ RIVER BELOW JEMEZ CANYON DAM, NM","NM","ST",35.39041667,-106.5346111,"S","NAD83",5095.6,11,"NGVD29",13020202,"dv",60,3,99814,NA,"wat",NA,1645423,0,"4/1/1936","9/29/2009",24836,"NM",c(-106.5346111, 35.39041667),FALSE,"PASS"
14711,"USGS",8329700,"CAMPUS WASH AT ALBUQUERQUE, NM","NM","ST",35.09388889,-106.6236111,"S","NAD83",5104.1,0.08,"NAVD88",13020203,"dv",60,3,99820,NA,"wat",NA,1645423,0,"4/20/1982","12/22/2025",12840,"NM",c(-106.6236111, 35.09388889),FALSE,"PASS"
14729,"USGS",8329900,"NORTH FLOODWAY CHANNEL NEAR ALAMEDA, NM","NM","ST",35.19805556,-106.5997222,"S","NAD83",5018.53,0.13,"NAVD88",13020203,"dv",60,3,99839,NA,"wat",NA,1645423,0,"7/1/1968","2/14/2026",13956,"NM",c(-106.5997222, 35.19805556),FALSE,"PASS"
14743,"USGS",8330000,"RIO GRANDE AT ALBUQUERQUE, NM","NM","ST",35.08916667,-106.6806944,"S","NAD83",4948.92,0.12,"NAVD88",13020203,"dv",60,3,99853,NA,"wat",NA,1645423,0,"10/1/1965","2/14/2026",22052,"NM",c(-106.6806944, 35.08916667),FALSE,"PASS"
14755,"USGS",8330600,"TIJERAS ARROYO NR ALBUQUERQUE, NM","NM","ST",35.00194444,-106.6575,"S","NAD83",4950.54,0.08,"NAVD88",13020203,"dv",60,3,99866,NA,"wat",NA,1645423,0,"9/30/1982","11/12/2025",12692,"NM",c(-106.6575, 35.00194444),FALSE,"PASS"
14756,"USGS",8330775,"SOUTH DIV CHANNEL ABV TIJERAS ARROYO NR ALBQ., NM","NM","ST",35.00277778,-106.6572222,"S","NAD83",4951.78,0.1,"NAVD88",13020203,"dv",60,3,295582,NA,"wat",NA,1645423,0,"6/8/1988","11/12/2025",12070,"NM",c(-106.6572222, 35.00277778),FALSE,"PASS"
14768,"USGS",8331990,"RIO GRANDE CONVEYANCE CHANNEL NEAR BERNARDO, NM","NM","ST",34.41450916,-106.8036366,"U","NAD83",4720,20,"NGVD29",13020203,"dv",60,3,99879,NA,"wat",NA,1645423,0,"10/1/1952","9/29/2004",18992,"NM",c(-106.8036366, 34.41450916),FALSE,"PASS"
14770,"USGS",8332010,"RIO GRANDE FLOODWAY NEAR BERNARDO, NM","NM","ST",34.41701204,-106.8005832,"U","NAD83",4711.04,0.11,"NAVD88",13020203,"dv",60,3,99885,NA,"wat",NA,1645423,0,"10/1/1957","2/14/2026",22659,"NM",c(-106.8005832, 34.41701204),FALSE,"PASS"
14771,"USGS",8332050,"BERNARDO INTERIOR DRAIN NR BERNARDO, NM","NM","ST",34.41562016,-106.821415,"S","NAD83",NA,NA,NA,13020203,"dv",60,3,99888,NA,"wat",NA,1645423,0,"1/1/1954","9/29/2004",18535,"NM",c(-106.821415, 34.41562016),FALSE,"PASS"
14773,"USGS",8334000,"RIO PUERCO ABV ARROYO CHICO NR GUADALUPE, NM","NM","ST",35.60088889,-107.1666111,"S","NAD83",5950,20,"NGVD29",1.3e+11,"dv",60,3,99892,NA,"wat",NA,1645423,0,"10/1/1951","1/13/2021",25308,"NM",c(-107.1666111, 35.60088889),FALSE,"PASS"
14775,"USGS",8340500,"ARROYO CHICO NR GUADALUPE, NM","NM","ST",35.59225,-107.1894444,"S","NAD83",5921,11,"NGVD29",13020204,"dv",60,3,99896,NA,"wat",NA,1645423,0,"10/1/1943","1/12/2021",21084,"NM",c(-107.1894444, 35.59225),FALSE,"PASS"
14782,"USGS",8343000,"RIO SAN JOSE AT GRANTS, NM","NM","ST",35.15449,-107.8703413,"S","NAD83",6468.34,11,"NGVD29",1.3e+11,"dv",60,3,99906,NA,"wat",NA,1645423,0,"10/1/1912","10/2/2011",24958,"NM",c(-107.8703413, 35.15449),FALSE,"PASS"
14783,"USGS",8343100,"GRANTS CANYON AT GRANTS, NM","NM","ST",35.16087089,-107.8381131,"S","NAD83",6450,11,"NGVD29",13020207,"dv",60,3,99907,NA,"wat",NA,1645423,0,"1/1/1962","9/29/1995",11959,"NM",c(-107.8381131, 35.16087089),FALSE,"PASS"
14784,"USGS",8343500,"RIO SAN JOSE AT ACOMA PUEBLO, NM","NM","ST",35.0744111,-107.7511139,"H","NAD83",6272.8,0.11,"NAVD88",13020207,"dv",60,3,99908,NA,"wat",NA,1645423,0,"10/1/1936","2/14/2026",29636,"NM",c(-107.7511139, 35.0744111),FALSE,"PASS"
14788,"USGS",8351500,"RIO SAN JOSE AT CORREO, NM","NM","ST",34.9681024,-107.1869837,"S","NAD83",5474.88,11,"NGVD29",13020207,"dv",60,3,99912,NA,"wat",NA,1645423,0,"4/1/1943","9/29/1994",18810,"NM",c(-107.1869837, 34.9681024),FALSE,"PASS"
14789,"USGS",8352500,"RIO PUERCO AT RIO PUERCO, NM","NM","ST",34.79394299,-106.9894774,"S","NAD83",5008.59,11,"NGVD29",13020204,"dv",60,3,99915,NA,"wat",NA,1645423,0,"3/1/1934","12/31/1976",15647,"NM",c(-106.9894774, 34.79394299),FALSE,"PASS"
14790,"USGS",8353000,"RIO PUERCO NEAR BERNARDO, NM","NM","ST",34.41027778,-106.8544444,"S","NAD83",4721.92,0.1,"NAVD88",13020204,"dv",60,3,99918,NA,"wat",NA,1645423,0,"11/1/1939","2/14/2026",31049,"NM",c(-106.8544444, 34.41027778),FALSE,"PASS"
14793,"USGS",8354000,"RIO SALADO NEAR SAN ACACIA, NM","NM","ST",34.29728834,-106.900306,"S","NAD83",4765,11,"NGVD29",13020209,"dv",60,3,99923,NA,"wat",NA,1645423,0,"10/1/1947","9/29/1984",13514,"NM",c(-106.900306, 34.29728834),FALSE,"PASS"
14794,"USGS",8354500,"SOCORRO MAIN CANAL NORTH AT SAN ACACIA, NM","NM","ST-CA",34.25479318,-106.8958626,"U","NAD83",4660.16,10,"NGVD29",13020203,"dv",60,3,99926,NA,"wat",NA,1645423,0,"4/1/1936","9/29/2003",24653,"NM",c(-106.8958626, 34.25479318),FALSE,"PASS"
14795,"USGS",8354800,"RIO GRANDE CONVEYANCE CHANNEL AT SAN ACACIA, NM","NM","ST",34.2484002,-106.9016949,"U","NAD83",4652.5,0.1,"NGVD29",13020203,"dv",60,3,99927,NA,"wat",NA,1645423,0,"10/1/1958","9/29/2004",16801,"NM",c(-106.9016949, 34.2484002),FALSE,"PASS"
14796,"USGS",8354900,"RIO GRANDE FLOODWAY AT SAN ACACIA, NM","NM","ST",34.25638889,-106.8908333,"U","NAD83",4643.06,0.17,"NAVD88",13020203,"dv",60,3,99930,NA,"wat",NA,1645423,0,"10/1/1958","2/14/2026",24596,"NM",c(-106.8908333, 34.25638889),FALSE,"PASS"
14807,"USGS",8358300,"RIO GRANDE CONVEYANCE CHANNEL AT SAN MARCIAL, NM","NM","ST",33.68766667,-106.9926111,"U","NAD83",4455.58,0.16,"NAVD88",13020203,"dv",60,3,99942,NA,"wat",NA,1645423,0,"12/1/1951","2/14/2026",26080,"NM",c(-106.9926111, 33.68766667),FALSE,"PASS"
14808,"USGS",8358400,"RIO GRANDE FLOODWAY AT SAN MARCIAL, NM","NM","ST",33.6790833,-106.997,"S","NAD83",4456.61,0.15,"NAVD88",13020203,"dv",60,3,99945,NA,"wat",NA,1645423,0,"10/1/1949","2/14/2026",27895,"NM",c(-106.997, 33.6790833),FALSE,"PASS"
14809,"USGS",8358500,"RIO GRANDE AT SAN MARCIAL, NM","NM","ST",33.68062227,-106.9922533,"S","NAD83",4455.19,11,"NGVD29",13020203,"dv",60,3,99948,NA,"wat",NA,1645423,0,"1899-01-01","9/29/1964",20721,"NM",c(-106.9922533, 33.68062227),FALSE,"PASS"
14813,"USGS",8361000,"RIO GRANDE BELOW ELEPHANT BUTTE DAM, NM","NM","ST",33.1485111,-107.2067833,"S","NAD83",4243.22,0.11,"NAVD88",13030101,"dv",60,3,99954,NA,"wat",NA,1645423,0,"10/1/1916","2/14/2026",39949,"NM",c(-107.2067833, 33.1485111),FALSE,"PASS"
14814,"USGS",8362500,"RIO GRANDE BLW CABALLO DAM, NM","NM","ST",32.8849111,-107.2926972,"S","NAD83",4140.9,11,"NGVD29",13030102,"dv",60,3,99955,NA,"wat",NA,1645423,0,"1/1/1938","12/30/2013",27758,"NM",c(-107.2926972, 32.8849111),FALSE,"PASS"
14816,"USGS",8377900,"RIO MORA NEAR TERRERO, NM","NM","ST",35.77711389,-105.6580278,"S","NAD83",7890,20,"NGVD29",13060001,"dv",60,3,99959,NA,"wat",NA,1645423,0,"10/1/1963","2/14/2026",22783,"NM",c(-105.6580278, 35.77711389),FALSE,"PASS"
14817,"USGS",8378500,"PECOS RIVER NEAR PECOS, NM","NM","ST",35.70835,-105.6827028,"S","NAD83",7502.94,11,"NGVD29",13060001,"dv",60,3,99961,NA,"wat",NA,1645423,0,"10/1/1919","2/14/2026",36145,"NM",c(-105.6827028, 35.70835),FALSE,"PASS"
14822,"USGS",8379500,"PECOS RIVER NEAR ANTON CHICO, NM","NM","ST",35.17866944,-105.1088028,"S","NAD83",5130,20,"NGVD29",13060001,"dv",60,3,99966,NA,"wat",NA,1645423,0,"10/1/1910","2/14/2026",37050,"NM",c(-105.1088028, 35.17866944),FALSE,"PASS"
14823,"USGS",8380500,"GALLINAS CREEK NEAR MONTEZUMA, NM","NM","ST",35.65199444,-105.3188306,"S","NAD83",6880,11,"NGVD29",13060001,"dv",60,3,295590,NA,"wat",NA,1645423,0,"9/1/1926","2/14/2026",36326,"NM",c(-105.3188306, 35.65199444),FALSE,"PASS"
14824,"USGS",8381000,"GALLINAS CREEK AT MONTEZUMA, NM","NM","ST",35.65420926,-105.2755655,"S","NAD83",6675,11,"NGVD29",13060001,"dv",60,3,99968,NA,"wat",NA,1645423,0,"10/23/1904","12/31/1966",22090,"NM",c(-105.2755655, 35.65420926),FALSE,"PASS"
14826,"USGS",8382500,"GALLINAS R NR COLONIAS, NM","NM","ST",35.1819611,-104.9002667,"S","NAD83",4940,11,"NGVD29",13060001,"dv",60,3,325759,NA,"wat",NA,1645423,0,"1/1/1951","2/14/2026",27439,"NM",c(-104.9002667, 35.1819611),FALSE,"PASS"
14827,"USGS",8382600,"PECOS R ABV CANON DEL UTA NR COLONIAS, NM","NM","ST",35.09138889,-104.8005556,"S","NAD83",4800,10,"NGVD29",13060001,"dv",60,3,99971,NA,"wat",NA,1645423,0,"1/1/1976","2/14/2026",18307,"NM",c(-104.8005556, 35.09138889),FALSE,"PASS"
14828,"USGS",8382650,"PECOS RIVER ABOVE SANTA ROSA LAKE, NM","NM","ST",35.05944444,-104.7611111,"U","NAD83",4759.97,0.1,"NAVD88",13060001,"dv",60,3,295591,NA,"wat",NA,1645423,0,"2/28/1976","2/14/2026",18250,"NM",c(-104.7611111, 35.05944444),FALSE,"PASS"
14832,"USGS",8382830,"PECOS RIVER BELOW SANTA ROSA DAM, NM","NM","ST",35.02416667,-104.6888889,"S","NAD83",4640,20,"NGVD29",13060001,"dv",60,3,99977,NA,"wat",NA,1645423,0,"1/17/1980","2/14/2026",16831,"NM",c(-104.6888889, 35.02416667),FALSE,"PASS"
14833,"USGS",8383000,"PECOS RIVER AT SANTA ROSA, NM","NM","ST",34.9433921,-104.6991562,"U","NAD83",4537.56,0.1,"NGVD29",13060001,"dv",60,3,99978,NA,"wat",NA,1645423,0,"10/1/1912","9/29/1992",24287,"NM",c(-104.6991562, 34.9433921),FALSE,"PASS"
14834,"USGS",8383500,"PECOS RIVER NEAR PUERTO DE LUNA, NM","NM","ST",34.7300833,-104.5249111,"S","NAD83",4311.34,20,"NGVD29",13060001,"dv",60,3,99983,NA,"wat",NA,1645423,0,"5/1/1938","2/14/2026",32067,"NM",c(-104.5249111, 34.7300833),FALSE,"PASS"
14835,"USGS",8384500,"PECOS RIVER BELOW SUMNER DAM, NM","NM","ST",34.60405556,-104.3879167,"S","NAD83",4145.27,0.12,"NAVD88",13060003,"dv",60,3,295592,NA,"wat",NA,1645423,0,"10/1/1912","2/14/2026",40220,"NM",c(-104.3879167, 34.60405556),FALSE,"PASS"
14836,"USGS",8385000,"FORT SUMNER MAIN CANAL NEAR FORT SUMNER, NM","NM","ST-CA",34.50827778,-104.2783611,"S","NAD83",4036.1,0.11,"NAVD88",13060003,"dv",60,3,99986,NA,"wat",NA,1645423,0,"3/29/1939","1/9/2026",27568,"NM",c(-104.2783611, 34.50827778),FALSE,"PASS"
14840,"USGS",8385522,"PECOS RIVER BELOW TAIBAN CREEK NEAR FORT SUMNER,NM",NA,"ST",34.3322222,-104.1811111,"S","NAD83",3907.13,0.12,"NAVD88",13060003,"dv",60,3,99990,NA,"wat",NA,1645423,0,"8/12/1992","2/14/2026",11874,"NM",c(-104.1811111, 34.3322222),FALSE,"CHECK"
14842,"USGS",8385630,"PECOS RIVER NEAR DUNLAP, NM","NM","ST",34.0633333,-104.3066667,"F","NAD83",3750.78,0.11,"NAVD88",13060003,"dv",60,3,99992,NA,"wat",NA,1645423,0,"8/20/1993","2/14/2026",11048,"NM",c(-104.3066667, 34.0633333),FALSE,"PASS"
14846,"USGS",8386000,"PECOS RIVER NEAR ACME, NM","NM","ST",33.57185556,-104.3736028,"S","NAD83",3512.88,0.1,"NAVD88",13060007,"dv",60,3,99996,NA,"wat",NA,1645423,0,"7/1/1937","2/14/2026",32369,"NM",c(-104.3736028, 33.57185556),FALSE,"PASS"
14849,"USGS",8387000,"RIO RUIDOSO AT HOLLYWOOD, NM","NM","ST",33.32669167,-105.6253333,"S","NAD83",6421.78,0.16,"NAVD88",13060008,"dv",60,3,99999,NA,"wat",NA,1645423,0,"10/1/1953","2/14/2026",26435,"NM",c(-105.6253333, 33.32669167),FALSE,"PASS"
14852,"USGS",8387600,"EAGLE CREEK BELOW SOUTH FORK NEAR ALTO, NM","NM","ST",33.39285278,-105.7233444,"1","NAD83",7600,11,"NGVD29",13060008,"dv",60,3,100002,NA,"wat",NA,1645423,0,"8/27/1969","2/14/2026",17437,"NM",c(-105.7233444, 33.39285278),FALSE,"PASS"
14859,"USGS",8390500,"RIO HONDO AT DIAMOND A RANCH NR ROSWELL, NM","NM","ST",33.34916667,-104.8516667,"S","NAD83",4187.24,0.11,"NAVD88",13060008,"dv",60,3,100010,NA,"wat",NA,1645423,0,"10/1/1939","2/14/2026",31549,"NM",c(-104.8516667, 33.34916667),FALSE,"PASS"
14860,"USGS",8390800,"RIO HONDO BLW DIAMOND A DAM NR ROSWELL, NM","NM","ST",33.29986944,-104.721675,"S","NAD83",3951.42,0.13,"NAVD88",13060008,"dv",60,3,325760,NA,"wat",NA,1645423,0,"10/1/1963","2/14/2026",22783,"NM",c(-104.721675, 33.29986944),FALSE,"PASS"
14870,"USGS",8394500,"RIO FELIX AT OLD HWY BRD NR HAGERMAN, NM","NM","ST",33.1251075,-104.3449634,"S","NAD83",3413.85,0.12,"NAVD88",13060009,"dv",60,3,100022,NA,"wat",NA,1645423,0,"10/1/1939","10/18/2024",18514,"NM",c(-104.3449634, 33.1251075),FALSE,"PASS"
14871,"USGS",8395500,"PECOS RIVER NEAR LAKE ARTHUR, NM","NM","ST",32.98863056,-104.3239556,"S","NAD83",3328.68,0.14,"NAVD88",13060007,"dv",60,3,100023,NA,"wat",NA,1645423,0,"8/24/1938","2/14/2026",31947,"NM",c(-104.3239556, 32.98863056),FALSE,"PASS"
14872,"USGS",8396000,"COTTONWOOD CREEK NEAR LAKE ARTHUR, NM","NM","ST",32.91538919,-104.3671843,"S","NAD83",3316.3,11,"NGVD29",13060007,"dv",60,3,100024,NA,"wat",NA,1645423,0,"3/1/1932","12/31/1964",11873,"NM",c(-104.3671843, 32.91538919),FALSE,"PASS"
14874,"USGS",8396500,"PECOS RIVER NEAR ARTESIA, NM","NM","ST",32.8408611,-104.3238333,"S","NAD83",3293.52,0.12,"NAVD88",13060007,"dv",60,3,100026,NA,"wat",NA,1645423,0,"10/1/1905","2/14/2026",43936,"NM",c(-104.3238333, 32.8408611),FALSE,"PASS"
14877,"USGS",8398500,"RIO PENASCO AT DAYTON, NM","NM","ST",32.7434472,-104.4141306,"S","NAD83",3387.04,0.09,"NAVD88",13060010,"dv",60,3,100031,NA,"wat",NA,1645423,0,"4/1/1951","2/14/2026",27253,"NM",c(-104.4141306, 32.7434472),FALSE,"PASS"
14878,"USGS",8399500,"PECOS RIVER (KAISER CHANNEL) NEAR LAKEWOOD, NM","NM","ST",32.689375,-104.2992194,"S","NAD83",3257.26,0.12,"NAVD88",13060011,"dv",60,3,100034,NA,"wat",NA,1645423,0,"5/16/1950","2/14/2026",27649,"NM",c(-104.2992194, 32.689375),FALSE,"PASS"
14879,"USGS",8400000,"FOURMILE DRAW NR LAKEWOOD, NM","NM","ST",32.67268889,-104.3689694,"S","NAD83",3305,1.6,"NAVD88",13060011,"dv",60,3,100035,NA,"wat",NA,1645423,0,"10/1/1951","2/14/2026",27055,"NM",c(-104.3689694, 32.67268889),FALSE,"PASS"
14880,"USGS",8401000,"PECOS RIVER BELOW MCMILLAN DAM, NM","NM","ST",32.59455946,-104.350236,"S","NAD83",3238.21,11,"NGVD29",13060011,"dv",60,3,100036,NA,"wat",NA,1645423,0,"2/8/1906","9/29/1988",16913,"NM",c(-104.350236, 32.59455946),FALSE,"PASS"
14883,"USGS",8401200,"SOUTH SEVEN RIVERS NR LAKEWOOD, NM","NM","ST",32.5886111,-104.4213889,"S","NAD83",3276.98,0.14,"NAVD88",13060011,"dv",60,3,100039,NA,"wat",NA,1645423,0,"10/1/1963","2/14/2026",22032,"NM",c(-104.4213889, 32.5886111),FALSE,"PASS"
14884,"USGS",8401500,"PECOS RIVER BELOW BRANTLEY DAM NEAR CARLSBAD, NM","NM","ST",32.54318889,-104.3711,"S","NAD83",3192.76,0.11,"NAVD88",13060011,"dv",60,3,100041,NA,"wat",NA,1645423,0,"10/1/1971","2/14/2026",19696,"NM",c(-104.3711, 32.54318889),FALSE,"PASS"
14885,"USGS",8401900,"ROCKY ARROYO AT HWY BRD NR CARLSBAD, NM","NM","ST",32.50608056,-104.3749889,"S","NAD83",3249.16,0.16,"NAVD88",13060011,"dv",60,3,100042,NA,"wat",NA,1645423,0,"10/1/1963","2/14/2026",22783,"NM",c(-104.3749889, 32.50608056),FALSE,"PASS"
14886,"USGS",8402000,"PECOS R AT DAMSITE 3 NR CARLSBAD, NM","NM","ST",32.51122778,-104.3332889,"S","NAD83",3172.83,0.11,"NAVD88",13060011,"dv",60,3,100043,NA,"wat",NA,1645423,0,"8/22/1939","2/14/2026",30250,"NM",c(-104.3332889, 32.51122778),FALSE,"PASS"
14887,"USGS",8403500,"CARLSBAD MAIN CANAL AT HEAD NEAR CARLSBAD, NM","NM","ST-CA",32.49039444,-104.2527278,"S","NAD83",3141.5,0.07,"NAVD88",13060011,"dv",60,3,100044,NA,"wat",NA,1645423,0,"7/1/1939","2/14/2026",31489,"NM",c(-104.2527278, 32.49039444),FALSE,"PASS"
14888,"USGS",8404000,"PECOS RIVER BELOW AVALON DAM, NM","NM","ST",32.48085556,-104.2629806,"S","NAD83",3113.47,0.11,"NAVD88",13060011,"dv",60,3,100046,NA,"wat",NA,1645423,0,"6/1/1951","2/14/2026",27288,"NM",c(-104.2629806, 32.48085556),FALSE,"PASS"
14889,"USGS",8405000,"PECOS RIVER AT CARLSBAD, NM","NM","ST",32.41122927,-104.217448,"U","NAD83",3080.28,0.1,"NGVD29",13060011,"dv",60,3,100047,NA,"wat",NA,1645423,0,"10/1/1903","12/31/1969",19600,"NM",c(-104.217448, 32.41122927),FALSE,"PASS"
14891,"USGS",8405150,"DARK CANYON AT CARLSBAD, NM","NM","ST",32.40333333,-104.2294444,"S","NAD83",3089.75,0.09,"NAVD88",13060011,"dv",60,3,100049,NA,"wat",NA,1645423,0,"1/1/1973","2/14/2026",19403,"NM",c(-104.2294444, 32.40333333),FALSE,"PASS"
14892,"USGS",8405200,"PECOS RIVER BELOW DARK CANYON AT CARLSBAD, NM","NM","ST",32.409275,-104.2149722,"S","NAD83",3074.79,0.11,"NAVD88",13060011,"dv",60,3,100050,NA,"wat",NA,1645423,0,"1/1/1970","2/14/2026",20499,"NM",c(-104.2149722, 32.409275),FALSE,"PASS"
14896,"USGS",8405500,"BLACK RIVER ABOVE MALAGA, NM","NM","ST",32.22908889,-104.1518528,"S","NAD83",3071.17,0.1,"NAVD88",13060011,"dv",60,3,100052,NA,"wat",NA,1645423,0,"1/1/1947","2/14/2026",28900,"NM",c(-104.1518528, 32.22908889),FALSE,"PASS"
14898,"USGS",8406500,"PECOS RIVER NEAR MALAGA, NM","NM","ST",32.20754167,-104.023875,"S","NAD83",2895.87,0.1,"NAVD88",13060011,"dv",60,3,100054,NA,"wat",NA,1645423,0,"10/1/1914","2/14/2026",36510,"NM",c(-104.023875, 32.20754167),FALSE,"PASS"
14900,"USGS",8407500,"PECOS RIVER AT RED BLUFF, NM","NM","ST",32.07519167,-104.0394361,"S","NAD83",2851.64,0.05,"NAVD88",13060011,"dv",60,3,100056,NA,"wat",NA,1645423,0,"10/1/1937","2/14/2026",32279,"NM",c(-104.0394361, 32.07519167),FALSE,"PASS"
14901,"USGS",8408500,"DELAWARE RIVER NR RED BLUFF, NM","NM","ST",32.02314167,-104.0544556,"S","NAD83",2902.06,0.14,"NAVD88",13070002,"dv",60,3,100057,NA,"wat",NA,1645423,0,"10/1/1937","2/14/2026",32270,"NM",c(-104.0544556, 32.02314167),FALSE,"PASS"
14903,"USGS",8477000,"MIMBRES RIVER NEAR MIMBRES, NM","NM","ST",32.8745191,-107.985317,"U","NAD83",5972,1,"NGVD29",13030202,"dv",60,3,295616,NA,"wat",NA,1645423,0,"10/1/1930","9/29/1976",16801,"NM",c(-107.985317, 32.8745191),FALSE,"PASS"
14904,"USGS",8477110,"MIMBRES RIVER AT MIMBRES, NM","NM","ST",32.854675,-107.9737889,"S","NAD83",5898.57,0.2,"NAVD88",13030202,"dv",60,3,100061,NA,"wat",NA,1645423,0,"3/1/1978","2/14/2026",16381,"NM",c(-107.9737889, 32.854675),FALSE,"PASS"
14912,"USGS",8481500,"TULAROSA CREEK NEAR BENT, NM","NM","ST",33.14488889,-105.8979028,"S","NAD83",5450.36,0.51,"NAVD88",13050003,"dv",60,3,100069,NA,"wat",NA,1645423,0,"1/1/1948","2/14/2026",26503,"NM",c(-105.8979028, 33.14488889),FALSE,"PASS"
14919,"USGS",9355500,"SAN JUAN RIVER NEAR ARCHULETA, NM","NM","ST",36.80188889,-107.6986389,"S","NAD83",5657.65,0.13,"NAVD88",14080101,"dv",60,3,100076,NA,"wat",NA,1645423,0,"12/1/1954","2/14/2026",26008,"NM",c(-107.6986389, 36.80188889),FALSE,"PASS"
14930,"USGS",9364500,"ANIMAS RIVER AT FARMINGTON, NM","NM","ST",36.7225,-108.20175,"U","NAD83",5272.63,0.11,"NAVD88",14080104,"dv",60,3,100101,NA,"wat",NA,1645423,0,"10/1/1913","2/14/2026",37368,"NM",c(-108.20175, 36.7225),FALSE,"PASS"
14931,"USGS",9365000,"SAN JUAN RIVER AT FARMINGTON, NM","NM","ST",36.72301667,-108.2255889,"S","NAD83",5233.61,0.14,"NAVD88",14080105,"dv",60,3,295775,NA,"wat",NA,1645423,0,"10/1/1930","2/14/2026",33926,"NM",c(-108.2255889, 36.72301667),FALSE,"PASS"
14934,"USGS",9367500,"LA PLATA RIVER NEAR FARMINGTON, NM","NM","ST",36.737575,-108.2503361,"S","NAD83",5212.3,0.1,"NAVD88",14080105,"dv",60,3,100111,NA,"wat",NA,1645423,0,"3/1/1938","2/15/2026",30606,"NM",c(-108.2503361, 36.737575),FALSE,"PASS"
14957,"USGS",9368000,"SAN JUAN RIVER AT SHIPROCK, NM","NM","ST",36.77666667,-108.6830556,"S","NAD83",4890,10,"NGVD29",14080105,"dv",60,3,100139,NA,"wat",NA,1645423,0,"10/1/1934","2/14/2026",33374,"NM",c(-108.6830556, 36.77666667),FALSE,"PASS"
14960,"USGS",9386900,"RIO NUTRIA NEAR RAMAH, NM","NM","ST",35.28255278,-108.552975,"S","NAD83",6860,20,"NGVD29",15020004,"dv",60,3,100151,NA,"wat",NA,1645423,0,"10/1/1969","2/14/2026",20590,"NM",c(-108.552975, 35.28255278),FALSE,"PASS"
14966,"USGS",9386950,"ZUNI RIVER ABV BLACK ROCK RESERVOIR, NM","NM","ST",35.10027778,-108.7516667,"S","NAD83",6480,11,"NGVD29",15020004,"dv",60,3,100161,NA,"wat",NA,1645423,0,"10/1/1969","2/14/2026",20591,"NM",c(-108.7516667, 35.10027778),FALSE,"PASS"
14980,"USGS",9430500,"GILA RIVER NEAR GILA, NM","NM","ST",33.06150278,-108.5373861,"S","NAD83",4654.8,10,"NGVD29",15040001,"dv",60,3,100172,NA,"wat",NA,1645423,0,"12/1/1927","2/14/2026",35535,"NM",c(-108.5373861, 33.06150278),FALSE,"PASS"
14981,"USGS",9430600,"MOGOLLON CREEK NEAR CLIFF, NM","NM","ST",33.16666667,-108.6497222,"U","NAD83",5410.03,0.1,"NAVD88",15040001,"dv",60,3,100175,NA,"wat",NA,1645423,0,"2/21/1967","2/14/2026",21544,"NM",c(-108.6497222, 33.16666667),FALSE,"PASS"
14986,"USGS",9431500,"GILA RIVER NEAR REDROCK, NM","NM","ST",32.72694444,-108.6755556,"U","NAD83",4090,10,"NGVD29",15040002,"dv",60,3,100180,NA,"wat",NA,1645423,0,"10/1/1930","2/14/2026",31547,"NM",c(-108.6755556, 32.72694444),FALSE,"PASS"
14988,"USGS",9432000,"GILA RIVER BELOW BLUE CREEK, NEAR VIRDEN, NM","NM","ST",32.64630833,-108.8468472,"1","NAD83",3877.27,0.24,"NAVD88",15040002,"dv",60,3,5440,NA,"wat",NA,1645423,0,"7/1/1927","2/14/2026",35506,"NM",c(-108.8468472, 32.64630833),FALSE,"PASS"
14999,"USGS",9442680,"SAN FRANCISCO RIVER NEAR RESERVE, NM","NM","ST",33.73671944,-108.771175,"S","NAD83",5820,11,"NGVD29",1.5e+11,"dv",60,3,100192,NA,"wat",NA,1645423,0,"3/1/1959","6/3/2018",21611,"NM",c(-108.771175, 33.73671944),FALSE,"PASS"
15004,"USGS",9442692,"TULAROSA RIVER ABOVE ARAGON, NM","NM","ST",33.89144118,-108.5156166,"S","NAD83",6750,11,"NGVD29",15040004,"dv",60,3,100196,NA,"wat",NA,1645423,0,"7/1/1966","9/30/1996",11050,"NM",c(-108.5156166, 33.89144118),FALSE,"PASS"
15015,"USGS",9444000,"SAN FRANCISCO RIVER NEAR GLENWOOD, NM","NM","ST",33.24716667,-108.88,"S","NAD83",4553.81,0.11,"NAVD88",15040004,"dv",60,3,100207,NA,"wat",NA,1645423,0,"10/1/1927","2/14/2026",35930,"NM",c(-108.88, 33.24716667),FALSE,"PASS"
17432,"USGS",10366000,"TWENTYMILE CREEK NEAR ADEL,OREG.",NA,"ST",42.07211128,-119.9627248,"U","NAD83",4560.83,0.1,"NGVD29",17120007,"dv",60,3,113016,NA,"wat",NA,1645423,0,"3/1/1910","10/17/1991",21949,"OR",c(-119.9627248, 42.07211128),FALSE,"CHECK"
17441,"USGS",10371500,"DEEP CREEK ABOVE ADEL,OREG.",NA,"ST",42.18905386,-120.0016156,"U","NAD83",4980.34,0.1,"NGVD29",17120007,"dv",60,3,113025,NA,"wat",NA,1645423,0,"10/1/1922","10/17/1991",21930,"OR",c(-120.0016156, 42.18905386),FALSE,"CHECK"
17448,"USGS",10378500,"HONEY CREEK NEAR PLUSH,OREG.",NA,"ST",42.42488264,-119.9232849,"U","NAD83",4552.8,0.1,"NGVD29",17120007,"dv",60,3,113032,NA,"wat",NA,1645423,0,"10/1/1910","9/30/1991",17146,"OR",c(-119.9232849, 42.42488264),FALSE,"CHECK"
17453,"USGS",10384000,"CHEWAUCAN RIVER NEAR PAISLEY,OREG.",NA,"ST",42.68459668,-120.5699722,"U","NAD83",4430,20,"NGVD29",17120006,"dv",60,3,113037,NA,"wat",NA,1645423,0,"10/1/1924","9/29/1991",24470,"OR",c(-120.5699722, 42.68459668),FALSE,"CHECK"
17460,"USGS",10387500,"SUMMER LAKE CANAL NR SUMMER LAKE,OREG.",NA,"ST-CA",42.99986919,-120.751093,"U","NAD83",NA,NA,NA,17120005,"dv",60,3,113044,NA,"wat",NA,1645423,0,"6/18/1951","9/29/1991",14698,"OR",c(-120.751093, 42.99986919),FALSE,"CHECK"
17461,"USGS",10388000,"ANA RIVER NEAR SUMMER LAKE, OR","OR","ST",42.99486929,-120.7494263,"S","NAD83",4160,10,"NGVD29",17120005,"dv",60,3,113045,NA,"wat",NA,1645423,0,"10/1/1937","10/7/1991",15451,"OR",c(-120.7494263, 42.99486929),FALSE,"PASS"
17462,"USGS",10388001,"ANA RIVER PLUS SUMMER LK CA NR SUMMER LK,OREG.",NA,"ST",42.99486929,-120.7494263,"S","NAD83",NA,NA,NA,17120005,"dv",60,3,113046,NA,"wat",NA,1645423,0,"10/1/1952","9/29/1991",14243,"OR",c(-120.7494263, 42.99486929),FALSE,"CHECK"
17463,"USGS",10389500,"SILVER LK IRRIG DIST CA NR SILVER LAKE, OR.","OR","ST",43.11097318,-121.0691648,"U","NAD83",NA,NA,NA,17120005,"dv",60,3,113047,NA,"wat",NA,1645423,0,"3/1/1923","9/29/1991",12502,"OR",c(-121.0691648, 43.11097318),FALSE,"PASS"
17464,"USGS",10390000,"SILVER CREEK NEAR SILVER LAKE, OR","OR","ST",43.11097318,-121.0691648,"U","NAD83",4361.22,0.1,"NGVD29",17120005,"dv",60,3,113048,NA,"wat",NA,1645423,0,"1/1/1905","10/7/1991",29578,"OR",c(-121.0691648, 43.11097318),FALSE,"PASS"
17466,"USGS",10393500,"SILVIES RIVER NEAR BURNS, OR","OR","ST",43.7151478,-119.177442,"S","NAD83",4195,10,"NGVD29",17070101,"dv",60,3,113050,NA,"wat",NA,1645423,0,"6/1/1903","9/30/2012",30624,"OR",c(-119.177442, 43.7151478),FALSE,"PASS"
17472,"USGS",10396000,"DONNER UND BLITZEN RIVER NR FRENCHGLEN OR","OR","ST",42.7908333,-118.8675,"S","NAD83",4260.33,0.3,"NAVD88",17120003,"dv",60,3,113056,NA,"wat",NA,1645423,0,"4/1/1911","2/14/2026",35659,"OR",c(-118.8675, 42.7908333),FALSE,"PASS"
17473,"USGS",10397000,"BRIDGE CREEK NR FRENCHGLEN, OREG.",NA,"ST",42.8437715,-118.8501992,"U","NAD83",4184.93,0.1,"NGVD29",17120003,"dv",60,3,113060,NA,"wat",NA,1645423,0,"4/1/1911","10/7/1970",13946,"OR",c(-118.8501992, 42.8437715),FALSE,"CHECK"
17477,"USGS",10406500,"TROUT CREEK NEAR DENIO,NEV.",NA,"ST",42.15545066,-118.4593374,"U","NAD83",4351.52,0.1,"NGVD29",17120009,"dv",60,3,113066,NA,"wat",NA,1645423,0,"4/1/1932","9/29/1991",21731,"OR",c(-118.4593374, 42.15545066),FALSE,"CHECK"
17479,"USGS",11339500,"DREWS CREEK NEAR LAKEVIEW,OREG.",NA,"ST",42.1193271,-120.5802403,"U","NAD83",4827,20,"NGVD29",18020001,"dv",60,3,113068,NA,"wat",NA,1645423,0,"1/1/1909","9/29/1981",23683,"OR",c(-120.5802403, 42.1193271),FALSE,"CHECK"
17480,"USGS",11340500,"COTTONWOOD CREEK NEAR LAKEVIEW,OREG.",NA,"ST",42.2346032,-120.5024625,"U","NAD83",4949.37,0.1,"NGVD29",18020001,"dv",60,3,113069,NA,"wat",NA,1645423,0,"11/22/1908","9/29/1981",24011,"OR",c(-120.5024625, 42.2346032),FALSE,"CHECK"
17492,"USGS",11493500,"WILLIAMSON RIVER NEAR KLAMATH AGENCY, OR","OR","ST",42.739925,-121.8345167,"S","NAD83",4487.42,0.21,"NAVD88",18010201,"dv",60,3,326085,NA,"wat",NA,1645423,0,"10/1/1954","2/14/2026",24972,"OR",c(-121.8345167, 42.739925),FALSE,"PASS"
17494,"USGS",11497500,"SPRAGUE RIVER NEAR BEATTY, OR","OR","ST",42.44775,-121.2385278,"S","NAD83",4305.35,0.1,"NGVD29",18010202,"dv",60,3,113083,NA,"wat",NA,1645423,0,"10/1/1953","9/30/1991",13879,"OR",c(-121.2385278, 42.44775),FALSE,"PASS"
17497,"USGS",11501000,"SPRAGUE RIVER NEAR CHILOQUIN, OR","OR","ST",42.58430556,-121.8483333,"S","NAD83",4202.43,0.1,"NGVD29",18010202,"dv",60,3,113095,NA,"wat",NA,1645423,0,"3/1/1921","2/13/2026",38336,"OR",c(-121.8483333, 42.58430556),FALSE,"PASS"
17498,"USGS",11502500,"WILLIAMSON RIVER BLW SPRAGUE RIVER NR CHILOQUIN,OR",NA,"ST",42.564375,-121.8797139,"S","NAD83",4148.5,10,"NGVD29",18010201,"dv",60,3,174801,NA,"wat",NA,1645423,0,"10/1/1917","2/14/2026",39250,"OR",c(-121.8797139, 42.564375),FALSE,"CHECK"
17500,"USGS",11503000,"ANNIE SPRING NEAR CRATER LAKE, OR","OR","SP",42.8715179,-122.168917,"S","NAD83",5982.65,0.1,"NGVD29",18010203,"dv",60,3,113114,NA,"wat",NA,1645423,0,"6/1/1977","2/14/2026",15635,"OR",c(-122.168917, 42.8715179),FALSE,"PASS"
17512,"USGS",11507500,"LINK RIVER AT KLAMATH FALLS, OR","OR","ST",42.22347795,-121.7941708,"U","NAD83",4083.71,0.1,"NGVD29",18010204,"dv",60,3,113138,NA,"wat",NA,1645423,0,"10/1/1961","2/14/2026",23513,"OR",c(-121.7941708, 42.22347795),FALSE,"PASS"
17513,"USGS",11507501,"LINK RIVER BELOW KENO CANAL, NEAR KLAMATH FALLS,OR",NA,"ST",42.2193114,-121.7902816,"S","NAD83",4087,1.6,"NAVD88",18010204,"dv",60,3,113142,NA,"wat",NA,1645423,0,"5/15/1904","9/29/1983",28992,"OR",c(-121.7902816, 42.2193114),FALSE,"CHECK"
17519,"USGS",11509500,"KLAMATH RIVER AT KENO, OR","OR","ST",42.13319946,-121.9622313,"S","NAD83",3961,10,"NGVD29",18010206,"dv",60,3,113178,NA,"wat",NA,1645423,0,"6/1/1904","2/14/2026",38702,"OR",c(-121.9622313, 42.13319946),FALSE,"PASS"
17522,"USGS",11510700,"KLAMATH RIVER BLW JOHN C.BOYLE PWRPLNT, NR KENO,OR",NA,"ST",42.0845877,-122.0733453,"U","NAD83",3274.82,10,"NGVD29",18010206,"dv",60,3,113183,NA,"wat",NA,1645423,0,"1/1/1959","2/14/2026",24517,"OR",c(-122.0733453, 42.0845877),FALSE,"CHECK"
17529,"USGS",13181000,"OWYHEE RIVER NR ROME OR","OR","ST",42.86638889,-117.6491667,"1","NAD83",3347.47,0.26,"NAVD88",17050107,"dv",60,3,113191,NA,"wat",NA,1645423,0,"10/1/1949","2/14/2026",27896,"OR",c(-117.6491667, 42.86638889),FALSE,"PASS"
17531,"USGS",13183000,"OWYHEE RIVER BELOW OWYHEE DAM, OR","OR","ST",43.65444444,-117.2558333,"S","NAD83",2346.22,0.27,"NAVD88",17050110,"dv",60,3,113194,NA,"wat",NA,1645423,0,"2/25/1929","2/14/2026",35415,"OR",c(-117.2558333, 43.65444444),FALSE,"PASS"
17532,"USGS",13184000,"OWYHEE RIVER AT OWYHEE, OREG.",NA,"ST",43.77766048,-117.0676601,"U","NAD83",2190,20,"NGVD29",17050110,"dv",60,3,113195,NA,"wat",NA,1645423,0,"1890-03-26","9/29/1986",11858,"OR",c(-117.0676601, 43.77766048),FALSE,"CHECK"
17533,"USGS",13214000,"MALHEUR RIVER NEAR DREWSEY OR","OR","ST",43.7846025,-118.3315873,"F","NAD83",3479.13,0.01,"NGVD29",17050116,"dv",60,3,113196,"[(2)]","wat",NA,1645423,0,"10/1/1926","9/29/1994",24836,"OR",c(-118.3315873, 43.7846025),FALSE,"PASS"
17534,"USGS",13214000,"MALHEUR RIVER NEAR DREWSEY OR","OR","ST",43.7846025,-118.3315873,"F","NAD83",3479.13,0.01,"NGVD29",17050116,"dv",60,3,170847,NA,"wat",NA,1645423,0,"10/1/1926","9/29/1990",23008,"OR",c(-118.3315873, 43.7846025),FALSE,"PASS"
17535,"USGS",13215000,"MALHEUR RIVER BEL WARMSPRINGS RES NR RIVERSIDE OR","OR","ST",43.57444444,-118.2097222,"F","NAD83",3305,20,"NGVD29",17050116,"dv",60,3,113197,NA,"wat",NA,1645423,0,"1/1/1909","9/30/2017",37081,"OR",c(-118.2097222, 43.57444444),FALSE,"PASS"
17537,"USGS",13216500,"NF MALHEUR R AB BEULAH RES NR BEULAH OR","OR","ST",43.9482139,-118.1743637,"F","NAD83",3320,20,"NGVD29",17050116,"dv",60,3,113198,NA,"wat",NA,1645423,0,"1/1/1914","9/29/1994",21547,"OR",c(-118.1743637, 43.9482139),FALSE,"PASS"
17538,"USGS",13217500,"NORTH FORK MALHEUR RIVER AT BEULAH OR","OR","ST",43.9075,-118.1533333,"S","NAD83",3261.2,0.01,"NGVD29",17050116,"dv",60,3,113199,NA,"wat",NA,1645423,0,"6/26/1926","9/30/2017",33296,"OR",c(-118.1533333, 43.9075),FALSE,"PASS"
17540,"USGS",13220000,"MALHEUR RIVER AT LITTLE VALLEY NEAR HOPE,OREG.",NA,"ST",43.8993255,-117.5079635,"U","NAD83",2424.03,0.1,"NGVD29",17050117,"dv",60,3,113201,NA,"wat",NA,1645423,0,"4/17/1949","9/29/1979",11123,"OR",c(-117.5079635, 43.8993255),FALSE,"CHECK"
17542,"USGS",13226500,"BULLY CREEK AT WARMSPRINGS NEAR VALE,OREG.",NA,"ST",44.0193264,-117.460742,"U","NAD83",2527.21,0.1,"NGVD29",17050118,"dv",60,3,113203,NA,"wat",NA,1645423,0,"8/11/1903","9/30/1985",11912,"OR",c(-117.460742, 44.0193264),FALSE,"CHECK"
17546,"USGS",13233300,"MALHEUR RIVER BELOW NEVADA DAM NEAR VALE OR","OR","ST",43.9875,-117.2188889,"S","NAD83",2210.7,0.38,"NAVD88",17050117,"dv",60,3,113209,NA,"wat",NA,1645423,0,"5/17/1926","2/14/2026",16197,"OR",c(-117.2188889, 43.9875),FALSE,"PASS"
17549,"USGS",13273000,"BURNT RIVER NEAR HEREFORD OR","OR","ST",44.50377217,-118.177436,"F","NAD83",3758.19,0.01,"NGVD29",17050202,"dv",60,3,296408,NA,"wat",NA,1645423,0,"3/1/1915","9/29/1997",25544,"OR",c(-118.177436, 44.50377217),FALSE,"PASS"
17552,"USGS",13275500,"POWDER RIVER NEAR BAKER, OREG.",NA,"ST",44.655434,-117.8760493,"U","NAD83",3632.31,0.1,"NGVD29",17050203,"dv",60,3,113217,NA,"wat",NA,1645423,0,"1/1/1904","9/29/1968",18474,"OR",c(-117.8760493, 44.655434),FALSE,"CHECK"
17556,"USGS",13286700,"POWDER RIVER NR RICHLAND OR","OR","ST",44.77766079,-117.2926855,"F","NAD83",2277.42,0.01,"NGVD29",17050203,"dv",60,3,113223,NA,"wat",NA,1645423,0,"10/1/1957","6/30/1996",14153,"OR",c(-117.2926855, 44.77766079),FALSE,"PASS"
17557,"USGS",13288200,"EAGLE CREEK ABOVE SKULL CREEK NEAR NEW BRIDGE, OR","OR","ST",44.8804379,-117.2537918,"S","NAD83",2800,10,"NGVD29",17050203,"dv",60,3,113224,NA,"wat",NA,1645423,0,"10/1/1957","9/29/2011",15066,"OR",c(-117.2537918, 44.8804379),FALSE,"PASS"
17559,"USGS",13290000,"SNAKE RIVER ABOVE DAM AT OXBOW, OR","OR","ST",44.96055556,-116.8533333,"S","NAD83",1696.71,0.01,"NGVD29",17050201,"dv",60,3,296410,NA,"wat",NA,1645423,0,"5/22/1923","9/29/1971",14170,"OR",c(-116.8533333, 44.96055556),FALSE,"PASS"
17561,"USGS",13290450,"SNAKE RIVER AT HELLS CANYON DAM ID-OR STATE LINE",NA,"ST",45.2544444,-116.6969444,"1","NAD83",1435,20,"NAVD88",17060101,"dv",60,3,46275,NA,"wat",NA,1645423,0,"7/15/1965","10/9/2025",22002,"OR",c(-116.6969444, 45.2544444),TRUE,"BORDER"
17563,"USGS",13292000,"IMNAHA RIVER AT IMNAHA, OR","OR","ST",45.5623784,-116.8343178,"S","NAD83",1941.14,10,"NGVD29",17060102,"dv",60,3,113227,NA,"wat",NA,1645423,0,"10/1/1928","10/22/2013",31068,"OR",c(-116.8343178, 45.5623784),FALSE,"PASS"
17568,"USGS",13319000,"GRANDE RONDE R AT LA GRANDE, OREG.",NA,"ST",45.34624317,-118.1249426,"U","NAD83",2826.25,0.1,"NGVD29",17060104,"dv",60,3,113232,NA,"wat",NA,1645423,0,"10/1/1903","9/29/1989",29704,"OR",c(-118.1249426, 45.34624317),FALSE,"CHECK"
17569,"USGS",13320000,"CATHERINE CREEK NEAR UNION, OR","OR","ST",45.15541695,-117.774934,"S","NAD83",3081.76,10,"NGVD29",17060104,"dv",60,3,113233,NA,"wat",NA,1645423,0,"8/1/1911","9/29/1996",27208,"OR",c(-117.774934, 45.15541695),FALSE,"PASS"
17573,"USGS",13324500,"WALLOWA FALLS PP TAILRACE NR JOSEPH,OREG.",NA,"ST",45.26654188,-117.217669,"U","NAD83",NA,NA,NA,17060105,"dv",60,3,113240,NA,"wat",NA,1645423,0,"9/1/1924","9/29/1983",16464,"OR",c(-117.217669, 45.26654188),FALSE,"CHECK"
17574,"USGS",13325000,"EAST FORK WALLOWA RIVER NEAR JOSEPH, OR","OR","ST",45.27110278,-117.211325,"S","NAD83",4540,10,"NGVD29",17060105,"dv",60,3,222764,NA,"wat",NA,1645423,0,"8/1/1924","2/14/2026",19220,"OR",c(-117.211325, 45.27110278),FALSE,"PASS"
17575,"USGS",13325001,"EAST FK WALLOWA R & W FLS PP TR NR JOSEPH,OREG.",NA,"ST",45.27209756,-117.2107242,"U","NAD83",NA,NA,NA,17060105,"dv",60,3,113242,NA,"wat",NA,1645423,0,"10/1/1924","9/29/1983",21548,"OR",c(-117.2107242, 45.27209756),FALSE,"CHECK"
17578,"USGS",13327500,"WALLOWA RIVER AT JOSEPH,OREG.",NA,"ST",45.3373745,-117.2273906,"U","NAD83",4326.86,0.1,"NGVD29",17060105,"dv",60,3,113245,NA,"wat",NA,1645423,0,"11/1/1903","9/29/1991",23654,"OR",c(-117.2273906, 45.3373745),FALSE,"CHECK"
17579,"USGS",13329500,"HURRICANE CREEK NEAR JOSEPH, OREG.",NA,"ST",45.33737295,-117.2926744,"U","NAD83",4500,20,"NGVD29",17060105,"dv",60,3,113246,NA,"wat",NA,1645423,0,"5/1/1915","9/29/1978",20027,"OR",c(-117.2926744, 45.33737295),FALSE,"CHECK"
17582,"USGS",13330000,"LOSTINE RIVER NEAR LOSTINE, OR","OR","ST",45.43875828,-117.4274062,"S","NAD83",3650,10,"NGVD29",17060105,"dv",60,3,113249,NA,"wat",NA,1645423,0,"9/1/1912","9/30/2012",31331,"OR",c(-117.4274062, 45.43875828),FALSE,"PASS"
17584,"USGS",13330500,"BEAR CREEK NEAR WALLOWA, OR","OR","ST",45.52681145,-117.552411,"S","NAD83",3250,10,"NGVD29",17060105,"dv",60,3,113252,NA,"wat",NA,1645423,0,"4/1/1915","9/30/2012",29021,"OR",c(-117.552411, 45.52681145),FALSE,"PASS"
17587,"USGS",13331500,"MINAM RIVER AT MINAM, OR","OR","ST",45.6198669,-117.7265892,"U","NAD83",2540.48,0.1,"NGVD29",17060105,"dv",60,3,113258,NA,"wat",NA,1645423,0,"6/1/1912","2/14/2026",22751,"OR",c(-117.7265892, 45.6198669),FALSE,"PASS"
17588,"USGS",13332500,"GRANDE RONDE R AT RONDOWA, OREG.",NA,"ST",45.72653386,-117.7840927,"U","NAD83",2281.87,0.1,"NGVD29",17060106,"dv",60,3,113259,NA,"wat",NA,1645423,0,"10/1/1926","9/29/1991",23740,"OR",c(-117.7840927, 45.72653386),FALSE,"CHECK"
17589,"USGS",13333000,"GRANDE RONDE RIVER AT TROY, OR","OR","ST",45.9457019,-117.4510089,"S","NAD83",1585.98,10,"NGVD29",17060106,"dv",60,3,113260,NA,"wat",NA,1645423,0,"10/1/1944","2/14/2026",29722,"OR",c(-117.4510089, 45.9457019),FALSE,"PASS"
17590,"USGS",14010000,"SOUTH FORK WALLA WALLA RIVER NEAR MILTON,OREG.",NA,"ST",45.8298571,-118.1699502,"U","NAD83",2050,20,"NGVD29",17070102,"dv",60,3,113261,NA,"wat",NA,1645423,0,"2/1/1903","9/30/1991",26173,"OR",c(-118.1699502, 45.8298571),FALSE,"CHECK"
17593,"USGS",14011000,"NO FK WALLA WALLA RIVER NR MILTON, OREG.",NA,"ST",45.90052778,-118.2973056,"S","NAD83",1410,10,"NAVD88",17070102,"dv",60,3,113264,NA,"wat",NA,1645423,0,"1/1/1930","10/31/1969",14549,"OR",c(-118.2973056, 45.90052778),FALSE,"CHECK"
17595,"USGS",14019200,"COLUMBIA RIVER AT MCNARY DAM,NEAR UMATILLA, OR","OR","ST",45.93268257,-119.2965915,"1","NAD83",340,10,"NGVD29",17070101,"dv",60,3,113265,NA,"wat",NA,1645423,0,"10/1/1950","9/29/1981",11322,"OR",c(-119.2965915, 45.93268257),FALSE,"PASS"
17596,"USGS",14020000,"UMATILLA RIVER ABOVE MEACHAM CREEK, NR GIBBON, OR","OR","ST",45.71957668,-118.3232913,"S","NAD83",1854.81,10,"NGVD29",17070103,"dv",60,3,113268,NA,"wat",NA,1645423,0,"4/1/1933","2/14/2026",33921,"OR",c(-118.3232913, 45.71957668),FALSE,"PASS"
17597,"USGS",14020300,"MEACHAM CREEK AT GIBBON, OR","OR","ST",45.689125,-118.3544472,"S","NAD83",1793.05,10,"NGVD29",17070103,"dv",60,3,113269,NA,"wat",NA,1645423,0,"8/1/1975","2/14/2026",18273,"OR",c(-118.3544472, 45.689125),FALSE,"PASS"
17602,"USGS",14020850,"UMATILLA R AT W RESERVATION BNDY NR PENDLETON, OR","OR","ST",45.67151937,-118.736649,"S","NAD83",1130,10,"NGVD29",17070103,"dv",60,3,113274,NA,"wat",NA,1645423,0,"10/1/1995","2/14/2026",11094,"OR",c(-118.736649, 45.67151937),FALSE,"PASS"
17603,"USGS",14021000,"UMATILLA RIVER AT PENDLETON,OREG",NA,"ST",45.67207498,-118.7927637,"U","NAD83",1054.3,0.1,"NGVD29",17070103,"dv",60,3,113275,NA,"wat",NA,1645423,0,"11/1/1903","9/29/1989",20452,"OR",c(-118.7927637, 45.67207498),FALSE,"CHECK"
17606,"USGS",14022200,"NORTH FORK MCKAY CREEK NEAR PILOT ROCK, OR","OR","ST",45.5065183,-118.6169163,"S","NAD83",1870,10,"NGVD29",17070103,"dv",60,3,113279,NA,"wat",NA,1645423,0,"5/1/1973","12/31/2003",11202,"OR",c(-118.6169163, 45.5065183),FALSE,"PASS"
17607,"USGS",14022500,"MCKAY CREEK NEAR PILOT ROCK,OREG.",NA,"ST",45.54901858,-118.7744269,"U","NAD83",1343.6,0.1,"NGVD29",17070103,"dv",60,3,113280,NA,"wat",NA,1645423,0,"5/1/1921","9/29/1989",22826,"OR",c(-118.7744269, 45.54901858),FALSE,"CHECK"
17608,"USGS",14023500,"MCKAY CREEK NEAR PENDLETON,OREG.",NA,"ST",45.60929676,-118.7997074,"U","NAD83",1163.71,0.1,"NGVD29",17070103,"dv",60,3,113281,NA,"wat",NA,1645423,0,"11/1/1918","9/30/1991",25124,"OR",c(-118.7997074, 45.60929676),FALSE,"CHECK"
17611,"USGS",14025000,"BIRCH CREEK AT RIETH, OR","OR","ST",45.65293056,-118.8793306,"S","NAD83",951.04,0.1,"NGVD29",17070103,"dv",60,3,113284,NA,"wat",NA,1645423,0,"5/1/1921","9/29/1976",18293,"OR",c(-118.8793306, 45.65293056),FALSE,"PASS"
17613,"USGS",14026000,"UMATILLA RIVER AT YOAKUM,OREG.",NA,"ST",45.67763069,-119.0344457,"U","NAD83",768.21,0.1,"NGVD29",17070103,"dv",60,3,113286,NA,"wat",NA,1645423,0,"10/1/1903","10/13/1991",32155,"OR",c(-119.0344457, 45.67763069),FALSE,"CHECK"
17619,"USGS",14032000,"BUTTER CREEK NEAR PINE CITY, OREG.",NA,"ST",45.5442902,-119.3122394,"U","NAD83",1400,20,"NGVD29",17070103,"dv",60,3,113292,NA,"wat",NA,1645423,0,"11/1/1927","9/30/1988",21544,"OR",c(-119.3122394, 45.5442902),FALSE,"CHECK"
17621,"USGS",14033500,"UMATILLA RIVER NEAR UMATILLA, OR","OR","ST",45.9026944,-119.3270833,"S","NAD83",333.73,0.18,"NAVD88",17070103,"dv",60,3,113294,NA,"wat",NA,1645423,0,"11/1/1903","2/14/2026",44667,"OR",c(-119.3270833, 45.9026944),FALSE,"PASS"
17624,"USGS",14034470,"WILLOW CREEK ABV WILLOW CR LAKE, NR HEPPNER, OR","OR","ST",45.34068289,-119.5158544,"U","NAD83",2085.41,0.1,"NGVD29",17070104,"dv",60,3,113301,NA,"wat",NA,1645423,0,"10/1/1982","2/14/2026",15843,"OR",c(-119.5158544, 45.34068289),FALSE,"PASS"
17626,"USGS",14034500,"WILLOW CREEK AT HEPPNER, OR","OR","ST",45.3504062,-119.5500218,"U","NAD83",1952.73,0.1,"NGVD29",17070104,"dv",60,3,113310,NA,"wat",NA,1645423,0,"10/1/1951","2/14/2026",27166,"OR",c(-119.5500218, 45.3504062),FALSE,"PASS"
17628,"USGS",14034800,"RHEA CREEK NEAR HEPPNER,OREG.",NA,"ST",45.26124276,-119.6239109,"U","NAD83",2320,20,"NGVD29",17070104,"dv",60,3,113314,NA,"wat",NA,1645423,0,"10/1/1960","9/29/1991",11321,"OR",c(-119.6239109, 45.26124276),FALSE,"CHECK"
17631,"USGS",14037500,"STRAWBERRY CR AB SLIDE CR NR PRAIRIE CITY,OREG.",NA,"ST",44.3415479,-118.65661,"U","NAD83",4909.57,0.1,"NGVD29",17070201,"dv",60,3,113319,NA,"wat",NA,1645423,0,"10/1/1930","9/29/1991",22279,"OR",c(-118.65661, 44.3415479),FALSE,"CHECK"
17632,"USGS",14038500,"JOHN DAY RIVER AT PRAIRIE CITY, OREG.",NA,"ST",44.4540468,-118.7177255,"U","NAD83",3494.59,0.1,"NGVD29",17070201,"dv",60,3,113320,NA,"wat",NA,1645423,0,"10/1/1925","9/29/1968",15705,"OR",c(-118.7177255, 44.4540468),FALSE,"CHECK"
17634,"USGS",14038530,"JOHN DAY RIVER NEAR JOHN DAY, OR","OR","ST",44.41848897,-118.9063419,"S","NAD83",3130.56,10,"NGVD29",17070201,"dv",60,3,113322,NA,"wat",NA,1645423,0,"10/1/1968","2/14/2026",20359,"OR",c(-118.9063419, 44.41848897),FALSE,"PASS"
17636,"USGS",14040500,"JOHN DAY R AT PICTURE GORGE, NR DAYVILLE,OREG.",NA,"ST",44.5206992,-119.6260938,"U","NAD83",2229.84,0.1,"NGVD29",17070201,"dv",60,3,113324,NA,"wat",NA,1645423,0,"10/1/1926","9/29/1991",23740,"OR",c(-119.6260938, 44.5206992),FALSE,"CHECK"
17641,"USGS",14042500,"CAMAS CREEK NEAR UKIAH, OREG.",NA,"ST",45.15680498,-118.820531,"U","NAD83",3588.61,0.1,"NGVD29",17070202,"dv",60,3,113329,NA,"wat",NA,1645423,0,"5/1/1914","9/29/1991",22551,"OR",c(-118.820531, 45.15680498),FALSE,"CHECK"
17645,"USGS",14044000,"MIDDLE FORK JOHN DAY RIVER AT RITTER, OR","OR","ST",44.88876388,-119.1413686,"S","NAD83",2544.56,10,"NGVD29",17070203,"dv",60,3,113333,NA,"wat",NA,1645423,0,"10/1/1929","2/14/2026",35201,"OR",c(-119.1413686, 44.88876388),FALSE,"PASS"
17647,"USGS",14046000,"NORTH FORK JOHN DAY RIVER AT MONUMENT, OR","OR","ST",44.81491667,-119.432,"S","NAD83",1959.64,10,"NGVD29",17070202,"dv",60,3,113335,NA,"wat",NA,1645423,0,"10/1/1928","2/14/2026",35565,"OR",c(-119.432, 44.81491667),FALSE,"PASS"
17648,"USGS",14046500,"JOHN DAY RIVER AT SERVICE CREEK, OR","OR","ST",44.79401389,-120.0070194,"S","NAD83",1632.42,10,"NGVD29",17070204,"dv",60,3,113336,NA,"wat",NA,1645423,0,"10/1/1929","2/14/2026",35201,"OR",c(-120.0070194, 44.79401389),FALSE,"PASS"
17653,"USGS",14048000,"JOHN DAY RIVER AT MCDONALD FERRY, OR","OR","ST",45.5876278,-120.4094919,"S","NAD83",392.27,10,"NGVD29",17070204,"dv",60,3,113351,NA,"wat",NA,1645423,0,"12/1/1904","2/14/2026",43906,"OR",c(-120.4094919, 45.5876278),FALSE,"PASS"
17654,"USGS",14050000,"DESCHUTES RIVER BL SNOW CR NR LA PINE,OREG.",NA,"ST",43.81400647,-121.7769742,"U","NAD83",4445,20,"NGVD29",17070301,"dv",60,3,113354,NA,"wat",NA,1645423,0,"10/1/1937","9/29/1991",19722,"OR",c(-121.7769742, 43.81400647),FALSE,"CHECK"
17655,"USGS",14050500,"CULTUS RIVER AB CULTUS CR NR LA PINE,OREG.",NA,"ST",43.81817327,-121.7955857,"U","NAD83",4450,20,"NGVD29",17070301,"dv",60,3,113355,NA,"wat",NA,1645423,0,"10/1/1922","9/29/1991",20817,"OR",c(-121.7955857, 43.81817327),FALSE,"CHECK"
17656,"USGS",14051000,"CULTUS CR AB CRANE PRAIRIE RES NR LA PINE,OREG.",NA,"ST",43.82122909,-121.8239195,"U","NAD83",4545,20,"NGVD29",17070301,"dv",60,3,113356,NA,"wat",NA,1645423,0,"10/1/1923","9/29/1991",20087,"OR",c(-121.8239195, 43.82122909),FALSE,"CHECK"
17657,"USGS",14052000,"DEER CR AB CRANE PRAIRIE RES NR LA PINE,OREG.",NA,"ST",43.80484055,-121.8394749,"U","NAD83",4520,20,"NGVD29",17070301,"dv",60,3,113357,NA,"wat",NA,1645423,0,"4/1/1924","9/29/1991",19904,"OR",c(-121.8394749, 43.80484055),FALSE,"CHECK"
17658,"USGS",14052500,"QUINN RIVER NEAR LA PINE,OREG.",NA,"ST",43.7840074,-121.8361412,"U","NAD83",4442.1,0.1,"NGVD29",17070301,"dv",60,3,113358,NA,"wat",NA,1645423,0,"10/1/1937","9/29/1991",19722,"OR",c(-121.8361412, 43.7840074),FALSE,"CHECK"
17659,"USGS",14053000,"CHARLTON CR AB CRANE PRAIRIE RES NR LA PINE,OREG",NA,"ST",43.7806741,-121.836141,"U","NAD83",4458.7,0.1,"NGVD29",17070301,"dv",60,3,113359,NA,"wat",NA,1645423,0,"10/1/1937","4/22/1980",15031,"OR",c(-121.836141, 43.7806741),FALSE,"CHECK"
17660,"USGS",14054000,"DESCHUTES R BL CRANE PRAIRIE RES NR LA PINE, OR","OR","ST",43.75345177,-121.7836399,"U","NAD83",4419.78,0.1,"NGVD29",17070301,"dv",60,3,113360,NA,"wat",NA,1645423,0,"3/1/1922","9/29/1991",25415,"OR",c(-121.7836399, 43.75345177),FALSE,"PASS"
17661,"USGS",14054500,"BROWN CREEK NEAR LA PINE,OREG.",NA,"ST",43.71289729,-121.8039176,"U","NAD83",4370,20,"NGVD29",17070301,"dv",60,3,113361,NA,"wat",NA,1645423,0,"7/1/1922","9/29/1991",20636,"OR",c(-121.8039176, 43.71289729),FALSE,"CHECK"
17662,"USGS",14055500,"ODELL CREEK NEAR CRESCENT,OREG.",NA,"ST",43.54734625,-121.9625299,"U","NAD83",4799.05,0.1,"NGVD29",17070301,"dv",60,3,113362,NA,"wat",NA,1645423,0,"6/1/1913","9/29/1976",16285,"OR",c(-121.9625299, 43.54734625),FALSE,"CHECK"
17663,"USGS",14056500,"DESCHUTES R BL WICKIUP RES NR LA PINE, OR","OR","ST",43.68595349,-121.6880826,"U","NAD83",4257.41,0.1,"NGVD29",17070301,"dv",60,3,113363,NA,"wat",NA,1645423,0,"6/1/1938","9/29/1991",19479,"OR",c(-121.6880826, 43.68595349),FALSE,"PASS"
17664,"USGS",14057000,"DESCHUTES R AT PRINGLE FALLS NR LAPINE, OREG",NA,"ST",43.73873056,-121.6150269,"U","NAD83",4243.14,0.1,"NGVD29",17070301,"dv",60,3,113364,NA,"wat",NA,1645423,0,"10/1/1915","9/29/1960",14731,"OR",c(-121.6150269, 43.73873056),FALSE,"CHECK"
17665,"USGS",14057500,"FALL RIVER NEAR LA PINE,OREG.",NA,"ST",43.79650758,-121.5728058,"U","NAD83",4220,20,"NGVD29",17070301,"dv",60,3,113365,NA,"wat",NA,1645423,0,"7/1/1938","9/29/1991",19449,"OR",c(-121.5728058, 43.79650758),FALSE,"CHECK"
17666,"USGS",14060000,"CRESCENT CR AT CRESCENT LAKE NR CRESCENT,OREG.",NA,"ST",43.5029027,-121.9733632,"U","NAD83",4819.96,0.1,"NGVD29",17070302,"dv",60,3,113366,NA,"wat",NA,1645423,0,"6/1/1928","9/29/1991",23131,"OR",c(-121.9733632, 43.5029027),FALSE,"CHECK"
17667,"USGS",14061000,"BIG MARSH CR HOEY RANCH NR CRESCENT OREG.",NA,"ST",43.4776251,-121.9150285,"U","NAD83",4630,20,"NGVD29",17070302,"dv",60,3,113367,NA,"wat",NA,1645423,0,"4/1/1912","9/29/1958",11602,"OR",c(-121.9150285, 43.4776251),FALSE,"CHECK"
17668,"USGS",14063000,"LITTLE DESCHUTES RIVER NEAR LA PINE, OR","OR","ST",43.6890102,-121.5028029,"U","NAD83",4192.81,0.1,"NGVD29",17070302,"dv",60,3,113368,NA,"wat",NA,1645423,0,"5/1/1924","9/30/1994",25720,"OR",c(-121.5028029, 43.6890102),FALSE,"PASS"
17671,"USGS",14064500,"DESCHUTES R AT BENHAM FALLS NR BEND, OR","OR","ST",43.93011715,-121.4119746,"U","NAD83",4142.1,0.1,"NGVD29",17070301,"dv",60,3,113373,NA,"wat",NA,1645423,0,"4/1/1906","9/29/1991",27350,"OR",c(-121.4119746, 43.93011715),FALSE,"PASS"
17673,"USGS",14066000,"DESCHUTES R BLW LAVA ISLAND, NR BEND, OREG.",NA,"ST",43.9998386,-121.3761427,"U","NAD83",3825,20,"NGVD29",17070301,"dv",60,3,113375,NA,"wat",NA,1645423,0,"3/27/1926","9/29/1965",14375,"OR",c(-121.3761427, 43.9998386),FALSE,"CHECK"
17679,"USGS",14070500,"DESCHUTES RIVER BELOW BEND,OREG.",NA,"ST",44.08289525,-121.30781,"U","NAD83",3503.96,0.1,"NGVD29",17070301,"dv",60,3,113381,NA,"wat",NA,1645423,0,"10/1/1915","9/29/1991",27755,"OR",c(-121.30781, 44.08289525),FALSE,"CHECK"
17687,"USGS",14073001,"TUMALO CREEK PLUS COL SO CA, NR TUMALA, OR","OR","ST",44.08761679,-121.3728117,"U","NAD83",NA,NA,NA,17070301,"dv",60,3,113386,NA,"wat",NA,1645423,0,"10/1/1923","9/29/1987",23375,"OR",c(-121.3728117, 44.08761679),FALSE,"PASS"
17691,"USGS",14075000,"WHYCHUS CREEK NEAR SISTERS, OR","OR","ST",44.2337268,-121.5669877,"U","NAD83",3490,20,"NGVD29",17070301,"dv",60,3,113390,NA,"wat",NA,1645423,0,"7/1/1906","9/29/1994",31006,"OR",c(-121.5669877, 44.2337268),FALSE,"PASS"
17692,"USGS",14076500,"DESCHUTES RIVER NEAR CULVER, OR","OR","ST",44.4987293,-121.3211558,"U","NAD83",1980,20,"NGVD29",17070301,"dv",60,3,113394,NA,"wat",NA,1645423,0,"7/14/1952","2/14/2026",26878,"OR",c(-121.3211558, 44.4987293),FALSE,"PASS"
17695,"USGS",14078000,"BEAVER CREEK NEAR PAULINA,OREG.",NA,"ST",44.16375078,-119.9233147,"U","NAD83",3690,20,"NGVD29",17070303,"dv",60,3,113397,NA,"wat",NA,1645423,0,"10/1/1942","9/30/1975",12053,"OR",c(-119.9233147, 44.16375078),FALSE,"CHECK"
17701,"USGS",14080500,"CROOKED RIVER NEAR PRINEVILLE, OR","OR","ST",44.1131815,-120.7955699,"U","NAD83",3070.85,0.1,"NGVD29",17070305,"dv",60,3,113406,NA,"wat",NA,1645423,0,"10/1/1941","9/29/1991",18261,"OR",c(-120.7955699, 44.1131815),FALSE,"PASS"
17705,"USGS",14087400,"CROOKED RIVER BELOW OPAL SPRINGS, NEAR CULVER, OR","OR","ST",44.4923407,-121.298377,"S","NAD83",1953.6,0.1,"NGVD29",17070305,"dv",60,3,113418,NA,"wat",NA,1645423,0,"10/1/1961","2/14/2026",23513,"OR",c(-121.298377, 44.4923407),FALSE,"PASS"
17706,"USGS",14087500,"CROOKED RIVER NEAR CULVER,OREG.",NA,"ST",44.56095215,-121.2706005,"U","NAD83",1664.86,0.1,"NGVD29",17070305,"dv",60,3,113421,NA,"wat",NA,1645423,0,"10/1/1917","9/29/1963",16800,"OR",c(-121.2706005, 44.56095215),FALSE,"CHECK"
17707,"USGS",14088000,"LAKE CREEK NEAR SISTERS,OREG.",NA,"ST",44.42622805,-121.726166,"U","NAD83",3431.68,0.1,"NGVD29",17070301,"dv",60,3,113423,NA,"wat",NA,1645423,0,"7/1/1917","9/30/1991",27058,"OR",c(-121.726166, 44.42622805),FALSE,"CHECK"
17710,"USGS",14091500,"METOLIUS RIVER NEAR GRANDVIEW, OR","OR","ST",44.6262275,-121.4839433,"S","NAD83",1974.36,10,"NGVD29",17070301,"dv",60,3,113429,NA,"wat",NA,1645423,0,"3/1/1912","2/14/2026",38794,"OR",c(-121.4839433, 44.6262275),FALSE,"PASS"
17713,"USGS",14092500,"DESCHUTES RIVER NEAR MADRAS, OR","OR","ST",44.72595225,-121.2469939,"S","NAD83",1390.25,10,"NGVD29",17070306,"dv",60,3,113436,NA,"wat",NA,1645423,0,"12/28/1923","2/14/2026",37231,"OR",c(-121.2469939, 44.72595225),FALSE,"PASS"
17714,"USGS",14092750,"SHITIKE CRK AT PETERS PASTURE, NR WARM SPRINGS, OR","OR","ST",44.75039516,-121.633397,"U","NAD83",3580,20,"NGVD29",17070306,"dv",60,3,113437,NA,"wat",NA,1645423,0,"7/1/1982","2/15/2026",15928,"OR",c(-121.633397, 44.75039516),FALSE,"PASS"
17716,"USGS",14093000,"SHITIKE CREEK NEAR WARM SPRINGS, OR","OR","ST",44.7642856,-121.2364393,"S","NAD83",1395,20,"NAVD88",17070306,"dv",60,3,113439,NA,"wat",NA,1645423,0,"6/1/1911","2/14/2026",15207,"OR",c(-121.2364393, 44.7642856),FALSE,"PASS"
17718,"USGS",14095500,"WARM SPRINGS RIVER NEAR SIMNASHO, OR","OR","ST",44.96708766,-121.4693975,"S","NAD83",2525.94,0.01,"NAVD88",17070306,"dv",60,3,113441,NA,"wat",NA,1645423,0,"10/1/1949","6/7/2009",11230,"OR",c(-121.4693975, 44.96708766),FALSE,"PASS"
17720,"USGS",14096850,"BEAVER CREEK BELOW QUARTZ CREEK, NR SIMNASHO, OR","OR","ST",44.9587272,-121.3942286,"U","NAD83",2260,20,"NGVD29",17070306,"dv",60,3,113443,NA,"wat",NA,1645423,0,"10/1/1983","2/14/2026",15475,"OR",c(-121.3942286, 44.9587272),FALSE,"PASS"
17721,"USGS",14097100,"WARM SPRINGS RIVER NEAR KAHNEETA HOT SPRINGS, OR","OR","ST",44.8565087,-121.1497735,"S","NAD83",1394.96,10,"NGVD29",17070306,"dv",60,3,113444,NA,"wat",NA,1645423,0,"10/1/1972","2/14/2026",19495,"OR",c(-121.1497735, 44.8565087),FALSE,"PASS"
17728,"USGS",14101500,"WHITE RIVER BELOW TYGH VALLEY, OR","OR","ST",45.2414782,-121.095022,"U","NAD83",870.15,0.1,"NGVD29",17070306,"dv",60,3,113451,NA,"wat",NA,1645423,0,"10/1/1917","2/14/2026",28986,"OR",c(-121.095022, 45.2414782),FALSE,"PASS"
17730,"USGS",14103000,"DESCHUTES RIVER AT MOODY, NEAR BIGGS, OR","OR","ST",45.6220678,-120.9056203,"S","NAD83",167.54,10,"NGVD29",17070306,"dv",60,3,113458,NA,"wat",NA,1645423,0,"1897-10-01","2/14/2026",44496,"OR",c(-120.9056203, 45.6220678),FALSE,"PASS"
17731,"USGS",14105700,"COLUMBIA RIVER AT THE DALLES, OR","OR","ST",45.60827778,-121.1899167,"S","NAD83",0,20,"NGVD29",17070105,"dv",60,3,113459,NA,"wat",NA,1645423,0,"1878-06-01","2/14/2026",53946,"OR",c(-121.1899167, 45.60827778),FALSE,"PASS"
17733,"USGS",14113200,"MOSIER CREEK NEAR MOSIER, OR","OR","ST",45.649008,-121.3772951,"U","NAD83",425,20,"NGVD29",17070105,"dv",60,3,113474,NA,"wat",NA,1645423,0,"4/17/1963","2/14/2026",14298,"OR",c(-121.3772951, 45.649008),FALSE,"PASS"
17737,"USGS",14118500,"WEST FORK HOOD RIVER NEAR DEE,OREG.",NA,"ST",45.5984508,-121.6359082,"U","NAD83",802.1,0.1,"NGVD29",17070105,"dv",60,3,113481,NA,"wat",NA,1645423,0,"10/1/1932","9/30/1991",21549,"OR",c(-121.6359082, 45.5984508),FALSE,"CHECK"
17738,"USGS",14120000,"HOOD RIVER AT TUCKER BRIDGE, NEAR HOOD RIVER, OR","OR","ST",45.6545,-121.5488,"5","NAD83",383.2,10,"NGVD29",17070105,"dv",60,3,113482,NA,"wat",NA,1645423,0,"1897-10-20","2/14/2026",24205,"OR",c(-121.5488, 45.6545),FALSE,"PASS"
17739,"USGS",14121001,"HOOD RIVER + PPEL CONDUIT,NR HOOD RIVER OREG.",NA,"ST",45.69984099,-121.5122955,"U","NAD83",NA,NA,NA,17070105,"dv",60,3,113483,NA,"wat",NA,1645423,0,"4/1/1913","9/29/1964",18810,"OR",c(-121.5122955, 45.69984099),FALSE,"CHECK"
17747,"USGS",14134000,"SALMON RIVER NEAR GOVERNMENT CAMP, OREG.",NA,"ST",45.2665072,-121.7178547,"U","NAD83",3445.53,0.1,"NGVD29",17080001,"dv",60,3,113503,NA,"wat",NA,1645423,0,"6/1/1910","9/30/1991",24625,"OR",c(-121.7178547, 45.2665072),FALSE,"CHECK"
17752,"USGS",14137000,"SANDY RIVER NEAR MARMOT, OR","OR","ST",45.3995642,-122.1373068,"S","NAD83",0,0.1,"NGVD29",17080001,"dv",60,3,113518,NA,"wat",NA,1645423,0,"9/1/1911","2/14/2026",41255,"OR",c(-122.1373068, 45.3995642),FALSE,"PASS"
17755,"USGS",14138720,"BULL RUN RIVER AT LOWER FLUME NR BRIGHTWOOD, OR","OR","ST",45.4709515,-121.8653567,"S","NAD83",2840,10,"NGVD29",17080001,"dv",60,3,113528,NA,"wat",NA,1645423,0,"10/1/1992","2/14/2026",12168,"OR",c(-121.8653567, 45.4709515),FALSE,"PASS"
17756,"USGS",14138800,"BLAZED ALDER CREEK NEAR RHODODENDRON, OR","OR","ST",45.4526183,-121.8914684,"U","NAD83",2540,20,"NGVD29",17080001,"dv",60,3,113535,NA,"wat",NA,1645423,0,"10/1/1963","2/14/2026",22783,"OR",c(-121.8914684, 45.4526183),FALSE,"PASS"
17757,"USGS",14138850,"BULL RUN RIVER NEAR MULTNOMAH FALLS, OR","OR","ST",45.4981743,-122.0123049,"S","NAD83",1080,10,"NGVD29",17080001,"dv",60,3,113540,NA,"wat",NA,1645423,0,"7/22/1966","2/14/2026",21755,"OR",c(-122.0123049, 45.4981743),FALSE,"PASS"
17758,"USGS",14138870,"FIR CREEK NEAR BRIGHTWOOD, OR","OR","ST",45.48011889,-122.0256385,"S","NAD83",1480,10,"NAVD88",17080001,"dv",60,3,113551,NA,"wat",NA,1645423,0,"10/1/1975","2/14/2026",18400,"OR",c(-122.0256385, 45.48011889),FALSE,"PASS"
17759,"USGS",14138900,"NORTH FORK BULL RUN RIVER NEAR MULTNOMAH FALLS, OR","OR","ST",45.4942454,-122.035888,"S","NAD83",1065,1,"NAVD88",17080001,"dv",60,3,113562,NA,"wat",NA,1645423,0,"8/1/1965","2/14/2026",22113,"OR",c(-122.035888, 45.4942454),FALSE,"PASS"
17761,"USGS",14139700,"CEDAR CREEK NEAR BRIGHTWOOD, OREG.",NA,"ST",45.4581745,-122.0317495,"U","NAD83",1960,20,"NGVD29",17080001,"dv",60,3,113572,NA,"wat",NA,1645423,0,"8/1/1964","9/29/2003",14089,"OR",c(-122.0317495, 45.4581745),FALSE,"CHECK"
17762,"USGS",14139800,"SOUTH FORK BULL RUN RIVER NEAR BULL RUN, OR","OR","ST",45.444564,-122.1095292,"S","NAD83",990,10,"NGVD29",17080001,"dv",60,3,113576,NA,"wat",NA,1645423,0,"10/1/1974","2/14/2026",18765,"OR",c(-122.1095292, 45.444564),FALSE,"PASS"
17764,"USGS",14140000,"BULL RUN RIVER NEAR BULL RUN (RIVER ONLY), OR","OR","ST",45.4373,-122.1796556,"S","NAD83",567.9,10,"NGVD29",17080001,"dv",60,3,113585,NA,"wat",NA,1645423,0,"10/1/1907","2/14/2026",43237,"OR",c(-122.1796556, 45.4373),FALSE,"PASS"
17765,"USGS",14140001,"BULL RUN RIVER NEAR BULL RUN, OR","OR","ST",45.43734229,-122.1795309,"S","NAD83",567.9,20,"NGVD29",17080001,"dv",60,3,246272,NA,"wat",NA,1645423,0,"10/1/1959","2/1/2021",20456,"OR",c(-122.1795309, 45.43734229),FALSE,"PASS"
17767,"USGS",14141500,"LITTLE SANDY RIVER NEAR BULL RUN, OR","OR","ST",45.41539777,-122.1714746,"S","NAD83",720,20,"NGVD29",17080001,"dv",60,3,113594,NA,"wat",NA,1645423,0,"5/1/1911","2/14/2026",39510,"OR",c(-122.1714746, 45.41539777),FALSE,"PASS"
17768,"USGS",14142500,"SANDY RIVER BLW BULL RUN RIVER, NR BULL RUN, OR","OR","ST",45.4490094,-122.2450885,"S","NAD83",240,10,"NGVD29",17080001,"dv",60,3,113598,NA,"wat",NA,1645423,0,"10/1/1910","2/14/2026",29870,"OR",c(-122.2450885, 45.4490094),FALSE,"PASS"
17770,"USGS",14144800,"MIDDLE FORK WILLAMETTE RIVER NR OAKRIDGE, OR","OR","ST",43.60178867,-122.4575474,"S","NAD83",1560,0.1,"NGVD29",17090001,"dv",60,3,113613,NA,"wat",NA,1645423,0,"10/1/1958","9/30/1997",14245,"OR",c(-122.4575474, 43.60178867),FALSE,"PASS"
17773,"USGS",14145500,"MF WILLAMETTE RIVER ABV SALT CRK, NEAR OAKRIDGE,OR",NA,"ST",43.72095655,-122.4378256,"U","NAD83",1208.01,0.1,"NGVD29",17090001,"dv",60,3,113626,NA,"wat",NA,1645423,0,"10/1/1913","2/14/2026",33374,"OR",c(-122.4378256, 43.72095655),FALSE,"CHECK"
17775,"USGS",14146500,"SALMON CREEK NEAR OAKRIDGE,OREG.",NA,"ST",43.76234574,-122.3728227,"U","NAD83",1462.36,0.1,"NGVD29",17090001,"dv",60,3,113628,NA,"wat",NA,1645423,0,"2/1/1913","6/13/1994",24055,"OR",c(-122.3728227, 43.76234574),FALSE,"CHECK"
17777,"USGS",14147000,"WALDO LAKE OUTLET NEAR OAKRIDGE, OREG.",NA,"ST",43.76650979,-122.0539224,"U","NAD83",5410,20,"NGVD29",17090001,"dv",60,3,113630,NA,"wat",NA,1645423,0,"10/1/1936","9/30/1984",11323,"OR",c(-122.0539224, 43.76650979),FALSE,"CHECK"
17779,"USGS",14147500,"N FK OF M FK WILLAMETTE R NR OAKRIDGE, OR","OR","ST",43.7567902,-122.5053292,"S","NAD83",1029.6,0.1,"NGVD29",17090001,"dv",60,3,113631,NA,"wat",NA,1645423,0,"10/1/1909","9/30/1994",22980,"OR",c(-122.5053292, 43.7567902),FALSE,"PASS"
17780,"USGS",14148000,"MF WILLAMETTE RIVER BLW N FORK, NR OAKRIDGE, OR.","OR","ST",43.80123517,-122.5608879,"U","NAD83",934.76,0.1,"NGVD29",17090001,"dv",60,3,113639,NA,"wat",NA,1645423,0,"3/1/1911","2/14/2026",38062,"OR",c(-122.5608879, 43.80123517),FALSE,"PASS"
17781,"USGS",14150000,"MIDDLE FORK WILLAMETTE RIVER NEAR DEXTER, OR","OR","ST",43.9456815,-122.8372967,"U","NAD83",592.3,0.1,"NGVD29",17090001,"dv",60,3,113647,NA,"wat",NA,1645423,0,"10/1/1946","2/14/2026",28992,"OR",c(-122.8372967, 43.9456815),FALSE,"PASS"
17783,"USGS",14150300,"FALL CREEK NEAR LOWELL, OR","OR","ST",43.97068174,-122.638674,"S","NAD83",844.42,0.1,"NGVD29",17090001,"dv",60,3,113667,NA,"wat",NA,1645423,0,"9/1/1963","9/30/1999",13179,"OR",c(-122.638674, 43.97068174),FALSE,"PASS"
17785,"USGS",14150800,"WINBERRY CREEK NEAR LOWELL,OR",NA,"ST",43.9142924,-122.6886762,"S","NAD83",863.7,10,"NGVD29",17090001,"dv",60,3,113672,NA,"wat",NA,1645423,0,"9/1/1963","2/14/2026",15872,"OR",c(-122.6886762, 43.9142924),FALSE,"CHECK"
17786,"USGS",14151000,"FALL CREEK BLW WINBERRY CREEK, NEAR FALL CREEK, OR","OR","ST",43.94429299,-122.774794,"S","NAD83",637.81,5,"NGVD29",17090001,"dv",60,3,113680,NA,"wat",NA,1645423,0,"10/1/1935","2/14/2026",33010,"OR",c(-122.774794, 43.94429299),FALSE,"PASS"
17788,"USGS",14152000,"MIDDLE FORK WILLAMETTE RIVER AT JASPER, OR","OR","ST",43.99818166,-122.9059126,"U","NAD83",513.45,0.1,"NGVD29",17090001,"dv",60,3,113691,NA,"wat",NA,1645423,0,"9/1/1905","2/14/2026",30291,"OR",c(-122.9059126, 43.99818166),FALSE,"PASS"
17789,"USGS",14152500,"COAST FORK WILLAMETTE AT LONDON, OR","OR","ST",43.64151015,-123.0859089,"U","NAD83",852.58,0.1,"NGVD29",17090002,"dv",60,3,113701,NA,"wat",NA,1645423,0,"10/1/1935","2/14/2026",22418,"OR",c(-123.0859089, 43.64151015),FALSE,"PASS"
17790,"USGS",14153500,"COAST FORK WILLAMETTE R BLW COTTAGE GROVE DAM, OR","OR","ST",43.72067785,-123.0497994,"S","NAD83",711,10,"NGVD29",17090002,"dv",60,3,113703,NA,"wat",NA,1645423,0,"1/1/1939","2/14/2026",31820,"OR",c(-123.0497994, 43.72067785),FALSE,"PASS"
17791,"USGS",14154500,"ROW RIVER ABOVE PITCHER CREEK, NEAR DORENA, OR","OR","ST",43.73527778,-122.8744444,"S","NAD83",856.16,0.1,"NGVD29",17090002,"dv",60,3,113707,NA,"wat",NA,1645423,0,"10/1/1935","2/14/2026",33010,"OR",c(-122.8744444, 43.73527778),FALSE,"PASS"
17792,"USGS",14155500,"ROW RIVER NEAR COTTAGE GROVE, OR","OR","ST",43.7929012,-122.9914655,"U","NAD83",685.24,10,"NGVD29",17090002,"dv",60,3,113712,NA,"wat",NA,1645423,0,"1/1/1939","2/14/2026",31822,"OR",c(-122.9914655, 43.7929012),FALSE,"PASS"
17794,"USGS",14156500,"MOSBY CR AT MOUTH, NR COTTAGE GROVE,OREG.",NA,"ST",43.77623438,-122.9997988,"U","NAD83",676.62,0.1,"NGVD29",17090002,"dv",60,3,113717,NA,"wat",NA,1645423,0,"9/1/1946","10/13/1981",12461,"OR",c(-122.9997988, 43.77623438),FALSE,"CHECK"
17796,"USGS",14157500,"COAST FORK WILLAMETTE RIVER NEAR GOSHEN, OR","OR","ST",43.98040324,-122.96647,"U","NAD83",473.8,0.1,"NGVD29",17090002,"dv",60,3,113722,NA,"wat",NA,1645423,0,"10/1/1905","2/14/2026",29849,"OR",c(-122.96647, 43.98040324),FALSE,"PASS"
17797,"USGS",14158000,"WILLAMETTE RIVER AT SPRINGFIELD, OREG.",NA,"ST",44.0456806,-123.0289736,"U","NAD83",423.77,0.1,"NGVD29",17090003,"dv",60,3,113723,NA,"wat",NA,1645423,0,"10/1/1911","9/29/1957",14609,"OR",c(-123.0289736, 44.0456806),FALSE,"CHECK"
17798,"USGS",14158500,"MCKENZIE RIVER AT OUTLET OF CLEAR LAKE, OR","OR","ST",44.3609545,-121.9956172,"U","NAD83",3015.32,0.1,"NGVD29",17090004,"dv",60,3,113733,NA,"wat",NA,1645423,0,"10/1/1912","2/14/2026",29721,"OR",c(-121.9956172, 44.3609545),FALSE,"PASS"
17801,"USGS",14158790,"SMITH RIVER ABV SMITH R RESV,NR BELKNAP SPRNGS,OR",NA,"ST",44.3345666,-122.0470074,"S","NAD83",2610,20,"NGVD29",17090004,"dv",60,3,113735,NA,"wat",NA,1645423,0,"10/1/1960","2/14/2026",23875,"OR",c(-122.0470074, 44.3345666),FALSE,"CHECK"
17804,"USGS",14158850,"MCKENZIE R BLW TRAIL BR DAM NR BELKNAP SPRINGS, OR","OR","ST",44.2679001,-122.0497826,"S","NAD83",1980,20,"NGVD29",17090004,"dv",60,3,113740,NA,"wat",NA,1645423,0,"10/1/1959","2/14/2026",24239,"OR",c(-122.0497826, 44.2679001),FALSE,"PASS"
17806,"USGS",14159000,"MCKENZIE R AT MCKENZIE BRIDGE, OREG.",NA,"ST",44.17901207,-122.130335,"U","NAD83",1419.04,0.1,"NGVD29",17090004,"dv",60,3,113745,NA,"wat",NA,1645423,0,"8/1/1910","9/29/1994",30741,"OR",c(-122.130335, 44.17901207),FALSE,"CHECK"
17810,"USGS",14159200,"SO FK MCKENZIE RIVER ABV COUGAR LAKE NR RAINBOW OR","OR","ST",44.047067,-122.2178245,"S","NAD83",1709.51,10,"NGVD29",17090004,"dv",60,3,113760,NA,"wat",NA,1645423,0,"10/1/1957","2/14/2026",20215,"OR",c(-122.2178245, 44.047067),FALSE,"PASS"
17811,"USGS",14159500,"SOUTH FORK MCKENZIE RIVER NEAR RAINBOW, OR","OR","ST",44.13595817,-122.248391,"S","NAD83",1236.42,10,"NGVD29",17090004,"dv",60,3,189625,NA,"wat",NA,1645423,0,"10/1/1947","2/14/2026",28627,"OR",c(-122.248391, 44.13595817),FALSE,"PASS"
17813,"USGS",14161100,"BLUE RIVER BELOW TIDBITS CREEK, NR BLUE RIVER, OR","OR","ST",44.2179043,-122.2650676,"S","NAD83",1386.9,10,"NGVD29",17090004,"dv",60,3,113789,NA,"wat",NA,1645423,0,"9/1/1963","9/29/2003",14639,"OR",c(-122.2650676, 44.2179043),FALSE,"PASS"
17814,"USGS",14161500,"LOOKOUT CREEK NEAR BLUE RIVER, OR","OR","ST",44.2095708,-122.256733,"S","NAD83",1377.76,10,"NGVD29",17090004,"dv",60,3,113793,NA,"wat",NA,1645423,0,"10/1/1949","2/14/2026",25003,"OR",c(-122.256733, 44.2095708),FALSE,"PASS"
17817,"USGS",14162200,"BLUE RIVER AT BLUE RIVER, OR","OR","ST",44.16234819,-122.3331192,"S","NAD83",1056.53,10,"NGVD29",17090004,"dv",60,3,113799,NA,"wat",NA,1645423,0,"10/1/1966","2/14/2026",21687,"OR",c(-122.3331192, 44.16234819),FALSE,"PASS"
17820,"USGS",14162500,"MCKENZIE RIVER NEAR VIDA, OR","OR","ST",44.1248487,-122.47062,"S","NAD83",855.71,10,"NGVD29",17090004,"dv",60,3,172063,NA,"wat",NA,1645423,0,"7/1/1910","2/14/2026",37331,"OR",c(-122.47062, 44.1248487),FALSE,"PASS"
17821,"USGS",14163000,"GATE CREEK AT VIDA, OR","OR","ST",44.1460861,-122.5730333,"S","NAD83",764.56,0.1,"NGVD29",17090004,"dv",60,3,113822,NA,"wat",NA,1645423,0,"10/1/1951","2/14/2026",12864,"OR",c(-122.5730333, 44.1460861),FALSE,"PASS"
17822,"USGS",14163150,"MCKENZIE RIVER BLW LEABURG DAM, NR LEABURG, OR","OR","ST",44.123738,-122.6275715,"U","NAD83",710,20,"NGVD29",17090004,"dv",60,3,113823,NA,"wat",NA,1645423,0,"10/1/1989","2/14/2026",13279,"OR",c(-122.6275715, 44.123738),FALSE,"PASS"
17824,"USGS",14163900,"MCKENZIE RIVER NEAR WALTERVILLE, OR","OR","ST",44.0698492,-122.7711874,"U","NAD83",589.74,0.01,"NGVD29",17090004,"dv",60,3,113828,NA,"wat",NA,1645423,0,"10/1/1989","2/14/2026",13286,"OR",c(-122.7711874, 44.0698492),FALSE,"PASS"
17829,"USGS",14165000,"MOHAWK RIVER NEAR SPRINGFIELD, OR","OR","ST",44.09290317,-122.9573052,"S","NAD83",442.47,10,"NGVD29",17090004,"dv",60,3,113837,NA,"wat",NA,1645423,0,"9/1/1935","2/14/2026",28656,"OR",c(-122.9573052, 44.09290317),FALSE,"PASS"
17830,"USGS",14165500,"MCKENZIE RIVER NEAR COBURG, OR","OR","ST",44.11305556,-123.0469722,"S","NAD83",386.08,0.1,"NAVD88",17090004,"dv",60,3,113838,NA,"wat",NA,1645423,0,"10/1/1944","2/14/2026",15477,"OR",c(-123.0469722, 44.11305556),FALSE,"PASS"
17831,"USGS",14166000,"WILLAMETTE RIVER AT HARRISBURG, OR","OR","ST",44.27040126,-123.1737036,"S","NAD83",288.39,10,"NGVD29",17090003,"dv",60,3,113842,NA,"wat",NA,1645423,0,"10/1/1944","2/14/2026",29722,"OR",c(-123.1737036, 44.27040126),FALSE,"PASS"
17832,"USGS",14166500,"LONG TOM RIVER NEAR NOTI, OR","OR","ST",44.04984478,-123.4262097,"S","NAD83",389.05,10,"NGVD29",17090003,"dv",60,3,113843,NA,"wat",NA,1645423,0,"10/1/1935","2/14/2026",33006,"OR",c(-123.4262097, 44.04984478),FALSE,"PASS"
17833,"USGS",14167000,"COYOTE CREEK NEAR CROW, OREG.",NA,"ST",44.0217904,-123.255926,"U","NAD83",374,20,"NGVD29",17090003,"dv",60,3,113844,NA,"wat",NA,1645423,0,"7/1/1940","9/29/1987",17257,"OR",c(-123.255926, 44.0217904),FALSE,"CHECK"
17835,"USGS",14169000,"LONG TOM RIVER NEAR ALVADORE, OR","OR","ST",44.1226111,-123.3003056,"S","NAD83",335.56,0.09,"NAVD88",17090003,"dv",60,3,113854,NA,"wat",NA,1645423,0,"10/1/1939","2/14/2026",31549,"OR",c(-123.3003056, 44.1226111),FALSE,"PASS"
17836,"USGS",14169001,"LONG TOM RIVER + DIV TO COYOTE CR NR ALVADORE,OR",NA,"ST",44.12345657,-123.2998173,"U","NAD83",NA,NA,NA,17090003,"dv",60,3,113858,NA,"wat",NA,1645423,0,"10/1/1954","9/29/1985",11322,"OR",c(-123.2998173, 44.12345657),FALSE,"CHECK"
17839,"USGS",14170000,"LONG TOM RIVER AT MONROE, OR","OR","ST",44.3128333,-123.296361,"S","NAD83",273.66,0.14,"NAVD88",17090003,"dv",60,3,113863,NA,"wat",NA,1645423,0,"11/13/1920","2/14/2026",38047,"OR",c(-123.296361, 44.3128333),FALSE,"PASS"
17841,"USGS",14171000,"MARYS RIVER NEAR PHILOMATH, OR","OR","ST",44.525,-123.334,"5","NAD83",224.01,10,"NGVD29",17090003,"dv",60,3,113868,NA,"wat",NA,1645423,0,"10/1/1940","2/14/2026",25703,"OR",c(-123.334, 44.525),FALSE,"PASS"
17844,"USGS",14172000,"CALAPOOIA R AT HOLLEY OREG",NA,"ST",44.3512362,-122.7873068,"U","NAD83",527.58,0.1,"NGVD29",17090003,"dv",60,3,113871,NA,"wat",NA,1645423,0,"10/1/1935","9/30/1990",20089,"OR",c(-122.7873068, 44.3512362),FALSE,"CHECK"
17845,"USGS",14173500,"CALAPOOIA RIVER AT ALBANY, OR","OR","ST",44.62002778,-123.1284722,"S","NAD83",180.85,0.1,"NGVD29",17090003,"dv",60,3,331752,NA,"wat",NA,1645423,0,"10/1/1940","2/14/2026",15834,"OR",c(-123.1284722, 44.62002778),FALSE,"PASS"
17846,"USGS",14174000,"WILLAMETTE RIVER AT ALBANY, OR","OR","ST",44.6387328,-123.1067616,"S","NAD83",167.18,0.1,"NGVD29",17090003,"dv",60,3,113873,NA,"wat",NA,1645423,0,"1892-11-01","2/14/2026",48591,"OR",c(-123.1067616, 44.6387328),FALSE,"PASS"
17848,"USGS",14178000,"NO SANTIAM R BLW BOULDER CRK, NR DETROIT, OR","OR","ST",44.7067885,-122.1011859,"U","NAD83",1590.07,0.1,"NGVD29",17090005,"dv",60,3,113880,NA,"wat",NA,1645423,0,"1/1/1907","2/14/2026",36596,"OR",c(-122.1011859, 44.7067885),FALSE,"PASS"
17851,"USGS",14179000,"BREITENBUSH R ABV FRENCH CR NR DETROIT, OR.","OR","ST",44.75262179,-122.1289648,"T","NAD83",1573.95,0.1,"NGVD29",17090005,"dv",60,3,113894,NA,"wat",NA,1645423,0,"6/1/1932","2/14/2026",30209,"OR",c(-122.1289648, 44.75262179),FALSE,"PASS"
17854,"USGS",14181500,"NORTH SANTIAM RIVER AT NIAGARA, OR","OR","ST",44.75377778,-122.2974444,"S","NAD83",1093.78,0.1,"NGVD29",17090005,"dv",60,3,113937,NA,"wat",NA,1645423,0,"12/1/1908","2/14/2026",35687,"OR",c(-122.2974444, 44.75377778),FALSE,"PASS"
17857,"USGS",14182500,"LITTLE NORTH SANTIAM RIVER NEAR MEHAMA, OR","OR","ST",44.7915108,-122.5789738,"S","NAD83",655.41,10,"NGVD29",17090005,"dv",60,3,113985,NA,"wat",NA,1645423,0,"10/1/1931","2/14/2026",34471,"OR",c(-122.5789738, 44.7915108),FALSE,"PASS"
17858,"USGS",14183000,"NORTH SANTIAM RIVER AT MEHAMA, OR","OR","ST",44.78925,-122.6188056,"S","NAD83",605.78,0.14,"NAVD88",17090005,"dv",60,3,114004,NA,"wat",NA,1645423,0,"7/1/1905","2/14/2026",40249,"OR",c(-122.6188056, 44.78925),FALSE,"PASS"
17861,"USGS",14185000,"SOUTH SANTIAM RIVER BELOW CASCADIA, OR","OR","ST",44.39179225,-122.4975817,"S","NAD83",775,20,"NGVD29",17090006,"dv",60,3,114038,NA,"wat",NA,1645423,0,"9/1/1935","2/14/2026",33040,"OR",c(-122.4975817, 44.39179225),FALSE,"PASS"
17867,"USGS",14185900,"QUARTZVILLE CREEK NEAR CASCADIA, OR","OR","ST",44.54012357,-122.4359155,"U","NAD83",1050,20,"NGVD29",17090006,"dv",60,3,114049,NA,"wat",NA,1645423,0,"8/1/1963","2/14/2026",22542,"OR",c(-122.4359155, 44.54012357),FALSE,"PASS"
17871,"USGS",14187000,"WILEY CREEK NEAR FOSTER, OR","OR","ST",44.37234769,-122.6231384,"S","NAD83",720,10,"NGVD29",17090006,"dv",60,3,114062,NA,"wat",NA,1645423,0,"10/1/1947","2/14/2026",23081,"OR",c(-122.6231384, 44.37234769),FALSE,"PASS"
17873,"USGS",14187200,"SOUTH SANTIAM RIVER NEAR FOSTER, OR","OR","ST",44.4123468,-122.6886956,"F","NAD83",530,40,"NGVD29",17090006,"dv",60,3,114067,NA,"wat",NA,1645423,0,"8/1/1973","2/14/2026",19191,"OR",c(-122.6886956, 44.4123468),FALSE,"PASS"
17874,"USGS",14187500,"SOUTH SANTIAM RIVER AT WATERLOO, OR","OR","ST",44.4984564,-122.8234214,"U","NAD83",370.39,20,"NGVD29",17090006,"dv",60,3,114080,NA,"wat",NA,1645423,0,"7/1/1905","2/14/2026",37916,"OR",c(-122.8234214, 44.4984564),FALSE,"PASS"
17875,"USGS",14187600,"LEBANON SANTIAM CANAL NEAR LEBANON, OR","OR","ST-CA",44.51484526,-122.8648109,"U","NAD83",370,20,"NGVD29",17090006,"dv",60,3,114081,NA,"wat",NA,1645423,0,"5/1/1992","2/14/2026",12335,"OR",c(-122.8648109, 44.51484526),FALSE,"PASS"
17877,"USGS",14188610,"SCHAFER CREEK NEAR LACOMB, OR","OR","ST",44.61956728,-122.4659162,"S","NAD83",2900,20,"NGVD29",17090006,"dv",60,3,114088,NA,"wat",NA,1645423,0,"7/15/1993","2/14/2026",11825,"OR",c(-122.4659162, 44.61956728),FALSE,"PASS"
17880,"USGS",14188800,"THOMAS CREEK NEAR SCIO, OR","OR","ST",44.71206687,-122.7700878,"S","NAD83",370,10,"NGVD29",17090006,"dv",60,3,114090,NA,"wat",NA,1645423,0,"10/1/1962","2/14/2026",17661,"OR",c(-122.7700878, 44.71206687),FALSE,"PASS"
17881,"USGS",14189000,"SANTIAM RIVER AT JEFFERSON, OR","OR","ST",44.7147222,-123.01425,"U","NAD83",199.63,0.1,"NGVD29",17090005,"dv",60,3,114095,NA,"wat",NA,1645423,0,"10/1/1907","2/14/2026",34471,"OR",c(-123.01425, 44.7147222),FALSE,"PASS"
17882,"USGS",14189500,"LUCKIAMUTE RIVER NEAR HOSKINS, OREG.",NA,"ST",44.71622956,-123.5039938,"M","NAD83",378.7,10,"NGVD29",17090003,"dv",60,3,114099,NA,"wat",NA,1645423,0,"5/1/1934","9/29/1978",16223,"OR",c(-123.5039938, 44.71622956),FALSE,"CHECK"
17883,"USGS",14190000,"LUCKIAMUTE R AT PEDEE OREG",NA,"ST",44.7428965,-123.4248253,"U","NAD83",245.47,0.1,"NGVD29",17090003,"dv",60,3,114100,NA,"wat",NA,1645423,0,"10/1/1940","9/29/1970",10956,"OR",c(-123.4248253, 44.7428965),FALSE,"CHECK"
17885,"USGS",14190500,"LUCKIAMUTE RIVER NEAR SUVER, OR","OR","ST",44.78317527,-123.2345435,"S","NAD83",171.92,0.1,"NGVD29",17090003,"dv",60,3,114102,NA,"wat",NA,1645423,0,"8/1/1905","2/14/2026",33558,"OR",c(-123.2345435, 44.78317527),FALSE,"PASS"
17888,"USGS",14191000,"WILLAMETTE RIVER AT SALEM, OR","OR","ST",44.9442863,-123.0428742,"U","NAD83",106.14,0.1,"NGVD29",17090007,"dv",60,3,114107,NA,"wat",NA,1645423,0,"10/1/1909","2/14/2026",40222,"OR",c(-123.0428742, 44.9442863),FALSE,"PASS"
17890,"USGS",14192000,"MILL CREEK AT SALEM, OREG.",NA,"ST",44.93456435,-123.0178735,"U","NAD83",166.12,0.1,"NGVD29",17090007,"dv",60,3,114109,NA,"wat",NA,1645423,0,"10/1/1940","9/29/1978",13878,"OR",c(-123.0178735, 44.93456435),FALSE,"CHECK"
17891,"USGS",14192500,"SOUTH YAMHILL RIVER NEAR WILLAMINA, OREG.",NA,"ST",45.0470588,-123.5039974,"U","NAD83",235.55,0.1,"NGVD29",17090008,"dv",60,3,114114,NA,"wat",NA,1645423,0,"5/1/1934","9/29/1993",21702,"OR",c(-123.5039974, 45.0470588),FALSE,"CHECK"
17892,"USGS",14193000,"WILLAMINA CREEK NEAR WILLAMINA, OR","OR","ST",45.1428905,-123.4942756,"U","NAD83",315,20,"NGVD29",17090008,"dv",60,3,114115,NA,"wat",NA,1645423,0,"6/1/1934","9/29/1991",20940,"OR",c(-123.4942756, 45.1428905),FALSE,"PASS"
17894,"USGS",14194000,"SOUTH YAMHILL RIVER NEAR WHITESON,OREG.",NA,"ST",45.16872755,-123.20816,"U","NAD83",82.3,0.1,"NGVD29",17090008,"dv",60,3,114117,NA,"wat",NA,1645423,0,"7/1/1940","9/29/1991",18718,"OR",c(-123.20816, 45.16872755),FALSE,"CHECK"
17895,"USGS",14194150,"SOUTH YAMHILL RIVER AT MCMINNVILLE, OR","OR","ST",45.2069444,-123.1816667,"S","NAD83",61.7,0.09,"NAVD88",17090008,"dv",60,3,114118,NA,"wat",NA,1645423,0,"10/1/1994","2/14/2026",11450,"OR",c(-123.1816667, 45.2069444),FALSE,"PASS"
17896,"USGS",14194300,"NORTH YAMHILL RIVER NEAR FAIRDALE, OR","OR","ST",45.3651117,-123.3789995,"S","NAD83",560,20,"NGVD29",17090008,"dv",60,3,114119,NA,"wat",NA,1645423,0,"10/1/1958","9/29/1991",11504,"OR",c(-123.3789995, 45.3651117),FALSE,"PASS"
17898,"USGS",14195600,"HASKINS CR DIV TO MCMINNVILLE, OR","OR","ST",45.310946,-123.3539982,"S","NAD83",NA,NA,NA,17090008,"dv",60,3,114121,NA,"wat",NA,1645423,0,"10/1/1966","12/7/2008",15409,"OR",c(-123.3539982, 45.310946),FALSE,"PASS"
17899,"USGS",14196000,"HASKINS CREEK BLW RESERVOIR, NR MCMINNVILLE, OR","OR","ST",45.3109461,-123.3498315,"S","NAD83",707,20,"NGVD29",17090008,"dv",60,3,114122,NA,"wat",NA,1645423,0,"10/1/1967","12/8/2008",15045,"OR",c(-123.3498315, 45.3109461),FALSE,"PASS"
17900,"USGS",14196001,"HASKINS CK BLW RESERVOIR + DIV TO MCMINNVILLE, OR","OR","ST",45.3109461,-123.3498315,"U","NAD83",707,20,"NGVD29",17090008,"dv",60,3,326264,NA,"wat",NA,1645423,0,"10/1/1951","12/8/2008",20889,"OR",c(-123.3498315, 45.3109461),FALSE,"PASS"
17906,"USGS",14198400,"BULL CREEK NEAR WILHOIT, OR","OR","ST",44.9609,-122.385,"S","NAD83",1660,20,"NGVD29",17090009,"dv",60,3,114132,NA,"wat",NA,1645423,0,"3/31/1993","2/14/2026",12006,"OR",c(-122.385, 44.9609),FALSE,"PASS"
17907,"USGS",14198500,"MOLALLA R AB PC NR WILHOIT, OR","OR","ST",45.0097222,-122.4809167,"S","NAD83",791.35,0.1,"NGVD29",17090009,"dv",60,3,114133,NA,"wat",NA,1645423,0,"10/1/1935","2/14/2026",22042,"OR",c(-122.4809167, 45.0097222),FALSE,"PASS"
17910,"USGS",14200000,"MOLALLA RIVER NEAR CANBY, OR","OR","ST",45.24391667,-122.6874444,"S","NAD83",97.49,0.08,"NAVD88",17090009,"dv",60,3,114138,NA,"wat",NA,1645423,0,"8/1/1928","2/14/2026",26113,"OR",c(-122.6874444, 45.24391667),FALSE,"PASS"
17916,"USGS",14201300,"ZOLLNER CREEK NEAR MT ANGEL, OR","OR","ST",45.10035029,-122.8217359,"U","NAD83",120,20,"NGVD29",1.71e+11,"dv",60,3,114148,NA,"wat",NA,1645423,0,"7/1/1993","10/22/2023",11071,"OR",c(-122.8217359, 45.10035029),FALSE,"PASS"
17918,"USGS",14201500,"BUTTE CREEK AT MONITOR, OR","OR","ST",45.1015099,-122.7462019,"S","NAD83",155,20,"NGVD29",17090009,"dv",60,3,114153,NA,"wat",NA,1645423,0,"1/1/1936","2/14/2026",16090,"OR",c(-122.7462019, 45.1015099),FALSE,"PASS"
17919,"USGS",14202000,"PUDDING RIVER AT AURORA, OR","OR","ST",45.23327778,-122.7509167,"S","NAD83",75.6,0.15,"NAVD88",17090009,"dv",60,3,114154,NA,"wat",NA,1645423,0,"10/1/1928","2/14/2026",23248,"OR",c(-122.7509167, 45.23327778),FALSE,"PASS"
17924,"USGS",14202980,"SCOGGINS CK BLW HENRY HAGG LAKE, NR GASTON, OR","OR","ST",45.46927968,-123.200109,"S","NAD83",187.48,0.1,"NGVD29",17090010,"dv",60,3,114187,NA,"wat",NA,1645423,0,"1/1/1975","10/1/2006",11597,"OR",c(-123.200109, 45.46927968),FALSE,"PASS"
17925,"USGS",14203000,"SCOGGIN CREEK NEAR GASTON, OREG.",NA,"ST",45.458725,-123.1556634,"U","NAD83",168.92,0.1,"NGVD29",17090010,"dv",60,3,114204,NA,"wat",NA,1645423,0,"10/1/1940","9/29/1974",12417,"OR",c(-123.1556634, 45.458725),FALSE,"CHECK"
17926,"USGS",14203500,"TUALATIN RIVER NEAR DILLEY, OR","OR","ST",45.4748365,-123.124274,"U","NAD83",147.57,0.1,"NGVD29",17090010,"dv",60,3,173549,NA,"wat",NA,1645423,0,"10/1/1939","2/14/2026",31549,"OR",c(-123.124274, 45.4748365),FALSE,"PASS"
17939,"USGS",14206900,"FANNO CREEK AT 56TH AVE, AT PORTLAND, OR","OR","ST",45.4881944,-122.73475,"S","NAD83",242.75,0.15,"NAVD88",17090010,"dv",60,3,114232,NA,"wat",NA,1645423,0,"10/1/1990","2/14/2026",12913,"OR",c(-122.73475, 45.4881944),FALSE,"PASS"
17941,"USGS",14207000,"OSWEGO CANAL NEAR LAKE OSWEGO, OREG.",NA,"ST-CA",45.38873028,-122.7206507,"U","NAD83",96.5,0.1,"NGVD29",17090010,"dv",60,3,114249,NA,"wat",NA,1645423,0,"10/1/1928","9/29/1991",23009,"OR",c(-122.7206507, 45.38873028),FALSE,"CHECK"
17942,"USGS",14207500,"TUALATIN RIVER AT WEST LINN, OR","OR","ST",45.35067559,-122.6762044,"U","NAD83",85.61,0.1,"NGVD29",17090010,"dv",60,3,114281,NA,"wat",NA,1645423,0,"8/1/1928","2/14/2026",35627,"OR",c(-122.6762044, 45.35067559),FALSE,"PASS"
17944,"USGS",14208000,"CLACKAMAS RIVER AT BIG BOTTOM, OR","OR","ST",45.0170833,-121.9235278,"S","NAD83",2050,10,"NAVD88",17090011,"dv",60,3,341710,NA,"wat",NA,1645423,0,"4/1/1920","2/2/2026",18966,"OR",c(-121.9235278, 45.0170833),FALSE,"PASS"
17947,"USGS",14208700,"OAK GROVE FORK NEAR GOVERNMENT CAMP, OR","OR","ST",45.11373009,-121.8150775,"U","NAD83",3041.83,0.1,"NGVD29",17090011,"dv",60,3,114291,NA,"wat",NA,1645423,0,"10/1/1956","2/14/2026",25339,"OR",c(-121.8150775, 45.11373009),FALSE,"PASS"
17948,"USGS",14209000,"OAK GROVE FORK ABOVE POWERPLANT INTAKE, OR.","OR","ST",45.0712319,-121.9406345,"S","NAD83",2100,20,"NGVD29",17090011,"dv",60,3,114292,NA,"wat",NA,1645423,0,"5/1/1909","2/14/2026",41670,"OR",c(-121.9406345, 45.0712319),FALSE,"PASS"
17950,"USGS",14209500,"CLACKAMAS RIVER ABOVE THREE LYNX CREEK, OR","OR","ST",45.1248432,-122.0734137,"U","NAD83",1091.69,0.1,"NGVD29",17090011,"dv",60,3,114294,NA,"wat",NA,1645423,0,"4/1/1909","2/14/2026",39766,"OR",c(-122.0734137, 45.1248432),FALSE,"PASS"
17953,"USGS",14210000,"CLACKAMAS RIVER AT ESTACADA, OR","OR","ST",45.29984346,-122.3539746,"U","NAD83",286.93,0.1,"NGVD29",17090011,"dv",60,3,114314,NA,"wat",NA,1645423,0,"4/1/1908","2/14/2026",43054,"OR",c(-122.3539746, 45.29984346),FALSE,"PASS"
17960,"USGS",14211500,"JOHNSON CREEK AT SYCAMORE, OR","OR","ST",45.47745556,-122.5080194,"S","NAD83",228.47,0.1,"NGVD29",17090012,"dv",60,3,114363,NA,"wat",NA,1645423,0,"10/1/1940","2/14/2026",31180,"OR",c(-122.5080194, 45.47745556),FALSE,"PASS"
17962,"USGS",14211550,"JOHNSON CREEK AT MILWAUKIE, OR","OR","ST",45.452897,-122.6431496,"S","NAD83",0,0.1,"NGVD29",17090012,"dv",60,3,114373,NA,"wat",NA,1645423,0,"4/22/1989","2/14/2026",13447,"OR",c(-122.6431496, 45.452897),FALSE,"PASS"
17963,"USGS",14211720,"WILLAMETTE RIVER AT PORTLAND, OR","OR","ST-TS",45.5175,-122.6691667,"S","NAD83",1.55,1,"NGVD29",17090012,"dv",60,3,172765,NA,"wat",NA,1645423,0,"10/1/1972","2/14/2026",19486,"OR",c(-122.6691667, 45.5175),FALSE,"PASS"
17964,"USGS",14211814,"FAIRVIEW CREEK AT GLISAN ST NEAR GRESHAM, OR","OR","ST",45.52761968,-122.4487024,"S","NAD83",203.87,0.12,"NAVD88",17090012,"dv",60,3,114412,NA,"wat",NA,1645423,0,"5/1/1992","2/14/2026",12188,"OR",c(-122.4487024, 45.52761968),FALSE,"PASS"
17966,"USGS",14211820,"COLUMBIA SLOUGH AT PORTLAND, OR","OR","ST-TS",45.63900515,-122.763155,"S","NAD83",1.53,0.1,"NGVD29",17090012,"dv",60,3,114414,NA,"wat",NA,1645423,0,"10/14/1988","2/14/2026",12689,"OR",c(-122.763155, 45.63900515),FALSE,"PASS"
17968,"USGS",14246900,"COLUMBIA RIVER AT PORT WESTWARD, NEAR QUINCY, OR","OR","ST-TS",46.18122136,-123.1834539,"S","NAD83",-1,20,"NGVD29",17080003,"dv",60,3,114430,NA,"wat",NA,1645423,0,"5/1/1968","2/14/2026",13431,"OR",c(-123.1834539, 46.18122136),FALSE,"PASS"
17971,"USGS",14251500,"YOUNGS RIVER NEAR ASTORIA, OREG.",NA,"ST",46.066498,-123.7901371,"U","NAD83",63.27,0.1,"NGVD29",17080006,"dv",60,3,114439,NA,"wat",NA,1645423,0,"10/1/1927","9/29/1958",11322,"OR",c(-123.7901371, 46.066498),FALSE,"CHECK"
17975,"USGS",14301000,"NEHALEM RIVER NEAR FOSS, OR","OR","ST",45.7039986,-123.755405,"U","NAD83",32.6,0.1,"NGVD29",17100202,"dv",60,3,114446,NA,"wat",NA,1645423,0,"10/1/1939","2/14/2026",31421,"OR",c(-123.755405, 45.7039986),FALSE,"PASS"
17977,"USGS",14301500,"WILSON RIVER NEAR TILLAMOOK, OR","OR","ST",45.47593996,-123.7251209,"U","NAD83",42.12,0.1,"NGVD29",17100203,"dv",60,3,114448,NA,"wat",NA,1645423,0,"12/1/1914","2/14/2026",34894,"OR",c(-123.7251209, 45.47593996),FALSE,"PASS"
17979,"USGS",14302500,"TRASK RIVER NEAR TILLAMOOK,OREG.",NA,"ST",45.4401069,-123.7178974,"U","NAD83",58,20,"NGVD29",17100203,"dv",60,3,114478,NA,"wat",NA,1645423,0,"7/1/1931","6/30/1972",12783,"OR",c(-123.7178974, 45.4401069),FALSE,"CHECK"
17980,"USGS",14302900,"NESTUCCA RIVER NEAR FAIRDALE, OR","OR","ST",45.31063889,-123.4135278,"S","NAD83",1798,5,"NAVD88",17100203,"dv",60,3,114479,NA,"wat",NA,1645423,0,"10/1/1960","2/14/2026",19929,"OR",c(-123.4135278, 45.31063889),FALSE,"PASS"
17982,"USGS",14303200,"TUCCA CREEK NEAR BLAINE, OR.","OR","ST",45.32427635,-123.5465012,"U","NAD83",1400,20,"NGVD29",17100203,"dv",60,3,114481,NA,"wat",NA,1645423,0,"7/1/1983","2/14/2026",15432,"OR",c(-123.5465012, 45.32427635),FALSE,"PASS"
17983,"USGS",14303600,"NESTUCCA RIVER NEAR BEAVER, OR","OR","ST",45.26649446,-123.847061,"S","NAD83",43,20,"NGVD29",17100203,"dv",60,3,114485,NA,"wat",NA,1645423,0,"10/1/1964","2/14/2026",15731,"OR",c(-123.847061, 45.26649446),FALSE,"PASS"
17986,"USGS",14305500,"SILETZ RIVER AT SILETZ, OR","OR","ST",44.7151172,-123.8873348,"U","NAD83",102.32,0.1,"NGVD29",17100204,"dv",60,3,114491,NA,"wat",NA,1645423,0,"10/1/1905","2/14/2026",39491,"OR",c(-123.8873348, 44.7151172),FALSE,"PASS"
17992,"USGS",14306100,"NORTH FORK ALSEA RIVER AT ALSEA, OR","OR","ST",44.3790098,-123.5956608,"U","NAD83",272.31,0.1,"NGVD29",17100205,"dv",60,3,114514,NA,"wat",NA,1645423,0,"10/1/1957","9/29/1989",11687,"OR",c(-123.5956608, 44.3790098),FALSE,"PASS"
17995,"USGS",14306340,"EAST FORK LOBSTER CREEK NEAR ALSEA, OR.","OR","ST",44.24789909,-123.6364936,"S","NAD83",680,10,"NGVD29",17100205,"dv",60,3,114517,NA,"wat",NA,1645423,0,"7/1/1983","2/14/2026",15570,"OR",c(-123.6364936, 44.24789909),FALSE,"PASS"
17997,"USGS",14306500,"ALSEA RIVER NEAR TIDEWATER, OR","OR","ST",44.3859538,-123.831778,"U","NAD83",48.16,0.1,"NGVD29",17100205,"dv",60,3,114523,NA,"wat",NA,1645423,0,"10/1/1939","2/14/2026",31548,"OR",c(-123.831778, 44.3859538),FALSE,"PASS"
18007,"USGS",14307620,"SIUSLAW RIVER NEAR MAPLETON, OR","OR","ST",44.06234317,-123.8831659,"U","NAD83",41,20,"NGVD29",17100206,"dv",60,3,114543,NA,"wat",NA,1645423,0,"10/1/1967","2/14/2026",18764,"OR",c(-123.8831659, 44.06234317),FALSE,"PASS"
18009,"USGS",14307700,"JACKSON CREEK NR TILLER, OR","OR","ST",42.95401008,-122.8289387,"U","NAD83",1240.25,0.1,"NGVD29",17100302,"dv",60,3,114548,NA,"wat",NA,1645423,0,"10/1/1955","9/29/1986",11322,"OR",c(-122.8289387, 42.95401008),FALSE,"PASS"
18010,"USGS",14308000,"SOUTH UMPQUA RIVER AT TILLER, OR","OR","ST",42.9303985,-122.9483872,"S","NAD83",991.8,0.1,"NGVD29",17100302,"dv",60,3,114549,NA,"wat",NA,1645423,0,"10/1/1910","2/14/2026",32006,"OR",c(-122.9483872, 42.9303985),FALSE,"PASS"
18011,"USGS",14308500,"ELK CREEK NR DREW, OR","OR","ST",42.89012159,-122.9178303,"U","NAD83",1279.25,0.1,"NGVD29",17100302,"dv",60,3,114550,NA,"wat",NA,1645423,0,"10/1/1954","2/14/2026",22051,"OR",c(-122.9178303, 42.89012159),FALSE,"PASS"
18015,"USGS",14308990,"COW CREEK ABV GALESVILLE RES, NR AZALEA, OR.","OR","ST",42.82317665,-123.1258922,"U","NAD83",1900,20,"NGVD29",17100302,"dv",60,3,114553,NA,"wat",NA,1645423,0,"10/1/1985","2/14/2026",14746,"OR",c(-123.1258922, 42.82317665),FALSE,"PASS"
18016,"USGS",14309000,"COW CREEK NEAR AZALEA, OR","OR","ST",42.82484286,-123.1789492,"U","NAD83",1694.32,0.1,"NGVD29",17100302,"dv",60,3,114558,NA,"wat",NA,1645423,0,"4/1/1926","2/14/2026",35842,"OR",c(-123.1789492, 42.82484286),FALSE,"PASS"
18017,"USGS",14309500,"WEST FORK COW CREEK NEAR GLENDALE, OR","OR","ST",42.80400356,-123.6109071,"U","NAD83",1018.48,0.1,"NGVD29",17100302,"dv",60,3,114567,NA,"wat",NA,1645423,0,"10/1/1955","2/14/2026",25705,"OR",c(-123.6109071, 42.80400356),FALSE,"PASS"
18018,"USGS",14310000,"COW CREEK NEAR RIDDLE, OR","OR","ST",42.9234502,-123.428957,"U","NAD83",682.6,0.1,"NGVD29",17100302,"dv",60,3,114568,NA,"wat",NA,1645423,0,"10/1/1954","2/14/2026",26070,"OR",c(-123.428957, 42.9234502),FALSE,"PASS"
18021,"USGS",14311000,"NORTH MYRTLE CREEK NEAR MYRTLE CREEK, OREG.",NA,"ST",43.04150639,-123.2595086,"U","NAD83",642.81,0.1,"NGVD29",17100302,"dv",60,3,114571,NA,"wat",NA,1645423,0,"10/1/1955","9/29/1986",11322,"OR",c(-123.2595086, 43.04150639),FALSE,"CHECK"
18024,"USGS",14311500,"LOOKINGGLASS CREEK AT BROCKWAY, OR","OR","ST",43.13039347,-123.4650748,"U","NAD83",540,20,"NGVD29",17100302,"dv",60,3,114574,NA,"wat",NA,1645423,0,"10/1/1955","9/30/2000",16437,"OR",c(-123.4650748, 43.13039347),FALSE,"PASS"
18025,"USGS",14312000,"SOUTH UMPQUA RIVER NEAR BROCKWAY, OR","OR","ST",43.13317169,-123.3984053,"U","NAD83",462.52,0.1,"NGVD29",17100302,"dv",60,3,114575,NA,"wat",NA,1645423,0,"12/1/1905","2/14/2026",34225,"OR",c(-123.3984053, 43.13317169),FALSE,"PASS"
18034,"USGS",14312500,"LAKE CREEK NEAR DIAMOND LAKE, OR","OR","ST",43.18666667,-122.1663889,"U","NAD83",5180,20,"NGVD29",17100301,"dv",60,3,114585,NA,"wat",NA,1645423,0,"10/1/1922","7/11/2017",20057,"OR",c(-122.1663889, 43.18666667),FALSE,"PASS"
18035,"USGS",14312900,"LEMOLO NO.1 POWER CANAL NEAR TOKETEE FALLS OREG.",NA,"ST-CA",43.3220687,-122.1928128,"S","NAD83",4072.32,5,"NAVD88",17100301,"dv",60,3,114586,NA,"wat",NA,1645423,0,"10/1/1966","2/8/2026",11446,"OR",c(-122.1928128, 43.3220687),FALSE,"CHECK"
18037,"USGS",14313500,"N UMPQUA RIVER BLW LEMOLO LK, NR TOKETEE FALLS, OR","OR","ST",43.32206866,-122.1955907,"U","NAD83",4025,20,"NGVD29",17100301,"dv",60,3,114589,NA,"wat",NA,1645423,0,"10/1/1927","9/30/2016",32435,"OR",c(-122.1955907, 43.32206866),FALSE,"PASS"
18042,"USGS",14314400,"CLEARWATER NO 1 POWER CANAL, NEAR TOKETEE FALLS,OR",NA,"ST-CA",43.25262345,-122.2983712,"S","NAD83",3850,20,"NGVD29",17100301,"dv",60,3,114594,NA,"wat",NA,1645423,0,"10/1/1952","12/4/2025",18788,"OR",c(-122.2983712, 43.25262345),FALSE,"CHECK"
18043,"USGS",14314500,"CLEARWATER RIVER ABV TRAP CK NR TOKETEE FALLS, OR","OR","ST",43.2442903,-122.2872596,"U","NAD83",3862.84,0.1,"NGVD29",17100301,"dv",60,3,114595,NA,"wat",NA,1645423,0,"10/1/1927","2/14/2026",35846,"OR",c(-122.2872596, 43.2442903),FALSE,"PASS"
18044,"USGS",14314501,"CLEARWATER R & NO 1 P CA NR T FLS,OREG.",NA,"ST",43.2442903,-122.2872596,"U","NAD83",NA,NA,NA,17100301,"dv",60,3,114596,NA,"wat",NA,1645423,0,"6/1/1953","9/29/1983",11078,"OR",c(-122.2872596, 43.2442903),FALSE,"CHECK"
18047,"USGS",14315500,"NORTH UMPQUA RIVER AT TOKETEE FALLS, OR","OR","ST",43.26373317,-122.4217087,"U","NAD83",2312.66,0.1,"NAVD88",17100301,"dv",60,3,114599,NA,"wat",NA,1645423,0,"10/1/1925","2/14/2026",16483,"OR",c(-122.4217087, 43.26373317),FALSE,"PASS"
18049,"USGS",14315900,"FISH CREEK POWER CANAL NEAR TOKETEE FALLS, OR","OR","ST-CA",43.25640556,-122.4508444,"S","NAD83",3045,10,"NAVD88",17100301,"dv",60,3,114601,NA,"wat",NA,1645423,0,"10/1/1966","11/17/2025",11735,"OR",c(-122.4508444, 43.25640556),FALSE,"PASS"
18051,"USGS",14316000,"FISH CK @ BIG CAMAS RNGR STA NR TOKETEE FALLS, OR","OR","ST",43.23039977,-122.4469868,"U","NAD83",2858.52,20,"NGVD29",17100301,"dv",60,3,114603,NA,"wat",NA,1645423,0,"10/1/1947","9/29/2006",21183,"OR",c(-122.4469868, 43.23039977),FALSE,"PASS"
18052,"USGS",14316001,"FISH CR & F CR P CA NR T FLS,OREG.",NA,"ST",43.23039977,-122.4469868,"U","NAD83",NA,NA,NA,17100301,"dv",60,3,114604,NA,"wat",NA,1645423,0,"6/18/1952","9/29/1983",11426,"OR",c(-122.4469868, 43.23039977),FALSE,"CHECK"
18055,"USGS",14316500,"N UMPQUA RIVER ABV COPELAND CK NR TOKETEE FALLS,OR",NA,"ST",43.29595427,-122.5367127,"S","NAD83",1580,20,"NGVD29",17100301,"dv",60,3,114625,NA,"wat",NA,1645423,0,"9/1/1949","2/14/2026",27924,"OR",c(-122.5367127, 43.29595427),FALSE,"CHECK"
18056,"USGS",14316700,"STEAMBOAT CREEK NEAR GLIDE, OR","OR","ST",43.349842,-122.7289415,"S","NAD83",1128.55,10,"NGVD29",17100301,"dv",60,3,114641,NA,"wat",NA,1645423,0,"10/1/1956","2/14/2026",25339,"OR",c(-122.7289415, 43.349842),FALSE,"PASS"
18059,"USGS",14318000,"LITTLE RIVER AT PEEL, OR","OR","ST",43.2526179,-123.0261716,"U","NAD83",828.33,0.1,"NGVD29",17100301,"dv",60,3,114662,NA,"wat",NA,1645423,0,"10/1/1954","1/22/2024",21755,"OR",c(-123.0261716, 43.2526179),FALSE,"PASS"
18062,"USGS",14319500,"NORTH UMPQUA RIVER AT WINCHESTER, OR","OR","ST",43.27096667,-123.4115444,"S","NAD83",372.97,0.1,"NGVD29",17100301,"dv",60,3,114671,NA,"wat",NA,1645423,0,"10/1/1908","2/14/2026",30086,"OR",c(-123.4115444, 43.27096667),FALSE,"PASS"
18067,"USGS",14320700,"CALAPOOYA CREEK NEAR OAKLAND, OR","OR","ST",43.4026171,-123.3636909,"U","NAD83",371.26,0.1,"NGVD29",17100303,"dv",60,3,114674,NA,"wat",NA,1645423,0,"10/1/1955","9/30/2001",12053,"OR",c(-123.3636909, 43.4026171),FALSE,"PASS"
18069,"USGS",14321000,"UMPQUA RIVER NEAR ELKTON, OR","OR","ST",43.5859502,-123.5553727,"U","NAD83",90.42,0.1,"NGVD29",17100303,"dv",60,3,114682,NA,"wat",NA,1645423,0,"10/1/1905","2/14/2026",43967,"OR",c(-123.5553727, 43.5859502),FALSE,"PASS"
18077,"USGS",14324580,"PONY CREEK AT COOS BAY, OR","OR","ST",43.37983408,-124.2420584,"S","NAD83",0,0.1,"NAVD88",17100304,"dv",60,3,114690,NA,"wat",NA,1645423,0,"7/1/1975","9/29/2008",12145,"OR",c(-124.2420584, 43.37983408),FALSE,"PASS"
18081,"USGS",14325000,"SOUTH FORK COQUILLE RIVER AT POWERS, OR","OR","ST",42.89149904,-124.070652,"U","NAD83",197.42,0.1,"NGVD29",17100305,"dv",60,3,114694,NA,"wat",NA,1645423,0,"10/1/1916","2/14/2026",39156,"OR",c(-124.070652, 42.89149904),FALSE,"PASS"
18092,"USGS",14328000,"ROGUE RIVER ABOVE PROSPECT, OR","OR","ST",42.77484917,-122.4997585,"S","NAD83",2620,20,"NGVD29",17100307,"dv",60,3,114710,NA,"wat",NA,1645423,0,"1/1/1908","6/9/2024",32465,"OR",c(-122.4997585, 42.77484917),FALSE,"PASS"
18094,"USGS",14330000,"ROGUE RIVER BELOW PROSPECT, OR","OR","ST",42.72957187,-122.516147,"U","NAD83",1964.56,10,"NGVD29",17100307,"dv",60,3,114715,NA,"wat",NA,1645423,0,"10/1/1913","2/14/2026",27145,"OR",c(-122.516147, 42.72957187),FALSE,"PASS"
18098,"USGS",14332000,"SOUTH FORK ROGUE RIVER NEAR PROSPECT, OR","OR","ST",42.70638889,-122.388611,"S","NAD83",3360,20,"NAVD88",17100307,"dv",60,3,114721,NA,"wat",NA,1645423,0,"10/1/1924","2/14/2026",30450,"OR",c(-122.388611, 42.70638889),FALSE,"PASS"
18099,"USGS",14332001,"SF ROGUE RIVER AND SF P CA NR PROSPECT,OREG.",NA,"ST",42.7081844,-122.3928094,"U","NAD83",NA,NA,NA,17100307,"dv",60,3,114722,NA,"wat",NA,1645423,0,"10/1/1949","9/29/1983",12417,"OR",c(-122.3928094, 42.7081844),FALSE,"CHECK"
18100,"USGS",14333000,"MIDDLE FK ROGUE RIVER NR PROSPECT OREG.",NA,"ST",42.733184,-122.4011435,"U","NAD83",2619,20,"NGVD29",17100307,"dv",60,3,114723,NA,"wat",NA,1645423,0,"10/1/1925","9/29/1955",10956,"OR",c(-122.4011435, 42.733184),FALSE,"CHECK"
18101,"USGS",14333500,"RED BLANKET CREEK NEAR PROSPECT, OREG.",NA,"ST",42.77762758,-122.427534,"U","NAD83",2780,20,"NGVD29",17100307,"dv",60,3,114724,NA,"wat",NA,1645423,0,"6/3/1925","9/29/1981",18102,"OR",c(-122.427534, 42.77762758),FALSE,"CHECK"
18103,"USGS",14335000,"ROGUE R BL S FK ROGUE R NR PROSPECT OREG.",NA,"ST",42.69984909,-122.5955934,"U","NAD83",1707.57,0.1,"NGVD29",17100307,"dv",60,3,114729,NA,"wat",NA,1645423,0,"10/1/1928","9/29/1965",13513,"OR",c(-122.5955934, 42.69984909),FALSE,"CHECK"
18106,"USGS",14335500,"SOUTH FORK BIG BUTTE CR NR BUTTE FALLS,OREG.",NA,"ST",42.5401289,-122.5553105,"U","NAD83",2360,20,"NGVD29",17100307,"dv",60,3,114736,NA,"wat",NA,1645423,0,"10/1/1910","9/30/1991",26236,"OR",c(-122.5553105, 42.5401289),FALSE,"CHECK"
18107,"USGS",14337500,"BIG BUTTE CREEK NEAR MCLEOD, OR","OR","ST",42.6512372,-122.6914288,"S","NAD83",1525.95,0.1,"NGVD29",17100307,"dv",60,3,114740,NA,"wat",NA,1645423,0,"10/1/1945","2/14/2026",25704,"OR",c(-122.6914288, 42.6512372),FALSE,"PASS"
18108,"USGS",14337600,"ROGUE RIVER NEAR MCLEOD, OR","OR","ST",42.6554035,-122.7150408,"U","NAD83",1489.08,0.1,"NGVD29",17100307,"dv",60,3,114744,NA,"wat",NA,1645423,0,"10/1/1965","2/14/2026",16937,"OR",c(-122.7150408, 42.6554035),FALSE,"PASS"
18112,"USGS",14338000,"ELK CREEK NEAR TRAIL, OR","OR","ST",42.6787364,-122.7419867,"U","NAD83",1493.91,0.1,"NGVD29",17100307,"dv",60,3,326280,NA,"wat",NA,1645423,0,"11/1/1945","2/14/2026",29215,"OR",c(-122.7419867, 42.6787364),FALSE,"PASS"
18113,"USGS",14339000,"ROGUE RIVER AT DODGE BRIDGE, NEAR EAGLE POINT, OR","OR","ST",42.5248471,-122.8428203,"U","NAD83",1271.99,0.1,"NGVD29",17100307,"dv",60,3,114767,NA,"wat",NA,1645423,0,"10/1/1938","2/14/2026",31913,"OR",c(-122.8428203, 42.5248471),FALSE,"PASS"
18117,"USGS",14341500,"SOUTH FORK LITTLE BUTTE CR NR LAKECREEK,OREG.",NA,"ST",42.40818566,-122.601143,"U","NAD83",1725,20,"NGVD29",17100307,"dv",60,3,114774,NA,"wat",NA,1645423,0,"10/1/1921","9/29/1982",21182,"OR",c(-122.601143, 42.40818566),FALSE,"CHECK"
18118,"USGS",14342500,"NO FK LITTLE BUTTE CR AT F L NR LAKECREEK,OREG.",NA,"ST",42.3762453,-122.3566913,"U","NAD83",4571.41,0.1,"NGVD29",17100307,"dv",60,3,114775,NA,"wat",NA,1645423,0,"10/1/1914","9/30/1989",27089,"OR",c(-122.3566913, 42.3762453),FALSE,"CHECK"
18119,"USGS",14343000,"NO FK LITTLE BUTTE CR NR LAKECREEK,OREG.",NA,"ST",42.4026314,-122.537252,"U","NAD83",2160,20,"NGVD29",17100307,"dv",60,3,114776,NA,"wat",NA,1645423,0,"6/23/1911","9/30/1985",23047,"OR",c(-122.537252, 42.4026314),FALSE,"CHECK"
18125,"USGS",14350000,"EMIGRANT CR NR ASHLAND,OREG.",NA,"ST",42.16374528,-122.6053066,"U","NAD83",2042.8,0.1,"NGVD29",17100308,"dv",60,3,114781,NA,"wat",NA,1645423,0,"1/1/1920","9/29/1986",20644,"OR",c(-122.6053066, 42.16374528),FALSE,"CHECK"
18126,"USGS",14353000,"WEST FORK ASHLAND CREEK NEAR ASHLAND, OR","OR","ST",42.14874336,-122.7166989,"U","NAD83",2961.75,0.1,"NGVD29",17100308,"dv",60,3,114783,NA,"wat",NA,1645423,0,"10/1/1924","2/14/2026",14441,"OR",c(-122.7166989, 42.14874336),FALSE,"PASS"
18127,"USGS",14353500,"EAST FORK ASHLAND CREEK NEAR ASHLAND, OR","OR","ST",42.1526323,-122.7094764,"U","NAD83",2903.7,0.1,"NGVD29",17100308,"dv",60,3,114784,NA,"wat",NA,1645423,0,"10/1/1924","2/14/2026",14443,"OR",c(-122.7094764, 42.1526323),FALSE,"PASS"
18128,"USGS",14354200,"BEAR CREEK BELOW ASHLAND CREEK AT ASHLAND, OR","OR","ST",42.2185,-122.7248056,"S","NAD83",1678.27,0.05,"NAVD88",17100308,"dv",60,3,114785,NA,"wat",NA,1645423,0,"7/1/1990","2/14/2026",13009,"OR",c(-122.7248056, 42.2185),FALSE,"PASS"
18129,"USGS",14357500,"BEAR CREEK AT MEDFORD, OR","OR","ST",42.32401547,-122.8667057,"T","NAD83",1343.27,20,"NGVD29",17100308,"dv",60,3,114786,NA,"wat",NA,1645423,0,"3/1/1915","2/14/2026",38982,"OR",c(-122.8667057, 42.32401547),FALSE,"PASS"
18130,"USGS",14359000,"ROGUE RIVER AT RAYGOLD NEAR CENTRAL POINT, OR","OR","ST",42.43734597,-122.9872678,"U","NAD83",1121.78,20,"NGVD29",17100308,"dv",60,3,114789,NA,"wat",NA,1645423,0,"9/1/1905","2/14/2026",43997,"OR",c(-122.9872678, 42.43734597),FALSE,"PASS"
18132,"USGS",14361500,"ROGUE RIVER AT GRANTS PASS, OR","OR","ST",42.43039607,-123.3178365,"S","NAD83",884.28,10,"NGVD29",17100308,"dv",60,3,114799,NA,"wat",NA,1645423,0,"1/1/1939","2/14/2026",31822,"OR",c(-123.3178365, 42.43039607),FALSE,"PASS"
18134,"USGS",14362000,"APPLEGATE RIVER NEAR COPPER, OR","OR","ST",42.0637361,-123.1114358,"U","NAD83",1747.51,0.1,"NGVD29",17100309,"dv",60,3,114821,NA,"wat",NA,1645423,0,"10/1/1938","2/14/2026",31914,"OR",c(-123.1114358, 42.0637361),FALSE,"PASS"
18135,"USGS",14362250,"STAR GULCH NEAR RUCH, OR","OR","ST",42.15401355,-123.075323,"U","NAD83",1667.04,0.1,"NGVD29",17100309,"dv",60,3,114822,NA,"wat",NA,1645423,0,"7/1/1983","2/14/2026",15567,"OR",c(-123.075323, 42.15401355),FALSE,"PASS"
18136,"USGS",14363000,"APPLEGATE RIVER NEAR RUCH, OR","OR","ST",42.1720694,-123.0483773,"U","NAD83",1475.64,0.1,"NGVD29",17100309,"dv",60,3,114823,NA,"wat",NA,1645423,0,"10/1/1911","9/29/1953",11321,"OR",c(-123.0483773, 42.1720694),FALSE,"PASS"
18137,"USGS",14366000,"APPLEGATE RIVER NEAR APPLEGATE, OR","OR","ST",42.2415113,-123.1400485,"U","NAD83",1285.33,0.1,"NGVD29",17100309,"dv",60,3,114824,NA,"wat",NA,1645423,0,"10/1/1938","2/14/2026",31913,"OR",c(-123.1400485, 42.2415113),FALSE,"PASS"
18139,"USGS",14369500,"APPLEGATE RIVER NEAR WILDERVILLE, OR","OR","ST",42.3540058,-123.4067276,"U","NAD83",947.18,0.1,"NGVD29",17100309,"dv",60,3,114829,NA,"wat",NA,1645423,0,"10/1/1938","2/14/2026",23542,"OR",c(-123.4067276, 42.3540058),FALSE,"PASS"
18141,"USGS",14371500,"GRAVE CREEK AT PEASE BRIDGE,NEAR PLACER,OREG.",NA,"ST",42.6415096,-123.2122809,"U","NAD83",2354.2,0.1,"NGVD29",17100310,"dv",60,3,114834,NA,"wat",NA,1645423,0,"10/1/1944","4/30/1989",16283,"OR",c(-123.2122809, 42.6415096),FALSE,"CHECK"
18143,"USGS",14372300,"ROGUE RIVER NEAR AGNESS, OR","OR","ST",42.59277778,-124.062,"S","NAD83",119,10,"NAVD88",17100310,"dv",60,3,114839,NA,"wat",NA,1645423,0,"10/1/1960","2/14/2026",23878,"OR",c(-124.062, 42.59277778),FALSE,"PASS"
18144,"USGS",14372500,"E F ILLINOIS RIVER NEAR TAKILMA,OREG.",NA,"ST",42.06928109,-123.6261778,"S","NAD83",1780,10,"NGVD29",17100311,"dv",60,3,296476,NA,"wat",NA,1645423,0,"10/1/1941","9/30/1991",18262,"OR",c(-123.6261778, 42.06928109),FALSE,"CHECK"
18147,"USGS",14375100,"SUCKER CREEK BLW LITTLE GRAYBACK CK, NR HOLLAND,OR",NA,"ST",42.15956105,-123.4789509,"S","NAD83",1713.92,0.1,"NGVD29",17100311,"dv",60,3,114843,NA,"wat",NA,1645423,0,"10/1/1965","2/14/2026",15841,"OR",c(-123.4789509, 42.15956105),FALSE,"CHECK"
18149,"USGS",14375500,"W FK ILLINOIS R BL ROCK CR NR OBRIEN,OREG.",NA,"ST",42.0387233,-123.7484043,"U","NAD83",1516.14,0.1,"NGVD29",17100311,"dv",60,3,114845,NA,"wat",NA,1645423,0,"10/1/1954","9/30/1985",11323,"OR",c(-123.7484043, 42.0387233),FALSE,"CHECK"
18151,"USGS",14377000,"ILLINOIS RIVER AT KERBY, OREG.",NA,"ST",42.19705748,-123.6567352,"U","NAD83",1232,20,"NGVD29",17100311,"dv",60,3,326282,NA,"wat",NA,1645423,0,"3/1/1926","9/29/1961",12997,"OR",c(-123.6567352, 42.19705748),FALSE,"CHECK"
18152,"USGS",14377100,"ILLINOIS RIVER NEAR KERBY, OR","OR","ST",42.23177936,-123.66368,"S","NAD83",1198.8,10,"NGVD29",17100311,"dv",60,3,114848,NA,"wat",NA,1645423,0,"10/1/1961","2/14/2026",23505,"OR",c(-123.66368, 42.23177936),FALSE,"PASS"
18156,"USGS",14400000,"CHETCO RIVER NEAR BROOKINGS, OR","OR","ST",42.12344278,-124.1873107,"U","NAD83",49.16,20,"NAVD88",17100312,"dv",60,3,114852,NA,"wat",NA,1645423,0,"10/1/1969","2/14/2026",20591,"OR",c(-124.1873107, 42.12344278),FALSE,"PASS"
19278,"USGS",6428500,"BELLE FOURCHE RIVER AT WY-SD STATE LINE",NA,"ST",44.74883136,-104.0516966,"M","NAD83",3096.51,0.1,"NAVD88",10120202,"dv",60,3,128534,NA,"wat",NA,1645423,0,"12/1/1946","2/14/2026",27104,"SD",c(-104.0516966, 44.74883136),TRUE,"BORDER"
19279,"USGS",6429997,"MURRAY DITCH ABV HEADGATE AT WY-SD STATE LINE",NA,"ST",44.5763739,-104.0560453,"S","NAD83",3453.88,10,"NAVD88",10120203,"dv",60,3,128535,NA,"wat",NA,1645423,0,"4/23/1987","2/14/2026",14178,"WY",c(-104.0560453, 44.5763739),TRUE,"BORDER"
19281,"USGS",6430500,"REDWATER CREEK AT WY-SD STATE LINE",NA,"ST",44.5718625,-104.0536449,"1","NAD83",3410.62,111,"NAVD88",10120203,"dv",60,3,128537,NA,"wat",NA,1645423,0,"5/1/1929","2/14/2026",27592,"SD",c(-104.0536449, 44.5718625),TRUE,"BORDER"
20822,"USGS",9180000,"DOLORES RIVER NEAR CISCO, UT","UT","ST",38.79720805,-109.1951142,"F","NAD83",4168.32,0.11,"NAVD88",14030004,"dv",60,3,142734,NA,"wat",NA,1645423,0,"12/1/1950","2/14/2026",27470,"UT",c(-109.1951142, 38.79720805),FALSE,"PASS"
20823,"USGS",9180500,"COLORADO RIVER NEAR CISCO, UT","UT","ST",38.81054095,-109.2934493,"F","NAD83",4092.35,0.24,"NAVD88",14030005,"dv",60,3,142741,NA,"wat",NA,1645423,0,"10/1/1913","2/14/2026",39218,"UT",c(-109.2934493, 38.81054095),FALSE,"PASS"
20834,"USGS",9183500,"MILL CREEK AT SHELEY TUNNEL, NEAR MOAB, UT","UT","ST",38.4819972,-109.405025,"1","NAD83",5403.62,0.23,"NAVD88",14030005,"dv",60,3,142756,NA,"wat",NA,1645423,0,"10/1/1954","2/14/2026",15842,"UT",c(-109.405025, 38.4819972),FALSE,"PASS"
20837,"USGS",9184000,"MILL CREEK NEAR MOAB, UT","UT","ST",38.56220477,-109.5140057,"S","NAD83",4240,20,"NGVD29",14030005,"dv",60,3,142759,NA,"wat",NA,1645423,0,"7/1/1949","10/25/1993",15822,"UT",c(-109.5140057, 38.56220477),FALSE,"PASS"
20850,"USGS",9217900,"BLACKS FORK NEAR ROBERTSON, WY","WY","ST",40.95902778,-110.5797222,"S","NAD83",8811.3,10,"NGVD29",14040107,"dv",60,3,161788,NA,"wat",NA,1645423,0,"8/1/1966","2/14/2026",19555,"UT",c(-110.5797222, 40.95902778),FALSE,"FAIL"
20852,"USGS",9225500,"GREEN RIVER NEAR LINWOOD, UTAH","UT","ST",40.9666262,-109.5784759,"F","NAD83",5844.64,20,"NGVD29",14040106,"dv",60,3,142772,NA,"wat",NA,1645423,0,"10/2/1929","3/31/1963",12145,"UT",c(-109.5784759, 40.9666262),FALSE,"PASS"
20856,"USGS",9228500,"BURNT FORK NEAR BURNTFORK, WY","WY","ST",40.94632437,-110.0662927,"S","NAD83",8436,10,"NAVD88",14040106,"dv",60,3,161815,NA,"wat",NA,1645423,0,"4/29/1943","9/29/1983",12127,"UT",c(-110.0662927, 40.94632437),FALSE,"FAIL"
20866,"USGS",9234500,"GREEN RIVER NEAR GREENDALE, UT","UT","ST",40.90829296,-109.422914,"S","NAD83",5594.21,0.12,"NAVD88",14040106,"dv",60,3,142789,NA,"wat",NA,1645423,0,"10/1/1950","2/14/2026",27531,"UT",c(-109.422914, 40.90829296),FALSE,"PASS"
20870,"USGS",9235600,"POT CREEK ABOVE DIVERSIONS, NEAR VERNAL, UTAH","UT","ST",40.768015,-109.3190219,"S","NAD83",7550,20,"NGVD29",14040106,"dv",60,3,142801,NA,"wat",NA,1645423,0,"10/1/1957","9/30/1993",13149,"UT",c(-109.3190219, 40.768015),FALSE,"PASS"
20872,"USGS",9261000,"GREEN RIVER NEAR JENSEN, UT","UT","ST",40.40871944,-109.2352361,"5","NAD83",4761.82,0.1,"NAVD88",14040106,"dv",60,3,142806,NA,"wat",NA,1645423,0,"10/1/1946","2/14/2026",28992,"UT",c(-109.2352361, 40.40871944),FALSE,"PASS"
20874,"USGS",9261700,"BIG BRUSH CRK ABV RED FLEET RES, NR VERNAL, UT","UT","ST",40.58883234,-109.4654372,"F","NAD83",5627.26,0.1,"NAVD88",1.41e+11,"dv",60,3,142816,NA,"wat",NA,1645423,0,"10/1/1979","2/14/2026",16939,"UT",c(-109.4654372, 40.58883234),FALSE,"PASS"
20875,"USGS",9262000,"BIG BRUSH CREEK NEAR VERNAL,UTAH","UT","ST",40.58162648,-109.4348572,"F","NAD83",5530,20,"NGVD29",14060002,"dv",60,3,295708,NA,"wat",NA,1645423,0,"3/16/1939","10/9/1979",14818,"UT",c(-109.4348572, 40.58162648),FALSE,"PASS"
20885,"USGS",9266500,"ASHLEY CREEK NEAR VERNAL, UT","UT","ST",40.5774426,-109.6221085,"F","NAD83",6230.61,20,"NGVD29",14060010,"dv",60,3,295709,NA,"wat",NA,1645423,0,"10/1/1914","2/14/2026",40314,"UT",c(-109.6221085, 40.5774426),FALSE,"PASS"
20887,"USGS",9267500,"MOSBY CANAL NEAR LAPOINT, UT","UT","ST-CA",40.6082881,-109.8840393,"F","NAD83",9500,20,"NGVD29",14060002,"dv",60,3,325855,NA,"wat",NA,1645423,0,"8/1/1954","9/29/2003",13848,"UT",c(-109.8840393, 40.6082881),FALSE,"PASS"
20888,"USGS",9268000,"DRY FORK ABOVE SINKS, NEAR DRY FORK, UTAH","UT","ST",40.6263445,-109.8201488,"F","NAD83",8108.51,20,"NGVD29",14060002,"dv",60,3,142830,NA,"wat",NA,1645423,0,"3/17/1939","10/7/1975",13354,"UT",c(-109.8201488, 40.6263445),FALSE,"PASS"
20889,"USGS",9268500,"NORTH FORK OF DRY FORK NEAR DRY FORK, UTAH","UT","ST",40.6427334,-109.810982,"F","NAD83",8284.28,20,"NGVD29",14060002,"dv",60,3,325856,NA,"wat",NA,1645423,0,"5/1/1946","10/4/1989",15863,"UT",c(-109.810982, 40.6427334),FALSE,"PASS"
20894,"USGS",9270500,"DRY FORK AT MOUTH NEAR DRY FORK, UTAH","UT","ST",40.5263475,-109.6056958,"F","NAD83",5842.9,20,"NGVD29",14060002,"dv",60,3,142836,NA,"wat",NA,1645423,0,"7/1/1954","9/29/1989",12875,"UT",c(-109.6056958, 40.5263475),FALSE,"PASS"
20901,"USGS",9271500,"ASHLEY CREEK NEAR JENSEN, UTAH","UT","ST",40.37468439,-109.4081875,"F","NAD83",4795.36,20,"NGVD29",14060002,"dv",60,3,142862,NA,"wat",NA,1645423,0,"10/1/1946","10/1/1983",13515,"UT",c(-109.4081875, 40.37468439),FALSE,"PASS"
20912,"USGS",9275500,"WEST FORK DUCHESNE RIVER NEAR HANNA, UT","UT","ST",40.45022335,-110.8843304,"S","NAD83",7218,20,"NGVD29",14060003,"dv",60,3,325857,NA,"wat",NA,1645423,0,"9/1/1921","9/30/1994",18474,"UT",c(-110.8843304, 40.45022335),FALSE,"PASS"
20913,"USGS",9276000,"WOLF CREEK ABOVE RHOADES CANYON NEAR HANNA, UT","UT","ST",40.4710558,-110.9187754,"F","NAD83",7740,20,"NGVD29",14060003,"dv",60,3,142874,NA,"wat",NA,1645423,0,"10/1/1945","9/29/1984",14244,"UT",c(-110.9187754, 40.4710558),FALSE,"PASS"
20918,"USGS",9277500,"DUCHESNE RIVER NEAR TABIONA, UT","UT","ST",40.2997472,-110.6042556,"1","NAD83",6197.72,0.09,"NAVD88",14060003,"dv",60,3,142878,NA,"wat",NA,1645423,0,"10/1/1918","2/14/2026",39219,"UT",c(-110.6042556, 40.2997472),FALSE,"PASS"
20919,"USGS",9277501,"COM FL DUCHESNE R & DUCHESNE TUN NR TABIONA",NA,"ST",40.30023027,-110.602381,"F","NAD83",6227,20,"NGVD29",14060003,"dv",60,3,142884,NA,"wat",NA,1645423,0,"10/1/1918","9/29/1967",17896,"UT",c(-110.602381, 40.30023027),FALSE,"CHECK"
20921,"USGS",9278000,"SOUTH FORK ROCK CREEK NEAR HANNA,UTAH","UT","ST",40.54827849,-110.69433,"F","NAD83",7860,20,"NGVD29",14060003,"dv",60,3,325858,NA,"wat",NA,1645423,0,"8/1/1953","10/13/1992",14319,"UT",c(-110.69433, 40.54827849),FALSE,"PASS"
20922,"USGS",9278500,"ROCK CREEK NEAR HANNA, UTAH","UT","ST",40.545501,-110.656274,"F","NAD83",7620,20,"NGVD29",14060003,"dv",60,3,142887,NA,"wat",NA,1645423,0,"8/1/1949","9/29/1988",12526,"UT",c(-110.656274, 40.545501),FALSE,"PASS"
20924,"USGS",9279000,"ROCK CREEK NEAR MOUNTAIN HOME, UT","UT","ST",40.4931111,-110.5772222,"1","NAD83",7243.22,0.11,"NAVD88",14060003,"dv",60,3,142889,NA,"wat",NA,1645423,0,"10/1/1937","2/14/2026",32279,"UT",c(-110.5772222, 40.4931111),FALSE,"PASS"
20925,"USGS",9279100,"ROCK CREEK NEAR TALMAGE, UT","UT","ST",40.31106428,-110.4940467,"S","NAD83",6119.3,20,"NGVD29",14060003,"dv",60,3,142890,NA,"wat",NA,1645423,0,"10/1/1963","9/29/1994",11322,"UT",c(-110.4940467, 40.31106428),FALSE,"PASS"
20926,"USGS",9279150,"DUCHESNE RIV ABV KNIGHT DIVERSION, NR DUCHESNE, UT","UT","ST",40.27051046,-110.4426567,"F","NAD83",5840,20,"NGVD29",14060003,"dv",60,3,142891,NA,"wat",NA,1645423,0,"4/1/1970","9/29/2003",12235,"UT",c(-110.4426567, 40.27051046),FALSE,"PASS"
20927,"USGS",9279500,"DUCHESNE RIVER AT DUCHESNE, UTAH","UT","ST",40.16412475,-110.3934884,"F","NAD83",5494.4,20,"NGVD29",14060003,"dv",60,3,295718,NA,"wat",NA,1645423,0,"10/1/1917","4/30/1970",19205,"UT",c(-110.3934884, 40.16412475),FALSE,"PASS"
20928,"USGS",9279501,"COM FL DUCHESNE R AT DUCHESNE & DUCHESNE TUNNEL",NA,"ST",40.16412475,-110.3934884,"F","NAD83",5494.4,20,"NGVD29",14060003,"dv",60,3,142893,NA,"wat",NA,1645423,0,"10/1/1917","9/29/1967",18261,"UT",c(-110.3934884, 40.16412475),FALSE,"CHECK"
20934,"USGS",9282000,"STRAWBERRY TUNNEL AT WEST PORTAL, NR THISTLE",NA,"ST",40.1610673,-111.2451727,"F","NAD83",7470,20,"NGVD29",16020202,"dv",60,3,142899,NA,"wat",NA,1645423,0,"10/1/1922","9/29/1968",14609,"UT",c(-111.2451727, 40.1610673),FALSE,"CHECK"
20935,"USGS",9285000,"STRAWBERRY RIVER NEAR SOLDIER SPRINGS, UT","UT","ST",40.13328794,-111.024887,"S","NAD83",7360,20,"NGVD29",14060004,"dv",60,3,142901,NA,"wat",NA,1645423,0,"10/1/1942","9/30/1994",16436,"UT",c(-111.024887, 40.13328794),FALSE,"PASS"
20942,"USGS",9287000,"CURRANT C BL RED LEDGE HOLLOW NR FRUITLAND, UT","UT","ST",40.3241173,-111.0459995,"F","NAD83",7520,20,"NGVD29",14060004,"dv",60,3,325861,NA,"wat",NA,1645423,0,"10/1/1945","10/12/1983",11748,"UT",c(-111.0459995, 40.3241173),FALSE,"PASS"
20943,"USGS",9287500,"WATER HOLLOW NR FRUITLAND, UTAH","UT","ST",40.2416191,-110.9807197,"F","NAD83",7110,20,"NGVD29",14060004,"dv",60,3,142909,NA,"wat",NA,1645423,0,"4/20/1946","9/29/1984",14043,"UT",c(-110.9807197, 40.2416191),FALSE,"PASS"
20944,"USGS",9288000,"CURRANT CREEK NEAR FRUITLAND, UT","UT","ST",40.20023128,-110.9076623,"F","NAD83",6664.78,0.15,"NAVD88",14060004,"dv",60,3,142910,NA,"wat",NA,1645423,0,"1/1/1935","2/14/2026",32532,"UT",c(-110.9076623, 40.20023128),FALSE,"PASS"
20947,"USGS",9288180,"STRAWBERRY RIVER NEAR DUCHESNE, UT","UT","ST",40.1546793,-110.5548785,"F","NAD83",5725.29,0.1,"NAVD88",14060004,"dv",60,3,142913,NA,"wat",NA,1645423,0,"5/1/1968","2/14/2026",21109,"UT",c(-110.5548785, 40.1546793),FALSE,"PASS"
20949,"USGS",9288500,"STRAWBERRY RIVER AT DUCHESNE, UTAH","UT","ST",40.16106914,-110.4118219,"F","NAD83",5512.4,20,"NGVD29",14060004,"dv",60,3,142917,NA,"wat",NA,1645423,0,"4/1/1914","9/29/1968",19906,"UT",c(-110.4118219, 40.16106914),FALSE,"PASS"
20952,"USGS",9289500,"LAKE FORK RIVER AB MOON LAKE, NR MOUNTAIN HOME, UT","UT","ST",40.60252778,-110.5205,"S","NAD83",8121.4,0.17,"NAVD88",14060003,"dv",60,3,142920,NA,"wat",NA,1645423,0,"5/1/1933","2/14/2026",28108,"UT",c(-110.5205, 40.60252778),FALSE,"PASS"
20954,"USGS",9291000,"LAKE FORK RIVER BL MOON LAKE NR MOUNTAIN HOME, UT","UT","ST",40.55633555,-110.4846056,"F","NAD83",7931.72,0.22,"NAVD88",14060003,"dv",60,3,142923,NA,"wat",NA,1645423,0,"4/1/1942","2/14/2026",30636,"UT",c(-110.4846056, 40.55633555),FALSE,"PASS"
20958,"USGS",9292500,"YELLOWSTONE RIVER NEAR ALTONAH, UT","UT","ST",40.51189299,-110.3415491,"F","NAD83",7451.49,0.12,"NAVD88",14060003,"dv",60,3,142928,NA,"wat",NA,1645423,0,"10/1/1944","2/14/2026",29722,"UT",c(-110.3415491, 40.51189299),FALSE,"PASS"
20964,"USGS",9294500,"LAKE FORK RIVER NEAR MYTON, UT","UT","ST",40.20844444,-110.1173611,"5","NAD83",5117.6,0.1,"NAVD88",1.41e+11,"dv",60,3,340531,NA,"wat",NA,1645423,0,"3/1/1910","2/14/2026",11907,"UT",c(-110.1173611, 40.20844444),FALSE,"PASS"
20965,"USGS",9295000,"DUCHESNE RIVER AT MYTON, UT","UT","ST",40.20023757,-110.0637613,"F","NAD83",5065.45,0.01,"NAVD88",14060003,"dv",60,3,142935,NA,"wat",NA,1645423,0,"3/12/1910","2/14/2026",42108,"UT",c(-110.0637613, 40.20023757),FALSE,"PASS"
20970,"USGS",9296800,"UINTA R BLW POWERPLANT DIVERSION, NR NEOLA, UT","UT","ST",40.5913396,-110.1143226,"F","NAD83",7316.72,0.16,"NAVD88",14060003,"dv",60,3,142942,NA,"wat",NA,1645423,0,"10/1/1990","2/14/2026",12910,"UT",c(-110.1143226, 40.5913396),FALSE,"PASS"
20971,"USGS",9297000,"UINTA RIVER NEAR NEOLA, UTAH","UT","ST",40.5355082,-110.0634884,"F","NAD83",6910,20,"NGVD29",14060003,"dv",60,3,142943,NA,"wat",NA,1645423,0,"7/30/1921","9/29/1983",21171,"UT",c(-110.0634884, 40.5355082),FALSE,"PASS"
20977,"USGS",9298000,"FARM CREEK NEAR WHITEROCKS, UTAH","UT","ST",40.56745407,-109.9615413,"F","NAD83",7040,20,"NGVD29",14060003,"dv",60,3,142949,NA,"wat",NA,1645423,0,"8/1/1949","10/5/1981",11754,"UT",c(-109.9615413, 40.56745407),FALSE,"PASS"
20981,"USGS",9299500,"WHITEROCKS RIVER NEAR WHITEROCKS, UT","UT","ST",40.5935653,-109.9323739,"S","NAD83",7200,20,"NGVD29",14060003,"dv",60,3,142953,NA,"wat",NA,1645423,0,"10/1/1909","2/14/2026",37644,"UT",c(-109.9323739, 40.5935653),FALSE,"PASS"
20989,"USGS",9301500,"UINTA RIVER AT RANDLETT, UT","UT","ST",40.23355686,-109.803777,"S","NAD83",4791.91,0.16,"NAVD88",14060003,"dv",60,3,142962,NA,"wat",NA,1645423,0,"9/18/1976","2/14/2026",12020,"UT",c(-109.803777, 40.23355686),FALSE,"PASS"
20990,"USGS",9302000,"DUCHESNE RIVER NEAR RANDLETT, UT","UT","ST",40.21027778,-109.7813889,"F","NAD83",4746.96,0.13,"NAVD88",14060003,"dv",60,3,142967,NA,"wat",NA,1645423,0,"10/1/1942","2/14/2026",30453,"UT",c(-109.7813889, 40.21027778),FALSE,"PASS"
21000,"USGS",9306500,"WHITE RIVER NEAR WATSON, UTAH","UT","ST",39.97885629,-109.1787269,"F","NAD83",4950.82,0.1,"NAVD88",14050007,"dv",60,3,143004,NA,"wat",NA,1645423,0,"4/1/1923","2/14/2026",35387,"UT",c(-109.1787269, 39.97885629),FALSE,"PASS"
21027,"USGS",9308500,"MINNIE MAUD CREEK NR MYTON, UTAH","UT","ST",39.798574,-110.565991,"F","NAD83",7190,20,"NGVD29",14060005,"dv",60,3,143070,NA,"wat",NA,1645423,0,"8/1/1950","10/2/1989",13576,"UT",c(-110.565991, 39.798574),FALSE,"PASS"
21032,"USGS",9310000,"GOOSEBERRY CREEK NEAR SCOFIELD, UT","UT","ST",39.7157951,-111.3001788,"F","NAD83",8400,20,"NGVD29",14060007,"dv",60,3,143075,NA,"wat",NA,1645423,0,"10/1/1930","9/29/2003",23562,"UT",c(-111.3001788, 39.7157951),FALSE,"PASS"
21033,"USGS",9310500,"FISH CREEK ABOVE RESERVOIR, NEAR SCOFIELD, UT","UT","ST",39.77440566,-111.191006,"F","NAD83",7636.11,0.15,"NAVD88",14060007,"dv",60,3,143076,NA,"wat",NA,1645423,0,"6/1/1931","2/13/2026",32219,"UT",c(-111.191006, 39.77440566),FALSE,"PASS"
21037,"USGS",9310700,"MUD CRK BL WINTER QUARTERS CYN @ SCOFIELD, UT","UT","ST",39.7219111,-111.1615444,"1","NAD83",7703.91,0.12,"NAVD88",14060007,"dv",60,3,295747,NA,"wat",NA,1645423,0,"8/22/1978","2/13/2026",15893,"UT",c(-111.1615444, 39.7219111),FALSE,"PASS"
21038,"USGS",9311500,"PRICE RIVER NEAR SCOFIELD, UTAH","UT","ST",39.78690558,-111.1201697,"F","NAD83",7570.13,20,"NGVD29",14060007,"dv",60,3,340172,NA,"wat",NA,1645423,0,"11/17/1917","2/14/2026",14649,"UT",c(-111.1201697, 39.78690558),FALSE,"PASS"
21042,"USGS",9312600,"WHITE R BL TABBYUNE CRK NR SOLDIER SUMMIT, UT","UT","ST",39.87601667,-111.0375167,"1","NAD83",7235.55,0.23,"NAVD88",14060007,"dv",60,3,143087,NA,"wat",NA,1645423,0,"5/19/1967","2/13/2026",21455,"UT",c(-111.0375167, 39.87601667),FALSE,"PASS"
21046,"USGS",9313000,"PRICE RIVER NEAR HEINER, UTAH","UT","ST",39.71885199,-110.8659946,"1","NAD83",6000,20,"NGVD29",14060007,"dv",60,3,143091,NA,"wat",NA,1645423,0,"6/1/1934","9/29/2003",18418,"UT",c(-110.8659946, 39.71885199),FALSE,"PASS"
21062,"USGS",9314500,"PRICE RIVER AT WOODSIDE, UT","UT","ST",39.26444444,-110.3427778,"S","NAD83",4610.61,0.13,"NAVD88",14060007,"dv",60,3,143103,NA,"wat",NA,1645423,0,"12/1/1945","2/14/2026",26469,"UT",c(-110.3427778, 39.26444444),FALSE,"PASS"
21064,"USGS",9315000,"GREEN RIVER AT GREEN RIVER, UT","UT","ST",38.98886944,-110.1503556,"5","NAD83",4043.61,0.1,"NAVD88",1.41e+11,"dv",60,3,143107,NA,"wat",NA,1645423,0,"1894-10-01","2/14/2026",46006,"UT",c(-110.1503556, 38.98886944),FALSE,"PASS"
21065,"USGS",9315005,"COLORADO RIVER PLUS GREEN RIVER (TEMP)",NA,"ST",38.98636088,-110.1515253,"F","NAD83",NA,NA,NA,14060008,"dv",60,3,143111,NA,"wat",NA,1645423,0,"10/1/1927","9/29/1983",20453,"UT",c(-110.1515253, 38.98636088),FALSE,"CHECK"
21074,"USGS",9318000,"HUNTINGTON CREEK NR HUNTINGTON, UTAH","UT","ST",39.37135608,-111.0637799,"F","NAD83",6210,20,"NGVD29",14060009,"dv",60,3,143121,NA,"wat",NA,1645423,0,"5/3/1909","10/4/1979",21876,"UT",c(-111.0637799, 39.37135608),FALSE,"PASS"
21076,"USGS",9319000,"EPHRAIM TUNNEL NEAR EPHRAIM, UT","UT","ST",39.3296855,-111.4315745,"F","NAD83",9694.9,20,"NGVD29",14060009,"dv",60,3,143123,NA,"wat",NA,1645423,0,"10/1/1960","2/14/2026",13280,"UT",c(-111.4315745, 39.3296855),FALSE,"PASS"
21088,"USGS",9324500,"COTTONWOOD CREEK NEAR ORANGEVILLE, UTAH","UT","ST",39.26663339,-111.1298922,"F","NAD83",6050,20,"NGVD29",14060009,"dv",60,3,143136,NA,"wat",NA,1645423,0,"5/1/1909","11/15/1984",24031,"UT",c(-111.1298922, 39.26663339),FALSE,"PASS"
21093,"USGS",9326500,"FERRON CREEK (UPPER STATION) NEAR FERRON, UT","UT","ST",39.1049972,-111.2289917,"1","NAD83",6290.26,0.17,"NAVD88",14060009,"dv",60,3,143141,NA,"wat",NA,1645423,0,"10/1/1911","2/14/2026",33008,"UT",c(-111.2289917, 39.1049972),FALSE,"PASS"
21097,"USGS",9328000,"SAN RAFAEL RIVER NEAR CASTLE DALE, UTAH","UT","ST",39.1382333,-110.89065,"1","NAD83",5301.66,0.2,"NAVD88",14060009,"dv",60,3,143145,NA,"wat",NA,1645423,0,"10/1/1947","2/14/2026",11862,"UT",c(-110.89065, 39.1382333),FALSE,"PASS"
21100,"USGS",9328500,"SAN RAFAEL RIVER NEAR GREEN RIVER, UT","UT","ST",38.8583081,-110.3701469,"F","NAD83",4180.95,0.11,"NAVD88",14060009,"dv",60,3,143149,NA,"wat",NA,1645423,0,"10/1/1909","2/14/2026",32643,"UT",c(-110.3701469, 38.8583081),FALSE,"PASS"
21105,"USGS",9329050,"SEVEN MILE CREEK NEAR FISH LAKE, UT","UT","ST",38.62775234,-111.6479647,"S","NAD83",9005.79,0.25,"NAVD88",14070003,"dv",60,3,325890,NA,"wat",NA,1645423,0,"10/1/1964","2/14/2026",18910,"UT",c(-111.6479647, 38.62775234),FALSE,"PASS"
21108,"USGS",9330000,"FREMONT RIVER NEAR BICKNELL, UT","UT","ST",38.3069248,-111.5187917,"S","NAD83",6888.28,0.24,"NAVD88",14070003,"dv",60,3,143161,NA,"wat",NA,1645423,0,"5/13/1909","2/14/2026",26746,"UT",c(-111.5187917, 38.3069248),FALSE,"PASS"
21110,"USGS",9330230,"FREMONT RIVER NEAR CAINEVILLE, UT","UT","ST",38.2791469,-111.0657201,"S","NAD83",4760,20,"NGVD29",14070003,"dv",60,3,168654,NA,"wat",NA,1645423,0,"3/1/1967","9/29/2011",16284,"UT",c(-111.0657201, 38.2791469),FALSE,"PASS"
21113,"USGS",9330500,"MUDDY CREEK NEAR EMERY, UT","UT","ST",38.99105556,-111.253886,"1","NAD83",6505.49,0.17,"NAVD88",14070002,"dv",60,3,237553,NA,"wat",NA,1645423,0,"10/1/1910","2/14/2026",29282,"UT",c(-111.253886, 38.99105556),FALSE,"PASS"
21123,"USGS",9333500,"DIRTY DEVIL R AB POISON SP WSH NR HANKSVILLE UT","UT","ST",38.0971222,-110.4074167,"5","NAD83",3826.73,0.15,"NAVD88",14070004,"dv",60,3,143180,NA,"wat",NA,1645423,0,"6/7/1948","2/14/2026",25616,"UT",c(-110.4074167, 38.0971222),FALSE,"PASS"
21131,"USGS",9337000,"PINE CREEK NEAR ESCALANTE, UT","UT","ST",37.86248747,-111.6360113,"F","NAD83",6401.31,0.26,"NAVD88",14070005,"dv",60,3,143191,NA,"wat",NA,1645423,0,"8/1/1950","2/14/2026",26920,"UT",c(-111.6360113, 37.86248747),FALSE,"PASS"
21132,"USGS",9337500,"ESCALANTE RIVER NEAR ESCALANTE, UT","UT","ST",37.77804389,-111.5746181,"F","NAD83",5664.43,0.24,"NAVD88",14070005,"dv",60,3,295755,NA,"wat",NA,1645423,0,"1/1/1911","2/14/2026",25278,"UT",c(-111.5746181, 37.77804389),FALSE,"PASS"
21144,"USGS",9378170,"SOUTH CREEK ABOVE RESERVOIR NEAR MONTICELLO, UT","UT","ST",37.8466608,-109.3695625,"F","NAD83",7164.57,0.15,"NAVD88",14080203,"dv",60,3,143213,NA,"wat",NA,1645423,0,"10/1/1985","2/14/2026",14747,"UT",c(-109.3695625, 37.8466608),FALSE,"PASS"
21147,"USGS",9378630,"RECAPTURE CREEK NEAR BLANDING, UT","UT","ST",37.7555504,-109.476511,"F","NAD83",7200,20,"NGVD29",14080201,"dv",60,3,143217,NA,"wat",NA,1645423,0,"10/1/1965","2/14/2026",22050,"UT",c(-109.476511, 37.7555504),FALSE,"PASS"
21152,"USGS",9379500,"SAN JUAN RIVER NEAR BLUFF, UT","UT","ST",37.15067778,-109.8666889,"1","NAD83",4046.22,0.21,"NAVD88",14080205,"dv",60,3,163674,NA,"wat",NA,1645423,0,"10/30/1914","2/14/2026",37016,"UT",c(-109.8666889, 37.15067778),FALSE,"PASS"
21157,"USGS",9403600,"KANAB CREEK NEAR KANAB, UT","UT","ST",37.10054059,-112.5479827,"S","NAD83",5049.43,0.2,"NAVD88",15010003,"dv",60,3,143239,NA,"wat",NA,1645423,0,"1/1/1979","2/14/2026",17212,"UT",c(-112.5479827, 37.10054059),FALSE,"PASS"
21165,"USGS",9404450,"EAST FORK VIRGIN RIVER NEAR GLENDALE, UT","UT","ST",37.3394272,-112.6043769,"S","NAD83",5872.07,0.23,"NAVD88",15010008,"dv",60,3,143247,NA,"wat",NA,1645423,0,"10/1/1966","2/14/2026",21687,"UT",c(-112.6043769, 37.3394272),FALSE,"PASS"
21167,"USGS",9404900,"EAST FORK VIRGIN RIVER NEAR SPRINGDALE, UT","UT","ST",37.16414955,-112.9585499,"S","NAD83",3931.22,0.23,"NAVD88",15010008,"dv",60,3,143250,NA,"wat",NA,1645423,0,"10/1/1991","2/14/2026",12556,"UT",c(-112.9585499, 37.16414955),FALSE,"PASS"
21176,"USGS",9405500,"NORTH FORK VIRGIN RIVER NEAR SPRINGDALE, UT","UT","ST",37.2097046,-112.9785512,"F","NAD83",3957.92,0.24,"NAVD88",15010008,"dv",60,3,143263,NA,"wat",NA,1645423,0,"6/6/1923","2/14/2026",36543,"UT",c(-112.9785512, 37.2097046),FALSE,"PASS"
21179,"USGS",9406000,"VIRGIN RIVER AT VIRGIN, UT","UT","ST",37.2041494,-113.1807789,"F","NAD83",3495.73,0.22,"NAVD88",15010008,"dv",60,3,143271,NA,"wat",NA,1645423,0,"5/1/1909","2/14/2026",40045,"UT",c(-113.1807789, 37.2041494),FALSE,"PASS"
21194,"USGS",9408000,"LEEDS CREEK NEAR LEEDS, UT","UT","ST",37.26748174,-113.3707839,"F","NAD83",4002.46,0.22,"NAVD88",15010008,"dv",60,3,143329,NA,"wat",NA,1645423,0,"10/1/1964","2/13/2026",22416,"UT",c(-113.3707839, 37.26748174),FALSE,"PASS"
21196,"USGS",9408150,"VIRGIN RIVER NEAR HURRICANE, UT","UT","ST",37.16276007,-113.3952285,"S","NAD83",2739.42,0.14,"NAVD88",15010008,"dv",60,3,143338,NA,"wat",NA,1645423,0,"3/1/1967","2/14/2026",20929,"UT",c(-113.3952285, 37.16276007),FALSE,"PASS"
21199,"USGS",9408400,"SANTA CLARA RIVER NEAR PINE VALLEY, UT","UT","ST",37.38331325,-113.483288,"F","NAD83",6624.05,0.23,"NAVD88",15010008,"dv",60,3,143349,NA,"wat",NA,1645423,0,"8/1/1959","2/14/2026",24273,"UT",c(-113.483288, 37.38331325),FALSE,"PASS"
21201,"USGS",9409000,"SANTA CLARA RIVER NEAR CENTRAL, UTAH","UT","ST",37.39997885,-113.6174603,"F","NAD83",5170,20,"NGVD29",15010008,"dv",60,3,143351,NA,"wat",NA,1645423,0,"4/21/1909","9/29/1961",16216,"UT",c(-113.6174603, 37.39997885),FALSE,"PASS"
21202,"USGS",9409100,"SANTA CLARA RIVER ABV BAKER RES, NR CENTRAL, UT","UT","ST",37.38470108,-113.6319052,"F","NAD83",4882.44,0.23,"NAVD88",15010008,"dv",60,3,143353,NA,"wat",NA,1645423,0,"10/1/1989","2/14/2026",13286,"UT",c(-113.6319052, 37.38470108),FALSE,"PASS"
21204,"USGS",9409880,"SANTA CLARA RIVER AT GUNLOCK, UT","UT","ST",37.28192276,-113.7674656,"F","NAD83",3628,20,"NGVD29",15010008,"dv",60,3,143355,NA,"wat",NA,1645423,0,"8/1/1969","11/24/2013",16187,"UT",c(-113.7674656, 37.28192276),FALSE,"PASS"
21206,"USGS",9410100,"SANTA CLARA RIV BLW WINSOR DAM, NR SANTA CLARA, UT","UT","ST",37.19,-113.7680556,"S","NAD83",3194.8,0.21,"NAVD88",15010008,"dv",60,3,143360,NA,"wat",NA,1645423,0,"11/24/1971","2/14/2026",15066,"UT",c(-113.7680556, 37.19),FALSE,"PASS"
21208,"USGS",9413000,"SANTA CLARA RIVER AT ST. GEORGE, UT","UT","ST",37.07525867,-113.5930125,"F","NAD83",2545.14,0.06,"NAVD88",15010008,"dv",60,3,143362,NA,"wat",NA,1645423,0,"10/1/1950","2/14/2026",17254,"UT",c(-113.5930125, 37.07525867),FALSE,"PASS"
21209,"USGS",9413200,"VIRGIN RIVER NEAR BLOOMINGTON, UT","UT","ST",37.07,-113.5838889,"S","NAD83",2511.34,0.06,"NAVD88",15010010,"dv",60,3,143363,NA,"wat",NA,1645423,0,"9/16/1977","2/14/2026",17684,"UT",c(-113.5838889, 37.07),FALSE,"PASS"
21210,"USGS",9413500,"VIRGIN RIVER NEAR ST. GEORGE, UT","UT","ST",37.0144243,-113.6805163,"S","NAD83",2401.58,0.2,"NAVD88",15010010,"dv",60,3,143365,NA,"wat",NA,1645423,0,"10/1/1950","2/14/2026",14840,"UT",c(-113.6805163, 37.0144243),FALSE,"PASS"
21211,"USGS",9413900,"BEAVER DAM WASH NEAR ENTERPRISE, UT","UT","ST",37.46996127,-114.0466483,"S","NAD83",4740.53,0.24,"NAVD88",15010010,"dv",60,3,143367,NA,"wat",NA,1645423,0,"10/1/1991","10/21/2024",12075,"UT",c(-114.0466483, 37.46996127),FALSE,"PASS"
21216,"USGS",10010500,"HILLIARD-E FK CANAL NR ST LINE NR EVANSTON, WYO.",NA,"ST-CA",40.9166139,-110.8215619,"F","NAD83",8500,20,"NGVD29",16010101,"dv",60,3,143374,NA,"wat",NA,1645423,0,"5/1/1948","9/29/1979",11474,"UT",c(-110.8215619, 40.9166139),FALSE,"CHECK"
21219,"USGS",10011500,"BEAR RIVER NEAR UTAH-WYOMING STATE LINE",NA,"ST",40.9652079,-110.853539,"S","NAD83",7961.25,0.14,"NAVD88",16010101,"dv",60,3,295846,NA,"wat",NA,1645423,0,"7/1/1942","2/14/2026",30545,"UT",c(-110.853539, 40.9652079),TRUE,"BORDER"
21221,"USGS",10017000,"YELLOW CREEK NEAR EVANSTON, WYOMING","WY","ST",41.14411319,-111.0535167,"F","NAD83",6920,20,"NGVD29",16010101,"dv",60,3,143384,NA,"wat",NA,1645423,0,"2/1/1943","10/25/1978",11589,"UT",c(-111.0535167, 41.14411319),FALSE,"FAIL"
21224,"USGS",10021000,"WOODRUFF CREEK NEAR WOODRUFF, UTAH","UT","ST",41.4818866,-111.2668638,"F","NAD83",6600,20,"NGVD29",16010101,"dv",60,3,143392,NA,"wat",NA,1645423,0,"10/1/1937","9/29/1975",11593,"UT",c(-111.2668638, 41.4818866),FALSE,"PASS"
21225,"USGS",10023000,"BIG CREEK NEAR RANDOLPH, UT","UT","ST",41.60994177,-111.2540876,"S","NAD83",6410.38,0.21,"NAVD88",16010101,"dv",60,3,143393,NA,"wat",NA,1645423,0,"3/19/1939","2/14/2026",23791,"UT",c(-111.2540876, 41.60994177),FALSE,"PASS"
21226,"USGS",10026500,"BEAR RIVER NEAR RANDOLPH, UT","UT","ST",41.79813889,-111.0706111,"S","NAD83",6200,20,"NGVD29",16010101,"dv",60,3,161863,"[(2)]","wat",NA,1645423,0,"12/1/1943","6/30/2016",19568,"UT",c(-111.0706111, 41.79813889),FALSE,"PASS"
21227,"USGS",10026500,"BEAR RIVER NEAR RANDOLPH, UT","UT","ST",41.79813889,-111.0706111,"S","NAD83",6200,20,"NGVD29",16010101,"dv",60,3,174267,NA,"wat",NA,1645423,0,"12/1/1943","10/13/1992",17850,"UT",c(-111.0706111, 41.79813889),FALSE,"PASS"
21236,"USGS",10104700,"LITTLE BEAR R BL DAVENPORT C NR AVON UT","UT","ST",41.51243597,-111.8118852,"F","NAD83",5020,20,"NGVD29",16010203,"dv",60,3,143436,NA,"wat",NA,1645423,0,"10/1/1960","9/30/1992",11688,"UT",c(-111.8118852, 41.51243597),FALSE,"PASS"
21239,"USGS",10105900,"LITTLE BEAR RIVER AT PARADISE, UT","UT","ST",41.5754898,-111.8552203,"S","NAD83",4742.67,0.11,"NAVD88",16010203,"dv",60,3,143442,NA,"wat",NA,1645423,0,"10/1/1991","2/14/2026",12192,"UT",c(-111.8552203, 41.5754898),FALSE,"PASS"
21240,"USGS",10106000,"LITTLE BEAR RIVER NEAR PARADISE, UTAH","UT","ST",41.5902117,-111.8535537,"F","NAD83",4680,20,"NGVD29",16010203,"dv",60,3,143443,NA,"wat",NA,1645423,0,"10/1/1938","9/29/1986",17531,"UT",c(-111.8535537, 41.5902117),FALSE,"PASS"
21242,"USGS",10107500,"LITTLE BEAR RIVER NEAR HYRUM, UTAH","UT","ST",41.63326597,-111.8841105,"F","NAD83",4520,20,"NGVD29",16010203,"dv",60,3,143448,NA,"wat",NA,1645423,0,"10/1/1942","3/1/1974",11475,"UT",c(-111.8841105, 41.63326597),FALSE,"PASS"
21244,"USGS",10108000,"UTAH POWER AND LIGHT TAILRACE NR LOGAN UTAH","UT","ST",41.74437546,-111.7841089,"F","NAD83",4680,20,"NGVD29",16010203,"dv",60,3,143450,NA,"wat",NA,1645423,0,"5/7/1913","11/30/1970",20748,"UT",c(-111.7841089, 41.74437546),FALSE,"PASS"
21245,"USGS",10108400,"CACHE HIGHLINE CANAL NEAR LOGAN, UTAH","UT","ST-CA",41.743375,-111.762061,"1","NAD83",4861.05,0.11,"NAVD88",16010203,"dv",60,3,143451,NA,"wat",NA,1645423,0,"5/1/1963","2/14/2026",22936,"UT",c(-111.762061, 41.743375),FALSE,"PASS"
21247,"USGS",10109000,"LOGAN RIVER ABOVE STATE DAM, NEAR LOGAN, UT","UT","ST",41.74355,-111.7839806,"1","NAD83",4681.8,0.1,"NAVD88",16010203,"dv",60,3,143453,NA,"wat",NA,1645423,0,"10/1/1953","2/14/2026",26434,"UT",c(-111.7839806, 41.74355),FALSE,"PASS"
21248,"USGS",10109001,"COM F LOGAN R AB ST D AND CACHE HL CAN NR LOGAN UT","UT","ST",41.74437546,-111.7843867,"F","NAD83",4680,20,"NGVD29",16010203,"dv",60,3,338770,NA,"wat",NA,1645423,0,"10/1/1921","2/14/2026",38122,"UT",c(-111.7843867, 41.74437546),FALSE,"PASS"
21251,"USGS",10113500,"BLACKSMITH FORK AB UP and L CO.'S DAM NR HYRUM, UT","UT","ST",41.62400556,-111.7361639,"1","NAD83",5020.52,0.12,"NAVD88",16010203,"dv",60,3,143457,NA,"wat",NA,1645423,0,"11/28/1913","2/14/2026",39557,"UT",c(-111.7361639, 41.62400556),FALSE,"PASS"
21253,"USGS",10117000,"HAMMOND (EAST SIDE) CANAL NEAR COLLINSTON, UT","UT","ST-CA",41.830746,-112.0574747,"F","NAD83",NA,NA,NA,16010204,"dv",60,3,143462,NA,"wat",NA,1645423,0,"6/1/1912","9/30/2023",30385,"UT",c(-112.0574747, 41.830746),FALSE,"PASS"
21254,"USGS",10117500,"WEST SIDE CANAL NEAR COLLINSTON, UT","UT","ST-CA",41.8318571,-112.0608081,"F","NAD83",NA,NA,NA,16010204,"dv",60,3,295852,NA,"wat",NA,1645423,0,"6/1/1912","9/30/2023",35291,"UT",c(-112.0608081, 41.8318571),FALSE,"PASS"
21257,"USGS",10118000,"BEAR RIVER NEAR COLLINSTON, UT","UT","ST",41.8340793,-112.0552524,"F","NAD83",4276.13,20,"NGVD29",16010204,"dv",60,3,334434,NA,"wat",NA,1645423,0,"10/1/1902","9/30/2023",43164,"UT",c(-112.0552524, 41.8340793),FALSE,"PASS"
21263,"USGS",10126000,"BEAR RIVER NEAR CORINNE, UT","UT","ST",41.5763213,-112.100782,"F","NAD83",4206.78,0.16,"NAVD88",16010204,"dv",60,3,143472,NA,"wat",NA,1645423,0,"10/1/1949","2/14/2026",25704,"UT",c(-112.100782, 41.5763213),FALSE,"PASS"
21278,"USGS",10128500,"WEBER RIVER NEAR OAKLEY, UT","UT","ST",40.7371721,-111.2479652,"S","NAD83",6637.22,0.14,"NAVD88",16020101,"dv",60,3,143489,NA,"wat",NA,1645423,0,"10/1/1904","2/14/2026",44330,"UT",c(-111.2479652, 40.7371721),FALSE,"PASS"
21279,"USGS",10129000,"WEBER-PROVO DIVERSION CANAL AT OAKLEY, UTAH","UT","ST-CA",40.7082836,-111.2757424,"F","NAD83",6500,20,"NGVD29",16020101,"dv",60,3,143490,NA,"wat",NA,1645423,0,"10/1/1938","9/29/1969",11322,"UT",c(-111.2757424, 40.7082836),FALSE,"PASS"
21280,"USGS",10129300,"WEBER RIVER NEAR PEOA, UTAH","UT","ST",40.75105998,-111.3704716,"F","NAD83",6052.38,0.01,"NAVD88",16020101,"dv",60,3,143491,NA,"wat",NA,1645423,0,"5/1/1957","2/14/2026",11037,"UT",c(-111.3704716, 40.75105998),FALSE,"PASS"
21282,"USGS",10129500,"WEBER RIVER NEAR WANSHIP, UT","UT","ST",40.79272607,-111.404918,"F","NAD83",5894.02,0.14,"NAVD88",16020101,"dv",60,3,143495,NA,"wat",NA,1645423,0,"10/1/1950","2/14/2026",16020,"UT",c(-111.404918, 40.79272607),FALSE,"PASS"
21285,"USGS",10130500,"WEBER RIVER NEAR COALVILLE, UT","UT","ST",40.89522527,-111.4018633,"F","NAD83",5604.38,0.14,"NAVD88",16020101,"dv",60,3,143503,NA,"wat",NA,1645423,0,"4/1/1927","2/14/2026",36109,"UT",c(-111.4018633, 40.89522527),FALSE,"PASS"
21287,"USGS",10131000,"CHALK CREEK AT COALVILLE, UT","UT","ST",40.92050285,-111.4015858,"F","NAD83",5561.43,0.01,"NAVD88",16020101,"dv",60,3,143506,NA,"wat",NA,1645423,0,"4/1/1927","2/14/2026",36115,"UT",c(-111.4015858, 40.92050285),FALSE,"PASS"
21288,"USGS",10132000,"WEBER RIVER AT ECHO, UT","UT","ST",40.9677245,-111.437699,"F","NAD83",5442.15,0.14,"NAVD88",16020101,"dv",60,3,143509,NA,"wat",NA,1645423,0,"4/1/1927","2/14/2026",25156,"UT",c(-111.437699, 40.9677245),FALSE,"PASS"
21289,"USGS",10132500,"LOST CREEK NEAR CROYDON, UTAH","UT","ST",41.18068056,-111.4004583,"1","NAD83",5825.52,0.2,"NAVD88",16020101,"dv",60,3,143512,NA,"wat",NA,1645423,0,"2/1/1921","2/14/2026",24498,"UT",c(-111.4004583, 41.18068056),FALSE,"PASS"
21292,"USGS",10133500,"WEBER RIVER AT DEVILS SLIDE, UTAH","UT","ST",41.06105605,-111.5743724,"F","NAD83",5300,20,"NGVD29",16020102,"dv",60,3,143516,NA,"wat",NA,1645423,0,"10/1/1909","9/29/1955",16621,"UT",c(-111.5743724, 41.06105605),FALSE,"PASS"
21302,"USGS",10134500,"EAST CANYON CREEK NEAR MORGAN, UT","UT","ST",40.92244629,-111.6071504,"F","NAD83",5470.75,0.26,"NAVD88",16020102,"dv",60,3,237562,NA,"wat",NA,1645423,0,"10/1/1931","2/14/2026",34471,"UT",c(-111.6071504, 40.92244629),FALSE,"PASS"
21306,"USGS",10136500,"WEBER RIVER AT GATEWAY, UT","UT","ST",41.1368878,-111.8324384,"F","NAD83",4794.09,0.12,"NAVD88",16020102,"dv",60,3,143543,NA,"wat",NA,1645423,0,"7/1/1919","2/14/2026",38611,"UT",c(-111.8324384, 41.1368878),FALSE,"PASS"
21310,"USGS",10137500,"SOUTH FORK OGDEN RIVER NEAR HUNTSVILLE, UT","UT","ST",41.26855226,-111.6741004,"F","NAD83",5181.5,0.22,"NAVD88",16020102,"dv",60,3,143549,NA,"wat",NA,1645423,0,"3/21/1921","2/14/2026",38317,"UT",c(-111.6741004, 41.26855226),FALSE,"PASS"
21318,"USGS",10139300,"WHEELER CREEK NEAR HUNTSVILLE, UTAH","UT","ST",41.25383128,-111.8429947,"S","NAD83",4800,20,"NGVD29",16020102,"dv",60,3,143560,NA,"wat",NA,1645423,0,"10/1/1958","9/29/1995",13513,"UT",c(-111.8429947, 41.25383128),FALSE,"PASS"
21321,"USGS",10140100,"OGDEN RIVER BL PINEVIEW RES NR HUNTSVILLE, UT","UT","ST",41.254387,-111.8557727,"F","NAD83",4783.2,0.16,"NAVD88",16020102,"dv",60,3,143564,NA,"wat",NA,1645423,0,"10/1/1988","2/14/2026",13651,"UT",c(-111.8557727, 41.254387),FALSE,"PASS"
21323,"USGS",10141000,"WEBER RIVER NEAR PLAIN CITY, UT","UT","ST",41.2782765,-112.0918866,"F","NAD83",4200.22,0.01,"NAVD88",16020102,"dv",60,3,143567,NA,"wat",NA,1645423,0,"10/1/1907","2/14/2026",43237,"UT",c(-112.0918866, 41.2782765),FALSE,"PASS"
21333,"USGS",10142000,"FARMINGTON CR ABV DIV NR FARMINGTON, UTAH","UT","ST",41.00133317,-111.8732724,"F","NAD83",5043.27,0.22,"NAVD88",16020102,"dv",60,3,143580,NA,"wat",NA,1645423,0,"10/1/1949","2/14/2026",16260,"UT",c(-111.8732724, 41.00133317),FALSE,"PASS"
21336,"USGS",10143500,"CENTERVILLE CREEK ABV DIV NR CENTERVILLE, UT","UT","ST",40.91633389,-111.8629931,"F","NAD83",4680,20,"NGVD29",16020102,"dv",60,3,143583,NA,"wat",NA,1645423,0,"10/1/1949","9/30/2012",16225,"UT",c(-111.8629931, 40.91633389),FALSE,"PASS"
21341,"USGS",10145400,"SALT CRK BL NEPHI POWERPLANT DIV NR NEPHI, UT","UT","ST",39.7171797,-111.7335396,"S","NAD83",5746.93,0.2,"NAVD88",16020201,"dv",60,3,143590,NA,"wat",NA,1645423,0,"9/15/1993","2/14/2026",11841,"UT",c(-111.7335396, 39.7171797),FALSE,"PASS"
21343,"USGS",10146000,"SALT CREEK AT NEPHI, UT","UT","ST",39.71301186,-111.8043759,"F","NAD83",5282.5,0.14,"NAVD88",16020201,"dv",60,3,143592,NA,"wat",NA,1645423,0,"12/1/1950","2/14/2026",22783,"UT",c(-111.8043759, 39.71301186),FALSE,"PASS"
21344,"USGS",10146400,"CURRANT CREEK NEAR MONA, UT","UT","ST",39.80259167,-111.8668806,"H","NAD83",4883.72,0.13,"NAVD88",16020201,"dv",60,3,143593,NA,"wat",NA,1645423,0,"10/1/1978","2/14/2026",17304,"UT",c(-111.8668806, 39.80259167),FALSE,"PASS"
21349,"USGS",10148200,"TIE FORK NEAR SOLDIER SUMMIT, UT","UT","ST",39.94995766,-111.2168391,"S","NAD83",6120,20,"NGVD29",16020202,"dv",60,3,143599,NA,"wat",NA,1645423,0,"10/1/1963","9/29/1996",12053,"UT",c(-111.2168391, 39.94995766),FALSE,"PASS"
21351,"USGS",10148500,"SPANISH FORK AT THISTLE, UTAH","UT","ST",39.9994002,-111.4993557,"F","NAD83",5027.28,20,"NGVD29",16020202,"dv",60,3,143601,NA,"wat",NA,1645423,0,"1/1/1908","9/29/1974",21822,"UT",c(-111.4993557, 39.9994002),FALSE,"PASS"
21357,"USGS",10150500,"SPANISH FORK AT CASTILLA, UT","UT","ST",40.0496781,-111.5479705,"F","NAD83",4869.97,0.18,"NAVD88",16020202,"dv",60,3,143608,NA,"wat",NA,1645423,0,"5/1/1919","2/14/2026",36356,"UT",c(-111.5479705, 40.0496781),FALSE,"PASS"
21358,"USGS",10152000,"SPANISH FORK NEAR LAKE SHORE, UTAH","UT","ST",40.15023176,-111.7260394,"S","NAD83",4500,20,"NGVD29",16020202,"dv",60,3,143610,NA,"wat",NA,1645423,0,"1/1/1904","5/10/1988",25185,"UT",c(-111.7260394, 40.15023176),FALSE,"PASS"
21360,"USGS",10152500,"HOBBLE CR NR SPRINGVILLE UTAH","UT","ST",40.15801248,-111.5274129,"F","NAD83",4920,20,"NGVD29",16020202,"dv",60,3,143612,NA,"wat",NA,1645423,0,"10/1/1908","9/29/1974",13788,"UT",c(-111.5274129, 40.15801248),FALSE,"PASS"
21365,"USGS",10153800,"NORTH FORK PROVO RIVER NEAR KAMAS, UT","UT","ST",40.59661455,-111.0973947,"S","NAD83",7480,20,"NGVD29",16020203,"dv",60,3,143617,NA,"wat",NA,1645423,0,"9/1/1963","9/29/1996",12083,"UT",c(-111.0973947, 40.59661455),FALSE,"PASS"
21367,"USGS",10154200,"PROVO RIVER NEAR WOODLAND, UT","UT","ST",40.5577278,-111.1687838,"F","NAD83",6958.3,0.22,"NAVD88",16020203,"dv",60,3,143619,NA,"wat",NA,1645423,0,"7/12/1963","2/14/2026",22864,"UT",c(-111.1687838, 40.5577278),FALSE,"PASS"
21369,"USGS",10155000,"PROVO RIVER NEAR HAILSTONE, UT","UT","ST",40.6051111,-111.3145278,"1","NAD83",6282.83,0.1,"NAVD88",16020203,"dv",60,3,143621,NA,"wat",NA,1645423,0,"10/1/1949","2/14/2026",27896,"UT",c(-111.3145278, 40.6051111),FALSE,"PASS"
21374,"USGS",10155500,"PROVO RIVER NEAR CHARLESTON, UT","UT","ST",40.4841221,-111.4635198,"S","NAD83",5427.04,0.09,"NAVD88",16020203,"dv",60,3,143627,NA,"wat",NA,1645423,0,"10/1/1938","2/14/2026",16933,"UT",c(-111.4635198, 40.4841221),FALSE,"PASS"
21375,"USGS",10156000,"SNAKE CREEK NEAR CHARLESTON, UT","UT","ST",40.4852332,-111.4671312,"S","NAD83",5426.64,0.09,"NAVD88",16020203,"dv",60,3,143628,NA,"wat",NA,1645423,0,"10/1/1938","2/14/2026",16374,"UT",c(-111.4671312, 40.4852332),FALSE,"PASS"
21377,"USGS",10157500,"DANIELS CREEK AT CHARLESTON, UT","UT","ST",40.46078909,-111.472687,"S","NAD83",5419,0.09,"NAVD88",16020203,"dv",60,3,143636,NA,"wat",NA,1645423,0,"5/1/1993","2/14/2026",11978,"UT",c(-111.472687, 40.46078909),FALSE,"PASS"
21379,"USGS",10159500,"PROVO RIVER BELOW DEER CREEK DAM, UT","UT","ST",40.40328927,-111.5296355,"F","NAD83",5270,20,"NGVD29",16020203,"dv",60,3,143640,NA,"wat",NA,1645423,0,"5/1/1953","9/29/2003",18414,"UT",c(-111.5296355, 40.40328927),FALSE,"PASS"
21384,"USGS",10161500,"SOUTH FORK PROVO R AT VIVIAN PARK, UTAH","UT","ST",40.35273337,-111.5701939,"F","NAD83",5240,20,"NGVD29",16020203,"dv",60,3,143645,NA,"wat",NA,1645423,0,"10/1/1911","9/29/1962",18627,"UT",c(-111.5701939, 40.35273337),FALSE,"PASS"
21387,"USGS",10163000,"PROVO RIVER AT PROVO, UT","UT","ST",40.23925556,-111.7111944,"1","NAD83",4493.22,0.16,"NAVD88",16020203,"dv",60,3,143648,NA,"wat",NA,1645423,0,"10/1/1903","2/14/2026",33381,"UT",c(-111.7111944, 40.23925556),FALSE,"PASS"
21388,"USGS",10164500,"AMERICAN FK AB UPPER POWERPLANT NR AMERICAN FK, UT","UT","ST",40.4477297,-111.6821472,"F","NAD83",5937.21,0.1,"NAVD88",16020201,"dv",60,3,143649,NA,"wat",NA,1645423,0,"1/1/1927","2/14/2026",34135,"UT",c(-111.6821472, 40.4477297),FALSE,"PASS"
21392,"USGS",10166430,"WEST CANYON CREEK NEAR CEDAR FORT, UT","UT","ST",40.4052063,-112.1005142,"S","NAD83",5628.62,0.1,"NAVD88",16020201,"dv",60,3,143652,NA,"wat",NA,1645423,0,"7/1/1965","2/14/2026",18115,"UT",c(-112.1005142, 40.4052063),FALSE,"PASS"
21394,"USGS",10167000,"JORDAN RIVER AT NARROWS NEAR LEHI, UTAH","UT","ST",40.4438384,-111.9221572,"F","NAD83",4469.44,20,"NGVD29",16020204,"dv",60,3,143655,NA,"wat",NA,1645423,0,"10/1/1935","4/7/1991",20275,"UT",c(-111.9221572, 40.4438384),FALSE,"PASS"
21426,"USGS",10168000,"LITTLE COTTONWOOD CREEK @ JORDAN RIVER NR SLC",NA,"ST",40.66430556,-111.898861,"S","NAD83",4254.24,0.13,"NAVD88",16020204,"dv",60,3,143690,NA,"wat",NA,1645423,0,"2/20/1980","2/14/2026",14164,"UT",c(-111.898861, 40.66430556),FALSE,"CHECK"
21429,"USGS",10168300,"TAILRACE AT STAIRS PLANT NEAR SALT LAKE CITY, UT","UT","ST",40.62381707,-111.752173,"F","NAD83",5460,20,"NGVD29",16020204,"dv",60,3,295869,NA,"wat",NA,1645423,0,"1/1/1927","9/29/2006",24379,"UT",c(-111.752173, 40.62381707),FALSE,"PASS"
21431,"USGS",10168500,"BIG COTTONWOOD CR NR SALT LAKE CITY UTAH","UT","ST",40.6185592,-111.7818763,"F","NAD83",4990,20,"NGVD29",16020204,"dv",60,3,143701,NA,"wat",NA,1645423,0,"10/1/1930","9/29/1990",21877,"UT",c(-111.7818763, 40.6185592),FALSE,"PASS"
21441,"USGS",10170490,"COM FLW JORDAN RIVER & SURPLUS CANAL @ SLC, UT","UT","ST-CA",40.72689076,-111.9266037,"F","NAD83",NA,NA,NA,16020204,"dv",60,3,228328,NA,"wat",NA,1645423,0,"12/1/1942","2/14/2026",30392,"UT",c(-111.9266037, 40.72689076),FALSE,"PASS"
21442,"USGS",10170500,"SURPLUS CANAL @ SALT LAKE CITY, UT","UT","ST-CA",40.72755556,-111.927361,"5","NAD83",4216.71,0.1,"NAVD88",16020204,"dv",60,3,143712,NA,"wat",NA,1645423,0,"12/1/1942","2/14/2026",30392,"UT",c(-111.927361, 40.72755556),FALSE,"PASS"
21446,"USGS",10171000,"JORDAN RIVER @ 1700 SOUTH @ SALT LAKE CITY, UT","UT","ST",40.73355737,-111.9232703,"F","NAD83",4222.64,0.13,"NAVD88",16020204,"dv",60,3,143716,NA,"wat",NA,1645423,0,"12/1/1942","2/14/2026",30392,"UT",c(-111.9232703, 40.73355737),FALSE,"PASS"
21452,"USGS",10172200,"RED BUTTE CREEK AT FORT DOUGLAS, NEAR SLC, UT","UT","ST",40.77994627,-111.806045,"S","NAD83",5403.38,0.18,"NAVD88",16020204,"dv",60,3,143725,NA,"wat",NA,1645423,0,"10/1/1963","2/14/2026",22783,"UT",c(-111.806045, 40.77994627),FALSE,"PASS"
21466,"USGS",10172630,"GOGGIN DRAIN NEAR MAGNA UTAH","UT","ST",40.81661107,-112.1007767,"F","NAD83",4194.01,0.18,"NAVD88",16020204,"dv",60,3,143741,NA,"wat",NA,1645423,0,"10/1/1963","2/14/2026",13438,"UT",c(-112.1007767, 40.81661107),FALSE,"PASS"
21469,"USGS",10172700,"VERNON CREEK NEAR VERNON, UT","UT","ST",39.97939105,-112.3802297,"S","NAD83",6207.07,0.16,"NAVD88",16020304,"dv",60,3,143744,NA,"wat",NA,1645423,0,"6/26/1958","2/14/2026",24704,"UT",c(-112.3802297, 39.97939105),FALSE,"PASS"
21477,"USGS",10172800,"SOUTH WILLOW CREEK NEAR GRANTSVILLE, UT","UT","ST",40.496313,-112.5744182,"F","NAD83",6334.75,0.14,"NAVD88",16020304,"dv",60,3,295874,NA,"wat",NA,1645423,0,"7/25/1963","2/14/2026",22851,"UT",c(-112.5744182, 40.496313),FALSE,"PASS"
21480,"USGS",10172870,"TROUT CREEK NEAR CALLAO, UT","UT","ST",39.74410784,-113.8899945,"S","NAD83",6332.16,0.16,"NAVD88",16020306,"dv",60,3,143756,NA,"wat",NA,1645423,0,"12/1/1958","2/14/2026",22053,"UT",c(-113.8899945, 39.74410784),FALSE,"PASS"
21487,"USGS",10172952,"DUNN CREEK NEAR PARK VALLEY, UT","UT","ST",41.85851438,-113.3272356,"F","NAD83",6278.22,0.14,"NAVD88",16020308,"dv",60,3,143764,NA,"wat",NA,1645423,0,"5/1/1971","2/14/2026",18916,"UT",c(-113.3272356, 41.85851438),FALSE,"PASS"
21494,"USGS",10173450,"MAMMOTH CREEK ABV WEST HATCH DITCH, NEAR HATCH, UT","UT","ST",37.6227572,-112.5168773,"S","NAD83",7285.74,0.23,"NAVD88",16030001,"dv",60,3,143771,NA,"wat",NA,1645423,0,"10/1/1964","2/14/2026",22398,"UT",c(-112.5168773, 37.6227572),FALSE,"PASS"
21498,"USGS",10174500,"SEVIER RIVER AT HATCH, UT","UT","ST",37.65109086,-112.4302069,"F","NAD83",6871.58,0.24,"NAVD88",16030001,"dv",60,3,143777,NA,"wat",NA,1645423,0,"10/1/1914","2/14/2026",36785,"UT",c(-112.4302069, 37.65109086),FALSE,"PASS"
21500,"USGS",10180000,"SEVIER RIVER NEAR CIRCLEVILLE, UT","UT","ST",38.1041436,-112.3363172,"S","NAD83",6240,20,"NGVD29",16030001,"dv",60,3,143781,NA,"wat",NA,1645423,0,"5/10/1912","9/29/1995",21035,"UT",c(-112.3363172, 38.1041436),FALSE,"PASS"
21501,"USGS",10183500,"SEVIER RIVER NEAR KINGSTON, UT","UT","ST",38.20609038,-112.2077024,"F","NAD83",5989.02,0.23,"NAVD88",16030001,"dv",60,3,143782,NA,"wat",NA,1645423,0,"6/12/1914","2/14/2026",40791,"UT",c(-112.2077024, 38.20609038),FALSE,"PASS"
21502,"USGS",10183900,"EAST FORK SEVIER RIVER NEAR RUBYS INN, UT","UT","ST",37.57581584,-112.2657537,"S","NAD83",7860,20,"NGVD29",16030002,"dv",60,3,143784,NA,"wat",NA,1645423,0,"10/1/1961","9/30/1995",12418,"UT",c(-112.2657537, 37.57581584),FALSE,"PASS"
21508,"USGS",10189000,"EAST FORK SEVIER RIVER NEAR KINGSTON, UT","UT","ST",38.19636955,-112.1477005,"S","NAD83",6159.54,0.23,"NAVD88",16030002,"dv",60,3,143791,NA,"wat",NA,1645423,0,"3/27/1913","2/15/2026",41232,"UT",c(-112.1477005, 38.19636955),FALSE,"PASS"
21509,"USGS",10189001,"COMBINED FLOW SEVIER R AND E FK SEVIER R",NA,"ST",38.3233117,-112.1918684,"F","NAD83",NA,NA,NA,16030001,"dv",60,3,143793,NA,"wat",NA,1645423,0,"10/1/1914","9/29/1977",23000,"UT",c(-112.1918684, 38.3233117),FALSE,"CHECK"
21511,"USGS",10191500,"SEVIER RIVER BELOW PIUTE DAM, NEAR MARYSVALE, UT","UT","ST",38.32803395,-112.1877015,"S","NAD83",5920,20,"NGVD29",16030003,"dv",60,3,143796,NA,"wat",NA,1645423,0,"5/17/1911","9/29/2003",33346,"UT",c(-112.1877015, 38.32803395),FALSE,"PASS"
21512,"USGS",10194000,"SEVIER RIVER ABOVE CLEAR CREEK, NEAR SEVIER, UT","UT","ST",38.5721952,-112.2582608,"S","NAD83",5560,20,"NGVD29",16030003,"dv",60,3,325957,NA,"wat",NA,1645423,0,"5/19/1911","9/30/1995",20644,"UT",c(-112.2582608, 38.5721952),FALSE,"PASS"
21513,"USGS",10194200,"CLEAR CREEK ABOVE DIVERSIONS, NEAR SEVIER, UT","UT","ST",38.5794169,-112.2885399,"F","NAD83",5677.01,0.23,"NAVD88",16030003,"dv",60,3,143798,NA,"wat",NA,1645423,0,"8/1/1957","2/14/2026",24718,"UT",c(-112.2885399, 38.5794169),FALSE,"PASS"
21517,"USGS",10205000,"SEVIER RIVER NEAR SIGURD, UT","UT","ST",38.873298,-111.9540931,"S","NAD83",5180,20,"NGVD29",16030003,"dv",60,3,143803,NA,"wat",NA,1645423,0,"10/1/1914","9/29/2003",32428,"UT",c(-111.9540931, 38.873298),FALSE,"PASS"
21518,"USGS",10205030,"SALINA CREEK NEAR EMERY, UT","UT","ST",38.9119141,-111.5304654,"F","NAD83",6988.84,0.23,"NAVD88",16030003,"dv",60,3,143804,NA,"wat",NA,1645423,0,"10/1/1963","2/14/2026",22783,"UT",c(-111.5304654, 38.9119141),FALSE,"PASS"
21522,"USGS",10206000,"SALINA CREEK AT SALINA, UT","UT","ST",38.95662956,-111.8668697,"S","NAD83",5140,20,"NGVD29",16030003,"dv",60,3,143808,NA,"wat",NA,1645423,0,"4/25/1914","9/30/1995",18907,"UT",c(-111.8668697, 38.95662956),FALSE,"PASS"
21523,"USGS",10206001,"SEVIER RIVER BELOW SALINA CREEK NEAR SALINA, UT","UT","ST",38.96551807,-111.8815927,"S","NAD83",NA,NA,NA,16030003,"dv",60,3,143809,NA,"wat",NA,1645423,0,"10/1/1943","9/29/1986",13877,"UT",c(-111.8815927, 38.96551807),FALSE,"PASS"
21531,"USGS",10215900,"MANTI CREEK BLW DUGWAY CREEK, NR MANTI, UT","UT","ST",39.25912877,-111.579916,"S","NAD83",6505.44,0.21,"NAVD88",16030004,"dv",60,3,143817,NA,"wat",NA,1645423,0,"10/1/1964","2/14/2026",20955,"UT",c(-111.579916, 39.25912877),FALSE,"PASS"
21534,"USGS",10217000,"SEVIER RIV BLW SAN PITCH RIV NR GUNNISON, UT","UT","ST",39.1552387,-111.877705,"F","NAD83",5029.08,0.21,"NAVD88",16030003,"dv",60,3,143822,NA,"wat",NA,1645423,0,"10/1/1917","2/14/2026",39584,"UT",c(-111.877705, 39.1552387),FALSE,"PASS"
21535,"USGS",10219000,"SEVIER RIVER NEAR JUAB, UT","UT","ST",39.37468029,-112.0396557,"F","NAD83",4930.86,0.23,"NAVD88",16030005,"dv",60,3,325958,NA,"wat",NA,1645423,0,"10/1/1911","2/12/2026",41774,"UT",c(-112.0396557, 39.37468029),FALSE,"PASS"
21536,"USGS",10219200,"CHICKEN CREEK NEAR LEVAN, UT","UT","ST",39.5521802,-111.8299276,"S","NAD83",5540,20,"NGVD29",16030005,"dv",60,3,295878,NA,"wat",NA,1645423,0,"10/1/1962","9/29/1995",12052,"UT",c(-111.8299276, 39.5521802),FALSE,"PASS"
21539,"USGS",10224000,"SEVIER RIVER NEAR LYNNDYL, UT","UT","ST",39.48189754,-112.3938338,"F","NAD83",4670.65,0.12,"NAVD88",16030005,"dv",60,3,143831,NA,"wat",NA,1645423,0,"4/25/1914","2/14/2026",32377,"UT",c(-112.3938338, 39.48189754),FALSE,"PASS"
21540,"USGS",10224100,"OAK CREEK ABOVE LITTLE CREEK, NEAR OAK CITY, UT","UT","ST",39.356346,-112.2327174,"S","NAD83",6480,20,"NGVD29",16030005,"dv",60,3,143834,NA,"wat",NA,1645423,0,"10/1/1964","9/29/1997",12052,"UT",c(-112.2327174, 39.356346),FALSE,"PASS"
21548,"USGS",10234500,"BEAVER RIVER NEAR BEAVER, UT","UT","ST",38.2798,-112.568286,"1","NAD83",6203.51,0.25,"NAVD88",16030007,"dv",60,3,143842,NA,"wat",NA,1645423,0,"3/15/1914","2/14/2026",40880,"UT",c(-112.568286, 38.2798),FALSE,"PASS"
21552,"USGS",10237000,"BEAVER RIVER AT ADAMSVILLE, UT","UT","ST",38.25358104,-112.766334,"F","NAD83",5550,20,"NGVD29",16030007,"dv",60,3,143849,NA,"wat",NA,1645423,0,"12/16/1913","9/30/2012",33194,"UT",c(-112.766334, 38.25358104),FALSE,"PASS"
21554,"USGS",10239000,"BEAVER RIVER AT ROCKY FORD DAM, NR MINERSVILLE, UT","UT","ST",38.21746996,-112.8402256,"F","NAD83",5400,20,"NGVD29",16030007,"dv",60,3,143852,NA,"wat",NA,1645423,0,"12/18/1913","9/29/2003",32590,"UT",c(-112.8402256, 38.21746996),FALSE,"PASS"
21563,"USGS",10242000,"COAL CREEK NEAR CEDAR CITY, UT","UT","ST",37.67219924,-113.0346702,"5","NAD83",5983.01,0.2,"NAVD88",16030006,"dv",60,3,143861,NA,"wat",NA,1645423,0,"6/1/1915","2/14/2026",34583,"UT",c(-113.0346702, 37.67219924),FALSE,"PASS"
21566,"USGS",13077700,"GEORGE CREEK NEAR YOST, UTAH","UT","ST",41.9185291,-113.4816691,"F","NAD83",7000,20,"NGVD29",17040210,"dv",60,3,143864,NA,"wat",NA,1645423,0,"7/1/1959","9/29/1989",11049,"UT",c(-113.4816691, 41.9185291),FALSE,"PASS"
21572,"USGS",3.92e+14,"HUNTINGTON CREEK NR HUNTINGTON, UTAH, TEMP STA",NA,"ST",39.37135608,-111.0637799,"F","NAD83",6210,20,"NGVD29",14060009,"dv",60,3,143921,NA,"wat",NA,1645423,0,"10/1/1943","9/29/1981",11687,"UT",c(-111.0637799, 39.37135608),FALSE,"CHECK"
22126,"USGS",12010000,"NASELLE RIVER NEAR NASELLE, WA","WA","ST",46.3739937,-123.743482,"S","NAD83",24.31,0.04,"NAVD88",17100106,"dv",60,3,148364,"STILLING WELL","wat",NA,1645423,0,"5/1/1929","9/29/2003",27180,"WA",c(-123.743482, 46.3739937),FALSE,"PASS"
22127,"USGS",12010000,"NASELLE RIVER NEAR NASELLE, WA","WA","ST",46.3739937,-123.743482,"S","NAD83",24.31,0.04,"NAVD88",17100106,"dv",60,3,148368,NA,"wat",NA,1645423,0,"10/1/1929","2/14/2026",35201,"WA",c(-123.743482, 46.3739937),FALSE,"PASS"
22134,"USGS",12013500,"WILLAPA RIVER NEAR WILLAPA, WA","WA","ST",46.65093418,-123.6526584,"S","NAD83",6.92,0.05,"NAVD88",17100106,"dv",60,3,148380,NA,"wat",NA,1645423,0,"8/26/1947","2/14/2026",26045,"WA",c(-123.6526584, 46.65093418),FALSE,"PASS"
22141,"USGS",12017000,"NORTH RIVER NEAR RAYMOND, WA","WA","ST",46.8073184,-123.8507215,"S","NAD83",7.39,10,"NGVD29",17100106,"dv",60,3,148392,NA,"wat",NA,1645423,0,"8/1/1927","9/29/2000",20269,"WA",c(-123.8507215, 46.8073184),FALSE,"PASS"
22147,"USGS",12020000,"CHEHALIS RIVER NEAR DOTY, WA","WA","ST",46.6173236,-123.277644,"S","NAD83",0,5,"NAVD88",17100103,"dv",60,3,148398,NA,"wat",NA,1645423,0,"10/1/1939","2/14/2026",31549,"WA",c(-123.277644, 46.6173236),FALSE,"PASS"
22155,"USGS",12024000,"SOUTH FORK NEWAUKUM RIVER NEAR ONALASKA, WA","WA","ST",46.57566178,-122.6851159,"S","NAD83",0,10,"NAVD88",17100103,"dv",60,3,148409,NA,"wat",NA,1645423,0,"7/1/1944","2/14/2026",12574,"WA",c(-122.6851159, 46.57566178),FALSE,"PASS"
22158,"USGS",12025000,"NEWAUKUM RIVER NEAR CHEHALIS, WA","WA","ST",46.6201042,-122.945126,"S","NAD83",0,5,"NAVD88",17100103,"dv",60,3,148414,NA,"wat",NA,1645423,0,"3/1/1929","2/14/2026",31123,"WA",c(-122.945126, 46.6201042),FALSE,"PASS"
22161,"USGS",12025700,"SKOOKUMCHUCK RIVER NEAR VAIL, WA","WA","ST",46.77260276,-122.5940086,"S","NAD83",0,5,"NAVD88",17100103,"dv",60,3,148419,NA,"wat",NA,1645423,0,"10/1/1967","2/14/2026",21322,"WA",c(-122.5940086, 46.77260276),FALSE,"PASS"
22162,"USGS",12026000,"SKOOKUMCHUCK RIVER NEAR CENTRALIA, WA","WA","ST",46.78732398,-122.7137346,"S","NAD83",300,10,"NGVD29",17100103,"dv",60,3,148420,NA,"wat",NA,1645423,0,"4/1/1929","7/31/1969",12540,"WA",c(-122.7137346, 46.78732398),FALSE,"PASS"
22163,"USGS",12026150,"SKOOKUMCHUCK RIVER BL BLDY RUN CR NR CENTRALIA, WA","WA","ST",46.79010157,-122.7354019,"S","NAD83",0,5,"NAVD88",17100103,"dv",60,3,148421,NA,"wat",NA,1645423,0,"8/1/1969","2/14/2026",20652,"WA",c(-122.7354019, 46.79010157),FALSE,"PASS"
22164,"USGS",12026400,"SKOOKUMCHUCK RIVER NEAR BUCODA, WA","WA","ST",46.7720459,-122.924298,"S","NAD83",0,5,"NAVD88",17100103,"dv",60,3,219988,NA,"wat",NA,1645423,0,"12/27/1967","2/14/2026",21235,"WA",c(-122.924298, 46.7720459),FALSE,"PASS"
22166,"USGS",12027500,"CHEHALIS RIVER NEAR GRAND MOUND, WA","WA","ST",46.7759343,-123.0356919,"S","NAD83",0,5,"NAVD88",17100103,"dv",60,3,148429,NA,"wat",NA,1645423,0,"10/1/1928","2/14/2026",35566,"WA",c(-123.0356919, 46.7759343),FALSE,"PASS"
22171,"USGS",12031000,"CHEHALIS RIVER AT PORTER, WA","WA","ST",46.93926375,-123.3143194,"S","NAD83",0,5,"NAVD88",17100103,"dv",60,3,148443,NA,"wat",NA,1645423,0,"2/1/1952","2/14/2026",26101,"WA",c(-123.3143194, 46.93926375),FALSE,"PASS"
22177,"USGS",12035000,"SATSOP RIVER NEAR SATSOP, WA","WA","ST",47.0006512,-123.4948838,"S","NAD83",0,5,"NAVD88",17100104,"dv",60,3,148454,NA,"wat",NA,1645423,0,"4/1/1929","2/14/2026",35384,"WA",c(-123.4948838, 47.0006512),FALSE,"PASS"
22179,"USGS",12035400,"WYNOOCHEE RIVER NEAR GRISDALE, WA","WA","ST",47.3803354,-123.6098648,"S","NAD83",632.59,0.11,"NAVD88",17100104,"dv",60,3,296218,NA,"wat",NA,1645423,0,"10/1/1965","2/14/2026",22034,"WA",c(-123.6098648, 47.3803354),FALSE,"PASS"
22182,"USGS",12036000,"WYNOOCHEE RIVER ABOVE SAVE CREEK NEAR ABERDEEN, WA","WA","ST",47.2989784,-123.6532235,"S","NAD83",403.85,0.07,"NAVD88",17100104,"dv",60,3,148470,NA,"wat",NA,1645423,0,"6/1/1925","2/14/2026",36784,"WA",c(-123.6532235, 47.2989784),FALSE,"PASS"
22185,"USGS",12037400,"WYNOOCHEE RIVER ABOVE BLACK CREEK NR MONTESANO, WA","WA","ST",47.0114831,-123.6554417,"S","NAD83",0,5,"NAVD88",17100104,"dv",60,3,148478,NA,"wat",NA,1645423,0,"10/1/1956","2/14/2026",24974,"WA",c(-123.6554417, 47.0114831),FALSE,"PASS"
22187,"USGS",12039000,"HUMPTULIPS RIVER NEAR HUMPTULIPS, WA","WA","ST",47.228143,-123.9410066,"S","NAD83",120,10,"NGVD29",17100105,"dv",60,3,148481,NA,"wat",NA,1645423,0,"5/1/1933","9/29/1979",14246,"WA",c(-123.9410066, 47.228143),FALSE,"PASS"
22191,"USGS",12039500,"QUINAULT RIVER AT QUINAULT LAKE, WA","WA","ST",47.4575863,-123.8893446,"S","NAD83",182.05,0.12,"NAVD88",17100102,"dv",60,3,148486,NA,"wat",NA,1645423,0,"10/1/1911","2/14/2026",40687,"WA",c(-123.8893446, 47.4575863),FALSE,"PASS"
22196,"USGS",12040500,"QUEETS RIVER NEAR CLEARWATER, WA","WA","ST",47.5378275,-124.3157227,"S","NAD83",18.73,0.09,"NAVD88",17100102,"dv",60,3,148495,NA,"wat",NA,1645423,0,"10/1/1930","2/14/2026",25949,"WA",c(-124.3157227, 47.5378275),FALSE,"PASS"
22199,"USGS",12041000,"HOH RIVER NEAR FORKS, WA","WA","ST",47.80536067,-124.1068631,"S","NAD83",320,10,"NGVD29",17100101,"dv",60,3,148498,NA,"wat",NA,1645423,0,"8/1/1926","9/29/1964",13940,"WA",c(-124.1068631, 47.80536067),FALSE,"PASS"
22200,"USGS",12041200,"HOH RIVER AT US HIGHWAY 101 NEAR FORKS, WA","WA","ST",47.80674726,-124.2510329,"S","NAD83",163.64,10,"NGVD29",17100101,"dv",60,3,148501,NA,"wat",NA,1645423,0,"10/1/1960","2/14/2026",23868,"WA",c(-124.2510329, 47.80674726),FALSE,"PASS"
22201,"USGS",12041500,"SOLEDUCK RIVER NEAR FAIRHOLM, WA","WA","ST",48.0442513,-123.9590917,"S","NAD83",1060,10,"NGVD29",17100101,"dv",60,3,148503,NA,"wat",NA,1645423,0,"10/1/1917","9/29/1980",17153,"WA",c(-123.9590917, 48.0442513),FALSE,"PASS"
22205,"USGS",12043000,"CALAWAH RIVER NEAR FORKS, WA","WA","ST",47.96007697,-124.3929872,"S","NAD83",205.04,0.02,"NAVD88",17100101,"dv",60,3,148507,NA,"wat",NA,1645423,0,"1897-11-01","2/14/2026",18581,"WA",c(-124.3929872, 47.96007697),FALSE,"PASS"
22212,"USGS",12043300,"HOKO RIVER NEAR SEKIU, WA","WA","ST",48.24146416,-124.3838328,"S","NAD83",37.29,0.11,"NAVD88",17110021,"dv",60,3,148515,NA,"wat",NA,1645423,0,"8/1/1962","2/14/2026",17569,"WA",c(-124.3838328, 48.24146416),FALSE,"PASS"
22218,"USGS",12045500,"ELWHA RIVER AT MCDONALD BR NEAR PORT ANGELES, WA","WA","ST",48.05478018,-123.5832136,"S","NAD83",204.11,0.11,"NAVD88",17110020,"dv",60,3,148527,NA,"wat",NA,1645423,0,"1897-10-01","2/14/2026",40771,"WA",c(-123.5832136, 48.05478018),FALSE,"PASS"
22223,"USGS",12048000,"DUNGENESS RIVER NEAR SEQUIM, WA","WA","ST",48.0142578,-123.1326773,"S","NAD83",565.9,0.12,"NAVD88",17110020,"dv",60,3,148548,NA,"wat",NA,1645423,0,"6/1/1923","2/14/2026",35079,"WA",c(-123.1326773, 48.0142578),FALSE,"PASS"
22231,"USGS",12052210,"BIG QUILCENE RIVER BELOW DIVERSION NR QUILCENE, WA","WA","ST",47.78450887,-122.9795778,"S","NAD83",1012.62,0.1,"NAVD88",17110018,"dv",60,3,148561,NA,"wat",NA,1645423,0,"1/21/1994","2/14/2026",11407,"WA",c(-122.9795778, 47.78450887),FALSE,"PASS"
22235,"USGS",12054000,"DUCKABUSH RIVER NEAR BRINNON, WA","WA","ST",47.68398059,-123.011551,"S","NAD83",245.22,0.11,"NAVD88",17110018,"dv",60,3,148565,NA,"wat",NA,1645423,0,"7/1/1938","2/14/2026",32003,"WA",c(-123.011551, 47.68398059),FALSE,"PASS"
22239,"USGS",12056500,"NF SKOKOMISH R BL STAIRCASE RPDS NR HOODSPORT, WA","WA","ST",47.51425666,-123.3298868,"S","NAD83",762.26,10,"NGVD29",17110017,"dv",60,3,148570,NA,"wat",NA,1645423,0,"8/1/1924","2/14/2026",37083,"WA",c(-123.3298868, 47.51425666),FALSE,"PASS"
22240,"USGS",12057500,"NORTH FORK SKOKOMISH RIVER NEAR HOODSPORT, WA","WA","ST",47.42314717,-123.222381,"S","NAD83",430,10,"NGVD29",17110017,"dv",60,3,148578,NA,"wat",NA,1645423,0,"2/1/1913","9/29/1978",20327,"WA",c(-123.222381, 47.42314717),FALSE,"PASS"
22246,"USGS",12059500,"NORTH FORK SKOKOMISH RIVER NEAR POTLATCH, WA","WA","ST",47.32978387,-123.243186,"S","NAD83",67.73,0.05,"NAVD88",17110017,"dv",60,3,148589,NA,"wat",NA,1645423,0,"4/1/1944","2/14/2026",29789,"WA",c(-123.243186, 47.32978387),FALSE,"PASS"
22249,"USGS",12060500,"SOUTH FORK SKOKOMISH RIVER NEAR UNION, WA","WA","ST",47.34036949,-123.2801586,"S","NAD83",105.91,0.09,"NAVD88",17110017,"dv",60,3,148593,NA,"wat",NA,1645423,0,"8/1/1931","2/14/2026",30508,"WA",c(-123.2801586, 47.34036949),FALSE,"PASS"
22250,"USGS",12061500,"SKOKOMISH RIVER NEAR POTLATCH, WA","WA","ST",47.3098151,-123.1770995,"S","NAD83",13.99,0.02,"NAVD88",17110017,"dv",60,3,148595,NA,"wat",NA,1645423,0,"7/1/1943","2/14/2026",29835,"WA",c(-123.1770995, 47.3098151),FALSE,"PASS"
22264,"USGS",12069550,"BIG BEEF CREEK NEAR SEABECK, WA","WA","ST",47.64064868,-122.7851527,"S","NAD83",40,10,"NGVD29",17110018,"dv",60,3,148608,NA,"wat",NA,1645423,0,"8/1/1969","10/1/2012",12555,"WA",c(-122.7851527, 47.64064868),FALSE,"PASS"
22275,"USGS",12073500,"HUGE CREEK NEAR WAUNA, WA","WA","ST",47.38926205,-122.6990241,"S","NAD83",84.7,0.05,"NAVD88",17110019,"dv",60,3,148620,NA,"wat",NA,1645423,0,"7/1/1947","2/14/2026",25794,"WA",c(-122.6990241, 47.38926205),FALSE,"PASS"
22291,"USGS",12079000,"DESCHUTES RIVER NEAR RAINIER, WA","WA","ST",46.85204488,-122.6687354,"S","NAD83",349.1,0.01,"NAVD88",17110016,"dv",60,3,296223,NA,"wat",NA,1645423,0,"6/1/1949","2/14/2026",24918,"WA",c(-122.6687354, 46.85204488),FALSE,"PASS"
22293,"USGS",12080010,"DESCHUTES RIVER AT E ST BRIDGE AT TUMWATER, WA","WA","ST",47.01173227,-122.9031686,"S","NAD83",65.33,0.02,"NAVD88",17110016,"dv",60,3,148640,NA,"wat",NA,1645423,0,"5/1/1945","2/14/2026",18978,"WA",c(-122.9031686, 47.01173227),FALSE,"PASS"
22301,"USGS",12082500,"NISQUALLY RIVER NEAR NATIONAL, WA","WA","ST",46.75260766,-122.0837194,"S","NAD83",1450,10,"NGVD29",17110015,"dv",60,3,148650,NA,"wat",NA,1645423,0,"6/1/1942","2/14/2026",30575,"WA",c(-122.0837194, 46.75260766),FALSE,"PASS"
22302,"USGS",12083000,"MINERAL CREEK NEAR MINERAL, WA","WA","ST",46.74424068,-122.144529,"S","NAD83",1310.34,0.12,"NAVD88",17110015,"dv",60,3,148655,NA,"wat",NA,1645423,0,"6/1/1942","2/14/2026",26793,"WA",c(-122.144529, 46.74424068),FALSE,"PASS"
22306,"USGS",12086500,"NISQUALLY RIVER AT LA GRANDE, WA","WA","ST",46.83927048,-122.3292809,"S","NAD83",497,0.2,"NAVD88",17110015,"dv",60,3,148663,NA,"wat",NA,1645423,0,"10/1/1906","2/14/2026",36326,"WA",c(-122.3292809, 46.83927048),FALSE,"PASS"
22307,"USGS",12087000,"MASHEL RIVER NEAR LA GRANDE, WA","WA","ST",46.85673885,-122.3025917,"S","NAD83",623.04,0.03,"NAVD88",17110015,"dv",60,3,148665,NA,"wat",NA,1645423,0,"10/1/1940","2/14/2026",18764,"WA",c(-122.3025917, 46.85673885),FALSE,"PASS"
22308,"USGS",12088000,"OHOP CREEK NEAR EATONVILLE, WA","WA","ST",46.88093699,-122.2790026,"S","NAD83",517.76,10,"NGVD29",17110015,"dv",60,3,148667,NA,"wat",NA,1645423,0,"6/1/1927","2/14/2026",24860,"WA",c(-122.2790026, 46.88093699),FALSE,"PASS"
22312,"USGS",12089208,"CENTRALIA POWER CANAL NEAR MCKENNA, WA","WA","ST-CA",46.9001003,-122.4984532,"S","NAD83",319.56,0.11,"NAVD88",17110015,"dv",60,3,148672,NA,"wat",NA,1645423,0,"3/21/1979","2/14/2026",16768,"WA",c(-122.4984532, 46.9001003),FALSE,"PASS"
22313,"USGS",12089500,"NISQUALLY RIVER AT MCKENNA, WA","WA","ST",46.93340268,-122.5609345,"S","NAD83",289.41,0.02,"NAVD88",17110015,"dv",60,3,148674,NA,"wat",NA,1645423,0,"10/1/1947","2/14/2026",25469,"WA",c(-122.5609345, 46.93340268),FALSE,"PASS"
22320,"USGS",12090400,"NORTH FORK CLOVER CREEK NEAR PARKLAND, WA","WA","ST",47.1345151,-122.4151013,"S","NAD83",305.78,0,"NAVD88",17110019,"dv",60,3,148683,NA,"wat",NA,1645423,0,"11/7/1990","2/14/2026",11832,"WA",c(-122.4151013, 47.1345151),FALSE,"PASS"
22323,"USGS",12090500,"CLOVER CREEK NEAR TILLICUM, WA","WA","ST",47.14590298,-122.5103822,"S","NAD83",250.02,0.05,"NAVD88",17110019,"dv",60,3,148687,NA,"wat",NA,1645423,0,"7/1/1949","2/14/2026",14086,"WA",c(-122.5103822, 47.14590298),FALSE,"PASS"
22329,"USGS",12091100,"FLETT CREEK AT TACOMA, WA","WA","ST",47.1888583,-122.5201028,"S","NAD83",192.66,0.01,"NAVD88",17110019,"dv",60,3,148695,NA,"wat",NA,1645423,0,"6/1/1959","2/14/2026",22820,"WA",c(-122.5201028, 47.1888583),FALSE,"PASS"
22331,"USGS",12091200,"LEACH CREEK NEAR FIRCREST, WA","WA","ST",47.22145848,-122.5092728,"S","NAD83",191.72,0.14,"NAVD88",17110019,"dv",60,3,148698,NA,"wat",NA,1645423,0,"3/1/1957","2/14/2026",24527,"WA",c(-122.5092728, 47.22145848),FALSE,"PASS"
22333,"USGS",12091300,"LEACH CREEK NEAR STEILACOOM, WA","WA","ST",47.1981538,-122.522625,"S","NAD83",140,20,"NGVD29",17110019,"dv",60,3,148701,NA,"wat",NA,1645423,0,"2/1/1957","4/29/2005",16549,"WA",c(-122.522625, 47.1981538),FALSE,"PASS"
22334,"USGS",12091500,"CHAMBERS CREEK BL LEACH CREEK NEAR STEILACOOM, WA","WA","ST",47.1975694,-122.5287173,"S","NAD83",96.53,0.14,"NAVD88",17110019,"dv",60,3,148703,NA,"wat",NA,1645423,0,"1/1/1938","2/14/2026",19472,"WA",c(-122.5287173, 47.1975694),FALSE,"PASS"
22336,"USGS",12092000,"PUYALLUP RIVER NEAR ELECTRON, WA","WA","ST",46.9037164,-122.0351092,"S","NAD83",1636.67,0.1,"NAVD88",17110014,"dv",60,3,148706,NA,"wat",NA,1645423,0,"1/1/1909","2/14/2026",35930,"WA",c(-122.0351092, 46.9037164),FALSE,"PASS"
22339,"USGS",12093500,"PUYALLUP RIVER NEAR ORTING, WA","WA","ST",47.0392396,-122.2078708,"S","NAD83",355.6,0.1,"NAVD88",17110014,"dv",60,3,148713,NA,"wat",NA,1645423,0,"10/1/1931","2/14/2026",34471,"WA",c(-122.2078708, 47.0392396),FALSE,"PASS"
22341,"USGS",12094000,"CARBON RIVER NEAR FAIRFAX, WA","WA","ST",47.02788105,-122.0326105,"S","NAD83",1213.66,0.12,"NAVD88",17110014,"dv",60,3,148719,NA,"wat",NA,1645423,0,"12/1/1910","2/14/2026",30995,"WA",c(-122.0326105, 47.02788105),FALSE,"PASS"
22344,"USGS",12095000,"SOUTH PRAIRIE CREEK AT SOUTH PRAIRIE, WA","WA","ST",47.13954628,-122.0926135,"S","NAD83",403.5,0.03,"NAVD88",17110014,"dv",60,3,323451,NA,"wat",NA,1645423,0,"6/1/1949","2/14/2026",22162,"WA",c(-122.0926135, 47.13954628),FALSE,"PASS"
22351,"USGS",12097000,"WHITE RIVER AT GREENWATER, WA","WA","ST",47.1464962,-121.6467658,"S","NAD83",1725,10,"NGVD29",17110014,"dv",60,3,148736,NA,"wat",NA,1645423,0,"4/1/1929","10/17/1975",17001,"WA",c(-121.6467658, 47.1464962),FALSE,"PASS"
22352,"USGS",12097500,"GREENWATER RIVER AT GREENWATER, WA","WA","ST",47.1534409,-121.6356543,"S","NAD83",1724.81,0.11,"NAVD88",17110014,"dv",60,3,148737,NA,"wat",NA,1645423,0,"10/1/1911","2/14/2026",31855,"WA",c(-121.6356543, 47.1534409),FALSE,"PASS"
22354,"USGS",12097850,"WHITE RIVER BELOW CLEARWATER RIVER NR BUCKLEY, WA","WA","ST",47.1467703,-121.8601066,"S","NAD83",1103.6,0.09,"NAVD88",17110014,"dv",60,3,148743,NA,"wat",NA,1645423,0,"6/1/1974","12/7/2025",12219,"WA",c(-121.8601066, 47.1467703),FALSE,"PASS"
22355,"USGS",12098500,"WHITE RIVER NEAR BUCKLEY, WA","WA","ST",47.15118666,-121.94981,"S","NAD83",3.48,0.17,"NAVD88",17110014,"dv",60,3,148748,NA,"wat",NA,1645423,0,"10/1/1928","9/30/2003",25566,"WA",c(-121.94981, 47.15118666),FALSE,"PASS"
22364,"USGS",12099600,"BOISE CREEK AT BUCKLEY, WA","WA","ST",47.175935,-122.0184452,"S","NAD83",632.84,0,"NAVD88",17110014,"dv",60,3,148783,NA,"wat",NA,1645423,0,"3/11/1977","5/14/2025",17522,"WA",c(-122.0184452, 47.175935),FALSE,"PASS"
22369,"USGS",12101100,"LAKE TAPPS DIVERSION AT DIERINGER, WA","WA","ST-CA",47.2381564,-122.2281746,"S","NAD83",45.88,0.01,"NAVD88",17110014,"dv",60,3,148814,NA,"wat",NA,1645423,0,"5/1/1958","2/14/2026",24632,"WA",c(-122.2281746, 47.2381564),FALSE,"PASS"
22371,"USGS",12101500,"PUYALLUP RIVER AT PUYALLUP, WA","WA","ST",47.20843358,-122.3270652,"S","NAD83",3.49,0.03,"NAVD88",17110014,"dv",60,3,148849,NA,"wat",NA,1645423,0,"5/1/1914","2/14/2026",40772,"WA",c(-122.3270652, 47.20843358),FALSE,"PASS"
22393,"USGS",12104000,"FRIDAY CREEK NEAR LESTER, WA","WA","ST",47.2212225,-121.4573162,"S","NAD83",1760,10,"NGVD29",17110013,"dv",60,3,148892,NA,"wat",NA,1645423,0,"10/1/1945","9/29/1977",11687,"WA",c(-121.4573162, 47.2212225),FALSE,"PASS"
22394,"USGS",12104500,"GREEN RIVER NEAR LESTER, WA","WA","ST",47.20760945,-121.5531519,"S","NAD83",1480,10,"NGVD29",17110013,"dv",60,3,148893,NA,"wat",NA,1645423,0,"10/1/1945","9/29/1993",16829,"WA",c(-121.5531519, 47.20760945),FALSE,"PASS"
22400,"USGS",12105900,"GREEN RIVER BELOW HOWARD A HANSON DAM, WA","WA","ST",47.2837143,-121.797885,"S","NAD83",990,10,"NGVD29",17110013,"dv",60,3,148901,NA,"wat",NA,1645423,0,"10/1/1960","2/14/2026",23878,"WA",c(-121.797885, 47.2837143),FALSE,"PASS"
22402,"USGS",12106500,"GREEN RIVER NEAR PALMER, WA","WA","ST",47.29426955,-121.8234415,"S","NAD83",912.6,10,"NGVD29",17110013,"dv",60,3,148903,NA,"wat",NA,1645423,0,"10/1/1931","6/30/1963",11596,"WA",c(-121.8234415, 47.29426955),FALSE,"PASS"
22403,"USGS",12106700,"GREEN RIVER AT PURIFICATION PLANT NEAR PALMER, WA","WA","ST",47.30510257,-121.8506647,"S","NAD83",859.53,10,"NGVD29",17110013,"dv",60,3,148904,NA,"wat",NA,1645423,0,"7/1/1963","2/14/2026",22875,"WA",c(-121.8506647, 47.30510257),FALSE,"PASS"
22411,"USGS",12108500,"NEWAUKUM CREEK NEAR BLACK DIAMOND, WA","WA","ST",47.2756564,-122.059559,"S","NAD83",310,10,"NGVD29",17110013,"dv",60,3,148913,NA,"wat",NA,1645423,0,"7/1/1944","2/15/2026",29115,"WA",c(-122.059559, 47.2756564),FALSE,"PASS"
22421,"USGS",12112600,"BIG SOOS CREEK ABOVE HATCHERY NEAR AUBURN, WA","WA","ST",47.31232289,-122.165396,"S","NAD83",79.98,0.05,"NAVD88",17110013,"dv",60,3,148925,NA,"wat",NA,1645423,0,"9/1/1960","2/14/2026",23908,"WA",c(-122.165396, 47.31232289),FALSE,"PASS"
22422,"USGS",12113000,"GREEN RIVER NEAR AUBURN, WA","WA","ST",47.3123228,-122.2040082,"S","NAD83",NA,NA,NA,17110013,"dv",60,3,148927,NA,"wat",NA,1645423,0,"8/1/1936","2/14/2026",32705,"WA",c(-122.2040082, 47.3123228),FALSE,"PASS"
22425,"USGS",12113346,"SPRINGBROOK CREEK AT ORILLIA, WA","WA","ST",47.43121109,-122.2276213,"S","NAD83",0,0.01,"NAVD88",17110013,"dv",60,3,148930,NA,"wat",NA,1645423,0,"10/1/1993","2/14/2026",11825,"WA",c(-122.2276213, 47.43121109),FALSE,"PASS"
22426,"USGS",12113347,"MILL CREEK AT EARTHWORKS PARK AT KENT, WA","WA","ST",47.38315577,-122.2248429,"S","NAD83",NA,NA,NA,17110013,"dv",60,3,148932,NA,"wat",NA,1645423,0,"1/11/1994","2/14/2026",11617,"WA",c(-122.2248429, 47.38315577),FALSE,"PASS"
22427,"USGS",12113349,"MILL CREEK NEAR MOUTH AT ORILLIA, WA","WA","ST",47.43009988,-122.2431772,"S","NAD83",0,0.1,"NAVD88",17110013,"dv",60,3,148934,NA,"wat",NA,1645423,0,"2/25/1994","2/14/2026",11678,"WA",c(-122.2431772, 47.43009988),FALSE,"PASS"
22431,"USGS",12114000,"SOUTH FORK CEDAR RIVER NEAR LESTER, WA","WA","ST",47.3081661,-121.5178732,"S","NAD83",2300,10,"NGVD29",17110012,"dv",60,3,148969,NA,"wat",NA,1645423,0,"10/1/1944","11/7/1983",14282,"WA",c(-121.5178732, 47.3081661),FALSE,"PASS"
22432,"USGS",12114500,"CEDAR RIVER BELOW BEAR CREEK NEAR CEDAR FALLS, WA","WA","ST",47.34202406,-121.5489688,"S","NAD83",1882.78,0.12,"NAVD88",17110012,"dv",60,3,148970,NA,"wat",NA,1645423,0,"10/1/1945","2/14/2026",25065,"WA",c(-121.5489688, 47.34202406),FALSE,"PASS"
22433,"USGS",12115000,"CEDAR RIVER NEAR CEDAR FALLS, WA","WA","ST",47.3701073,-121.6251009,"S","NAD83",1569.82,0.12,"NAVD88",17110012,"dv",60,3,148972,NA,"wat",NA,1645423,0,"10/1/1945","2/14/2026",29357,"WA",c(-121.6251009, 47.3701073),FALSE,"PASS"
22434,"USGS",12115500,"REX RIVER NEAR CEDAR FALLS, WA","WA","ST",47.35063398,-121.6631392,"S","NAD83",1727.55,0.11,"NAVD88",17110012,"dv",60,3,148977,NA,"wat",NA,1645423,0,"10/1/1945","2/14/2026",29357,"WA",c(-121.6631392, 47.35063398),FALSE,"PASS"
22435,"USGS",12115700,"BOULDER CREEK NEAR CEDAR FALLS, WA","WA","ST",47.36621625,-121.6928821,"S","NAD83",1662.24,0.14,"NAVD88",17110012,"dv",60,3,148979,NA,"wat",NA,1645423,0,"3/1/1983","2/14/2026",15264,"WA",c(-121.6928821, 47.36621625),FALSE,"PASS"
22437,"USGS",12116100,"CANYON CREEK NEAR CEDAR FALLS, WA","WA","ST",47.4195473,-121.7664977,"S","NAD83",1256.59,0.11,"NAVD88",17110012,"dv",60,3,148984,NA,"wat",NA,1645423,0,"6/1/1945","2/14/2026",29479,"WA",c(-121.7664977, 47.4195473),FALSE,"PASS"
22439,"USGS",12116500,"CEDAR RIVER AT CEDAR FALLS, WA","WA","ST",47.4170215,-121.7920335,"S","NAD83",905.86,0.11,"NAVD88",17110012,"dv",60,3,148988,NA,"wat",NA,1645423,0,"4/1/1914","2/14/2026",40863,"WA",c(-121.7920335, 47.4170215),FALSE,"PASS"
22442,"USGS",12117000,"TAYLOR CREEK NEAR SELLECK, WA","WA","ST",47.38646539,-121.846201,"S","NAD83",943.37,0.11,"NAVD88",17110012,"dv",60,3,148995,NA,"wat",NA,1645423,0,"7/1/1945","2/14/2026",25491,"WA",c(-121.846201, 47.38646539),FALSE,"PASS"
22443,"USGS",12117500,"CEDAR RIVER NEAR LANDSBURG, WA","WA","ST",47.39368648,-121.9545378,"S","NAD83",568.51,0.14,"NAVD88",17110012,"dv",60,3,148997,NA,"wat",NA,1645423,0,"1895-08-01","2/14/2026",46736,"WA",c(-121.9545378, 47.39368648),FALSE,"PASS"
22444,"USGS",12117600,"CEDAR RIVER BELOW DIVERSION NEAR LANDSBURG, WA","WA","ST",47.3795458,-121.983448,"S","NAD83",490,10,"NGVD29",17110012,"dv",60,3,148999,NA,"wat",NA,1645423,0,"12/12/1991","2/14/2026",12484,"WA",c(-121.983448, 47.3795458),FALSE,"PASS"
22450,"USGS",12118400,"ROCK CREEK AT HIGHWAY 516 NEAR RAVENSDALE, WA","WA","ST",47.36232337,-122.0109484,"S","NAD83",559.24,0.01,"NAVD88",17110012,"dv",60,3,149009,NA,"wat",NA,1645423,0,"7/1/1956","2/14/2026",11328,"WA",c(-122.0109484, 47.36232337),FALSE,"PASS"
22451,"USGS",12118500,"ROCK CREEK NEAR MAPLE VALLEY, WA","WA","ST",47.3797969,-122.0173172,"S","NAD83",400,1,"NAVD88",17110012,"dv",60,3,149013,"[discontinued 10/1/2021]","wat",NA,1645423,0,"7/1/1945","9/30/2021",17045,"WA",c(-122.0173172, 47.3797969),FALSE,"PASS"
22452,"USGS",12119000,"CEDAR RIVER AT RENTON, WA","WA","ST",47.4825999,-122.2034547,"S","NAD83",18.77,0.06,"NAVD88",17110012,"dv",60,3,149018,NA,"wat",NA,1645423,0,"9/1/1945","2/14/2026",29387,"WA",c(-122.2034547, 47.4825999),FALSE,"PASS"
22463,"USGS",12120000,"MERCER CREEK NEAR BELLEVUE, WA","WA","ST",47.60287716,-122.180956,"S","NAD83",16.11,10,"NGVD29",17110012,"dv",60,3,326116,"[Discontinued 10/30/2019]","wat",NA,1645423,0,"7/1/1945","9/30/2019",23559,"WA",c(-122.180956, 47.60287716),FALSE,"PASS"
22466,"USGS",12120600,"ISSAQUAH CREEK NEAR HOBART, WA","WA","ST",47.457297,-122.0050964,"S","NAD83",326.63,0.04,"NAVD88",17110012,"dv",60,3,149034,NA,"wat",NA,1645423,0,"10/1/1986","2/14/2026",14016,"WA",c(-122.0050964, 47.457297),FALSE,"PASS"
22469,"USGS",12121600,"ISSAQUAH CREEK NEAR MOUTH NEAR ISSAQUAH, WA","WA","ST",47.55229658,-122.0478776,"S","NAD83",42.84,0.04,"NAVD88",17110012,"dv",60,3,149038,NA,"wat",NA,1645423,0,"10/1/1963","2/14/2026",22783,"WA",c(-122.0478776, 47.55229658),FALSE,"PASS"
22483,"USGS",12125200,"SAMMAMISH RIVER NEAR WOODINVILLE, WA","WA","ST",47.70343228,-122.1437349,"S","NAD83",NA,NA,NA,17110012,"dv",60,3,149055,NA,"wat",NA,1645423,0,"2/1/1965","6/30/2006",15125,"WA",c(-122.1437349, 47.70343228),FALSE,"PASS"
22504,"USGS",12133000,"SOUTH FORK SKYKOMISH RIVER NEAR INDEX, WA","WA","ST",47.80535748,-121.546757,"S","NAD83",574.8,10,"NGVD29",17110009,"dv",60,3,296238,NA,"wat",NA,1645423,0,"10/1/1902","9/29/1982",26691,"WA",c(-121.546757, 47.80535748),FALSE,"PASS"
22507,"USGS",12134500,"SKYKOMISH RIVER NEAR GOLD BAR, WA","WA","ST",47.83732546,-121.6667809,"S","NAD83",212.91,0.04,"NAVD88",17110009,"dv",60,3,149078,NA,"wat",NA,1645423,0,"10/1/1928","2/14/2026",35566,"WA",c(-121.6667809, 47.83732546),FALSE,"PASS"
22508,"USGS",12135000,"WALLACE RIVER AT GOLD BAR, WA","WA","ST",47.8639672,-121.682596,"S","NAD83",205.9,0.1,"NAVD88",17110009,"dv",60,3,149080,NA,"wat",NA,1645423,0,"12/1/1928","2/14/2026",17785,"WA",c(-121.682596, 47.8639672),FALSE,"PASS"
22514,"USGS",12137290,"SOUTH FORK SULTAN RIVER NEAR SULTAN, WA","WA","ST",47.94732637,-121.6267826,"S","NAD83",1454.41,0.1,"NAVD88",17110009,"dv",60,3,149086,NA,"wat",NA,1645423,0,"10/1/1991","2/14/2026",12556,"WA",c(-121.6267826, 47.94732637),FALSE,"PASS"
22515,"USGS",12137500,"SULTAN RIVER NEAR STARTUP, WA","WA","ST",47.97399088,-121.7809558,"S","NAD83",750,10,"NGVD29",17110009,"dv",60,3,149092,NA,"wat",NA,1645423,0,"5/1/1934","6/30/1971",13575,"WA",c(-121.7809558, 47.97399088),FALSE,"PASS"
22516,"USGS",12137800,"SULTAN RIVER BELOW DIVERSION DAM NEAR SULTAN, WA","WA","ST",47.95926837,-121.7973447,"S","NAD83",602.36,0.11,"NAVD88",17110009,"dv",60,3,149093,NA,"wat",NA,1645423,0,"5/1/1983","2/14/2026",14107,"WA",c(-121.7973447, 47.95926837),FALSE,"PASS"
22519,"USGS",12138160,"SULTAN RIVER BELOW POWERPLANT NEAR SULTAN, WA","WA","ST",47.90732356,-121.8153994,"S","NAD83",267,0.1,"NGVD29",17110009,"dv",60,3,149105,NA,"wat",NA,1645423,0,"10/1/1983","2/14/2026",15478,"WA",c(-121.8153994, 47.90732356),FALSE,"PASS"
22524,"USGS",12141300,"MIDDLE FORK SNOQUALMIE RIVER NEAR TANNER, WA","WA","ST",47.48591189,-121.647864,"S","NAD83",784.61,0.05,"NAVD88",17110010,"dv",60,3,149113,NA,"wat",NA,1645423,0,"2/1/1961","2/14/2026",23389,"WA",c(-121.647864, 47.48591189),FALSE,"PASS"
22526,"USGS",12142000,"NF SNOQUALMIE RIVER NEAR SNOQUALMIE FALLS, WA","WA","ST",47.61482536,-121.7134437,"S","NAD83",1135,0.08,"NAVD88",17110010,"dv",60,3,149117,NA,"wat",NA,1645423,0,"10/1/1929","2/14/2026",30666,"WA",c(-121.7134437, 47.61482536),FALSE,"PASS"
22530,"USGS",12143000,"NORTH FORK SNOQUALMIE RIVER NEAR NORTH BEND, WA","WA","ST",47.5372998,-121.7417569,"S","NAD83",470,10,"NGVD29",17110010,"dv",60,3,149122,NA,"wat",NA,1645423,0,"8/1/1907","8/31/1971",13814,"WA",c(-121.7417569, 47.5372998),FALSE,"PASS"
22531,"USGS",12143400,"SF SNOQUALMIE RIVER AB ALICE CREEK NEAR GARCIA, WA","WA","ST",47.4151086,-121.5873213,"S","NAD83",1441.58,0.03,"NAVD88",17110010,"dv",60,3,296240,NA,"wat",NA,1645423,0,"10/1/1960","2/14/2026",23513,"WA",c(-121.5873213, 47.4151086),FALSE,"PASS"
22533,"USGS",12143600,"SF SNOQUALMIE RIVER AT EDGEWICK, WA","WA","ST",47.45260396,-121.7178847,"S","NAD83",574.3,0.11,"NAVD88",17110010,"dv",60,3,296242,NA,"wat",NA,1645423,0,"7/1/1962","2/14/2026",16512,"WA",c(-121.7178847, 47.45260396),FALSE,"PASS"
22534,"USGS",12143700,"BOXLEY CREEK NEAR CEDAR FALLS, WA","WA","ST",47.43257747,-121.7523104,"S","NAD83",1045.08,0.12,"NAVD88",17110010,"dv",60,3,149129,NA,"wat",NA,1645423,0,"9/1/1945","2/14/2026",29386,"WA",c(-121.7523104, 47.43257747),FALSE,"PASS"
22535,"USGS",12143900,"BOXLEY CREEK NEAR EDGEWICK, WA","WA","ST",47.44871459,-121.7317744,"S","NAD83",650,10,"NGVD29",17110010,"dv",60,3,149133,NA,"wat",NA,1645423,0,"8/12/1981","2/14/2026",16255,"WA",c(-121.7317744, 47.44871459),FALSE,"PASS"
22536,"USGS",12144000,"SF SNOQUALMIE RIVER AT NORTH BEND, WA","WA","ST",47.49288017,-121.7901109,"S","NAD83",426.32,0.03,"NAVD88",17110010,"dv",60,3,149135,NA,"wat",NA,1645423,0,"8/1/1907","2/14/2026",32426,"WA",c(-121.7901109, 47.49288017),FALSE,"PASS"
22537,"USGS",12144500,"SNOQUALMIE RIVER NEAR SNOQUALMIE, WA","WA","ST",47.5450765,-121.8423157,"S","NAD83",109.05,0.12,"NAVD88",17110010,"dv",60,3,296244,NA,"wat",NA,1645423,0,"1898-05-01","2/14/2026",26388,"WA",c(-121.8423157, 47.5450765),FALSE,"PASS"
22540,"USGS",12145500,"RAGING RIVER NEAR FALL CITY, WA","WA","ST",47.53982388,-121.9090047,"S","NAD83",237.89,0.13,"NAVD88",17110010,"dv",60,3,149141,NA,"wat",NA,1645423,0,"7/1/1945","2/14/2026",24386,"WA",c(-121.9090047, 47.53982388),FALSE,"PASS"
22544,"USGS",12147500,"NORTH FORK TOLT RIVER NEAR CARNATION, WA","WA","ST",47.71232365,-121.7887272,"S","NAD83",600,10,"NGVD29",17110010,"dv",60,3,149149,NA,"wat",NA,1645423,0,"10/1/1952","9/29/2016",21947,"WA",c(-121.7887272, 47.71232365),FALSE,"PASS"
22545,"USGS",12147600,"SOUTH FORK TOLT RIVER NEAR INDEX, WA","WA","ST",47.7067714,-121.6001069,"S","NAD83",1838.84,0.1,"NAVD88",17110010,"dv",60,3,149154,NA,"wat",NA,1645423,0,"12/1/1959","2/10/2026",22779,"WA",c(-121.6001069, 47.7067714),FALSE,"PASS"
22549,"USGS",12148000,"SOUTH FORK TOLT RIVER NEAR CARNATION, WA","WA","ST",47.68926929,-121.7134457,"S","NAD83",1261.72,0.12,"NAVD88",17110010,"dv",60,3,149162,NA,"wat",NA,1645423,0,"10/1/1952","2/14/2026",24822,"WA",c(-121.7134457, 47.68926929),FALSE,"PASS"
22550,"USGS",12148300,"SF TOLT RIVER BL REGULATING BASIN NR CARNATION, WA","WA","ST",47.69676817,-121.7873379,"S","NAD83",646.84,0.1,"NAVD88",17110010,"dv",60,3,296253,NA,"wat",NA,1645423,0,"3/1/1982","2/14/2026",16057,"WA",c(-121.7873379, 47.69676817),FALSE,"PASS"
22551,"USGS",12148500,"TOLT RIVER NEAR CARNATION, WA","WA","ST",47.69565678,-121.8240056,"S","NAD83",348,10,"NGVD29",17110010,"dv",60,3,149172,NA,"wat",NA,1645423,0,"9/1/1928","2/14/2026",33496,"WA",c(-121.8240056, 47.69565678),FALSE,"PASS"
22553,"USGS",12149000,"SNOQUALMIE RIVER NEAR CARNATION, WA","WA","ST",47.66593399,-121.9253969,"S","NAD83",2.12,0.05,"NAVD88",17110010,"dv",60,3,180583,NA,"wat",NA,1645423,0,"3/1/1929","2/14/2026",35415,"WA",c(-121.9253969, 47.66593399),FALSE,"PASS"
22556,"USGS",12150800,"SNOHOMISH RIVER NEAR MONROE, WA","WA","ST",47.830932,-122.048459,"S","NAD83",17.05,0.05,"NAVD88",17110011,"dv",60,3,149182,NA,"wat",NA,1645423,0,"2/1/1963","2/14/2026",23025,"WA",c(-122.048459, 47.830932),FALSE,"PASS"
22561,"USGS",12155300,"PILCHUCK RIVER NEAR SNOHOMISH, WA","WA","ST",47.9348201,-122.0731848,"S","NAD83",30,20,"NGVD29",17110011,"dv",60,3,149188,NA,"wat",NA,1645423,0,"5/5/1992","2/14/2026",12339,"WA",c(-122.0731848, 47.9348201),FALSE,"PASS"
22574,"USGS",12161000,"SF STILLAGUAMISH RIVER NEAR GRANITE FALLS, WA","WA","ST",48.10368686,-121.9456652,"S","NAD83",313.84,0.12,"NAVD88",17110008,"dv",60,3,149208,NA,"wat",NA,1645423,0,"8/1/1928","12/27/1980",19093,"WA",c(-121.9456652, 48.10368686),FALSE,"PASS"
22587,"USGS",12167000,"NF STILLAGUAMISH RIVER NEAR ARLINGTON, WA","WA","ST",48.2614637,-122.0476165,"S","NAD83",93.06,0.1,"NAVD88",17110008,"dv",60,3,149268,NA,"wat",NA,1645423,0,"8/1/1928","2/14/2026",35627,"WA",c(-122.0476165, 48.2614637),FALSE,"PASS"
22590,"USGS",12168500,"Pilchuck River near Bryant, WA","WA","ST",48.265935,-122.1640353,"S","NAD83",119.8,10,"NGVD29",17110008,"dv",60,3,149272,NA,"wat",NA,1645423,0,"4/1/1929","9/29/1998",12995,"WA",c(-122.1640353, 48.265935),FALSE,"PASS"
22602,"USGS",12175500,"THUNDER CREEK NEAR NEWHALEM, WA","WA","ST",48.6726287,-121.0728964,"S","NAD83",1220,10,"NGVD29",17110005,"dv",60,3,149329,NA,"wat",NA,1645423,0,"10/1/1930","2/14/2026",34831,"WA",c(-121.0728964, 48.6726287),FALSE,"PASS"
22605,"USGS",12177500,"STETATTLE CREEK NEAR NEWHALEM, WA","WA","ST",48.7220726,-121.150678,"S","NAD83",906.53,10,"NGVD29",17110005,"dv",60,3,149334,NA,"wat",NA,1645423,0,"1/1/1914","11/23/1983",18557,"WA",c(-121.150678, 48.7220726),FALSE,"PASS"
22606,"USGS",12178000,"SKAGIT RIVER AT NEWHALEM, WA","WA","ST",48.67179229,-121.2462348,"S","NAD83",406.2,0.05,"NAVD88",17110005,"dv",60,3,149338,NA,"wat",NA,1645423,0,"12/21/1908","2/14/2026",40357,"WA",c(-121.2462348, 48.67179229),FALSE,"PASS"
22607,"USGS",12178100,"NEWHALEM CREEK NEAR NEWHALEM, WA","WA","ST",48.66012536,-121.2476233,"S","NAD83",1000,20,"NGVD29",17110005,"dv",60,3,149343,NA,"wat",NA,1645423,0,"2/1/1961","8/24/2025",23443,"WA",c(-121.2476233, 48.66012536),FALSE,"PASS"
22608,"USGS",12179000,"SKAGIT RIVER ABOVE ALMA CREEK NEAR MARBLEMOUNT, WA","WA","ST",48.60734468,-121.3615155,"S","NAD83",362.8,0.03,"NAVD88",17110005,"dv",60,3,149345,NA,"wat",NA,1645423,0,"10/1/1950","1/7/2026",18472,"WA",c(-121.3615155, 48.60734468),FALSE,"PASS"
22610,"USGS",12179900,"BACON CREEK BELOW OAKES CREEK NEAR MARBLEMOUNT, WA","WA","ST",48.6045268,-121.3995491,"S","NAD83",409.3,0.12,"NAVD88",17110005,"dv",60,3,149347,NA,"wat",NA,1645423,0,"8/1/1943","2/14/2026",12616,"WA",c(-121.3995491, 48.6045268),FALSE,"PASS"
22613,"USGS",12181000,"SKAGIT RIVER AT MARBLEMOUNT, WA","WA","ST",48.5337306,-121.4298499,"S","NAD83",308.64,0.03,"NAVD88",17110005,"dv",60,3,149352,NA,"wat",NA,1645423,0,"9/1/1943","2/14/2026",20304,"WA",c(-121.4298499, 48.5337306),FALSE,"PASS"
22615,"USGS",12181100,"SF CASCADE R AT S CASCADE GL NR MARBLEMOUNT, WA","WA","ST",48.3701239,-121.0742756,"S","NAD83",5290.61,10,"NGVD29",17110005,"dv",60,3,149358,NA,"wat",NA,1645423,0,"7/1/1957","9/29/1993",12184,"WA",c(-121.0742756, 48.3701239),FALSE,"PASS"
22616,"USGS",12181200,"SALIX CREEK AT S CASCADE GL NEAR MARBLEMOUNT, WA","WA","ST",48.37095717,-121.077609,"S","NAD83",5200,10,"NGVD29",17110005,"dv",60,3,149365,NA,"wat",NA,1645423,0,"7/1/1961","10/12/2019",15315,"WA",c(-121.077609, 48.37095717),FALSE,"PASS"
22618,"USGS",12182500,"CASCADE RIVER AT MARBLEMOUNT, WA","WA","ST",48.5262307,-121.4154046,"S","NAD83",310.58,0.19,"NAVD88",17110005,"dv",60,3,149367,NA,"wat",NA,1645423,0,"10/1/1928","2/14/2026",25835,"WA",c(-121.4154046, 48.5262307),FALSE,"PASS"
22626,"USGS",12186000,"SAUK RIVER AB WHITE CHUCK RIVER NR  DARRINGTON, WA","WA","ST",48.16869195,-121.470652,"S","NAD83",925.45,0.14,"NAVD88",17110006,"dv",60,3,149376,NA,"wat",NA,1645423,0,"10/1/1917","2/14/2026",37330,"WA",c(-121.470652, 48.16869195),FALSE,"PASS"
22637,"USGS",12189500,"SAUK RIVER NEAR SAUK, WA","WA","ST",48.42455859,-121.5684634,"S","NAD83",266,10,"NGVD29",17110006,"dv",60,3,149390,NA,"wat",NA,1645423,0,"4/1/1911","2/14/2026",36115,"WA",c(-121.5684634, 48.42455859),FALSE,"PASS"
22646,"USGS",12193400,"BAKER RIVER AT HENRY THOMPSON BR AT CONCRETE, WA","WA","ST",48.54039255,-121.7434734,"S","NAD83",174.08,0.01,"NAVD88",17110005,"dv",60,3,149403,NA,"wat",NA,1645423,0,"9/11/1910","2/14/2026",31749,"WA",c(-121.7434734, 48.54039255),FALSE,"PASS"
22647,"USGS",12193500,"BAKER RIVER AT CONCRETE, WA","WA","ST",48.53983699,-121.7431956,"S","NAD83",NA,NA,NA,17110005,"dv",60,3,149404,NA,"wat",NA,1645423,0,"10/1/1910","4/30/2009",25596,"WA",c(-121.7431956, 48.53983699),FALSE,"PASS"
22648,"USGS",12194000,"SKAGIT RIVER NEAR CONCRETE, WA","WA","ST",48.52428059,-121.770974,"S","NAD83",133.96,0.02,"NAVD88",17110007,"dv",60,3,149406,NA,"wat",NA,1645423,0,"10/1/1924","2/14/2026",37027,"WA",c(-121.770974, 48.52428059),FALSE,"PASS"
22667,"USGS",12200500,"SKAGIT RIVER NEAR MOUNT VERNON, WA","WA","ST",48.4448278,-122.3354369,"S","NAD83",3.8,0.01,"NAVD88",17110007,"dv",60,3,149429,NA,"wat",NA,1645423,0,"10/1/1940","2/14/2026",31183,"WA",c(-122.3354369, 48.4448278),FALSE,"PASS"
22678,"USGS",12201500,"SAMISH RIVER NEAR BURLINGTON, WA","WA","ST",48.54594127,-122.3382169,"S","NAD83",36.72,0.02,"NAVD88",17110002,"dv",60,3,149446,NA,"wat",NA,1645423,0,"8/1/1943","2/14/2026",21023,"WA",c(-122.3382169, 48.54594127),FALSE,"PASS"
22692,"USGS",12205000,"NF NOOKSACK RIVER BL CASCADE CREEK NR GLACIER, WA","WA","ST",48.90595739,-121.8443104,"S","NAD83",1250.99,0.04,"NAVD88",17110004,"dv",60,3,149467,NA,"wat",NA,1645423,0,"10/1/1937","2/14/2026",32279,"WA",c(-121.8443104, 48.90595739),FALSE,"PASS"
22700,"USGS",12208000,"MF NOOKSACK RIVER NEAR DEMING, WA","WA","ST",48.7792828,-122.1065434,"S","NAD83",580,10,"NGVD29",17110004,"dv",60,3,149486,NA,"wat",NA,1645423,0,"8/28/1920","2/14/2026",15539,"WA",c(-122.1065434, 48.7792828),FALSE,"PASS"
22702,"USGS",12209000,"SF NOOKSACK RIVER NEAR WICKERSHAM, WA","WA","ST",48.6642413,-122.1334622,"S","NAD83",385,10,"NGVD29",17110004,"dv",60,3,149495,NA,"wat",NA,1645423,0,"5/1/1934","9/29/2008",23531,"WA",c(-122.1334622, 48.6642413),FALSE,"PASS"
22706,"USGS",12210500,"NOOKSACK RIVER AT DEMING, WA","WA","ST",48.810352,-122.2048569,"S","NAD83",204.2,10,"NGVD29",17110004,"dv",60,3,149512,NA,"wat",NA,1645423,0,"7/1/1935","9/29/2005",23985,"WA",c(-122.2048569, 48.810352),FALSE,"PASS"
22717,"USGS",12213100,"NOOKSACK RIVER AT FERNDALE, WA","WA","ST",48.84479237,-122.5893141,"S","NAD83",8.5,0.14,"NAVD88",17110004,"dv",60,3,149551,NA,"wat",NA,1645423,0,"10/1/1966","2/14/2026",21673,"WA",c(-122.5893141, 48.84479237),FALSE,"PASS"
22723,"USGS",12396500,"PEND OREILLE RIVER BELOW BOX CANYON NEAR IONE, WA","WA","ST",48.7809561,-117.4163706,"S","NAD83",1904.2,0.19,"NAVD88",17010216,"dv",60,3,149573,NA,"wat",NA,1645423,0,"10/1/1952","2/14/2026",26800,"WA",c(-117.4163706, 48.7809561),FALSE,"PASS"
22725,"USGS",12397100,"OUTLET CREEK NEAR METALINE FALLS, WA","WA","ST",48.84492215,-117.2877419,"S","NAD83",2540.2,10,"NGVD29",17010216,"dv",60,3,149578,NA,"wat",NA,1645423,0,"1/1/1959","11/19/2015",20777,"WA",c(-117.2877419, 48.84492215),FALSE,"PASS"
22728,"USGS",12398500,"PEND OREILLE RIVER BL Z CNYN NR METALINE FALLS, WA","WA","ST",48.9804804,-117.3455234,"S","NAD83",1721.18,10,"NGVD29",17010216,"dv",60,3,149583,NA,"wat",NA,1645423,0,"10/1/1912","9/29/1964",18992,"WA",c(-117.3455234, 48.9804804),FALSE,"PASS"
22729,"USGS",12398600,"PEND OREILLE RIVER AT INTERNATIONAL BOUNDARY",NA,"ST",48.99881409,-117.3535794,"S","NAD83",1700,10,"NGVD29",17010216,"dv",60,3,174060,NA,"wat",NA,1645423,0,"12/1/1962","1/31/2026",22651,"WA",c(-117.3535794, 48.99881409),FALSE,"CHECK"
22730,"USGS",12399500,"COLUMBIA RIVER AT INTERNATIONAL BOUNDARY",NA,"ST",49.00074966,-117.6294206,"S","NAD83",1202.84,0.12,"NAVD88",17020001,"dv",60,3,296266,NA,"wat",NA,1645423,0,"3/1/1938","2/14/2026",32128,"WA",c(-117.6294206, 49.00074966),FALSE,"CHECK"
22735,"USGS",12401500,"KETTLE RIVER NEAR FERRY, WA","WA","ST",48.98128428,-118.7664259,"S","NAD83",1836.8,10,"NGVD29",17020002,"dv",60,3,149610,NA,"wat",NA,1645423,0,"10/1/1928","2/14/2026",35566,"WA",c(-118.7664259, 48.98128428),FALSE,"PASS"
22738,"USGS",12404500,"KETTLE RIVER NEAR LAURIER, WA","WA","ST",48.9842824,-118.216401,"S","NAD83",1435.22,0.09,"NAVD88",17020002,"dv",60,3,149617,NA,"wat",NA,1645423,0,"9/1/1929","2/14/2026",35231,"WA",c(-118.216401, 48.9842824),FALSE,"PASS"
22749,"USGS",12408500,"MILL CREEK NEAR COLVILLE, WA","WA","ST",48.5787928,-117.8666478,"S","NAD83",1950,10,"NGVD29",17020003,"dv",60,3,149629,NA,"wat",NA,1645423,0,"2/1/1940","10/3/1986",15239,"WA",c(-117.8666478, 48.5787928),FALSE,"PASS"
22751,"USGS",12409000,"COLVILLE RIVER AT KETTLE FALLS, WA","WA","ST",48.5943461,-118.0624887,"S","NAD83",1400,10,"NGVD29",17020003,"dv",60,3,149631,NA,"wat",NA,1645423,0,"11/1/1922","2/14/2026",37574,"WA",c(-118.0624887, 48.5943461),FALSE,"PASS"
22759,"USGS",12422500,"Spokane River at Spokane, WA","WA","ST",47.6593354,-117.4491029,"H","NAD83",1696.6,10,"NGVD29",17010305,"dv",60,3,149640,NA,"wat",NA,1645423,0,"1891-04-01","2/14/2026",49263,"WA",c(-117.4491029, 47.6593354),FALSE,"PASS"
22761,"USGS",12424000,"Hangman Creek at Spokane, WA","WA","ST",47.6526688,-117.449658,"S","NAD83",1717.42,10,"NGVD29",17010306,"dv",60,3,149645,NA,"wat",NA,1645423,0,"4/1/1948","2/14/2026",28315,"WA",c(-117.449658, 47.6526688),FALSE,"PASS"
22764,"USGS",12427000,"LITTLE SPOKANE RIVER AT ELK, WA","WA","ST",48.0221196,-117.2729919,"S","NAD83",1840,20,"NGVD29",17010308,"dv",60,3,326149,"[Discontinued 10/01/2019]","wat",NA,1645423,0,"7/1/1948","9/30/2019",12532,"WA",c(-117.2729919, 48.0221196),FALSE,"PASS"
22765,"USGS",12431000,"LITTLE SPOKANE RIVER AT DARTFORD, WA","WA","ST",47.78461388,-117.4043856,"S","NAD83",1589.71,0.08,"NAVD88",17010308,"dv",60,3,326150,NA,"wat",NA,1645423,0,"5/1/1929","2/14/2026",30148,"WA",c(-117.4043856, 47.78461388),FALSE,"PASS"
22766,"USGS",12431500,"LITTLE SPOKANE RIVER NEAR DARTFORD, WA","WA","ST",47.78100099,-117.4963338,"S","NAD83",1550,10,"NGVD29",17010308,"dv",60,3,149653,NA,"wat",NA,1645423,0,"4/1/1948","2/14/2026",11825,"WA",c(-117.4963338, 47.78100099),FALSE,"PASS"
22767,"USGS",12433000,"SPOKANE RIVER AT LONG LAKE, WA","WA","ST",47.8365534,-117.8413478,"S","NAD83",1299,10,"NGVD29",17010307,"dv",60,3,149656,NA,"wat",NA,1645423,0,"4/1/1939","1/31/2026",31718,"WA",c(-117.8413478, 47.8365534),FALSE,"PASS"
22769,"USGS",12433200,"CHAMOKANE CREEK BELOW FALLS NEAR LONG LAKE, WA","WA","ST",47.8632201,-117.858294,"S","NAD83",1420,10,"NGVD29",17010307,"dv",60,3,149658,NA,"wat",NA,1645423,0,"2/1/1971","2/14/2026",17568,"WA",c(-117.858294, 47.8632201),FALSE,"PASS"
22776,"USGS",12435500,"FEEDER CANAL AT GRAND COULEE, WA","WA","ST-CA",47.9512632,-118.995577,"S","NAD83",NA,NA,NA,17020001,"dv",60,3,149676,NA,"wat",NA,1645423,0,"5/1/1952","1/31/2026",26550,"WA",c(-118.995577, 47.9512632),FALSE,"PASS"
22780,"USGS",12436500,"COLUMBIA RIVER AT GRAND COULEE, WA","WA","ST",47.9654302,-118.9827992,"S","NAD83",900,10,"NGVD29",17020005,"dv",60,3,329706,NA,"wat",NA,1645423,0,"7/1/1923","1/31/2026",35856,"WA",c(-118.9827992, 47.9654302),FALSE,"PASS"
22784,"USGS",12438000,"COLUMBIA RIVER AT BRIDGEPORT, WA","WA","ST",48.0065333,-119.6653303,"S","NAD83",0,10,"NGVD29",17020005,"dv",60,3,329707,NA,"wat",NA,1645423,0,"4/1/1952","2/1/2026",26969,"WA",c(-119.6653303, 48.0065333),FALSE,"PASS"
22788,"USGS",12439500,"OKANOGAN RIVER AT OROVILLE, WA","WA","ST",48.9307184,-119.4203419,"S","NAD83",900,10,"NGVD29",17020006,"dv",60,3,149701,NA,"wat",NA,1645423,0,"10/1/1942","2/14/2026",30453,"WA",c(-119.4203419, 48.9307184),FALSE,"PASS"
22795,"USGS",12442500,"SIMILKAMEEN RIVER NEAR NIGHTHAWK, WA","WA","ST",48.98460109,-119.6184098,"S","NAD83",1137.7,10,"NGVD29",17020007,"dv",60,3,149716,NA,"wat",NA,1645423,0,"10/1/1928","2/14/2026",35562,"WA",c(-119.6184098, 48.98460109),FALSE,"PASS"
22802,"USGS",12445000,"OKANOGAN RIVER NEAR TONASKET, WA","WA","ST",48.632375,-119.4617229,"S","NAD83",860.78,10,"NGVD29",17020006,"dv",60,3,149730,NA,"wat",NA,1645423,0,"5/1/1929","2/14/2026",35353,"WA",c(-119.4617229, 48.632375),FALSE,"PASS"
22816,"USGS",12447200,"OKANOGAN RIVER AT MALOTT, WA","WA","ST",48.2812606,-119.7045047,"S","NAD83",783.55,10,"NGVD29",17020006,"dv",60,3,296281,NA,"wat",NA,1645423,0,"12/18/1965","2/14/2026",21966,"WA",c(-119.7045047, 48.2812606),FALSE,"PASS"
22821,"USGS",12447383,"METHOW RIVER ABOVE GOAT CREEK NEAR MAZAMA, WA","WA","ST",48.57425,-120.385861,"S","NAD83",2040,10,"NGVD29",17020008,"dv",60,3,149758,NA,"wat",NA,1645423,0,"4/20/1991","2/14/2026",12307,"WA",c(-120.385861, 48.57425),FALSE,"PASS"
22823,"USGS",12447390,"ANDREWS CREEK NEAR MAZAMA, WA","WA","ST",48.8228737,-120.1459038,"S","NAD83",4271.56,0.11,"NAVD88",17020008,"dv",60,3,149761,NA,"wat",NA,1645423,0,"6/1/1968","2/14/2026",21078,"WA",c(-120.1459038, 48.8228737),FALSE,"PASS"
22825,"USGS",12448000,"CHEWUCH RIVER AT WINTHROP, WA","WA","ST",48.4770898,-120.1864734,"S","NAD83",1736.26,10,"NGVD29",17020008,"dv",60,3,149767,NA,"wat",NA,1645423,0,"10/1/1991","2/14/2026",12556,"WA",c(-120.1864734, 48.4770898),FALSE,"PASS"
22826,"USGS",12448500,"METHOW RIVER AT WINTHROP, WA","WA","ST",48.4734787,-120.1773063,"S","NAD83",1718.09,0.01,"NGVD29",17020008,"dv",60,3,149775,NA,"wat",NA,1645423,0,"1/1/1912","2/14/2026",13886,"WA",c(-120.1773063, 48.4734787),FALSE,"PASS"
22831,"USGS",12448998,"TWISP RIVER NEAR TWISP, WA","WA","ST",48.3698671,-120.148693,"S","NAD83",1640,10,"NGVD29",17020008,"dv",60,3,149787,NA,"wat",NA,1645423,0,"5/1/1975","2/14/2026",14890,"WA",c(-120.148693, 48.3698671),FALSE,"PASS"
22832,"USGS",12449500,"METHOW RIVER AT TWISP, WA","WA","ST",48.36514507,-120.1161917,"S","NAD83",1580,10,"NGVD29",17020008,"dv",60,3,149792,NA,"wat",NA,1645423,0,"6/1/1919","2/14/2026",27085,"WA",c(-120.1161917, 48.36514507),FALSE,"PASS"
22837,"USGS",12449950,"METHOW RIVER NEAR PATEROS, WA","WA","ST",48.0773639,-119.9850723,"S","NAD83",900,10,"NGVD29",17020008,"dv",60,3,296286,NA,"wat",NA,1645423,0,"4/1/1959","2/14/2026",24427,"WA",c(-119.9850723, 48.0773639),FALSE,"PASS"
22839,"USGS",12450700,"COLUMBIA RIVER BELOW WELLS DAM, WA","WA","ST",47.94652975,-119.86673,"S","NAD83",700,10,"NGVD29",17020005,"dv",60,3,329469,NA,"wat",NA,1645423,0,"10/1/1967","2/1/2026",21309,"WA",c(-119.86673, 47.94652975),FALSE,"PASS"
22840,"USGS",12451000,"STEHEKIN RIVER AT STEHEKIN, WA","WA","ST",48.32958017,-120.6917668,"S","NAD83",1098.5,10,"NGVD29",17020009,"dv",60,3,149819,NA,"wat",NA,1645423,0,"12/1/1910","2/14/2026",37967,"WA",c(-120.6917668, 48.32958017),FALSE,"PASS"
22841,"USGS",12451500,"RAILROAD CREEK AT LUCERNE, WA","WA","ST",48.19569165,-120.5984299,"S","NAD83",1250,10,"NGVD29",17020009,"dv",60,3,149821,NA,"wat",NA,1645423,0,"12/1/1910","9/29/1957",12173,"WA",c(-120.5984299, 48.19569165),FALSE,"PASS"
22846,"USGS",12452500,"CHELAN RIVER AT CHELAN, WA","WA","ST",47.83528716,-120.009638,"S","NAD83",NA,NA,NA,17020009,"dv",60,3,149827,NA,"wat",NA,1645423,0,"11/1/1903","12/31/2025",44622,"WA",c(-120.009638, 47.83528716),FALSE,"PASS"
22848,"USGS",12452800,"ENTIAT RIVER NEAR ARDENVOIR, WA","WA","ST",47.81846178,-120.4231438,"S","NAD83",1560.97,10,"NGVD29",17020010,"dv",60,3,149828,NA,"wat",NA,1645423,0,"9/1/1957","2/14/2026",25004,"WA",c(-120.4231438, 47.81846178),FALSE,"PASS"
22853,"USGS",12453700,"COLUMBIA RIVER AT ROCKY REACH DAM, WA","WA","ST",47.5242934,-120.3022969,"S","NAD83",0,10,"NGVD29",17020010,"dv",60,3,329470,NA,"wat",NA,1645423,0,"10/1/1960","1/30/2026",23862,"WA",c(-120.3022969, 47.5242934),FALSE,"PASS"
22857,"USGS",12456500,"CHIWAWA RIVER NEAR PLAIN, WA","WA","ST",47.8373111,-120.6622862,"S","NAD83",2097.25,0.12,"NAVD88",17020011,"dv",60,3,149840,NA,"wat",NA,1645423,0,"5/29/1911","2/14/2026",19516,"WA",c(-120.6622862, 47.8373111),FALSE,"PASS"
22858,"USGS",12457000,"WENATCHEE RIVER AT PLAIN, WA","WA","ST",47.76286656,-120.6661735,"S","NAD83",1808.87,0.12,"NAVD88",17020011,"dv",60,3,149842,NA,"wat",NA,1645423,0,"11/27/1910","2/14/2026",37771,"WA",c(-120.6661735, 47.76286656),FALSE,"PASS"
22859,"USGS",12458000,"ICICLE CREEK ABOVE SNOW CREEK NEAR LEAVENWORTH, WA","WA","ST",47.54092147,-120.720059,"S","NAD83",1414.27,0.12,"NAVD88",17020011,"dv",60,3,149844,NA,"wat",NA,1645423,0,"10/1/1936","2/14/2026",24615,"WA",c(-120.720059, 47.54092147),FALSE,"PASS"
22861,"USGS",12459000,"WENATCHEE RIVER AT PESHASTIN, WA","WA","ST",47.5831447,-120.6195014,"S","NAD83",1031.71,0.12,"NAVD88",17020011,"dv",60,3,149847,NA,"wat",NA,1645423,0,"3/1/1929","2/14/2026",35415,"WA",c(-120.6195014, 47.5831447),FALSE,"PASS"
22867,"USGS",12462500,"WENATCHEE RIVER AT MONITOR, WA","WA","ST",47.4992578,-120.4244935,"S","NAD83",689.65,0.12,"NAVD88",17020011,"dv",60,3,149854,NA,"wat",NA,1645423,0,"10/1/1962","2/14/2026",23148,"WA",c(-120.4244935, 47.4992578),FALSE,"PASS"
22868,"USGS",12462600,"COLUMBIA RIVER BELOW ROCK ISLAND DAM, WA","WA","ST",47.33235176,-120.081171,"S","NAD83",500,10,"NGVD29",17020010,"dv",60,3,329492,NA,"wat",NA,1645423,0,"6/1/1961","2/1/2026",23621,"WA",c(-120.081171, 47.33235176),FALSE,"PASS"
22872,"USGS",12464500,"COLUMBIA RIVER AT TRINIDAD, WA","WA","ST",47.22485308,-120.015056,"S","NAD83",499.3,10,"NGVD29",17020010,"dv",60,3,149860,NA,"wat",NA,1645423,0,"5/1/1913","3/31/1963",12752,"WA",c(-120.015056, 47.22485308),FALSE,"PASS"
22876,"USGS",12464800,"COAL CREEK AT MOHLER, WA","WA","ST",47.4068192,-118.3188652,"S","NAD83",2000,10,"NGVD29",17020013,"dv",60,3,149864,NA,"wat",NA,1645423,0,"5/1/1963","2/14/2026",12712,"WA",c(-118.3188652, 47.4068192),FALSE,"PASS"
22878,"USGS",12465000,"CRAB CREEK AT IRBY, WA","WA","ST",47.36038447,-118.8499972,"S","NAD83",1386.3,10,"NGVD29",17020013,"dv",60,3,149866,NA,"wat",NA,1645423,0,"9/1/1942","2/14/2026",30483,"WA",c(-118.8499972, 47.36038447),FALSE,"PASS"
22883,"USGS",12467000,"CRAB CREEK NEAR MOSES LAKE, WA","WA","ST",47.1893085,-119.265855,"S","NAD83",1070.39,10,"NGVD29",17020015,"dv",60,3,149872,NA,"wat",NA,1645423,0,"10/1/1942","2/14/2026",30453,"WA",c(-119.265855, 47.1893085),FALSE,"PASS"
22886,"USGS",12470500,"ROCKY FORD CREEK NEAR EPHRATA, WA","WA","ST",47.31264008,-119.445588,"S","NAD83",1068.51,10,"NGVD29",17020015,"dv",60,3,149881,NA,"wat",NA,1645423,0,"8/1/1942","10/9/1991",17967,"WA",c(-119.445588, 47.31264008),FALSE,"PASS"
22898,"USGS",12472600,"CRAB CREEK NEAR BEVERLY, WA","WA","ST",46.8298196,-119.8311276,"S","NAD83",504.51,0.08,"NAVD88",17020015,"dv",60,3,149894,NA,"wat",NA,1645423,0,"2/12/1959","2/14/2026",24383,"WA",c(-119.8311276, 46.8298196),FALSE,"PASS"
22899,"USGS",12472800,"COLUMBIA RIVER BELOW PRIEST RAPIDS DAM, WA","WA","ST",46.6287084,-119.8647355,"S","NAD83",393.38,0.08,"NAVD88",17020016,"dv",60,3,149896,NA,"wat",NA,1645423,0,"10/1/1917","2/14/2026",39584,"WA",c(-119.8647355, 46.6287084),FALSE,"PASS"
22914,"USGS",12474500,"YAKIMA RIVER NEAR MARTIN, WA","WA","ST",47.32122417,-121.3362047,"S","NAD83",2422.4,10,"NGVD29",17030001,"dv",60,3,149917,NA,"wat",NA,1645423,0,"2/1/1904","9/29/1978",27070,"WA",c(-121.3362047, 47.32122417),FALSE,"PASS"
22916,"USGS",12476000,"KACHESS RIVER NEAR EASTON, WA","WA","ST",47.2612262,-121.2034242,"S","NAD83",2188.1,10,"NGVD29",17030001,"dv",60,3,149919,NA,"wat",NA,1645423,0,"2/1/1904","9/29/1978",27270,"WA",c(-121.2034242, 47.2612262),FALSE,"PASS"
22918,"USGS",12479000,"CLE ELUM RIVER NEAR ROSLYN, WA","WA","ST",47.24456209,-121.0678642,"S","NAD83",2102.1,10,"NGVD29",17030001,"dv",60,3,149921,NA,"wat",NA,1645423,0,"10/1/1903","9/29/1978",27393,"WA",c(-121.0678642, 47.24456209),FALSE,"PASS"
22919,"USGS",12479500,"YAKIMA RIVER AT CLE ELUM, WA","WA","ST",47.19123078,-120.9470269,"S","NAD83",1902.27,10,"NGVD29",17030001,"dv",60,3,149922,NA,"wat",NA,1645423,0,"10/1/1906","3/31/1990",27366,"WA",c(-120.9470269, 47.19123078),FALSE,"PASS"
22928,"USGS",12484500,"YAKIMA RIVER AT UMTANUM, WA","WA","ST",46.8626264,-120.480067,"S","NAD83",1300,10,"NGVD29",17030001,"dv",60,3,149931,NA,"wat",NA,1645423,0,"10/1/1908","2/14/2026",40542,"WA",c(-120.480067, 46.8626264),FALSE,"PASS"
22933,"USGS",12488000,"BUMPING RIVER NEAR NILE, WA","WA","ST",46.87261385,-121.292586,"S","NAD83",3367.1,10,"NGVD29",17030002,"dv",60,3,149939,NA,"wat",NA,1645423,0,"5/1/1909","9/29/1978",25354,"WA",c(-121.292586, 46.87261385),FALSE,"PASS"
22934,"USGS",12488500,"AMERICAN RIVER NEAR NILE, WA","WA","ST",46.97761606,-121.168696,"S","NAD83",2700,10,"NGVD29",17030002,"dv",60,3,149940,NA,"wat",NA,1645423,0,"4/25/1909","2/14/2026",32336,"WA",c(-121.168696, 46.97761606),FALSE,"PASS"
22937,"USGS",12491500,"TIETON RIVER AT TIETON DAM NEAR NACHES, WA","WA","ST",46.66261758,-121.1248017,"S","NAD83",2680.99,10,"NGVD29",17030002,"dv",60,3,149947,NA,"wat",NA,1645423,0,"3/1/1909","9/29/1978",21947,"WA",c(-121.1248017, 46.66261758),FALSE,"PASS"
22938,"USGS",12492500,"TIETON RIVER AT CANAL HEADWORKS NEAR NACHES, WA","WA","ST",46.67095305,-121.0039662,"S","NAD83",2280.44,10,"NGVD29",17030002,"dv",60,3,149948,NA,"wat",NA,1645423,0,"10/1/1907","9/29/1978",25235,"WA",c(-121.0039662, 46.67095305),FALSE,"PASS"
22939,"USGS",12494000,"NACHES RIVER BELOW TIETON RIVER NEAR NACHES, WA","WA","ST",46.7454015,-120.76924,"S","NAD83",1549.67,10,"NGVD29",17030002,"dv",60,3,296292,NA,"wat",NA,1645423,0,"3/1/1909","9/29/1979",24686,"WA",c(-120.76924, 46.7454015),FALSE,"PASS"
22942,"USGS",12500450,"YAKIMA RIVER ABOVE AHTANUM CREEK AT UNION GAP, WA","WA","ST",46.53425817,-120.4672519,"S","NAD83",903.42,0.21,"NAVD88",17030003,"dv",60,3,149967,NA,"wat",NA,1645423,0,"10/1/1966","2/14/2026",21687,"WA",c(-120.4672519, 46.53425817),FALSE,"PASS"
22943,"USGS",12500500,"NORTH FORK AHTANUM CREEK NEAR TAMPICO, WA","WA","ST",46.56428845,-120.9170188,"S","NAD83",2450,10,"NGVD29",17030003,"dv",60,3,149969,NA,"wat",NA,1645423,0,"10/1/1909","10/2/1978",21838,"WA",c(-120.9170188, 46.56428845),FALSE,"PASS"
22944,"USGS",12501000,"SF AHTANUM CREEK AT CONRAD RANCH NR TAMPICO, WA","WA","ST",46.51095537,-120.9164626,"S","NAD83",2400,10,"NGVD29",17030003,"dv",60,3,149970,NA,"wat",NA,1645423,0,"4/1/1915","9/29/1978",19181,"WA",c(-120.9164626, 46.51095537),FALSE,"PASS"
22947,"USGS",12502500,"AHTANUM CREEK AT UNION GAP, WA","WA","ST",46.53596038,-120.4733968,"S","NAD83",940,10,"NGVD29",17030003,"dv",60,3,149973,NA,"wat",NA,1645423,0,"5/1/1904","2/14/2026",25918,"WA",c(-120.4733968, 46.53596038),FALSE,"PASS"
22953,"USGS",12505000,"YAKIMA RIVER NEAR PARKER, WA","WA","ST",46.4970718,-120.4428397,"S","NAD83",885.89,10,"NGVD29",17030003,"dv",60,3,149982,NA,"wat",NA,1645423,0,"5/1/1908","9/29/1978",25719,"WA",c(-120.4428397, 46.4970718),FALSE,"PASS"
22971,"USGS",12508990,"YAKIMA RIVER AT MABTON, WA","WA","ST",46.23120786,-119.9994537,"S","NAD83",635.12,0.05,"NAVD88",17030003,"dv",60,3,150076,NA,"wat",NA,1645423,0,"10/1/1970","2/14/2026",19861,"WA",c(-119.9994537, 46.23120786),FALSE,"PASS"
22982,"USGS",12510500,"YAKIMA RIVER AT KIONA, WA","WA","ST",46.25346748,-119.4780794,"S","NAD83",454.41,10,"NGVD29",17030003,"dv",60,3,150108,NA,"wat",NA,1645423,0,"10/1/1905","2/14/2026",37377,"WA",c(-119.4780794, 46.25346748),FALSE,"PASS"
22999,"USGS",12513000,"ESQUATZEL COULEE AT CONNELL, WA","WA","ST",46.66347327,-118.863334,"S","NAD83",820,10,"NGVD29",17020016,"dv",60,3,150145,NA,"wat",NA,1645423,0,"10/1/1952","9/29/2014",22510,"WA",c(-118.863334, 46.66347327),FALSE,"PASS"
23007,"USGS",13334300,"SNAKE RIVER NEAR ANATONE, WA","WA","ST",46.09706985,-116.9776916,"S","NAD83",810.35,0.08,"NAVD88",17060103,"dv",60,3,174089,NA,"wat",NA,1645423,0,"7/22/1958","2/14/2026",24674,"WA",c(-116.9776916, 46.09706985),FALSE,"PASS"
23009,"USGS",13334500,"ASOTIN CREEK NEAR ASOTIN, WA","WA","ST",46.3276572,-117.2065518,"S","NAD83",1380,10,"NGVD29",17060103,"dv",60,3,150185,NA,"wat",NA,1645423,0,"10/1/1928","11/30/1959",11383,"WA",c(-117.2065518, 46.3276572),FALSE,"PASS"
23011,"USGS",13335050,"ASOTIN CREEK AT ASOTIN, WA","WA","ST",46.3406798,-117.0560319,"S","NAD83",745.76,0.07,"NAVD88",17060103,"dv",60,3,150187,NA,"wat",NA,1645423,0,"3/22/1991","2/14/2026",12749,"WA",c(-117.0560319, 46.3406798),FALSE,"PASS"
23012,"USGS",13343500,"SNAKE RIVER NEAR CLARKSTON, WA","WA","ST",46.42793735,-117.1651631,"S","NAD83",670,10,"NGVD29",17060107,"dv",60,3,150195,NA,"wat",NA,1645423,0,"10/1/1915","1/10/1973",18790,"WA",c(-117.1651631, 46.42793735),FALSE,"PASS"
23016,"USGS",13344500,"TUCANNON RIVER NEAR STARBUCK, WA","WA","ST",46.5054217,-118.0663393,"S","NAD83",730,10,"NGVD29",17060107,"dv",60,3,150225,NA,"wat",NA,1645423,0,"10/1/1914","2/14/2026",24971,"WA",c(-118.0663393, 46.5054217),FALSE,"PASS"
23023,"USGS",13348000,"SOUTH FORK PALOUSE RIVER AT PULLMAN, WA","WA","ST",46.7323856,-117.1810048,"S","NAD83",2329.72,0.1,"NAVD88",17060108,"dv",60,3,150233,NA,"wat",NA,1645423,0,"2/1/1934","2/14/2026",20133,"WA",c(-117.1810048, 46.7323856),FALSE,"PASS"
23035,"USGS",13351000,"PALOUSE RIVER AT HOOPER, WA","WA","ST",46.7584831,-118.1488494,"S","NAD83",1042.26,0.09,"NAVD88",17060108,"dv",60,3,150249,NA,"wat",NA,1645423,0,"1897-10-01","2/14/2026",33433,"WA",c(-118.1488494, 46.7584831),FALSE,"PASS"
23037,"USGS",13353000,"SNAKE RIVER BELOW ICE HARBOR DAM, WA","WA","ST",46.2504136,-118.8830557,"S","NAD83",300,10,"NGVD29",17060110,"dv",60,3,150272,NA,"wat",NA,1645423,0,"10/1/1912","9/29/2000",13330,"WA",c(-118.8830557, 46.2504136),FALSE,"PASS"
23039,"USGS",14013000,"MILL CREEK NEAR WALLA WALLA, WA","WA","ST",46.00789299,-118.1185586,"S","NAD83",1998.59,0.14,"NAVD88",17070102,"dv",60,3,150280,NA,"wat",NA,1645423,0,"10/1/1913","2/14/2026",32093,"WA",c(-118.1185586, 46.00789299),FALSE,"PASS"
23040,"USGS",14013500,"BLUE CREEK NEAR WALLA WALLA, WA","WA","ST",46.05763797,-118.140228,"S","NAD83",1700,10,"NGVD29",17070102,"dv",60,3,150282,"[(2)]","wat",NA,1645423,0,"10/1/1939","9/29/1971",11687,"WA",c(-118.140228, 46.05763797),FALSE,"PASS"
23046,"USGS",14015000,"MILL CREEK AT WALLA WALLA, WA","WA","ST",46.0762483,-118.2735722,"S","NAD83",1120,10,"NGVD29",17070102,"dv",60,3,150291,NA,"wat",NA,1645423,0,"4/11/1941","2/14/2026",30989,"WA",c(-118.2735722, 46.0762483),FALSE,"PASS"
23051,"USGS",14017000,"TOUCHET RIVER AT BOLLES, WA","WA","ST",46.2743065,-118.2219042,"S","NAD83",1150,10,"NGVD29",17070102,"dv",60,3,150296,NA,"wat",NA,1645423,0,"2/1/1924","10/10/1989",16141,"WA",c(-118.2219042, 46.2743065),FALSE,"PASS"
23053,"USGS",14018500,"WALLA WALLA RIVER NEAR TOUCHET, WA","WA","ST",46.02760945,-118.7296888,"S","NAD83",401.93,0.07,"NAVD88",17070102,"dv",60,3,150300,NA,"wat",NA,1645423,0,"10/1/1951","2/14/2026",27166,"WA",c(-118.7296888, 46.02760945),FALSE,"PASS"
23057,"USGS",14107000,"KLICKITAT RIVER ABOVE WEST FORK NEAR GLENWOOD, WA","WA","ST",46.26480648,-121.2450474,"S","NAD83",2720,10,"NGVD29",17070106,"dv",60,3,296455,NA,"wat",NA,1645423,0,"10/1/1944","2/14/2026",24689,"WA",c(-121.2450474, 46.26480648),FALSE,"PASS"
23060,"USGS",14110000,"KLICKITAT RIVER NEAR GLENWOOD, WA","WA","ST",46.08873348,-121.2595207,"S","NAD83",1703,10,"NGVD29",17070106,"dv",60,3,150328,NA,"wat",NA,1645423,0,"11/1/1909","9/29/1971",22340,"WA",c(-121.2595207, 46.08873348),FALSE,"PASS"
23067,"USGS",14112500,"LITTLE KLICKITAT RIVER NEAR WAHKIACUS, WA","WA","ST",45.84278889,-121.0591694,"S","NAD83",570,10,"NGVD29",17070106,"dv",60,3,150336,NA,"wat",NA,1645423,0,"12/1/1944","10/14/1981",12555,"WA",c(-121.0591694, 45.84278889),FALSE,"PASS"
23068,"USGS",14113000,"KLICKITAT RIVER NEAR PITT, WA","WA","ST",45.75651098,-121.2100714,"S","NAD83",288.9,10,"NGVD29",17070106,"dv",60,3,150337,NA,"wat",NA,1645423,0,"7/1/1909","2/14/2026",36511,"WA",c(-121.2100714, 45.75651098),FALSE,"PASS"
23076,"USGS",14123500,"WHITE SALMON RIVER NEAR UNDERWOOD, WA","WA","ST",45.7520637,-121.5270176,"S","NAD83",112.96,10,"NGVD29",17070105,"dv",60,3,150346,NA,"wat",NA,1645423,0,"11/1/1912","2/14/2026",38789,"WA",c(-121.5270176, 45.7520637),FALSE,"PASS"
23086,"USGS",14128500,"WIND RIVER NEAR CARSON, WA","WA","ST",45.72674698,-121.7947746,"S","NAD83",112.6,10,"NGVD29",17070105,"dv",60,3,150357,"[(2)]","wat",NA,1645423,0,"10/1/1934","10/14/1980",15708,"WA",c(-121.7947746, 45.72674698),FALSE,"PASS"
23088,"USGS",14143500,"WASHOUGAL RIVER NEAR WASHOUGAL, WA","WA","ST",45.6231733,-122.2975912,"S","NAD83",175,10,"NGVD29",17080001,"dv",60,3,150358,NA,"wat",NA,1645423,0,"10/1/1944","9/29/1981",13513,"WA",c(-122.2975912, 45.6231733),FALSE,"PASS"
23096,"USGS",14212000,"SALMON CREEK NEAR BATTLE GROUND, WA","WA","ST",45.7737267,-122.4456512,"S","NAD83",354.88,10,"NGVD29",17080001,"dv",60,3,150368,NA,"wat",NA,1645423,0,"10/1/1943","5/10/1990",12536,"WA",c(-122.4456512, 45.7737267),FALSE,"PASS"
23104,"USGS",14216000,"LEWIS RIVER ABOVE MUDDY RIVER NEAR COUGAR, WA","WA","ST",46.060355,-121.9845094,"S","NAD83",1083.49,0.12,"NAVD88",17080002,"dv",60,3,150377,NA,"wat",NA,1645423,0,"9/1/1927","2/14/2026",15681,"WA",c(-121.9845094, 46.060355),FALSE,"PASS"
23108,"USGS",14216500,"MUDDY RIVER BELOW CLEAR CREEK NEAR COUGAR, WA","WA","ST",46.0756326,-121.9986768,"S","NAD83",1035.61,0.13,"NAVD88",17080002,"dv",60,3,150382,NA,"wat",NA,1645423,0,"10/1/1927","2/14/2026",24973,"WA",c(-121.9986768, 46.0756326),FALSE,"PASS"
23112,"USGS",14218000,"LEWIS RIVER NEAR COUGAR, WA","WA","ST",46.05816646,-122.2123166,"S","NAD83",576.4,10,"NGVD29",17080002,"dv",60,3,150390,NA,"wat",NA,1645423,0,"7/1/1924","9/29/1958",12509,"WA",c(-122.2123166, 46.05816646),FALSE,"PASS"
23113,"USGS",14219000,"CANYON CREEK NEAR AMBOY, WA","WA","ST",45.9398339,-122.3170398,"S","NAD83",493.11,0.07,"NAVD88",17080002,"dv",60,3,150397,NA,"wat",NA,1645423,0,"8/1/1922","2/14/2026",11520,"WA",c(-122.3170398, 45.9398339),FALSE,"PASS"
23115,"USGS",14219800,"SPEELYAI CREEK NEAR COUGAR, WA","WA","ST",46.004555,-122.3442638,"S","NAD83",492.05,0.1,"NAVD88",17080002,"dv",60,3,150399,NA,"wat",NA,1645423,0,"6/1/1959","2/14/2026",23826,"WA",c(-122.3442638, 46.004555),FALSE,"PASS"
23116,"USGS",14220500,"LEWIS RIVER AT ARIEL, WA","WA","ST",45.95173827,-122.5639685,"S","NAD83",48.2,0.1,"NAVD88",17080002,"dv",60,3,150403,NA,"wat",NA,1645423,0,"7/1/1909","2/14/2026",37667,"WA",c(-122.5639685, 45.95173827),FALSE,"PASS"
23118,"USGS",14222500,"EAST FORK LEWIS RIVER NEAR HEISSON, WA","WA","ST",45.8367809,-122.4662083,"S","NAD83",356.8,10,"NGVD29",17080002,"dv",60,3,150406,NA,"wat",NA,1645423,0,"10/1/1929","2/14/2026",35201,"WA",c(-122.4662083, 45.8367809),FALSE,"PASS"
23130,"USGS",14225500,"LAKE CREEK NEAR PACKWOOD, WA","WA","ST",46.59622458,-121.5700862,"S","NAD83",2844.62,10,"NGVD29",17080004,"dv",60,3,150419,NA,"wat",NA,1645423,0,"10/1/1911","9/29/1980",18553,"WA",c(-121.5700862, 46.59622458),FALSE,"PASS"
23132,"USGS",14226500,"COWLITZ RIVER AT PACKWOOD, WA","WA","ST",46.61285685,-121.6792344,"S","NAD83",1051.44,0.07,"NAVD88",17080004,"dv",60,3,150421,NA,"wat",NA,1645423,0,"7/1/1911","2/14/2026",37843,"WA",c(-121.6792344, 46.61285685),FALSE,"PASS"
23136,"USGS",14231000,"COWLITZ RIVER AT RANDLE, WA","WA","ST",46.5319444,-121.9569444,"S","NAD83",868.8,0.04,"NAVD88",17080004,"dv",60,3,150431,NA,"wat",NA,1645423,0,"10/1/1910","2/14/2026",12189,"WA",c(-121.9569444, 46.5319444),FALSE,"PASS"
23139,"USGS",14232500,"CISPUS RIVER NEAR RANDLE, WA","WA","ST",46.44705689,-121.8639783,"S","NAD83",1221.6,10,"NGVD29",17080004,"dv",60,3,326269,NA,"wat",NA,1645423,0,"10/25/1910","4/30/1997",24741,"WA",c(-121.8639783, 46.44705689),FALSE,"PASS"
23140,"USGS",14233400,"COWLITZ RIVER NEAR RANDLE, WA","WA","ST",46.47011066,-122.0987075,"S","NAD83",799.42,10,"NGVD29",17080005,"dv",60,3,150439,NA,"wat",NA,1645423,0,"10/1/1947","3/7/1994",16960,"WA",c(-122.0987075, 46.47011066),FALSE,"PASS"
23141,"USGS",14233500,"COWLITZ RIVER NEAR KOSMOS, WA","WA","ST",46.4662217,-122.1089856,"S","NAD83",759.29,10,"NGVD29",17080005,"dv",60,3,150441,NA,"wat",NA,1645423,0,"10/1/1947","2/14/2026",28627,"WA",c(-122.1089856, 46.4662217),FALSE,"PASS"
23146,"USGS",14236200,"TILTON RIVER AB BEAR CANYON CREEK NEAR CINEBAR, WA","WA","ST",46.5953843,-122.4595564,"S","NAD83",610.48,0.08,"NAVD88",17080005,"dv",60,3,150447,NA,"wat",NA,1645423,0,"10/1/1956","2/14/2026",25339,"WA",c(-122.4595564, 46.5953843),FALSE,"PASS"
23151,"USGS",14238000,"COWLITZ RIVER BELOW MAYFIELD DAM, WA","WA","ST",46.51038526,-122.616224,"S","NAD83",226.6,10,"NGVD29",17080005,"dv",60,3,296469,NA,"wat",NA,1645423,0,"4/1/1934","2/14/2026",33558,"WA",c(-122.616224, 46.51038526),FALSE,"PASS"
23159,"USGS",14240525,"NF TOUTLE RIVER BELOW SRS NEAR KID VALLEY, WA","WA","ST",46.3717753,-122.5789987,"S","NAD83",700,10,"NGVD29",17080005,"dv",60,3,150473,NA,"wat",NA,1645423,0,"10/1/1989","2/14/2026",11093,"WA",c(-122.5789987, 46.3717753),FALSE,"PASS"
23166,"USGS",14241500,"SOUTH FORK TOUTLE RIVER AT TOUTLE, WA","WA","ST",46.3220554,-122.697055,"S","NAD83",400,10,"NGVD29",17080005,"dv",60,3,150485,NA,"wat",NA,1645423,0,"10/1/1939","9/29/2013",13025,"WA",c(-122.697055, 46.3220554),FALSE,"PASS"
23167,"USGS",14242500,"TOUTLE RIVER NEAR SILVER LAKE, WA","WA","ST",46.33622225,-122.725389,"S","NAD83",407.3,10,"NGVD29",17080005,"dv",60,3,150487,NA,"wat",NA,1645423,0,"10/1/1909","9/29/1982",20100,"WA",c(-122.725389, 46.33622225),FALSE,"PASS"
23171,"USGS",14242580,"TOUTLE RIVER AT TOWER ROAD NEAR SILVER LAKE, WA","WA","ST",46.335,-122.8408333,"S","NAD83",120,10,"NGVD29",17080005,"dv",60,3,150494,NA,"wat",NA,1645423,0,"3/24/1981","2/14/2026",16399,"WA",c(-122.8408333, 46.335),FALSE,"PASS"
23173,"USGS",14243000,"COWLITZ RIVER AT CASTLE ROCK, WA","WA","ST",46.2748332,-122.9145587,"S","NAD83",0,1,"NAVD88",17080005,"dv",60,3,150500,NA,"wat",NA,1645423,0,"12/10/1926","2/14/2026",33500,"WA",c(-122.9145587, 46.2748332),FALSE,"PASS"
23175,"USGS",14245000,"COWEMAN RIVER NEAR KELSO, WA","WA","ST",46.1281687,-122.8384425,"S","NAD83",30,10,"NGVD29",17080005,"dv",60,3,150502,NA,"wat",NA,1645423,0,"10/1/1950","9/30/1984",12417,"WA",c(-122.8384425, 46.1281687),FALSE,"PASS"
23178,"USGS",14247500,"ELOCHOMAN RIVER NEAR CATHLAMET, WA","WA","ST",46.2212209,-123.3423492,"S","NAD83",29.66,10,"NGVD29",17080003,"dv",60,3,150505,NA,"wat",NA,1645423,0,"10/1/1940","10/12/1971",11334,"WA",c(-123.3423492, 46.2212209),FALSE,"PASS"
24218,"USGS",6036905,"Firehole River near West Yellowstone MT","MT","ST",44.6201833,-110.8635028,"1","NAD83",7050,10,"NAVD88",10020007,"dv",60,3,80770,NA,"wat",NA,1645423,0,"10/1/1983","2/14/2026",13104,"WY",c(-110.8635028, 44.6201833),FALSE,"FAIL"
24222,"USGS",6186500,"Yellowstone River at Yellowstone Lk Outlet YNP",NA,"ST",44.56709167,-110.3804056,"1","NAD83",7727.77,0.01,"NGVD29",10070001,"dv",60,3,81389,NA,"wat",NA,1645423,0,"10/1/1926","2/14/2026",35203,"WY",c(-110.3804056, 44.56709167),FALSE,"CHECK"
24227,"USGS",6188000,"Lamar River nr Tower Ranger Station YNP",NA,"ST",44.92817778,-110.3942694,"1","NAD83",6000,1,"NAVD88",10070001,"dv",60,3,81417,NA,"wat",NA,1645423,0,"5/1/1923","2/14/2026",30940,"WY",c(-110.3942694, 44.92817778),FALSE,"CHECK"
24239,"USGS",6218500,"WIND RIVER NEAR DUBOIS, WY","WY","ST",43.57856415,-109.7598835,"S","NAD83",7188.71,0.1,"NGVD29",10080001,"dv",60,3,160978,NA,"wat",NA,1645423,0,"10/1/1945","2/14/2026",26221,"WY",c(-109.7598835, 43.57856415),FALSE,"PASS"
24242,"USGS",6220800,"WIND RIVER ABOVE RED CREEK, NEAR DUBOIS, WY","WY","ST",43.441622,-109.4587584,"S","NAD83",6400,20,"NGVD29",10080001,"dv",60,3,160981,NA,"wat",NA,1645423,0,"10/1/1990","2/14/2026",11353,"WY",c(-109.4587584, 43.441622),FALSE,"PASS"
24243,"USGS",6221400,"DINWOODY CREEK ABOVE LAKES, NEAR BURRIS, WY","WY","ST",43.34616667,-109.4087778,"S","NAD83",6500,20,"NGVD29",10080001,"dv",60,3,160982,NA,"wat",NA,1645423,0,"10/1/1957","2/14/2026",21325,"WY",c(-109.4087778, 43.34616667),FALSE,"PASS"
24247,"USGS",6222500,"DRY CREEK NEAR BURRIS, WY","WY","ST",43.3363457,-109.2993044,"S","NAD83",6430,10,"NGVD29",10080001,"dv",60,3,160986,NA,"wat",NA,1645423,0,"6/1/1921","9/29/2005",11200,"WY",c(-109.2993044, 43.3363457),FALSE,"PASS"
24252,"USGS",6224000,"BULL LAKE CREEK ABOVE BULL LAKE, WY","WY","ST",43.1766111,-109.2025556,"5","NAD83",5874,10,"NGVD29",10080001,"dv",60,3,160991,NA,"wat",NA,1645423,0,"10/1/1941","2/14/2026",26069,"WY",c(-109.2025556, 43.1766111),FALSE,"PASS"
24253,"USGS",6225000,"Bull Lake Creek near Lenore, WY","WY","ST",43.24245665,-109.0229052,"S","NAD83",5654,10,"NGVD29",10080001,"dv",60,3,160994,NA,"wat",NA,1645423,0,"6/1/1918","9/30/2017",35458,"WY",c(-109.0229052, 43.24245665),FALSE,"PASS"
24254,"USGS",6225500,"Wind River near Crowheart, WY","WY","ST",43.2425,-109.0105556,"S","NAD83",5635,10,"NGVD29",10080001,"dv",60,3,160995,NA,"wat",NA,1645423,0,"10/1/1945","9/30/2017",26298,"WY",c(-109.0105556, 43.2425),FALSE,"PASS"
24255,"USGS",6226000,"WYOMING CANAL NEAR LENORE, WY","WY","ST-CA",43.22912385,-108.8951234,"S","NAD83",5560.85,10,"NGVD29",10080001,"dv",60,3,160996,NA,"wat",NA,1645423,0,"5/1/1941","9/29/2004",15797,"WY",c(-108.8951234, 43.22912385),FALSE,"PASS"
24260,"USGS",6227600,"WIND RIVER NEAR KINNEAR, WY","WY","ST",43.14277778,-108.7088889,"S","NAD83",5294.7,0.5,"NAVD88",10080001,"dv",60,3,161001,NA,"wat",NA,1645423,0,"4/1/1974","2/14/2026",13836,"WY",c(-108.7088889, 43.14277778),FALSE,"PASS"
24262,"USGS",6228000,"WIND RIVER AT RIVERTON, WY","WY","ST",43.01051478,-108.3767701,"S","NAD83",4901.56,0.02,"NGVD29",10080001,"dv",60,3,161008,NA,"wat",NA,1645423,0,"4/1/1912","2/14/2026",40769,"WY",c(-108.3767701, 43.01051478),FALSE,"PASS"
24263,"USGS",6228350,"SF L WIND RIV AB WASHAKIE RES, NR FT WASHAKIE, WY","WY","ST",42.96828927,-109.037628,"S","NAD83",6440,20,"NGVD29",10080002,"dv",60,3,161012,NA,"wat",NA,1645423,0,"10/1/1976","2/14/2026",15092,"WY",c(-109.037628, 42.96828927),FALSE,"PASS"
24278,"USGS",6233000,"LITTLE POPO AGIE RIVER NEAR LANDER, WY","WY","ST",42.7166259,-108.6434455,"S","NAD83",5436.49,10,"NGVD29",10080003,"dv",60,3,161028,NA,"wat",NA,1645423,0,"4/1/1946","6/30/2018",18714,"WY",c(-108.6434455, 42.7166259),FALSE,"PASS"
24284,"USGS",6235500,"LITTLE WIND RIVER NEAR RIVERTON, WY","WY","ST",42.9975,-108.3754167,"5","NAD83",4901.84,10,"NGVD29",10080002,"dv",60,3,161036,NA,"wat",NA,1645423,0,"6/1/1941","2/14/2026",30940,"WY",c(-108.3754167, 42.9975),FALSE,"PASS"
24287,"USGS",6244500,"Fivemile Creek ab Wyoming Canal, nr Pavillion, WY","WY","ST",43.30134657,-108.7028948,"S","NAD83",5500,10,"NGVD29",10080005,"dv",60,3,161041,NA,"wat",NA,1645423,0,"10/1/1949","5/31/2007",15919,"WY",c(-108.7028948, 43.30134657),FALSE,"PASS"
24305,"USGS",6253000,"FIVEMILE CREEK NEAR SHOSHONI, WY","WY","ST",43.22191667,-108.2196944,"S","NAD83",4750,10,"NGVD29",10080005,"dv",60,3,161090,NA,"wat",NA,1645423,0,"6/1/1941","2/14/2026",26942,"WY",c(-108.2196944, 43.22191667),FALSE,"PASS"
24315,"USGS",6258000,"MUDDY CREEK NEAR SHOSHONI, WY","WY","ST",43.2860368,-108.2757079,"T","NAD83",4780,10,"NGVD29",10080005,"dv",60,3,294882,NA,"wat",NA,1645423,0,"3/1/1949","2/14/2026",13144,"WY",c(-108.2757079, 43.2860368),FALSE,"PASS"
24317,"USGS",6259000,"WIND RIVER BELOW BOYSEN RESERVOIR, WY","WY","ST",43.4249254,-108.1790398,"S","NAD83",4608.58,0.1,"NGVD29",10080005,"dv",60,3,161117,NA,"wat",NA,1645423,0,"6/1/1951","2/15/2016",23636,"WY",c(-108.1790398, 43.4249254),FALSE,"PASS"
24318,"USGS",6259500,"BIGHORN RIVER AT THERMOPOLIS, WY","WY","ST",43.64603505,-108.202932,"S","NAD83",4305.18,0.01,"NGVD29",10080007,"dv",60,3,161118,NA,"wat",NA,1645423,0,"10/1/1911","9/29/1953",14609,"WY",c(-108.202932, 43.64603505),FALSE,"PASS"
24319,"USGS",6260000,"SOUTH FORK OWL CREEK NEAR ANCHOR, WY","WY","ST",43.66666667,-108.855,"R","NAD83",6452.11,0.1,"NGVD29",10080007,"dv",60,3,325305,NA,"wat",NA,1645423,0,"10/1/1940","9/29/1995",11627,"WY",c(-108.855, 43.66666667),FALSE,"PASS"
24321,"USGS",6260400,"SOUTH FORK OWL CREEK BELOW ANCHOR RESERVOIR, WY","WY","ST",43.6657887,-108.7934543,"S","NAD83",6120,10,"NGVD29",10080007,"dv",60,3,161123,NA,"wat",NA,1645423,0,"5/1/1959","9/29/2004",13673,"WY",c(-108.7934543, 43.6657887),FALSE,"PASS"
24330,"USGS",6264000,"OWL CREEK NEAR THERMOPOLIS, WY","WY","ST",43.6857564,-108.3029357,"S","NAD83",4560,10,"NGVD29",10080007,"dv",60,3,161132,NA,"wat",NA,1645423,0,"3/1/1911","9/29/1969",12392,"WY",c(-108.3029357, 43.6857564),FALSE,"PASS"
24340,"USGS",6268500," FIFTEEN MILE CREEK NEAR WORLAND, WY","WY","ST",44.02055556,-108.0141667,"S","NAD83",4080,20,"NGVD29",10080007,"dv",60,3,161144,NA,"wat",NA,1645423,0,"3/1/1951","9/29/1986",11020,"WY",c(-108.0141667, 44.02055556),FALSE,"PASS"
24344,"USGS",6270000,"NOWOOD RIVER NEAR TENSLEEP, WY","WY","ST",44.01326,-107.428189,"S","NAD83",4420,10,"NGVD29",10080008,"dv",60,3,161156,NA,"wat",NA,1645423,0,"6/1/1938","9/30/1992",10988,"WY",c(-107.428189, 44.01326),FALSE,"PASS"
24347,"USGS",6271000,"TENSLEEP CREEK NEAR TENSLEEP, WY","WY","ST",44.05770447,-107.3879105,"S","NAD83",4667.59,0.01,"NGVD29",10080008,"dv",60,3,161159,NA,"wat",NA,1645423,0,"10/1/1910","10/26/1972",14937,"WY",c(-107.3879105, 44.05770447),FALSE,"PASS"
24353,"USGS",6274300,"BIGHORN RIVER AT BASIN, WY","WY","ST",44.3832545,-108.0362688,"S","NAD83",3824.08,0.11,"NAVD88",10080007,"dv",60,3,161165,NA,"wat",NA,1645423,0,"10/1/1983","2/14/2026",15478,"WY",c(-108.0362688, 44.3832545),FALSE,"PASS"
24357,"USGS",6275000," WOOD RIVER AT SUNSHINE, WY","WY","ST",44.0386111,-108.975,"S","NAD83",6420,10,"NGVD29",10080009,"dv",60,3,161169,NA,"wat",NA,1645423,0,"9/1/1945","9/30/1992",17018,"WY",c(-108.975, 44.0386111),FALSE,"PASS"
24360,"USGS",6276500,"GREYBULL RIVER AT MEETEETSE, WY","WY","ST",44.15852778,-108.8725833,"S","NAD83",5739,5,"NAVD88",10080009,"dv",60,3,161172,NA,"wat",NA,1645423,0,"10/1/1920","6/30/2018",25899,"WY",c(-108.8725833, 44.15852778),FALSE,"PASS"
24362,"USGS",6277500,"GREYBULL RIVER NEAR BASIN, WY","WY","ST",44.4065868,-108.1868295,"S","NAD83",3990,10,"NGVD29",10080009,"dv",60,3,161176,NA,"wat",NA,1645423,0,"10/1/1930","9/29/1973",15705,"WY",c(-108.1868295, 44.4065868),FALSE,"PASS"
24365,"USGS",6278300,"SHELL CREEK ABOVE SHELL CREEK RESERVOIR, WY","WY","ST",44.5079801,-107.4037496,"S","NAD83",9050,10,"NGVD29",10080010,"dv",60,3,161181,NA,"wat",NA,1645423,0,"10/1/1956","10/4/2022",24110,"WY",c(-107.4037496, 44.5079801),FALSE,"PASS"
24366,"USGS",6278500,"SHELL CREEK NEAR SHELL, WY","WY","ST",44.56492245,-107.712927,"S","NAD83",4370.05,0.1,"NGVD29",10080010,"dv",60,3,161182,NA,"wat",NA,1645423,0,"10/1/1940","6/30/2018",20194,"WY",c(-107.712927, 44.56492245),FALSE,"PASS"
24368,"USGS",6279500,"BIGHORN RIVER AT KANE, WY","WY","ST",44.75852989,-108.1815559,"S","NAD83",3659.34,0.1,"NAVD88",10080010,"dv",60,3,325310,NA,"wat",NA,1645423,0,"10/1/1928","2/14/2026",35446,"WY",c(-108.1815559, 44.75852989),FALSE,"PASS"
24373,"USGS",6279940,"NORTH FORK SHOSHONE RIVER AT WAPITI, WY","WY","ST",44.4714444,-109.4183528,"1","NAD83",5543.78,0.12,"NAVD88",10080012,"dv",60,3,161216,NA,"wat",NA,1645423,0,"10/1/1989","2/14/2026",13286,"WY",c(-109.4183528, 44.4714444),FALSE,"PASS"
24375,"USGS",6280300,"SOUTH FORK SHOSHONE RIVER NEAR VALLEY, WY","WY","ST",44.20788889,-109.55525,"5","NAD83",6200,10,"NGVD29",10080013,"dv",60,3,161218,NA,"wat",NA,1645423,0,"10/1/1956","10/5/2022",23745,"WY",c(-109.55525, 44.20788889),FALSE,"PASS"
24377,"USGS",6281000,"SOUTH FORK SHOSHONE RIVER AB BUFFALO BILL RES, WY","WY","ST",44.41907987,-109.2579755,"S","NAD83",5438.55,0.31,"NAVD88",10080013,"dv",60,3,161220,NA,"wat",NA,1645423,0,"5/1/1903","2/14/2026",22115,"WY",c(-109.2579755, 44.41907987),FALSE,"PASS"
24379,"USGS",6282000,"SHOSHONE RIVER BELOW BUFFALO BILL RESERVOIR, WY","WY","ST",44.51658049,-109.0979716,"S","NAD83",4900,10,"NGVD29",10080014,"dv",60,3,161222,NA,"wat",NA,1645423,0,"1/1/1921","2/23/2016",34752,"WY",c(-109.0979716, 44.51658049),FALSE,"PASS"
24390,"USGS",6285000,"SHOSHONE RIVER AT BYRON, WY","WY","ST",44.79305556,-108.5027778,"S","NAD83",3959,5,"NGVD29",10080014,"dv",60,3,161231,NA,"wat",NA,1645423,0,"1/1/1929","9/29/1966",13786,"WY",c(-108.5027778, 44.79305556),FALSE,"PASS"
24391,"USGS",6285100,"SHOSHONE RIVER NEAR LOVELL, WY","WY","ST",44.83852799,-108.4351763,"S","NAD83",3847.95,0.11,"NAVD88",10080014,"dv",60,3,161232,NA,"wat",NA,1645423,0,"10/1/1966","2/14/2026",21683,"WY",c(-108.4351763, 44.83852799),FALSE,"PASS"
24405,"USGS",6289600,"WEST PASS CREEK NEAR PARKMAN, WY","WY","ST",44.9877441,-107.4828685,"S","NAD83",4540,10,"NGVD29",10080016,"dv",60,3,161250,NA,"wat",NA,1645423,0,"10/1/1982","8/20/2020",13386,"WY",c(-107.4828685, 44.9877441),FALSE,"PASS"
24407,"USGS",6289820,"EAST PASS CREEK NEAR DAYTON, WY","WY","ST",44.99047828,-107.4229227,"S","NAD83",4405,10,"NGVD29",10080016,"dv",60,3,161252,NA,"wat",NA,1645423,0,"10/1/1982","7/6/2020",13794,"WY",c(-107.4229227, 44.99047828),FALSE,"PASS"
24412,"USGS",6297500,"HIGHLINE DITCH NEAR DAYTON, WY","WY","ST-DCH",44.85305556,-107.3047222,"F","NAD83",4100,20,"NGVD29",10090101,"dv",60,3,161258,NA,"wat",NA,1645423,0,"6/1/1920","9/1/2020",24563,"WY",c(-107.3047222, 44.85305556),FALSE,"PASS"
24413,"USGS",6298000,"TONGUE RIVER NEAR DAYTON, WY","WY","ST",44.8494123,-107.3045253,"S","NAD83",4060,10,"NGVD29",10090101,"dv",60,3,161259,NA,"wat",NA,1645423,0,"11/1/1918","10/5/2021",33207,"WY",c(-107.3045253, 44.8494123),FALSE,"PASS"
24420,"USGS",6299500,"WOLF CREEK AT WOLF, WY","WY","ST",44.77242459,-107.2343027,"S","NAD83",4525,10,"NGVD29",10090101,"dv",60,3,161266,NA,"wat",NA,1645423,0,"10/1/1945","9/29/2008",16298,"WY",c(-107.2343027, 44.77242459),FALSE,"PASS"
24423,"USGS",6300500,"EAST FORK BIG GOOSE CREEK NEAR BIG HORN, WY","WY","ST",44.53825885,-107.2265219,"S","NAD83",8320,10,"NGVD29",10090101,"dv",60,3,161280,NA,"wat",NA,1645423,0,"10/1/1953","9/29/2002",11536,"WY",c(-107.2265219, 44.53825885),FALSE,"PASS"
24430,"USGS",6301500,"WEST FORK BIG GOOSE CREEK NEAR BIG HORN, WY","WY","ST",44.61298035,-107.2976363,"S","NAD83",8420,10,"NGVD29",10090101,"dv",60,3,161287,NA,"wat",NA,1645423,0,"10/1/1953","9/29/2002",11419,"WY",c(-107.2976363, 44.61298035),FALSE,"PASS"
24432,"USGS",6302000,"BIG GOOSE CREEK NEAR SHERIDAN, WY","WY","ST",44.70214739,-107.1815224,"S","NAD83",4505,5,"NGVD29",10090101,"dv",60,3,161289,NA,"wat",NA,1645423,0,"4/1/1930","9/30/2000",20503,"WY",c(-107.1815224, 44.70214739),FALSE,"PASS"
24436,"USGS",6303500,"LITTLE GOOSE CREEK IN CANYON, NEAR BIG HORN, WY","WY","ST",44.5959722,-107.0397222,"S","NAD83",4860,10,"NGVD29",10090101,"dv",60,3,161293,NA,"wat",NA,1645423,0,"4/1/1941","9/29/2008",17861,"WY",c(-107.0397222, 44.5959722),FALSE,"PASS"
24439,"USGS",6305500,"GOOSE CREEK BELOW SHERIDAN, WY","WY","ST",44.82150278,-106.9616083,"1","NAD83",3701.36,0.1,"NGVD29",10090101,"dv",60,3,161296,NA,"wat",NA,1645423,0,"10/1/1941","9/29/1984",15705,"WY",c(-106.9616083, 44.82150278),FALSE,"PASS"
24440,"USGS",6305700,"Goose Creek near Acme, WY","WY","ST",44.88631458,-106.9890182,"S","NAD83",3620,10,"NGVD29",10090101,"dv",60,3,161297,NA,"wat",NA,1645423,0,"5/1/1984","12/18/2024",12023,"WY",c(-106.9890182, 44.88631458),FALSE,"PASS"
24444,"USGS",6309200,"MIDDLE FORK POWDER RIVER NEAR BARNUM, WY","WY","ST",43.57773999,-107.1383995,"S","NAD83",7220,10,"NGVD29",10090201,"dv",60,3,161310,NA,"wat",NA,1645423,0,"9/1/1961","2/13/2026",23529,"WY",c(-107.1383995, 43.57773999),FALSE,"PASS"
24450,"USGS",6309500,"MIDDLE FORK POWDER RIVER ABOVE KAYCEE, WY","WY","ST",43.6474683,-106.8086642,"S","NAD83",4874.76,0.01,"NGVD29",10090201,"dv",60,3,161316,NA,"wat",NA,1645423,0,"4/1/1949","9/30/1992",10958,"WY",c(-106.8086642, 43.6474683),FALSE,"PASS"
24453,"USGS",6311000,"NORTH FORK POWDER RIVER NEAR HAZELTON, WY","WY","ST",44.02774228,-107.0808955,"S","NAD83",8180,10,"NGVD29",10090201,"dv",60,3,161321,NA,"wat",NA,1645423,0,"9/1/1946","10/1/2020",27060,"WY",c(-107.0808955, 44.02774228),FALSE,"PASS"
24455,"USGS",6311400,"NF POWDER RIVER BELOW PASS CREEK, NR MAYOWORTH, WY","WY","ST",43.911357,-106.8894999,"S","NAD83",5700,10,"NGVD29",10090201,"dv",60,3,294884,NA,"wat",NA,1645423,0,"10/1/1973","8/24/2020",17130,"WY",c(-106.8894999, 43.911357),FALSE,"PASS"
24456,"USGS",6311500,"NORTH FORK POWDER RIVER NEAR MAYOWORTH, WY","WY","ST",43.8971905,-106.8783884,"T","NAD83",5590,10,"NGVD29",10090201,"dv",60,3,161324,NA,"wat",NA,1645423,0,"10/1/1940","9/29/1973",12052,"WY",c(-106.8783884, 43.8971905),FALSE,"PASS"
24458,"USGS",6312500,"POWDER RIVER NEAR KAYCEE, WY","WY","ST",43.6930295,-106.5305951,"S","NAD83",4533.76,0.01,"NGVD29",10090202,"dv",60,3,161326,NA,"wat",NA,1645423,0,"10/1/1938","10/8/1980",12699,"WY",c(-106.5305951, 43.6930295),FALSE,"PASS"
24462,"USGS",6313500,"POWDER RIVER AT SUSSEX, WY","WY","ST",43.6970861,-106.3061944,"S","NAD83",4372,5,"NGVD29",10090202,"dv",60,3,161332,NA,"wat",NA,1645423,0,"4/10/1938","7/2/2018",16690,"WY",c(-106.3061944, 43.6970861),FALSE,"PASS"
24471,"USGS",6315500,"MIDDLE FORK CRAZY WOMAN CREEK NEAR GREUB, WY","WY","ST",44.0579857,-106.8026136,"S","NAD83",5190,10,"NGVD29",10090205,"dv",60,3,161354,NA,"wat",NA,1645423,0,"4/1/1942","10/17/1972",11037,"WY",c(-106.8026136, 44.0579857),FALSE,"PASS"
24475,"USGS",6317000,"POWDER RIVER AT ARVADA, WY","WY","ST",44.64993155,-106.127598,"S","NAD83",3620,10,"NGVD29",10090202,"dv",60,3,161371,NA,"wat",NA,1645423,0,"10/1/1930","2/14/2026",34649,"WY",c(-106.127598, 44.64993155),FALSE,"PASS"
24480,"USGS",6318500,"CLEAR CREEK NEAR BUFFALO, WY","WY","ST",44.33275055,-106.7772735,"S","NAD83",5184.83,0.01,"NGVD29",10090206,"dv",60,3,161378,NA,"wat",NA,1645423,0,"7/1/1917","2/14/2026",27734,"WY",c(-106.7772735, 44.33275055),FALSE,"PASS"
24484,"USGS",6320000,"ROCK CREEK NEAR BUFFALO, WY","WY","ST",44.456039,-106.8790096,"S","NAD83",5280,10,"NGVD29",10090206,"dv",60,3,161382,NA,"wat",NA,1645423,0,"4/1/1945","9/29/2015",17789,"WY",c(-106.8790096, 44.456039),FALSE,"PASS"
24487,"USGS",6320500,"SOUTH PINEY CREEK AT WILLOW PARK, WY","WY","ST",44.46631585,-107.0348481,"S","NAD83",8540,10,"NGVD29",10090206,"dv",60,3,325318,NA,"wat",NA,1645423,0,"7/1/1947","9/29/2015",13742,"WY",c(-107.0348481, 44.46631585),FALSE,"PASS"
24492,"USGS",6321500,"NORTH PINEY CREEK NEAR STORY, WY","WY","ST",44.5796493,-106.932346,"S","NAD83",5290,10,"NGVD29",10090206,"dv",60,3,161390,NA,"wat",NA,1645423,0,"10/1/1951","9/29/1982",11322,"WY",c(-106.932346, 44.5796493),FALSE,"PASS"
24494,"USGS",6323000,"PINEY CREEK AT KEARNY, WY","WY","ST",44.5354835,-106.8223419,"S","NAD83",4655.11,0.1,"NGVD29",10090206,"dv",60,3,161392,NA,"wat",NA,1645423,0,"5/1/1903","9/29/2015",27305,"WY",c(-106.8223419, 44.5354835),FALSE,"PASS"
24495,"USGS",6323500,"PINEY CREEK AT UCROSS, WY","WY","ST",44.56187395,-106.5395551,"S","NAD83",4066.83,0.01,"NGVD29",10090206,"dv",60,3,161393,NA,"wat",NA,1645423,0,"1899-10-01","9/29/1982",12750,"WY",c(-106.5395551, 44.56187395),FALSE,"PASS"
24496,"USGS",6324000,"CLEAR CREEK NEAR ARVADA, WY","WY","ST",44.8715977,-106.0828769,"S","NAD83",3506.51,0.1,"NGVD29",10090206,"dv",60,3,161394,NA,"wat",NA,1645423,0,"9/1/1915","6/30/2016",21879,"WY",c(-106.0828769, 44.8715977),FALSE,"PASS"
24499,"USGS",6324970,"LITTLE POWDER RIVER AB DRY CREEK, NEAR WESTON, WY","WY","ST",44.9268794,-105.3534087,"S","NAD83",3410,10,"NGVD29",10090208,"dv",60,3,161406,NA,"wat",NA,1645423,0,"10/1/1972","10/26/2021",17923,"WY",c(-105.3534087, 44.9268794),FALSE,"PASS"
24507,"USGS",6386000,"LANCE CREEK NEAR RIVERVIEW, WY","WY","ST",43.3552256,-104.2714124,"F","NAD83",3695,10,"NGVD29",10120104,"dv",60,3,161417,NA,"wat",NA,1645423,0,"5/1/1948","9/29/1983",12203,"WY",c(-104.2714124, 43.3552256),FALSE,"PASS"
24508,"USGS",6386500,"CHEYENNE RIVER NEAR SPENCER, WY","WY","ST",43.42105925,-104.1316863,"R","NAD83",3581.76,10,"NAVD88",1.01e+11,"dv",60,3,128396,NA,"wat",NA,1645423,0,"10/1/1948","2/14/2026",15988,"WY",c(-104.1316863, 43.42105925),FALSE,"PASS"
24509,"USGS",6392900,"BEAVER CREEK AT MALLO CAMP, NEAR FOUR CORNERS, WY","WY","ST",44.084945,-104.0605792,"S","NAD83",6030,20,"NGVD29",10120107,"dv",60,3,161420,NA,"wat",NA,1645423,0,"10/1/1974","8/24/2020",13634,"WY",c(-104.0605792, 44.084945),FALSE,"PASS"
24510,"USGS",6392950,"STOCKADE BEAVER CREEK NEAR NEWCASTLE, WY","WY","ST",43.85883476,-104.1072452,"S","NAD83",4460,10,"NGVD29",10120107,"dv",60,3,161421,NA,"wat",NA,1645423,0,"10/1/1974","8/24/2020",13645,"WY",c(-104.1072452, 43.85883476),FALSE,"PASS"
24511,"USGS",6394000,"BEAVER CREEK NEAR NEWCASTLE, WY","WY","ST",43.5352253,-104.117798,"S","NAD83",3660,10,"NGVD29",10120107,"dv",60,3,161422,NA,"wat",NA,1645423,0,"10/1/1944","12/30/1997",19449,"WY",c(-104.117798, 43.5352253),FALSE,"PASS"
24523,"USGS",6426500,"BELLE FOURCHE RIVER BELOW MOORCROFT, WY","WY","ST",44.32188385,-104.9406108,"S","NAD83",4099.84,0.14,"NAVD88",10120201,"dv",60,3,161442,NA,"wat",NA,1645423,0,"10/1/1943","2/14/2026",26427,"WY",c(-104.9406108, 44.32188385),FALSE,"PASS"
24524,"USGS",6427500,"BELLE FOURCHE RIVER BELOW KEYHOLE RESERVOIR, WY","WY","ST",44.38841667,-104.7702556,"S","NAD83",4031.26,0.01,"NGVD29",10120201,"dv",60,3,161445,NA,"wat",NA,1645423,0,"5/1/1951","9/30/1995",16224,"WY",c(-104.7702556, 44.38841667),FALSE,"PASS"
24527,"USGS",6429500,"COLD SPRINGS CREEK AT BUCKHORN, WY","WY","ST",44.1538335,-104.0780804,"S","NAD83",6090,20,"NGVD29",10120203,"dv",60,3,161461,NA,"wat",NA,1645423,0,"10/1/1974","8/24/2020",13636,"WY",c(-104.0780804, 44.1538335),FALSE,"PASS"
24528,"USGS",6429905,"SAND CREEK NEAR RANCH A, NEAR BEULAH, WY","WY","ST",44.52022088,-104.0839176,"S","NAD83",3570,10,"NGVD29",10120203,"dv",60,3,161462,NA,"wat",NA,1645423,0,"8/16/1976","10/6/2020",13373,"WY",c(-104.0839176, 44.52022088),FALSE,"PASS"
24529,"USGS",6454000,"NIOBRARA RIVER AT WYO-NEBR STATE LINE",NA,"ST",42.65666667,-104.0591667,"S","NAD83",4687.7,0.01,"NGVD29",10150002,"dv",60,3,92977,NA,"wat",NA,1645423,0,"10/1/1955","9/29/1994",14244,"WY",c(-104.0591667, 42.65666667),TRUE,"BORDER"
24534,"USGS",6622700,"NORTH BRUSH CREEK NEAR SARATOGA, WY","WY","ST",41.37022978,-106.520632,"S","NAD83",8037.24,0.24,"NAVD88",10180002,"dv",60,3,161468,NA,"wat",NA,1645423,0,"10/1/1960","2/14/2026",23878,"WY",c(-106.520632, 41.37022978),FALSE,"PASS"
24535,"USGS",6622900,"SOUTH BRUSH CREEK NEAR SARATOGA, WY","WY","ST",41.3438411,-106.5264653,"S","NAD83",8100,10,"NGVD29",10180002,"dv",60,3,161469,NA,"wat",NA,1645423,0,"10/1/1960","9/1/2020",11604,"WY",c(-106.5264653, 41.3438411),FALSE,"PASS"
24538,"USGS",6623800,"ENCAMPMENT RIVER AB HOG PARK CR, NR ENCAMPMENT, WY","WY","ST",41.02356508,-106.8248049,"S","NAD83",8258.57,0.41,"NAVD88",10180002,"dv",60,3,161472,NA,"wat",NA,1645423,0,"10/1/1964","2/14/2026",22391,"WY",c(-106.8248049, 41.02356508),FALSE,"PASS"
24542,"USGS",6625000,"ENCAMPMENT RIVER AT MOUTH, NEAR ENCAMPMENT, WY","WY","ST",41.30328495,-106.7153597,"S","NAD83",6959.61,0.12,"NAVD88",10180002,"dv",60,3,161479,NA,"wat",NA,1645423,0,"10/1/1940","2/14/2026",31183,"WY",c(-106.7153597, 41.30328495),FALSE,"PASS"
24545,"USGS",6627000,"NORTH PLATTE RIVER AT SARATOGA, WY","WY","ST",41.45494957,-106.8050863,"S","NAD83",6772.69,0.01,"NGVD29",10180002,"dv",60,3,161482,NA,"wat",NA,1645423,0,"7/1/1903","9/29/1970",23011,"WY",c(-106.8050863, 41.45494957),FALSE,"PASS"
24554,"USGS",6628900,"PASS CREEK NEAR ELK MOUNTAIN, WY","WY","ST",41.58606047,-106.6109148,"S","NAD83",7230,10,"NGVD29",10180002,"dv",60,3,161491,NA,"wat",NA,1645423,0,"4/1/1957","6/30/2016",17255,"WY",c(-106.6109148, 41.58606047),FALSE,"PASS"
24556,"USGS",6630000,"N PLATTE RIV AB SEMINOE RESERVOIR, NR SINCLAIR, WY","WY","ST",41.87216636,-107.0575984,"S","NAD83",6404.44,0.14,"NAVD88",10180002,"dv",60,3,161493,NA,"wat",NA,1645423,0,"7/1/1939","2/14/2026",31641,"WY",c(-107.0575984, 41.87216636),FALSE,"PASS"
24569,"USGS",6632400,"ROCK CREEK AB KING CANYON CANAL, NR ARLINGTON, WY","WY","ST",41.58522927,-106.222847,"S","NAD83",7784.93,0.31,"NAVD88",10180004,"dv",60,3,161506,NA,"wat",NA,1645423,0,"10/1/1954","2/14/2026",26070,"WY",c(-106.222847, 41.58522927),FALSE,"PASS"
24570,"USGS",6632500,"ROCK CREEK AT ARLINGTON, WY","WY","ST",41.58661815,-106.2217359,"S","NAD83",7780,10,"NGVD29",10180004,"dv",60,3,161507,NA,"wat",NA,1645423,0,"1/1/1911","9/29/1965",12325,"WY",c(-106.2217359, 41.58661815),FALSE,"PASS"
24576,"USGS",6634620,"L MEDICINE BOW R AT BOLES SPRING, NR MEDICINE BOW",NA,"ST",41.96105917,-106.2092391,"S","NAD83",6570,10,"NGVD29",10180005,"dv",60,3,161513,NA,"wat",NA,1645423,0,"5/1/1984","2/14/2026",15265,"WY",c(-106.2092391, 41.96105917),FALSE,"CHECK"
24578,"USGS",6635000,"MEDICINE BOW R AB SEMINOE RESERVOIR, NR HANNA, WY","WY","ST",42.00966817,-106.5131381,"S","NAD83",6415.4,0.1,"NGVD29",10180004,"dv",60,3,161515,NA,"wat",NA,1645423,0,"7/1/1939","2/14/2026",31641,"WY",c(-106.5131381, 42.00966817),FALSE,"PASS"
24579,"USGS",6636000,"NORTH PLATTE RIVER ABOVE PATHFINDER RESERVOIR WY","WY","ST",42.17827577,-106.8764847,"S","NAD83",5929.51,0.01,"NGVD29",10180003,"dv",60,3,161516,NA,"wat",NA,1645423,0,"1/1/1911","9/29/1959",13146,"WY",c(-106.8764847, 42.17827577),FALSE,"PASS"
24586,"USGS",6637750,"ROCK CREEK ABOVE ROCK CREEK RESERVOIR, WY","WY","ST",42.5497222,-108.7752778,"S","NAD83",8330,20,"NGVD29",10180006,"dv",60,3,161523,NA,"wat",NA,1645423,0,"5/1/1962","9/29/1995",12205,"WY",c(-108.7752778, 42.5497222),FALSE,"PASS"
24592,"USGS",6638090,"SWEETWATER RIVER NEAR SWEETWATER STATION, WY","WY","ST",42.5038205,-108.2506982,"S","NAD83",6590,10,"NGVD29",10180006,"dv",60,3,161533,NA,"wat",NA,1645423,0,"10/1/1973","2/14/2026",11142,"WY",c(-108.2506982, 42.5038205),FALSE,"PASS"
24593,"USGS",6639000,"SWEETWATER RIVER NEAR ALCOVA, WY","WY","ST",42.4900222,-107.1411944,"S","NAD83",5890,10,"NGVD29",10180006,"dv",60,3,161534,NA,"wat",NA,1645423,0,"10/1/1913","9/29/2018",25079,"WY",c(-107.1411944, 42.4900222),FALSE,"PASS"
24596,"USGS",6641000,"NORTH PLATTE RIVER BELOW PATHFINDER RESERVOIR, WY","WY","ST",42.4649402,-106.8470423,"S","NAD83",5670,10,"NGVD29",10180007,"dv",60,3,161537,NA,"wat",NA,1645423,0,"6/1/1905","12/31/1960",20303,"WY",c(-106.8470423, 42.4649402),FALSE,"PASS"
24597,"USGS",6642000,"NORTH PLATTE RIVER AT ALCOVA, WY","WY","ST",42.5741069,-106.692594,"S","NAD83",5299.4,0.1,"NGVD29",10180007,"dv",60,3,161538,NA,"wat",NA,1645423,0,"3/1/1904","9/29/1998",24046,"WY",c(-106.692594, 42.5741069),FALSE,"PASS"
24604,"USGS",6645000,"NORTH PLATTE RIVER BELOW CASPER, WY","WY","ST",42.85888889,-106.2113889,"S","NAD83",5070,10,"NGVD29",10180007,"dv",60,3,161551,NA,"wat",NA,1645423,0,"10/1/1929","9/29/1959",10956,"WY",c(-106.2113889, 42.85888889),FALSE,"PASS"
24613,"USGS",6646000,"DEER CREEK IN CANYON, NEAR GLENROCK, WY","WY","ST",42.71160955,-106.0292409,"S","NAD83",5623.81,0.3,"NAVD88",10180007,"dv",60,3,161562,NA,"wat",NA,1645423,0,"6/1/1946","2/14/2026",12649,"WY",c(-106.0292409, 42.71160955),FALSE,"PASS"
24616,"USGS",6646500,"DEER CREEK AT GLENROCK, WY","WY","ST",42.8616093,-105.8678483,"S","NAD83",4980,10,"NGVD29",10180007,"dv",60,3,161565,NA,"wat",NA,1645423,0,"4/1/1916","2/28/1961",14517,"WY",c(-105.8678483, 42.8616093),FALSE,"PASS"
24617,"USGS",6646600,"DEER CREEK BELOW MILLAR WASTEWAY, AT GLENROCK, WY","WY","ST",42.86385525,-105.866115,"S","NAD83",4980,10,"NGVD29",10180007,"dv",60,3,161566,NA,"wat",NA,1645423,0,"2/1/1961","9/29/1992",11564,"WY",c(-105.866115, 42.86385525),FALSE,"PASS"
24619,"USGS",6646800,"NORTH PLATTE RIVER NEAR GLENROCK, WY","WY","ST",42.83605456,-105.7589557,"S","NAD83",4920,10,"NGVD29",10180007,"dv",60,3,161568,NA,"wat",NA,1645423,0,"10/1/1959","9/29/1992",12053,"WY",c(-105.7589557, 42.83605456),FALSE,"PASS"
24621,"USGS",6647500,"BOX ELDER CREEK AT BOXELDER, WY","WY","ST",42.61191679,-105.8597344,"5","NAD83",6710,20,"NGVD29",10180007,"dv",60,3,161570,NA,"wat",NA,1645423,0,"5/1/1946","7/5/2016",20518,"WY",c(-105.8597344, 42.61191679),FALSE,"PASS"
24628,"USGS",6648000,"BOX ELDER CREEK NEAR CAREYHURST, WY","WY","ST",42.83549947,-105.6739529,"U","NAD83",4930,10,"NGVD29",10180007,"dv",60,3,161577,NA,"wat",NA,1645423,0,"6/1/1911","10/7/1969",17846,"WY",c(-105.6739529, 42.83549947),FALSE,"PASS"
24630,"USGS",6649000,"LA PRELE CREEK NEAR DOUGLAS, WY","WY","ST",42.68105639,-105.6306167,"S","NAD83",5514,1.6,"NAVD88",10180007,"dv",60,3,161579,NA,"wat",NA,1645423,0,"8/1/1919","9/29/1992",23578,"WY",c(-105.6306167, 42.68105639),FALSE,"PASS"
24632,"USGS",6649500,"LA PRELE CREEK NEAR ORPHA, WY","WY","ST",42.83661156,-105.4908915,"S","NAD83",4880,10,"NGVD29",10180007,"dv",60,3,161581,NA,"wat",NA,1645423,0,"5/1/1916","9/29/1970",15460,"WY",c(-105.4908915, 42.83661156),FALSE,"PASS"
24634,"USGS",6650500,"WAGONHOUND CREEK NEAR LA BONTE, WY","WY","ST",42.65968997,-105.3699844,"F","NAD83",4741,1,"NGVD29",10180008,"dv",60,3,161585,NA,"wat",NA,1645423,0,"5/1/1916","9/29/1969",15100,"WY",c(-105.3699844, 42.65968997),FALSE,"PASS"
24636,"USGS",6651500,"LA BONTE CREEK NEAR LA BONTE, WY","WY","ST",42.65,-105.3572222,"S","NAD83",4752,10,"NGVD29",10180008,"dv",60,3,161587,NA,"wat",NA,1645423,0,"5/1/1916","10/24/1969",17465,"WY",c(-105.3572222, 42.65),FALSE,"PASS"
24637,"USGS",6652000,"NORTH PLATTE RIVER AT ORIN, WY","WY","ST",42.65247578,-105.1592123,"5","NAD83",4659.77,0.15,"NAVD88",10180008,"dv",60,3,161588,NA,"wat",NA,1645423,0,"1895-04-01","2/14/2026",24843,"WY",c(-105.1592123, 42.65247578),FALSE,"PASS"
24641,"USGS",6653500,"HORSESHOE CREEK NEAR GLENDO, WYO.",NA,"ST",42.452469,-104.9702484,"S","NAD83",4500,10,"NGVD29",10180008,"dv",60,3,161595,NA,"wat",NA,1645423,0,"4/1/1916","9/30/1996",19887,"WY",c(-104.9702484, 42.452469),FALSE,"CHECK"
24648,"USGS",6656000,"NORTH PLATTE RIVER BELOW GUERNSEY RESERVOIR, WY","WY","ST",42.28050857,-104.7547514,"S","NAD83",4340,10,"NGVD29",10180008,"dv",60,3,161604,NA,"wat",NA,1645423,0,"4/1/1901","9/29/1998",35429,"WY",c(-104.7547514, 42.28050857),FALSE,"PASS"
24649,"USGS",6657000,"NORTH PLATTE RIVER BELOW WHALEN DIVERSION DAM, WY","WY","ST",42.2410095,-104.6280247,"5","NAD83",4259.67,0.18,"NAVD88",10180009,"dv",60,3,161607,NA,"wat",NA,1645423,0,"1/1/1915","2/14/2026",40557,"WY",c(-104.6280247, 42.2410095),FALSE,"PASS"
24650,"USGS",6658500,"LARAMIE RIVER NEAR JELM, WY","WY","ST",41.0021808,-106.0147794,"F","NAD83",7683.36,20,"NGVD29",10180010,"dv",60,3,161608,NA,"wat",NA,1645423,0,"7/1/1904","9/29/1971",22643,"WY",c(-106.0147794, 41.0021808),FALSE,"PASS"
24652,"USGS",6659500,"LARAMIE R AND PIONEER CANAL NR WOODS LANDING, WY","WY","ST",41.13801288,-105.9808908,"S","NAD83",7388.99,0.1,"NGVD29",10180010,"dv",60,3,161610,NA,"wat",NA,1645423,0,"5/1/1912","6/30/2016",18320,"WY",c(-105.9808908, 41.13801288),FALSE,"PASS"
24656,"USGS",6660000,"LARAMIE RIVER AT LARAMIE, WY","WY","ST",41.32777778,-105.6074167,"5","NAD83",7132,5,"NAVD88",10180010,"dv",60,3,161615,NA,"wat",NA,1645423,0,"4/1/1933","2/14/2026",15168,"WY",c(-105.6074167, 41.32777778),FALSE,"PASS"
24657,"USGS",6660500,"LARAMIE RIVER AT TWO RIVERS, WY","WY","ST",41.472733,-105.725608,"S","NAD83",7058.85,0.01,"NGVD29",10180010,"dv",60,3,161616,NA,"wat",NA,1645423,0,"1/1/1910","9/29/1972",20571,"WY",c(-105.725608, 41.472733),FALSE,"PASS"
24658,"USGS",6661000,"LITTLE LARAMIE RIVER NEAR FILMORE, WY","WY","ST",41.2949554,-106.0347828,"S","NAD83",7610,10,"NGVD29",10180010,"dv",60,3,161617,NA,"wat",NA,1645423,0,"8/1/1902","9/29/2015",28344,"WY",c(-106.0347828, 41.2949554),FALSE,"PASS"
24659,"USGS",6661500,"LITTLE LARAMIE RIVER AT TWO RIVERS, WY","WY","ST",41.46856637,-105.7328305,"S","NAD83",7060.62,0.01,"NGVD29",10180010,"dv",60,3,161618,NA,"wat",NA,1645423,0,"1/1/1911","9/29/1972",19937,"WY",c(-105.7328305, 41.46856637),FALSE,"PASS"
24660,"USGS",6661585,"LARAMIE RIVER NEAR BOSLER, WY","WY","ST",41.5546769,-105.6833853,"S","NAD83",7030,10,"NGVD29",10180010,"dv",60,3,161619,NA,"wat",NA,1645423,0,"10/1/1972","6/30/2016",14245,"WY",c(-105.6833853, 41.5546769),FALSE,"PASS"
24662,"USGS",6662000,"LARAMIE RIVER NEAR LOOKOUT, WY","WY","ST",41.7621749,-105.6883874,"S","NAD83",6962.68,0.01,"NGVD29",10180010,"dv",60,3,161621,NA,"wat",NA,1645423,0,"6/1/1912","9/30/1996",20435,"WY",c(-105.6883874, 41.7621749),FALSE,"PASS"
24679,"USGS",6667500,"NORTH LARAMIE RIVER NEAR WHEATLAND, WY","WY","ST",42.1660627,-105.206987,"S","NAD83",4840,10,"NGVD29",10180011,"dv",60,3,161638,NA,"wat",NA,1645423,0,"10/1/1914","9/29/1974",15398,"WY",c(-105.206987, 42.1660627),FALSE,"PASS"
24686,"USGS",6670500,"LARAMIE RIVER NEAR FORT LARAMIE, WY","WY","ST",42.2005103,-104.5383548,"S","NAD83",4216.64,0.19,"NAVD88",10180011,"dv",60,3,161650,NA,"wat",NA,1645423,0,"4/1/1915","2/14/2026",38794,"WY",c(-104.5383548, 42.2005103),FALSE,"PASS"
24688,"USGS",6671000,"RAWHIDE CREEK NEAR LINGLE, WY","WY","ST",42.125512,-104.3272362,"S","NAD83",4160,10,"NGVD29",10180009,"dv",60,3,161660,NA,"wat",NA,1645423,0,"5/1/1928","9/30/1992",19686,"WY",c(-104.3272362, 42.125512),FALSE,"PASS"
24690,"USGS",6672500,"CHERRY CREEK DRAIN NEAR TORRINGTON, WY","WY","ST",42.0394024,-104.1691748,"S","NAD83",4080,10,"NGVD29",10180009,"dv",60,3,161662,NA,"wat",NA,1645423,0,"5/1/1931","9/30/1992",17344,"WY",c(-104.1691748, 42.0394024),FALSE,"PASS"
24692,"USGS",6673500,"KATZER DRAIN NEAR HENRY, NE","NE","ST",41.9797222,-104.0711111,"S","NAD83",4040,10,"NGVD29",10180009,"dv",60,3,161664,NA,"wat",NA,1645423,0,"9/1/1928","9/30/1992",19232,"WY",c(-104.0711111, 41.9797222),FALSE,"FAIL"
24693,"USGS",6674500,"NORTH PLATTE RIVER AT WYOMING-NEBRASKA STATE LINE",NA,"ST",41.98857008,-104.0533373,"S","NAD83",4025,10,"NGVD29",10180009,"dv",60,3,325358,NA,"wat",NA,1645423,0,"5/1/1929","12/17/2024",34930,"WY",c(-104.0533373, 41.98857008),TRUE,"BORDER"
24703,"USGS",6754500,"MIDDLE CROW CREEK NEAR HECLA, WY","WY","ST",41.17496074,-105.2519793,"F","NAD83",7244,20,"NAVD88",10190009,"dv",60,3,161676,NA,"wat",NA,1645423,0,"4/1/1933","10/1/1969",12602,"WY",c(-105.2519793, 41.17496074),FALSE,"PASS"
24716,"USGS",9188500,"GREEN RIVER AT WARREN BRIDGE, NEAR DANIEL, WY","WY","ST",43.0190833,-110.1188611,"5","NAD83",7468.09,0.1,"NGVD29",14040101,"dv",60,3,161689,NA,"wat",NA,1645423,0,"10/1/1931","2/14/2026",34083,"WY",c(-110.1188611, 43.0190833),FALSE,"PASS"
24729,"USGS",9193000,"NEW FORK RIVER BL NEW FORK LAKE, NEAR CORA, WY","WY","ST",43.0785272,-109.9954821,"S","NAD83",7720,10,"NGVD29",14040102,"dv",60,3,161701,NA,"wat",NA,1645423,0,"10/1/1938","10/6/2013",13044,"WY",c(-109.9954821, 43.0785272),FALSE,"PASS"
24734,"USGS",9196500,"PINE CREEK ABOVE FREMONT LAKE, WY","WY","ST",43.02705556,-109.7735278,"S","NAD83",7450,20,"NGVD29",14040102,"dv",60,3,161705,NA,"wat",NA,1645423,0,"10/1/1954","2/14/2026",25017,"WY",c(-109.7735278, 43.02705556),FALSE,"PASS"
24739,"USGS",9198000,"PINE CREEK AT PINEDALE, WY","WY","ST",42.8663074,-109.8682533,"F","NAD83",7162.34,0.01,"NGVD29",14040102,"dv",60,3,161713,NA,"wat",NA,1645423,0,"1/1/1904","9/29/1954",14517,"WY",c(-109.8682533, 42.8663074),FALSE,"PASS"
24740,"USGS",9198500,"POLE CR BL LITTLE HALF MOON LAKE, NR PINEDALE, WY","WY","ST",42.88138889,-109.7119444,"R","NAD83",7475,20,"NGVD29",14040102,"dv",60,3,352825,NA,"wat",NA,1645423,0,"10/1/1938","9/30/1971",12053,"WY",c(-109.7119444, 42.88138889),FALSE,"PASS"
24742,"USGS",9199500,"FALL CREEK NEAR PINEDALE, WY","WY","ST",42.8557529,-109.7207486,"S","NAD83",7240,10,"NGVD29",14040102,"dv",60,3,161716,NA,"wat",NA,1645423,0,"10/1/1938","9/29/1971",12052,"WY",c(-109.7207486, 42.8557529),FALSE,"PASS"
24744,"USGS",9201000,"New Fork River near Boulder, WY","WY","ST",42.7501981,-109.728803,"S","NAD83",6960,10,"NGVD29",14040102,"dv",60,3,161718,NA,"wat",NA,1645423,0,"10/1/1914","10/7/1969",20096,"WY",c(-109.728803, 42.7501981),FALSE,"PASS"
24746,"USGS",9202000,"Boulder Creek bl Boulder Lake, nr Boulder, WY","WY","ST",42.8193643,-109.7171369,"S","NAD83",7174,10,"NAVD88",14040102,"dv",60,3,161720,"[(2)]","wat",NA,1645423,0,"11/1/1938","10/4/1973",12575,"WY",c(-109.7171369, 42.8193643),FALSE,"PASS"
24748,"USGS",9203000,"EAST FORK RIVER NEAR BIG SANDY, WY","WY","ST",42.6725,-109.4216667,"S","NAD83",7700,20,"NGVD29",14040102,"dv",60,3,161722,NA,"wat",NA,1645423,0,"10/1/1938","9/29/1992",19723,"WY",c(-109.4216667, 42.6725),FALSE,"PASS"
24749,"USGS",9204000,"SILVER CREEK NEAR BIG SANDY, WY","WY","ST",42.7436111,-109.5108333,"T","NAD83",7475,10,"NGVD29",14040102,"dv",60,3,161723,NA,"wat",NA,1645423,0,"10/1/1938","9/29/1971",12052,"WY",c(-109.5108333, 42.7436111),FALSE,"PASS"
24751,"USGS",9205000,"NEW FORK RIVER NEAR BIG PINEY, WY","WY","ST",42.5671427,-109.930196,"S","NAD83",6800,10,"NGVD29",14040102,"dv",60,3,161728,NA,"wat",NA,1645423,0,"9/1/1954","2/14/2026",26093,"WY",c(-109.930196, 42.5671427),FALSE,"PASS"
24753,"USGS",9205500,"NORTH PINEY CREEK NEAR MASON, WY","WY","ST",42.65797255,-110.3463213,"T","NAD83",7510,10,"NGVD29",14040101,"dv",60,3,161730,NA,"wat",NA,1645423,0,"10/1/1915","9/29/1972",15158,"WY",c(-110.3463213, 42.65797255),FALSE,"PASS"
24757,"USGS",9208000,"LA BARGE CREEK NR LA BARGE MEADOWS RANGER STA, WY","WY","ST",42.50694444,-110.6747222,"R","NAD83",8450,20,"NGVD29",14040101,"dv",60,3,161736,NA,"wat",NA,1645423,0,"10/1/1950","10/9/1981",11332,"WY",c(-110.6747222, 42.50694444),FALSE,"PASS"
24760,"USGS",9209400,"GREEN RIVER NEAR LA BARGE, WY","WY","ST",42.19269994,-110.1632544,"S","NAD83",6520,20,"NGVD29",14040101,"dv",60,3,161742,NA,"wat",NA,1645423,0,"10/1/1963","2/14/2026",22783,"WY",c(-110.1632544, 42.19269994),FALSE,"PASS"
24763,"USGS",9210500,"FONTENELLE C NR HERSCHLER RANCH, NR FONTENELLE, WY","WY","ST",42.09580556,-110.4160833,"S","NAD83",6950,20,"NGVD29",14040101,"dv",60,3,325838,NA,"wat",NA,1645423,0,"10/1/1951","2/14/2026",27162,"WY",c(-110.4160833, 42.09580556),FALSE,"PASS"
24765,"USGS",9211200,"GREEN RIVER BELOW FONTENELLE RESERVOIR, WY","WY","ST",42.0209722,-110.0498056,"5","NAD83",6378.13,0.1,"NGVD29",14040103,"dv",60,3,161747,NA,"wat",NA,1645423,0,"12/1/1963","2/14/2026",22722,"WY",c(-110.0498056, 42.0209722),FALSE,"PASS"
24766,"USGS",9212500,"BIG SANDY R AT LECKIE RANCH, NR BIG SANDY, WY","WY","ST",42.5713394,-109.2834615,"S","NAD83",7800,10,"NGVD29",14040104,"dv",60,3,161748,NA,"wat",NA,1645423,0,"10/1/1939","9/29/1987",15111,"WY",c(-109.2834615, 42.5713394),FALSE,"PASS"
24767,"USGS",9213500,"BIG SANDY RIVER NEAR FARSON, WY","WY","ST",42.3296,-109.5119,"5","NAD83",6794,5,"NAVD88",14040104,"dv",60,3,161749,NA,"wat",NA,1645423,0,"11/1/1914","9/30/2025",21928,"WY",c(-109.5119, 42.3296),FALSE,"PASS"
24768,"USGS",9214000,"LITTLE SANDY CREEK NEAR ELKHORN, WY","WY","ST",42.5338143,-109.2048952,"S","NAD83",8000,10,"NGVD29",14040104,"dv",60,3,161752,NA,"wat",NA,1645423,0,"10/1/1939","9/29/1971",11687,"WY",c(-109.2048952, 42.5338143),FALSE,"PASS"
24773,"USGS",9216050,"Big Sandy River at Gasson Bridge, near Eden, WY","WY","ST",41.9474275,-109.6882368,"S","NAD83",6350,20,"NGVD29",1.4e+11,"dv",60,3,161760,NA,"wat",NA,1645423,0,"5/1/1972","2/8/2026",12589,"WY",c(-109.6882368, 41.9474275),FALSE,"PASS"
24774,"USGS",9216500,"GREEN RIVER AT GREEN RIVER, WY","WY","ST",41.5287972,-109.4765972,"R","NAD83",6071.07,0.01,"NGVD29",14040103,"dv",60,3,161763,NA,"wat",NA,1645423,0,"1895-10-01","9/29/1939",12780,"WY",c(-109.4765972, 41.5287972),FALSE,"PASS"
24783,"USGS",9217000,"GREEN RIVER NEAR GREEN RIVER, WY","WY","ST",41.5163221,-109.4490579,"S","NAD83",6060,10,"NGVD29",14040106,"dv",60,3,161782,NA,"wat",NA,1645423,0,"10/1/1951","2/14/2026",27166,"WY",c(-109.4490579, 41.5163221),FALSE,"PASS"
24784,"USGS",9218500,"BLACKS FORK NEAR MILLBURNE, WY","WY","ST",41.03159787,-110.5793647,"S","NAD83",8512.27,0.01,"NGVD29",14040107,"dv",60,3,325843,NA,"wat",NA,1645423,0,"10/1/1939","9/30/2025",22816,"WY",c(-110.5793647, 41.03159787),FALSE,"PASS"
24787,"USGS",9220000,"EAST FORK OF SMITHS FORK NEAR ROBERTSON, WY","WY","ST",41.0538611,-110.3986389,"S","NAD83",8470,10,"NGVD29",14040107,"dv",60,3,161792,NA,"wat",NA,1645423,0,"7/1/1939","2/14/2026",25474,"WY",c(-110.3986389, 41.0538611),FALSE,"PASS"
24788,"USGS",9220500,"WEST FORK OF SMITH FORK NEAR ROBERTSON, WY","WY","ST",41.02215418,-110.4793616,"S","NAD83",8617,1,"NGVD29",14040107,"dv",60,3,161793,NA,"wat",NA,1645423,0,"7/1/1939","9/29/1981",13459,"WY",c(-110.4793616, 41.02215418),FALSE,"PASS"
24790,"USGS",9222000,"BLACKS FORK NEAR LYMAN, WY","WY","ST",41.4521515,-110.1729683,"S","NAD83",6380,10,"NGVD29",14040107,"dv",60,3,161795,NA,"wat",NA,1645423,0,"10/1/1937","9/29/1983",15095,"WY",c(-110.1729683, 41.4521515),FALSE,"PASS"
24797,"USGS",9223000,"HAMS FORK BELOW POLE CREEK, NEAR FRONTIER, WY","WY","ST",42.11088889,-110.7094167,"S","NAD83",7455,20,"NGVD29",14040107,"dv",60,3,161801,NA,"wat",NA,1645423,0,"10/1/1952","2/11/2026",26796,"WY",c(-110.7094167, 42.11088889),FALSE,"PASS"
24802,"USGS",9224700,"BLACKS FORK NEAR LITTLE AMERICA, WY","WY","ST",41.5460425,-109.6935102,"S","NAD83",6127.66,0.1,"NGVD29",14040107,"dv",60,3,161808,NA,"wat",NA,1645423,0,"6/1/1962","2/14/2026",23250,"WY",c(-109.6935102, 41.5460425),FALSE,"PASS"
24806,"USGS",9229500,"HENRYS FORK NEAR MANILA, UT","UT","ST",41.00452778,-109.6675556,"5","NAD83",6060,10,"NAVD88",14040106,"dv",60,3,161816,NA,"wat",NA,1645423,0,"10/1/1928","2/14/2026",32796,"WY",c(-109.6675556, 41.00452778),FALSE,"FAIL"
24815,"USGS",9256000,"SAVERY CREEK NEAR SAVERY, WY","WY","ST",41.09777778,-107.3819444,"S","NAD83",6680,20,"NGVD29",14050003,"dv",60,3,161830,NA,"wat",NA,1645423,0,"10/1/1941","9/30/1992",13520,"WY",c(-107.3819444, 41.09777778),FALSE,"PASS"
24817,"USGS",9257000,"LITTLE SNAKE RIVER NEAR DIXON, WY","WY","ST",41.02852778,-107.5488611,"5","NAD83",6335.34,0.11,"NAVD88",14050003,"dv",60,3,161832,NA,"wat",NA,1645423,0,"10/1/1910","2/14/2026",25509,"WY",c(-107.5488611, 41.02852778),FALSE,"PASS"
24826,"USGS",10015700,"SULPHUR CR AB RES,BL LA CHAPELLE CR,NR EVANSTON,WY",NA,"ST",41.12911407,-110.8065634,"S","NAD83",7232,1.6,"NAVD88",16010101,"dv",60,3,143381,NA,"wat",NA,1645423,0,"10/1/1957","9/30/1997",14610,"WY",c(-110.8065634, 41.12911407),FALSE,"CHECK"
24827,"USGS",10015900,"SULPHUR CREEK BL RESERVOIR, NR EVANSTON, WY","WY","ST",41.15605839,-110.8351757,"S","NAD83",7120,10,"NGVD29",16010101,"dv",60,3,143382,NA,"wat",NA,1645423,0,"4/1/1958","10/6/1992",12490,"WY",c(-110.8351757, 41.15605839),FALSE,"PASS"
24829,"USGS",10016900,"BEAR RIVER AT EVANSTON, WY","WY","ST",41.2698611,-110.9636944,"S","NAD83",6730,10,"NGVD29",16010101,"dv",60,3,161862,NA,"wat",NA,1645423,0,"5/14/1984","2/11/2026",11985,"WY",c(-110.9636944, 41.2698611),FALSE,"PASS"
24831,"USGS",10020100,"BEAR RIVER ABOVE RESERVOIR, NEAR WOODRUFF, UT","UT","ST",41.4343899,-111.0176863,"S","NAD83",6464.63,0.2,"NAVD88",16010101,"dv",60,3,295847,NA,"wat",NA,1645423,0,"10/1/1961","2/14/2026",23513,"WY",c(-111.0176863, 41.4343899),FALSE,"FAIL"
24832,"USGS",10020300,"BEAR RIVER BELOW RESERVOIR, NEAR WOODRUFF, UT","UT","ST",41.50547872,-111.0146613,"S","NAD83",6403.44,0.11,"NAVD88",1.6e+11,"dv",60,3,143389,NA,"wat",NA,1645423,0,"10/1/1961","2/14/2026",23513,"WY",c(-111.0146613, 41.50547872),FALSE,"FAIL"
24834,"USGS",10028500,"BEAR RIVER BELOW PIXLEY DAM, NEAR COKEVILLE, WY","WY","ST",41.93795,-110.9868806,"1","NAD83",6180.3,0.2,"NAVD88",16010102,"dv",60,3,143394,NA,"wat",NA,1645423,0,"11/1/1941","9/30/2025",13731,"WY",c(-110.9868806, 41.93795),FALSE,"PASS"
24835,"USGS",10032000,"SMITHS FORK NEAR BORDER, WY","WY","ST",42.2932662,-110.8724064,"F","NAD83",6705.69,0.16,"NAVD88",16010102,"dv",60,3,143395,NA,"wat",NA,1645423,0,"6/1/1942","2/14/2026",30575,"WY",c(-110.8724064, 42.2932662),FALSE,"PASS"
24838,"USGS",10038000,"BEAR RIVER BELOW SMITHS FORK, NR COKEVILLE, WY","WY","ST",42.12652778,-110.9731972,"1","NAD83",6133.41,0.23,"NAVD88",16010102,"dv",60,3,143396,NA,"wat",NA,1645423,0,"5/1/1954","2/14/2026",25977,"WY",c(-110.9731972, 42.12652778),FALSE,"PASS"
24841,"USGS",10041000,"THOMAS FORK NEAR WYOMING-IDAHO STATE LINE",NA,"ST",42.40215256,-111.0249154,"S","NAD83",6300,20,"NGVD29",16010102,"dv",60,3,143404,NA,"wat",NA,1645423,0,"10/1/1949","9/30/1992",15706,"WY",c(-111.0249154, 42.40215256),TRUE,"BORDER"
24843,"USGS",13010065,"SNAKE RIVER AB JACKSON LAKE AT FLAGG RANCH WY","WY","ST",44.09888889,-110.6675,"S","NAD83",6801.61,0.01,"NGVD29",17040101,"dv",60,3,337948,NA,"wat",NA,1645423,0,"10/1/1983","2/14/2026",15474,"WY",c(-110.6675, 44.09888889),FALSE,"PASS"
24845,"USGS",13011000,"SNAKE RIVER NEAR MORAN, WY","WY","ST",43.85851819,-110.5866219,"S","NAD83",6727.84,0.01,"NGVD29",17040101,"dv",60,3,337925,NA,"wat",NA,1645423,0,"10/1/1903","2/14/2026",44698,"WY",c(-110.5866219, 43.85851819),FALSE,"PASS"
24846,"USGS",13011500,"PACIFIC CREEK AT MORAN, WY","WY","ST",43.8510187,-110.5171751,"S","NAD83",6740,10,"NAVD88",17040101,"dv",60,3,337957,NA,"wat",NA,1645423,0,"7/20/1917","2/14/2026",28897,"WY",c(-110.5171751, 43.8510187),FALSE,"PASS"
24848,"USGS",13011900,"BUFFALO FORK AB LAVA CREEK, NR MORAN, WY","WY","ST",43.83805556,-110.4408333,"S","NAD83",6772.78,0.01,"NGVD29",17040101,"dv",60,3,337961,NA,"wat",NA,1645423,0,"9/22/1965","2/14/2026",21720,"WY",c(-110.4408333, 43.83805556),FALSE,"PASS"
24855,"USGS",13013650,"SNAKE RIVER AT MOOSE, WY","WY","ST",43.65405556,-110.7154722,"5","NAD83",6450,10,"NGVD29",17040101,"dv",60,3,161871,NA,"wat",NA,1645423,0,"4/6/1995","2/14/2026",11197,"WY",c(-110.7154722, 43.65405556),FALSE,"PASS"
24858,"USGS",13014500,"GROS VENTRE RIVER AT KELLY, WY","WY","ST",43.62088889,-110.6230556,"S","NAD83",6648,10,"NAVD88",17040102,"dv",60,3,161883,NA,"wat",NA,1645423,0,"6/16/1918","2/14/2026",11404,"WY",c(-110.6230556, 43.62088889),FALSE,"PASS"
24864,"USGS",13016305,"GRANITE C AB GRANITE C SUPPLEMENTAL, NR MOOSE, WY","WY","ST",43.60316667,-110.8058333,"S","NAD83",6400,20,"NGVD29",17040103,"dv",60,3,161885,NA,"wat",NA,1645423,0,"6/2/1995","2/14/2026",11215,"WY",c(-110.8058333, 43.60316667),FALSE,"PASS"
24867,"USGS",13016450,"FISH CREEK AT WILSON, WY","WY","ST",43.50076005,-110.8716,"S","NAD83",6144.98,0.2,"NAVD88",17040103,"dv",60,3,161888,NA,"wat",NA,1645423,0,"3/24/1994","2/14/2026",11645,"WY",c(-110.8716, 43.50076005),FALSE,"PASS"
24873,"USGS",13018300,"CACHE CREEK NEAR JACKSON, WY","WY","ST",43.45213098,-110.7041203,"S","NAD83",6750,10,"NGVD29",17040103,"dv",60,3,326166,NA,"wat",NA,1645423,0,"7/1/1962","2/14/2026",23238,"WY",c(-110.7041203, 43.45213098),FALSE,"PASS"
24874,"USGS",13018350,"FLAT CREEK BELOW CACHE CREEK, NEAR JACKSON, WY","WY","ST",43.4583611,-110.7970278,"1","NAD83",6114.4,0.2,"NAVD88",17040103,"dv",60,3,161897,NA,"wat",NA,1645423,0,"4/1/1989","2/14/2026",11053,"WY",c(-110.7970278, 43.4583611),FALSE,"PASS"
24876,"USGS",13018750,"SNAKE RIVER BELOW FLAT CREEK, NEAR JACKSON, WY","WY","ST",43.3722222,-110.7386111,"S","NAD83",5956,20,"NAVD88",17040103,"dv",60,3,337982,NA,"wat",NA,1645423,0,"11/12/1975","2/14/2026",18358,"WY",c(-110.7386111, 43.3722222),FALSE,"PASS"
24885,"USGS",13022500,"SNAKE RIVER ABOVE RESERVOIR, NEAR ALPINE, WY","WY","ST",43.1961111,-110.8894444,"F","NAD83",5717,20,"NAVD88",17040103,"dv",60,3,337990,NA,"wat",NA,1645423,0,"3/16/1937","2/14/2026",27181,"WY",c(-110.8894444, 43.1961111),FALSE,"PASS"
24886,"USGS",13023000,"GREYS RIVER ABOVE RESERVOIR, NEAR ALPINE, WY","WY","ST",43.14305556,-110.9769444,"S","NAD83",5729,20,"NGVD29",17040103,"dv",60,3,326169,NA,"wat",NA,1645423,0,"7/6/1917","2/14/2026",27401,"WY",c(-110.9769444, 43.14305556),FALSE,"PASS"
24890,"USGS",13025000,"SWIFT CREEK NEAR AFTON, WY","WY","ST",42.7260238,-110.899117,"F","NAD83",6420,20,"NGVD29",17040105,"dv",60,3,161906,NA,"wat",NA,1645423,0,"10/1/1942","9/29/1980",12160,"WY",c(-110.899117, 42.7260238),FALSE,"PASS"
24894,"USGS",13027500,"SALT RIVER ABOVE RESERVOIR, NEAR ETNA, WY","WY","ST",43.0797222,-111.0372222,"S","NAD83",5679.56,0.05,"NAVD88",17040105,"dv",60,3,320702,NA,"wat",NA,1645423,0,"10/1/1953","2/14/2026",26435,"WY",c(-111.0372222, 43.0797222),FALSE,"PASS"
