"site_no","station_nm","state_cd","state_geo","dec_lat_va","dec_long_va","count_nu","elev_ft","elev_acc","elev_datum"
"09379200","CHINLE CREEK NEAR MEXICAN WATER, AZ","AZ","AZ",36.94388757,-109.7106866,22415,NA,NA,NA
"09380000","COLORADO RIVER AT LEES FERRY, AZ","AZ","AZ",36.86433333,-111.5878722,38123,NA,NA,NA
"09382000","PARIA RIVER AT LEES FERRY, AZ","AZ","AZ",36.87221098,-111.5946286,37393,NA,NA,NA
"09383000","COLORADO RIVER AT COMPACT POINT NR LEES FERRY, AZ","AZ","AZ",36.8513765,-111.6065497,12050,NA,NA,NA
"09383400","LITTLE COLORADO RIVER AT GREER, AZ","AZ","AZ",34.01588889,-109.4570833,14566,NA,NA,NA
"09384000","LITTLE COLORADO R ABV LYMAN LAKE NR ST. JOHNS, AZ","AZ","AZ",34.31502222,-109.3623306,31366,NA,NA,NA
"09385000","LYMAN CANAL BLW. LYMAN RES. NR. ST. JOHNS, ARIZ.",NA,"AZ",34.36809558,-109.3825956,11590,NA,NA,NA
"09385500","LCR BEL LYMAN RES NR ST JOHNS ARIZ",NA,"AZ",34.36809558,-109.3828734,14672,NA,NA,NA
"09386030","LITTLE COLORADO RVR ABV ZION RES. NR ST. JOHNS, AZ","AZ","AZ",34.58331944,-109.4066917,18399,NA,NA,NA
"09386500","LITTLE COLORADO R AB ZUNI R NR HUNT, AZ.","AZ","AZ",34.64170039,-109.6770533,11901,NA,NA,NA
"09388000","LITTLE COLORADO RIVER NR HUNT, AZ","AZ","AZ",34.64725615,-109.7034425,13525,NA,NA,NA
"09390500","SHOW LOW CREEK NEAR LAKESIDE, AZ","AZ","AZ",34.17948755,-109.9878858,26588,NA,NA,NA
"09392000","SHOW LOW CR BL JAQUES DAM, NR SHOW LOW, AZ","AZ","AZ",34.19643165,-110.0042754,18262,NA,NA,NA
"09394500","LITTLE COLORADO RIVER AT WOODRUFF, AZ","AZ","AZ",34.7825,-110.0439583,35900,NA,NA,NA
"09397000","LITTLE COLORADO RIVER AT HOLBROOK, AZ","AZ","AZ",34.8978039,-110.1631768,16037,NA,NA,NA
"09397500","CHEVELON FORK BELOW WILDCAT CANYON, NR WINSLOW, AZ","AZ","AZ",34.6364196,-110.7142957,19648,NA,NA,NA
"09398000","CHEVELON CREEK NEAR WINSLOW, AZ","AZ","AZ",34.92438889,-110.5289306,19294,NA,NA,NA
"09398500","CLEAR CREEK BELOW WILLOW CREEK, N WINSLOW, AZ.","AZ","AZ",34.66752554,-111.0076349,16267,NA,NA,NA
"09399000","CLEAR CREEK NEAR WINSLOW, AZ","AZ","AZ",34.96946689,-110.6451326,19695,NA,NA,NA
"09401000","LITTLE COLO. RIVER AT GRAND FALLS, ARIZ.",NA,"AZ",35.4333386,-111.200701,13750,NA,NA,NA
"09401260","MOENKOPI WASH AT MOENKOPI, AZ","AZ","AZ",36.10499334,-111.2018069,18124,NA,NA,NA
"09402000","LITTLE COLORADO RIVER NEAR CAMERON, AZ","AZ","AZ",35.9263819,-111.5673682,28749,NA,NA,NA
"09402500","COLORADO RIVER NEAR GRAND CANYON, AZ","AZ","AZ",36.10137176,-112.0862795,37028,NA,NA,NA
"09403000","BRIGHT ANGEL CREEK NEAR GRAND CANYON, ARIZ.",NA,"AZ",36.09972222,-112.0938889,19515,NA,NA,NA
"09404200","COLORADO RVR ABV DIAMOND CREEK NR PEACH SPRINGS AZ","AZ","AZ",35.7735994,-113.363544,13400,NA,NA,NA
"09404208","DIAMOND CREEK NEAR PEACH SPRINGS, AZ","AZ","AZ",35.76498839,-113.3682663,11967,NA,NA,NA
"09404343","TRUXTON WASH NEAR VALENTINE, AZ","AZ","AZ",35.38416188,-113.6577185,11446,NA,NA,NA
"09415000","VIRGIN RV AT LITTLEFIELD, AZ","AZ","AZ",36.8916437,-113.9244098,35199,NA,NA,NA
"09423650","TOPOCK MARSH OUTLET NEAR TOPOCK, AZ","AZ","AZ",34.7375068,-114.4902393,16983,NA,NA,NA
"09424447","BURRO CREEK AT OLD US 93 BRIDGE, NEAR BAGDAD, AZ","AZ","AZ",34.5346222,-113.4540583,12441,NA,NA,NA
"09424450","BIG SANDY RIVER NEAR WIKIEUP, AZ","AZ","AZ",34.4625286,-113.6243843,21873,NA,NA,NA
"09424900","SANTA MARIA RIVER NEAR BAGDAD, AZ","AZ","AZ",34.3058675,-113.3471532,20749,NA,NA,NA
"09426000","BILL WILLIAMS RIVER BELOW ALAMO DAM, AZ","AZ","AZ",34.2310833,-113.6099306,31488,NA,NA,NA
"09426620","BILL WILLIAMS RIVER NEAR PARKER, AZ","AZ","AZ",34.2612361,-114.0289806,13651,NA,NA,NA
"09426650","CENTRAL ARIZONA PROJECT CANAL AT HAVASU PUMPING PL","PL","AZ",34.28890386,-114.1110573,15098,NA,NA,NA
"09428500","CRIR MAIN CANAL NEAR PARKER, AZ","AZ","AZ",34.16779378,-114.2766175,26071,NA,NA,NA
"09428505","GARDNER LATERAL SPILL NEAR PARKER, AZ","AZ","AZ",34.02779463,-114.433566,21840,NA,NA,NA
"09428508","UPPER MAIN DRAIN NEAR POSTON, AZ","AZ","AZ",34.0233504,-114.4124542,13134,NA,NA,NA
"09428510","POSTON WASTEWAY NEAR POSTON, AZ","AZ","AZ",33.99845278,-114.4563389,19130,NA,NA,NA
"09429030","PALO VERDE DRAIN NEAR PARKER, AZ","AZ","AZ",33.75696536,-114.4974554,16939,NA,NA,NA
"09429060","CRIR LOWER MAIN DRAIN NEAR PARKER, AZ","AZ","AZ",33.761132,-114.4855107,16192,NA,NA,NA
"09429300","COLORADO RIVER BELOW CIBOLA VALLEY, AZ.","AZ","AZ",33.22114635,-114.672457,11871,NA,NA,NA
"09442000","GILA RIVER NEAR CLIFTON, AZ","AZ","AZ",32.96527778,-109.3086111,35474,NA,NA,NA
"09444200","BLUE RIVER NEAR CLIFTON, AZ.","AZ","AZ",33.29089456,-109.1961832,14574,NA,NA,NA
"09444500","SAN FRANCISCO RIVER AT CLIFTON, AZ","AZ","AZ",33.05604444,-109.2990167,37535,NA,NA,NA
"09445000","Willow Creek Div from Black River, nr Morenci, AZ","AZ","AZ",33.41283295,-109.719531,20982,NA,NA,NA
"09447000","EAGLE CREEK ABOVE PUMPING PLANT, NEAR MORENCI, AZ.","AZ","AZ",33.06615,-109.444975,29905,NA,NA,NA
"09447800","BONITA CREEK NEAR MORENCI, AZ.","AZ","AZ",32.9556458,-109.5312047,16269,NA,NA,NA
"09448500","GILA RIVER AT HEAD OF SAFFORD VALLEY, NR SOLOMON,",NA,"AZ",32.8827222,-109.4796056,37886,NA,NA,NA
"09457000","SAN SIMON RIVER NEAR SOLOMON, ARIZ.",NA,"AZ",32.8017604,-109.639262,19269,NA,NA,NA
"09466500","GILA RIVER AT CALVA, AZ","AZ","AZ",33.18563615,-110.2201142,35201,NA,NA,NA
"09468500","SAN CARLOS RIVER NEAR PERIDOT, AZ.","AZ","AZ",33.29646536,-110.4515103,35639,NA,NA,NA
"09469500","GILA RIVER BELOW COOLIDGE DAM, AZ.","AZ","AZ",33.16934444,-110.5314583,42540,NA,NA,NA
"09470000","GILA RIVER AT WINKELMAN, ARIZ.",NA,"AZ",33.0017324,-110.7659386,18763,NA,NA,NA
"09470500","SAN PEDRO RIVER AT PALOMINAS, AZ.","AZ","AZ",31.3801309,-110.1112093,26191,NA,NA,NA
"09470800","GARDEN CANYON NEAR FORT HUACHUCA, AZ","AZ","AZ",31.47287518,-110.3478588,13864,NA,NA,NA
"09471000","SAN PEDRO RIVER AT CHARLESTON, AZ","AZ","AZ",31.62594167,-110.1751028,40851,NA,NA,NA
"09471550","SAN PEDRO RIVER NEAR TOMBSTONE, AZ","AZ","AZ",31.75144444,-110.2013333,17480,NA,NA,NA
"09472000","SAN PEDRO RIVER NR REDINGTON, ARIZ",NA,"AZ",32.380628,-110.446471,18018,NA,NA,NA
"09473000","ARAVAIPA CREEK NEAR MAMMOTH, AZ.","AZ","AZ",32.84467778,-110.6292861,25987,NA,NA,NA
"09474000","GILA RIVER AT KELVIN, AZ.","AZ","AZ",33.1028564,-110.9765231,41969,NA,NA,NA
"09475500","FLORENCE-CASA GRANDE CANAL, NEAR FLORENCE, AZ.","AZ","AZ",33.09440556,-111.26015,15138,NA,NA,NA
"09479350","GILA RIVER NEAR MARICOPA, AZ.","AZ","AZ",33.168661,-112.0073648,11215,NA,NA,NA
"09479500","GILA RIVER NEAR LAVEEN, ARIZ.",NA,"AZ",33.2569917,-112.1670934,19831,NA,NA,NA
"09480000","SANTA CRUZ RIVER NEAR LOCHIEL, AZ","AZ","AZ",31.35540695,-110.5895553,26435,NA,NA,NA
"09480500","SANTA CRUZ RIVER NEAR NOGALES, AZ.","AZ","AZ",31.34457256,-110.8515066,37237,NA,NA,NA
"09481500","SONOITA CREEK NEAR PATAGONIA, ARIZ.",NA,"AZ",31.49981633,-110.8181418,14916,NA,NA,NA
"09481740","SANTA CRUZ RIVER AT TUBAC, AZ.","AZ","AZ",31.61304167,-111.040125,11090,NA,NA,NA
"09482000","SANTA CRUZ RIVER AT CONTINENTAL, AZ","AZ","AZ",31.87150114,-110.980125,26953,NA,NA,NA
"09482500","SANTA CRUZ RIVER AT TUCSON, AZ","AZ","AZ",32.22121353,-110.9817943,31247,NA,NA,NA
"09483000","TUCSON ARROYO AT VINE AVE, AT TUCSON, AZ.","AZ","AZ",32.21674295,-110.9489799,13635,NA,NA,NA
"09484000","SABINO CREEK NEAR TUCSON, AZ","AZ","AZ",32.3147222,-110.8109167,29444,NA,NA,NA
"09484500","TANQUE VERDE CREEK AT TUCSON, AZ.","AZ","AZ",32.26425556,-110.8413,15942,NA,NA,NA
"09484600","PANTANO WASH NEAR VAIL, AZ.","AZ","AZ",32.03594255,-110.677618,19037,NA,NA,NA
"09485000","RINCON CREEK NEAR TUCSON, AZ.","AZ","AZ",32.12976667,-110.6258333,21662,NA,NA,NA
"09485700","RILLITO CREEK AT DODGE BOULEVARD, AT TUCSON, AZ","AZ","AZ",32.27149027,-110.9145706,13844,NA,NA,NA
"09485850","RILLITO CREEK NEAR TUCSON, ARIZ",NA,"AZ",32.2886862,-110.9612047,22461,NA,NA,NA
"09486055","RILLITO CREEK AT LA CHOLLA BLVD NEAR TUCSON, AZ.","AZ","AZ",32.3027611,-111.011375,11160,NA,NA,NA
"09486350","CANADA DEL ORO BLW INA ROAD, NEAR TUCSON, AZ.","AZ","AZ",32.33621,-111.0420746,11104,NA,NA,NA
"09486500","SANTA CRUZ RIVER AT CORTARO, AZ","AZ","AZ",32.3507222,-111.095875,27833,NA,NA,NA
"09486520","SANTA CRUZ RIVER AT TRICO ROAD, NR MARANA, AZ.","AZ","AZ",32.47158889,-111.3019667,13468,NA,NA,NA
"09486800","ALTAR WASH NEAR THREE POINTS, AZ.","AZ","AZ",31.83908056,-111.4042667,15887,NA,NA,NA
"09487000","BRAWLEY WASH NEAR THREE POINTS, AZ.","AZ","AZ",32.0756601,-111.3387473,12332,NA,NA,NA
"09489000","SANTA CRUZ RIVER NEAR LAVEEN, AZ.","AZ","AZ",33.23262778,-112.1695806,31024,NA,NA,NA
"09489499","BLACK R AB WILLOW CR DIV NR POINT OF PINES, AZ","AZ","AZ",33.48144254,-109.7531442,13270,NA,NA,NA
"09489500","BLACK RVR BLW PUMPING PLANT, NR POINT OF PINES, AZ","AZ","AZ",33.4767422,-109.7639928,26556,NA,NA,NA
"09490500","BLACK RIVER NEAR FORT APACHE, AZ.","AZ","AZ",33.71282949,-110.2117674,26077,NA,NA,NA
"09492400","EAST FORK WHITE RIVER NEAR FORT APACHE, AZ.","AZ","AZ",33.8222723,-109.8145413,25035,NA,NA,NA
"09494000","WHITE RIVER NEAR FORT APACHE, AZ.","AZ","AZ",33.7364557,-110.1667837,25309,NA,NA,NA
"09495000","FORESTDALE CR DIV FROM SHOW LOW CR NR SHOW LOW, AZ","AZ","AZ",34.1778208,-110.0162198,19145,NA,NA,NA
"09496500","CARRIZO CREEK NEAR SHOW LOW, AZ.","AZ","AZ",33.98589336,-110.2809554,24685,NA,NA,NA
"09497500","SALT RIVER NEAR CHRYSOTILE, AZ","AZ","AZ",33.79811903,-110.4998489,37036,NA,NA,NA
"09497800","CIBECUE CREEK NEAR CHRYSOTILE, AZ","AZ","AZ",33.84311759,-110.5576286,24382,NA,NA,NA
"09497980","CHERRY CREEK NEAR GLOBE, AZ","AZ","AZ",33.8278262,-110.8562266,21950,NA,NA,NA
"09498400","PINAL CREEK AT INSPIRATION DAM, NR GLOBE, AZ.","AZ","AZ",33.5731068,-110.9012251,16629,NA,NA,NA
"09498500","SALT RIVER NEAR ROOSEVELT, AZ","AZ","AZ",33.61916667,-110.9220833,41044,NA,NA,NA
"09498501","PINTO CREEK BLW HAUNTED CANYON NR MIAMI, AZ","AZ","AZ",33.41866469,-111.0095609,11094,NA,NA,NA
"09498502","PINTO CREEK NEAR MIAMI, AZ","AZ","AZ",33.4878297,-110.9953942,11086,NA,NA,NA
"09498503","SOUTH FORK PARKER CREEK NEAR ROOSEVELT, AZ","AZ","AZ",33.79694444,-110.9598111,14154,NA,NA,NA
"09499000","TONTO CREEK ABOVE GUN CREEK, NEAR ROOSEVELT, AZ","AZ","AZ",33.98005443,-111.3034836,31102,NA,NA,NA
"09502000","SALT RIVER BLW STEWART MOUNTAIN DAM, AZ","AZ","AZ",33.55284137,-111.5765431,31914,NA,NA,NA
"09502800","WILLIAMSON VALLEY WASH NEAR PAULDEN, AZ","AZ","AZ",34.8666865,-112.6132308,16453,NA,NA,NA
"09502960","GRANITE CREEK AT PRESCOTT, AZ","AZ","AZ",34.55196864,-112.4623913,11414,NA,NA,NA
"09503000","GRANITE CREEK NEAR PRESCOTT, AZ","AZ","AZ",34.56307975,-112.4448909,17026,NA,NA,NA
"09503700","VERDE RIVER NEAR PAULDEN, AZ","AZ","AZ",34.89502016,-112.3429468,22859,NA,NA,NA
"09504000","VERDE RIVER NEAR CLARKDALE, AZ","AZ","AZ",34.8522416,-112.065994,24250,NA,NA,NA
"09504420","OAK CREEK NEAR SEDONA, AZ","AZ","AZ",34.86153889,-111.7619972,16208,NA,NA,NA
"09504500","OAK CREEK NEAR CORNVILLE, AZ","AZ","AZ",34.76446436,-111.8909885,30491,NA,NA,NA
"09505200","WET BEAVER CREEK NEAR RIMROCK, AZ","AZ","AZ",34.67474409,-111.672094,21981,NA,NA,NA
"09505350","DRY BEAVER CREEK NEAR RIMROCK, AZ","AZ","AZ",34.72863146,-111.775708,23878,NA,NA,NA
"09505800","WEST CLEAR CREEK NEAR CAMP VERDE, AZ","AZ","AZ",34.53863606,-111.6940356,22352,NA,NA,NA
"09506000","VERDE RIVER NEAR CAMP VERDE, AZ","AZ","AZ",34.4483605,-111.7898705,17851,NA,NA,NA
"09507500","FOSSIL CR DIV TO CHILDS POWERPLANT, NR CAMP VERDE",NA,"AZ",34.3683626,-111.6662568,19359,NA,NA,NA
"09507580","EAST VERDE R DIV FROM EAST CLEAR CR NR PINE, AZ","AZ","AZ",34.41780739,-111.2637469,22029,NA,NA,NA
"09507980","EAST VERDE RIVER NEAR CHILDS, AZ","AZ","AZ",34.27643412,-111.638773,22652,NA,NA,NA
"09508300","WET BOTTOM CREEK NEAR CHILDS, AZ","AZ","AZ",34.16086787,-111.6929235,21441,NA,NA,NA
"09508500","VERDE RVR BLW TANGLE CREEK, ABV HORSESHOE DAM, AZ","AZ","AZ",34.0731053,-111.7162734,29397,NA,NA,NA
"09510000","VERDE RIVER BELOW BARTLETT DAM, AZ","AZ","AZ",33.80837509,-111.6634729,43237,NA,NA,NA
"09510200","SYCAMORE CREEK NEAR FORT MCDOWELL, AZ","AZ","AZ",33.69422687,-111.5418211,23878,NA,NA,NA
"09511300","VERDE RIVER NEAR SCOTTSDALE, AZ","AZ","AZ",33.5586557,-111.6693043,23013,NA,NA,NA
"09512162","INDIAN BEND WASH AT CURRY ROAD, TEMPE, AZ.","AZ","AZ",33.4403423,-111.9151624,11009,NA,NA,NA
"09512165","SALT RIVER AT PRIEST DRIVE NEAR PHOENIX, AZ","AZ","AZ",33.43411111,-111.9613333,11757,NA,NA,NA
"09512200","SALT RIVER TRIB. IN SOUTH MNTN PARK NR PHOENIX, AZ","AZ","AZ",33.34699047,-112.0848697,14225,NA,NA,NA
"09512280","CAVE CREEK BLW COTTONWOOD CR NEAR CAVE CREEK, AZ.","AZ","AZ",33.88704167,-111.9541944,16573,NA,NA,NA
"09512400","CAVE CREEK AT PHOENIX, ARIZ.",NA,"AZ",33.58226304,-112.1126513,12418,NA,NA,NA
"09512500","AGUA FRIA RIVER NEAR MAYER, AZ","AZ","AZ",34.31505,-112.0638917,31456,NA,NA,NA
"09512800","AGUA FRIA RIVER NEAR ROCK SPRINGS, AZ","AZ","AZ",34.01560406,-112.1679519,20107,NA,NA,NA
"09513780","NEW RIVER NEAR ROCK SPRINGS, AZ.","AZ","AZ",33.97436667,-112.0990944,21966,NA,NA,NA
"09513860","SKUNK CREEK NEAR PHOENIX, AZ","AZ","AZ",33.72993333,-112.1196472,21322,NA,NA,NA
"09514100","GILA RIVER AT ESTRELLA PARKWAY, NEAR GOODYEAR, AZ","AZ","AZ",33.3875427,-112.3923808,12190,NA,NA,NA
"09515500","HASSAYAMPA RIVER AT BOX DAMSITE NR WICKENBURG AZ","AZ","AZ",34.0450291,-112.7098996,13481,NA,NA,NA
"09516500","HASSAYAMPA RIVER NEAR MORRISTOWN, AZ","AZ","AZ",33.88504881,-112.6621309,15395,NA,NA,NA
"09517000","HASSAYAMPA RIVER NEAR ARLINGTON, AZ","AZ","AZ",33.3472844,-112.7257391,12829,NA,NA,NA
"09517490","CENTENNIAL WASH AT SOUTHERN PACIFIC RAILROAD BRDG",NA,"AZ",33.31031984,-112.8818423,14545,NA,NA,NA
"09518500","GILA BEND CANAL AT GILLESPIE DAM, AZ","AZ","AZ",33.2292317,-112.7674059,15050,NA,NA,NA
"09519000","ENTERPRISE CANAL AT GILLESPIE DAM, AZ","AZ","AZ",33.2292104,-112.7715597,18603,NA,NA,NA
"09519500","GILA RIVER BELOW GILLESPIE DAM, AZ (FLOW BLW DAM)",NA,"AZ",33.22921044,-112.7673929,34025,NA,NA,NA
"09519800","GILA RIVER BELOW PAINTED ROCK DAM, AZ","AZ","AZ",33.07810833,-113.0180778,24147,NA,NA,NA
"09520280","GILA RIVER NEAR DATELAND, AZ","AZ","AZ",32.87928056,-113.5412639,11825,NA,NA,NA
"09520500","GILA RIVER NEAR DOME, AZ","AZ","AZ",32.7608789,-114.4205019,36084,NA,NA,NA
"09522000","COLORADO RIVER AT NIB, ABOVE MORELOS DAM, AZ","AZ","AZ",32.7186587,-114.7188444,27759,NA,NA,NA
"09522400","MITTRY LAKE DIVERSION AT IMPERIAL DAM, AZ","AZ","AZ",32.87811944,-114.459136,18034,NA,NA,NA
"09522500","GILA GRAVITY MAIN CANAL AT IMPERIAL DAM, AZ-CA",NA,"AZ",32.8712,-114.4500806,30133,NA,NA,NA
"09522600","NORTH GILA MAIN CANAL NEAR YUMA, AZ","AZ","AZ",32.80296389,-114.4953222,21686,NA,NA,NA
"09522650","NORTH GILA MAIN CANAL NO. 2 NEAR YUMA, AZ","AZ","AZ",32.75266667,-114.4939472,20683,NA,NA,NA
"09522700","WELLTON-MOHAWK MAIN CANAL NEAR YUMA, AZ","AZ","AZ",32.7422683,-114.4338356,18738,NA,NA,NA
"09522800","SOUTH GILA MAIN CANAL NEAR YUMA, AZ","AZ","AZ",32.68743889,-114.4721778,18765,NA,NA,NA
"09525500","YUMA MAIN CANAL BLW COLORADO R. SIPHON AT YUMA, AZ","AZ","AZ",32.7274,-114.6212694,31914,NA,NA,NA
"09528600","LAGUNA CANAL WASTEWAY NEAR YUMA, AZ","AZ","AZ",32.8158776,-114.4910597,11323,NA,NA,NA
"09528800","LEVEE CANAL WASTEWAY NEAR YUMA, AZ","AZ","AZ",32.75868889,-114.5240028,21687,NA,NA,NA
"09529000","GILA DRAIN NO. 1 NEAR YUMA, AZ","AZ","AZ",32.75877778,-114.5226139,18400,NA,NA,NA
"09529150","NORTH GILA MAIN CANAL WASTEWAY NEAR YUMA, AZ","AZ","AZ",32.72628056,-114.5042444,21322,NA,NA,NA
"09529160","SOUTH GILA PUMP OUTLET CHANNEL NO 3 NEAR YUMA, AZ","AZ","AZ",32.7178246,-114.5041154,17867,NA,NA,NA
"09529240","SOUTH GILA PUMP OUTLET CHANNEL NO 2 NEAR YUMA, AZ","AZ","AZ",32.70865835,-114.5299495,17929,NA,NA,NA
"09529250","BRUCE CHURCH WASTEWAY NEAR YUMA, AZ","AZ","AZ",32.71555556,-114.533386,21322,NA,NA,NA
"09529300","WELLTON-MOHAWK MAIN OUTLET DRAIN NR YUMA, AZ","AZ","AZ",32.74210278,-114.4369028,21322,NA,NA,NA
"09529360","SOUTH GILA PUMP OUTLET CHANNEL NO 1 NEAR YUMA, AZ","AZ","AZ",32.70671407,-114.5560614,17897,NA,NA,NA
"09529420","SOUTH GILA TERMINAL CANAL WASTEWAY NR YUMA, AZ","AZ","AZ",32.693659,-114.58134,21322,NA,NA,NA
"09529440","SOUTH GILA PUMP OUTLET CHANNEL NO 4 NEAR YUMA, AZ","AZ","AZ",32.71282513,-114.5980072,17897,NA,NA,NA
"09530200","YUMA MESA OUTLET DRAIN NEAR YUMA, AZ","AZ","AZ",32.730047,-114.658287,15996,NA,NA,NA
"09531800","MAIN OUTLET DR EXTENSION 2 AB MORELOS DAM, AZ.","AZ","AZ",32.7283806,-114.7146776,14700,NA,NA,NA
"09535100","SAN SIMON WASH NEAR PISINIMO, AZ.","AZ","AZ",32.044237,-112.3709706,16066,NA,NA,NA
"09535300","VAMORI WASH AT KOM VO, AZ","AZ","AZ",31.95121357,-112.3479399,19596,NA,NA,NA
"09537200","LESLIE CREEK NEAR MCNEAL, AZ.","AZ","AZ",31.59012789,-109.5089722,18854,NA,NA,NA
"09537500","WHITEWATER DRAW NEAR DOUGLAS, AZ.","AZ","AZ",31.35285278,-109.5857194,27711,NA,NA,NA
"03366092","UPPER TRUCKEE RV AT HWY 50 ABV MEYERS, CA","CA","CA",38.8485185,-120.0271275,13038,NA,NA,NA
"09423350","CARUTHERS C NR IVANPAH CA","CA","CA",35.24500556,-115.2989889,22571,NA,NA,NA
"09424150","COLORADO RIVER AQUEDUCT NEAR PARKER DAM, AZ-CA",NA,"CA",34.31612564,-114.1571702,14974,NA,NA,NA
"09427520","COLORADO RIVER BELOW PARKER DAM, AZ-CA",NA,"CA",34.29558497,-114.14023,32127,NA,NA,NA
"09429000","PALO VERDE CANAL NEAR BLYTHE, CA","CA","CA",33.73160278,-114.5119472,27532,NA,NA,NA
"09429100","COLORADO RIVER BELOW PALO VERDE DAM, AZ-CA",NA,"CA",33.7191361,-114.4975389,18429,NA,NA,NA
"09429130","P.V.I.D. OLIVE LAKE DRAIN NEAR BLYTHE, CA","CA","CA",33.6839115,-114.5377335,16498,NA,NA,NA
"09429155","PVID F-CANAL SPILL NEAR BLYTHE, CA","CA","CA",33.5748861,-114.546811,20865,NA,NA,NA
"09429160","PVID D-10-11-2 SPILL NR BLYTHE, CA","CA","CA",33.53502644,-114.5605103,16498,NA,NA,NA
"09429170","PVID D-10-11-5 SPILL NR BLYTHE, CA","CA","CA",33.50919375,-114.5774549,16498,NA,NA,NA
"09429180","PVID D23 SPILL NEAR BLYTHE, CA","CA","CA",33.4918,-114.603611,20865,NA,NA,NA
"09429190","P.V.I.D. D-23-1 NEAR BLYTHE, CA","CA","CA",33.43391809,-114.6294005,16498,NA,NA,NA
"09429200","PVID C CANAL SPILL NEAR BLYTHE, CA","CA","CA",33.42833056,-114.673336,20896,NA,NA,NA
"09429210","P.V.I.D. C-28 UPPER SPILL NEAR BLYTHE, CA","CA","CA",33.39697468,-114.72357,13393,NA,NA,NA
"09429220","PALO VERDE OUTFALL DRAIN NEAR PALO VERDE, CA","CA","CA",33.36142018,-114.7230144,20363,NA,NA,NA
"09429230","PVID C28 LOWER SPILL NEAR BLYTHE, CA.","CA","CA",33.3511427,-114.7141253,20942,NA,NA,NA
"09429490","COLORADO RIVER ABOVE IMPERIAL DAM, AZ-CA",NA,"CA",32.8849361,-114.468111,18034,NA,NA,NA
"09429600","COLORADO RIVER BELOW LAGUNA DAM, AZ-CA",NA,"CA",32.8122666,-114.5149494,19785,NA,NA,NA
"09521000","COLORADO RIVER AT YUMA, AZ","AZ","CA",32.72921358,-114.6216191,22321,NA,NA,NA
"09521100","COLORADO R BLW YUMA MAIN CANAL WW AT YUMA, AZ","AZ","CA",32.73171354,-114.6327306,22783,NA,NA,NA
"09523000","ALL-AMERICAN CANAL NR IMPERIAL DAM, CA-AZ",NA,"CA",32.87099444,-114.4804639,31549,NA,NA,NA
"09523200","RESERVATION MAIN CANAL NEAR YUMA, AZ","AZ","CA",32.8177222,-114.5145889,18730,NA,NA,NA
"09523400","TITSINK CANAL NEAR YUMA, AZ","AZ","CA",32.82363333,-114.5431167,20664,NA,NA,NA
"09523600","YAQUI CANAL NEAR YUMA, AZ","AZ","CA",32.8094861,-114.5884944,20957,NA,NA,NA
"09523800","PONTIAC CANAL NEAR YUMA, AZ","AZ","CA",32.79420278,-114.61525,21322,NA,NA,NA
"09523900","WALAPAI CANAL NR YUMA, AZ","AZ","CA",32.77726787,-114.6357865,11323,NA,NA,NA
"09524000","YUMA MAIN CANAL AT SIPHON DROP P.P. NR YUMA, AZ","AZ","CA",32.7762361,-114.6354083,31914,NA,NA,NA
"09524500","DIV. FROM YUMA MAIN CANAL BETWEEN SDPP AND YMCWW",NA,"CA",32.7750457,-114.6341198,13331,NA,NA,NA
"09525000","YUMA MAIN CANAL WASTEWAY AT YUMA, AZ","AZ","CA",32.7333801,-114.623008,34837,NA,NA,NA
"09526200","YPSILANTI CANAL NEAR WINTERHAVEN, CA","CA","CA",32.76589444,-114.6550056,11003,NA,NA,NA
"09527000","PILOT KNOB POWERPLANT AND WASTEWAY NR P.K., CA","CA","CA",32.737547,-114.7163443,30597,NA,NA,NA
"09527500","ALL-AMERICAN CANAL BLW PILOT KNOB WSTWAY, CA (IID)",NA,"CA",32.7353441,-114.7238426,23499,NA,NA,NA
"09529600","RESERVATION DRAIN NO. 7 NR BARD, CA","CA","CA",32.81559999,-114.5477283,13392,NA,NA,NA
"09529700","RESERVATION DRAIN NO. 6 NR. BARD, CA","CA","CA",32.80421147,-114.5763403,13392,NA,NA,NA
"09529800","RESERVATION DRAIN NO. 2 NR BARD, CA","CA","CA",32.79643395,-114.5985632,13392,NA,NA,NA
"09529900","RESERVATION DRAIN NO. 3 NR BARD, CA","CA","CA",32.7747679,-114.6335642,13392,NA,NA,NA
"09530000","RESERVATION MAIN DRAIN NO. 4 NEAR YUMA, AZ","AZ","CA",32.7361472,-114.6221194,21323,NA,NA,NA
"09530400","RESERVATION DRAIN NO. 11 NR WINTERHAVEN, CA","CA","CA",32.7564352,-114.6860657,13392,NA,NA,NA
"09530500","DRAIN 8-B NEAR WINTERHAVEN, CA","CA","CA",32.74688889,-114.6940806,16574,NA,NA,NA
"10251300","AMARGOSA RV AT TECOPA, CA","CA","CA",35.84944444,-116.2308333,17513,NA,NA,NA
"10254050","SALT C NR MECCA",NA,"CA",33.44698439,-115.8433229,23273,NA,NA,NA
"10254730","ALAMO R NR NILAND CA","CA","CA",33.19893706,-115.5969252,23877,NA,NA,NA
"10254970","NEW R AT INTERNATIONAL BOUNDARY AT CALEXICO CA","CA","CA",32.66589665,-115.503029,16939,NA,NA,NA
"10255550","NEW R NR WESTMORLAND CA","CA","CA",33.10477248,-115.664426,30361,NA,NA,NA
"10255800","COYOTE C NR BORREGO SPRINGS CA","CA","CA",33.3736453,-116.4275137,12052,NA,NA,NA
"10255810","BORREGO PALM C NR BORREGO SPRINGS CA","CA","CA",33.27916667,-116.4305556,23390,NA,NA,NA
"10255885","SAN FELIPE C NR WESTMORLAND CA","CA","CA",33.1239345,-115.8530559,11261,NA,NA,NA
"10256000","WHITEWATER R A WHITE WATER CA","CA","CA",33.9466806,-116.6408473,11322,NA,NA,NA
"10256500","SNOW C NR WHITE WATER CA","CA","CA",33.87057878,-116.6811266,27085,NA,NA,NA
"10256501","SNOW C AND DIV COMBINED CA","CA","CA",33.8705722,-116.681127,24230,NA,NA,NA
"10256550","SNOW C DIV NR WHITE WATER CA","CA","CA",33.8705722,-116.681127,16559,NA,NA,NA
"10257499","FALLS C DIV NR WHITE WATER CA","CA","CA",33.86946114,-116.6716824,11447,NA,NA,NA
"10257500","FALLS C NR WHITE WATER CA","CA","CA",33.86946776,-116.6716819,14382,NA,NA,NA
"10257501","COMBINED FLOW FALLS C NR WHITE WATER + DIV CA","CA","CA",33.86946114,-116.6716824,11447,NA,NA,NA
"10257550","WHITEWATER R A WINDY PT NR WHITE WATER CA","CA","CA",33.89891179,-116.6211254,14699,NA,NA,NA
"10257600","MISSION C NR DESERT HOT SPRINGS CA","CA","CA",34.01112284,-116.6280689,18706,NA,NA,NA
"10257720","CHINO CYN C BL TRAMWAY NR PALM SPRINGS CA","CA","CA",33.84385,-116.6058083,14382,NA,NA,NA
"10258000","TAHQUITZ C NR PALM SPRINGS CA","CA","CA",33.80502575,-116.5591784,28261,NA,NA,NA
"10258500","PALM CYN C NR PALM SPRINGS CA","CA","CA",33.74502747,-116.535566,32979,NA,NA,NA
"10259000","ANDREAS C NR PALM SPRINGS CA","CA","CA",33.76002698,-116.550011,28261,NA,NA,NA
"10259050","PALM CYN WASH NR CATHEDRAL CITY CA","CA","CA",33.7972487,-116.481954,14017,NA,NA,NA
"10259100","WHITEWATER R A RANCHO MIRAGE CA","CA","CA",33.74947257,-116.4227854,13471,NA,NA,NA
"10259200","DEEP C NR PALM DESERT CA","CA","CA",33.63113647,-116.3922342,23301,NA,NA,NA
"10259300","WHITEWATER R A INDIO CA","CA","CA",33.7372519,-116.2361137,21901,NA,NA,NA
"10259540","WHITEWATER R NR MECCA",NA,"CA",33.52475856,-116.0774964,23806,NA,NA,NA
"10260500","DEEP C NR HESPERIA CA","CA","CA",34.34305858,-117.2264316,41774,NA,NA,NA
"10260820","WF MOJAVE R BL SILVERWOOD LK CA","CA","CA",34.3041708,-117.3192118,11323,NA,NA,NA
"10260950","WF MOJAVE R AB MOJAVE R FORKS RES NR HESPERIA CA","CA","CA",34.33889196,-117.2578213,18765,NA,NA,NA
"10261000","WF MOJAVE R NR HESPERIA CA","CA","CA",34.3408364,-117.2408764,15248,NA,NA,NA
"10261500","MOJAVE R A LO NARROWS NR VICTORVILLE CA","CA","CA",34.57304916,-117.3206018,36782,NA,NA,NA
"10262500","MOJAVE R A BARSTOW CA","CA","CA",34.90693947,-117.0228129,34818,NA,NA,NA
"10263000","MOJAVE R A AFTON CA","CA","CA",35.03720565,-116.3841887,27163,NA,NA,NA
"10263500","BIG ROCK C NR VALYERMO CA","CA","CA",34.42083115,-117.8395072,37635,NA,NA,NA
"10264000","LITTLE ROCK C AB LTTLE ROCK RES NR LITTLEROCK CA","CA","CA",34.46388375,-118.0189578,18603,NA,NA,NA
"10265150","HOT C A FLUME NR MAMMOTH LAKES CA","CA","CA",37.66881076,-118.8176148,15682,NA,NA,NA
"10270800","SF BISHOP C BL S LK NR BISHOP CA","CA","CA",37.17715504,-118.563165,14245,NA,NA,NA
"10270872","MF BISHOP C BL LK SABRINA NR BISHOP CA","CA","CA",37.213822,-118.6103894,14245,NA,NA,NA
"10270877","MF BISHOP C BL INTAKE NO 2 RES NR BISHOP CA","CA","CA",37.2479873,-118.5823349,11986,NA,NA,NA
"10270900","BIRCH-MCGEE C DIV TO BISHOP C PP NR BISHOP CA","CA","CA",37.2738205,-118.5801136,12016,NA,NA,NA
"10270985","ABELOUR DITCH NR BISHOP CA","CA","CA",37.3415965,-118.4790025,14245,NA,NA,NA
"10271060","BISHOP C PP NO 6 CONDUIT NR BISHOP CA","CA","CA",37.3379854,-118.4776134,12784,NA,NA,NA
"10271200","BISHOP C AB PP NO 6 NR BISHOP CA","CA","CA",37.34992977,-118.462613,13149,NA,NA,NA
"10276000","BIG PINE C NR BIG PINE CA","CA","CA",37.14493125,-118.3153798,21183,NA,NA,NA
"10276001","COMBINED Q BIG PINE C & GIROUX DITCH CA","CA","CA",37.14493125,-118.3153798,17531,NA,NA,NA
"10277500","OWENS R NR BIG PINE CA","CA","CA",37.0152113,-118.2245425,23283,NA,NA,NA
"10281800","INDEPENDENCE C BL PINYON C NR INDEPENDENCE CA","CA","CA",36.7785438,-118.2645412,20361,NA,NA,NA
"10286000","COTTONWOOD C NR OLANCHA CA","CA","CA",36.4388246,-118.0809189,20846,NA,NA,NA
"10286001","COTTONWOOD C NR OLANCHA CA.+ PH CA","CA","CA",36.4388246,-118.0809189,25533,NA,NA,NA
"10287069","MILL C BL LUNDY LK NR LEE VINING CA","CA","CA",38.0329787,-119.2165424,13016,NA,NA,NA
"10287145","UP CONWAY D NR LEE VINING CA","CA","CA",38.04214527,-119.1726516,13880,NA,NA,NA
"10287195","LUNDY PP TAILRACE NR LEE VINING CA","CA","CA",38.0427008,-119.1726516,13880,NA,NA,NA
"10287289","RUSH C AT FLUME BL AGNEW LAKE NR JUNE LAKE CA","CA","CA",37.7590977,-119.130701,12820,NA,NA,NA
"10287300","RUSH C PP TAILRACE NR JUNE LAKE CA","CA","CA",37.76631976,-119.1223677,13880,NA,NA,NA
"10287400","RUSH C AB GRANT LK NR JUNE LK CA","CA","CA",37.80631867,-119.1090349,15797,NA,NA,NA
"10287762","POOLE PP CONDUIT INTAKE NR LEE VINING CA","CA","CA",37.9357588,-119.2307076,12784,NA,NA,NA
"10287770","LEE VINING C BL RHINEDOLLAR DAM NR LEE VINING CA","CA","CA",37.93603659,-119.2309854,13515,NA,NA,NA
"10287900","LEE VINING C NR LEE VINING CA","CA","CA",37.9293704,-119.1704277,16528,NA,NA,NA
"10289000","VIRGINIA CK NR BRIDGEPORT, CA","CA","CA",38.19186474,-119.2101533,11265,NA,NA,NA
"10289500","GREEN CK NR BRIDGEPORT, CA","CA","CA",38.17380969,-119.2337656,13488,NA,NA,NA
"10290500","ROBINSON CK AT TWIN LKS OUTLET NR BRIDGEPORT, CA","CA","CA",38.17214225,-119.3246032,17316,NA,NA,NA
"10291500","BUCKEYE CK NR BRIDGEPORT, CA","CA","CA",38.23880787,-119.3259923,18422,NA,NA,NA
"10293000","E WALKER RV NR BRIDGEPORT, CA","CA","CA",38.3276958,-119.2148759,37826,NA,NA,NA
"10295500","L WALKER RV NR BRIDGEPORT, CA","CA","CA",38.3607482,-119.4448868,20089,NA,NA,NA
"10296000","W WALKER RV BLW L WALKER RV NR COLEVILLE, CA","CA","CA",38.3796366,-119.4501649,32089,NA,NA,NA
"10296500","W WALKER RV NR COLEVILLE, CA","CA","CA",38.51324495,-119.4498872,36014,NA,NA,NA
"10308200","E FK CARSON RV BLW MARKLEEVILLE CK NR MARKLEEVILLE",NA,"CA",38.7146274,-119.7648985,23908,NA,NA,NA
"10310000","W FK CARSON RV AT WOODFORDS, CA","CA","CA",38.76962765,-119.833789,34467,NA,NA,NA
"10336610","UPPER TRUCKEE RV AT SOUTH LAKE TAHOE, CA","CA","CA",38.9224078,-119.9915706,18412,NA,NA,NA
"10336645","GENERAL C NR MEEKS BAY CA","CA","CA",39.05183077,-120.1185016,16657,NA,NA,NA
"10336660","BLACKWOOD C NR TAHOE CITY CA","CA","CA",39.107385,-120.1621147,23878,NA,NA,NA
"10336676","WARD C AT HWY 89 NR TAHOE PINES CA","CA","CA",39.13210688,-120.1576705,19495,NA,NA,NA
"10336780","TROUT CK NR TAHOE VALLEY, CA","CA","CA",38.9199077,-119.9724036,23874,NA,NA,NA
"10337500","TRUCKEE R A TAHOE CITY CA","CA","CA",39.16627309,-120.1443373,42963,NA,NA,NA
"10338000","TRUCKEE R NR TRUCKEE CA","CA","CA",39.29627044,-120.2054519,19891,NA,NA,NA
"10338001","TRUCKEE-CARSON TRUCKEE R NR TRUCKEE CA","CA","CA",39.29157298,-120.209364,13514,NA,NA,NA
"10338500","DONNER C A DONNER LK NR TRUCKEE CA","CA","CA",39.3235172,-120.2343654,33953,NA,NA,NA
"10338700","DONNER C AT HWY 89 NR TRUCKEE CA","CA","CA",39.32099225,-120.2079523,12016,NA,NA,NA
"10339400","MARTIS C NR TRUCKEE CA","CA","CA",39.32879577,-120.1176964,18039,NA,NA,NA
"10339401","TRUCKEE-CARSON MARTIS C NR TRUCKEE CA","CA","CA",39.32879577,-120.1176964,13463,NA,NA,NA
"10339499","TRUCKEE-CARSON MARTIS C AB MARTIS C RES CA","CA","CA",39.32879577,-120.1176964,13757,NA,NA,NA
"10340299","TRUCKEE-CARSON PROSSER C AB PROSSER C RES CA","CA","CA",39.37324026,-120.131587,13879,NA,NA,NA
"10340500","PROSSER C BL PROSSER C DAM NR TRUCKEE CA","CA","CA",39.37324026,-120.131587,29924,NA,NA,NA
"10340501","TRUCKEE-CARSON PROSSER C BL PROSSER C DAM CA","CA","CA",39.37324026,-120.131587,13848,NA,NA,NA
"10343000","INDEPENDENCE C NR TRUCKEE CA","CA","CA",39.45654494,-120.287123,21288,NA,NA,NA
"10343500","SAGEHEN C NR TRUCKEE CA","CA","CA",39.43154577,-120.2379547,26435,NA,NA,NA
"10344299","TRUCKEE-CARSON PROJ L TRUCKEE R AB STAMPEDE RES CA","CA","CA",39.43574106,-120.084366,15005,NA,NA,NA
"10344400","LITTLE TRUCKEE R AB BOCA RES NR TRUCKEE CA","CA","CA",39.4357137,-120.0843395,31097,NA,NA,NA
"10344401","TRUCKEE-CARSON PROJ L TRU. R AB BOCA RES NR TRU",NA,"CA",39.43574106,-120.084366,14974,NA,NA,NA
"10344500","LITTLE TRUCKEE R BL BOCA DAM NR TRUCKEE CA","CA","CA",39.38682549,-120.0954502,33553,NA,NA,NA
"10344501","TRUCKEE-CARSON PROJ L TRCKEE R L BOCA RES NR TRU",NA,"CA",39.38685177,-120.0954757,16981,NA,NA,NA
"10346000","TRUCKEE R A FARAD CA","CA","CA",39.42793648,-120.0340602,42779,NA,NA,NA
"10346001","TRUCKEE-CARSON TRUCKEE R A FARAD CA","CA","CA",39.42796385,-120.0340873,25931,NA,NA,NA
"10356500","SUSAN R A SUSANVILLE CA","CA","CA",40.4137361,-120.6642556,19036,NA,NA,NA
"10358500","WILLOW C NR SUSANVILLE CA","CA","CA",40.4890637,-120.5371707,16083,NA,NA,NA
"11012000","COTTONWOOD C AB TECATE C NR DULZURA CA","CA","CA",32.57505766,-116.7538939,25932,NA,NA,NA
"11012500","CAMPO C NR CAMPO CA","CA","CA",32.59116984,-116.5255548,32639,NA,NA,NA
"11013000","TIJUANA R NR DULZURA CA","CA","CA",32.5656161,-116.7750194,19723,NA,NA,NA
"11013500","TIJUANA R NR NESTOR CA","CA","CA",32.55172325,-117.0841943,16800,NA,NA,NA
"11014000","JAMUL C NR JAMUL CA","CA","CA",32.6375566,-116.8841893,28772,NA,NA,NA
"11015000","SWEETWATER R NR DESCANSO CA","CA","CA",32.8347735,-116.6230596,33373,NA,NA,NA
"11022200","LOS COCHES C NR LAKESIDE CA","CA","CA",32.83616156,-116.9003035,15478,NA,NA,NA
"11022480","SAN DIEGO R A MAST RD NR SANTEE CA","CA","CA",32.8403262,-117.0258478,40740,NA,NA,NA
"11022500","SAN DIEGO R NR SANTEE CA","CA","CA",32.82477143,-117.0555858,24896,NA,NA,NA
"11023000","SAN DIEGO R A FASHION VALLEY AT SAN DIEGO CA","CA","CA",32.76504955,-117.1686285,16099,NA,NA,NA
"11023340","LOS PENASQUITOS C NR POWAY CA","CA","CA",32.9431013,-117.1216999,22417,NA,NA,NA
"11025500","SANTA YSABEL C NR RAMONA CA","CA","CA",33.1069866,-116.866137,34106,NA,NA,NA
"11027000","GUEJITO C NR SAN PASQUAL CA","CA","CA",33.11587469,-116.9530708,20591,NA,NA,NA
"11028500","SANTA MARIA C NR RAMONA CA","CA","CA",33.0522655,-116.9455844,31852,NA,NA,NA
"11033000","WF SAN LUIS REY R NR WARNER SPRINGS CA","CA","CA",33.2967036,-116.759744,11748,NA,NA,NA
"11040000","SAN LUIS REY R AT MONSERATE NARROWS CA","CA","CA",33.33725495,-117.136143,16011,NA,NA,NA
"11041000","SAN LUIS REY R NR BONSALL CA","CA","CA",33.25364594,-117.2475354,18262,NA,NA,NA
"11042000","SAN LUIS REY R A OCEANSIDE CA","CA","CA",33.21809135,-117.3603045,33707,NA,NA,NA
"11042400","TEMECULA C NR AGUANGA CA","CA","CA",33.459199,-116.9236289,24671,NA,NA,NA
"11042631","PECHANGA C NR TEMECULA CA","CA","CA",33.46416667,-117.1238889,13949,NA,NA,NA
"11042800","WARM SPRINGS C NR MURRIETA CA","CA","CA",33.53224867,-117.1769771,13798,NA,NA,NA
"11042900","SANTA GERTRUDIS C NR TEMECULA CA","CA","CA",33.52447338,-117.1647469,13301,NA,NA,NA
"11043000","MURRIETA C A TEMECULA CA","CA","CA",33.47975066,-117.1439203,34836,NA,NA,NA
"11044000","SANTA MARGARITA R NR TEMECULA CA","CA","CA",33.4739175,-117.1422536,37635,NA,NA,NA
"11044250","RAINBOW C NR FALLBROOK CA","CA","CA",33.4075318,-117.2008578,13255,NA,NA,NA
"11044300","SANTA MARGARITA R A FPUD SUMP NR FALLBROOK CA","CA","CA",33.41364246,-117.2411367,13286,NA,NA,NA
"11044350","SANDIA C NR FALLBROOK CA","CA","CA",33.42447545,-117.2491926,13286,NA,NA,NA
"11044500","SANTA MARGARITA R NR FALLBROOK,CALIF.",NA,"CA",33.39836319,-117.2630914,20453,NA,NA,NA
"11044800","DE LUZ C NR DE LUZ CA","CA","CA",33.41975285,-117.3216944,12190,NA,NA,NA
"11045300","FALLBROOK C NR FALLBROOK CA","CA","CA",33.34697705,-117.3178047,11825,NA,NA,NA
"11046000","SANTA MARGARITA R A YSIDORA CA","CA","CA",33.3111436,-117.3472604,35197,NA,NA,NA
"11046100","LAS FLORES C NR OCEANSIDE CA","CA","CA",33.2936111,-117.4530556,20454,NA,NA,NA
"11046250","SAN ONOFRE C A SAN ONOFRE CA","CA","CA",33.38391854,-117.5742128,12312,NA,NA,NA
"11046300","SAN MATEO C NR SAN CLEMENTE CA","CA","CA",33.47085987,-117.4730986,16850,NA,NA,NA
"11046360","CRISTIANITOS C AB SAN MATEO C NR SAN CLEMENTE CA","CA","CA",33.42641717,-117.5703242,11825,NA,NA,NA
"11046500","SAN JUAN C NR SAN JUAN CAPISTRANO CA","CA","CA",33.51891459,-117.6250493,14974,NA,NA,NA
"11046530","SAN JUAN C AT LA NOVIA ST BR AT SAN JUAN CAPIS CA","CA","CA",33.50252614,-117.6480925,14747,NA,NA,NA
"11047000","ARROYO TRABUCO NR SAN JUAN CAPISTRANO CA","CA","CA",33.5266924,-117.6697733,15979,NA,NA,NA
"11047300","ARROYO TRABUCO A SAN JUAN CAPISTRANO CA","CA","CA",33.49835946,-117.6658707,15112,NA,NA,NA
"11047500","ALISO C A EL TORO CA","CA","CA",33.62613356,-117.6850513,18262,NA,NA,NA
"11048500","SAN DIEGO C AT CULVER DRIVE NR IRVINE CA","CA","CA",33.6816868,-117.8094992,13148,NA,NA,NA
"11049500","SCE SANTA ANA R CN AB PP3 NR MENTONE CA","CA","CA",34.11362248,-117.0964244,18361,NA,NA,NA
"11051499","SANTA ANA R NR MENTONE (RIVER ONLY) CA","CA","CA",34.10834489,-117.1005911,11455,NA,NA,NA
"11051500","SANTA ANA R NR MENTONE CA","CA","CA",34.10834489,-117.1005911,47239,NA,NA,NA
"11051501","SANTA ANA R NR MENTONE CN + CN CA","CA","CA",34.10834489,-117.1005911,41125,NA,NA,NA
"11051502","SAR SUPP GAGE NR MENTONE CA","CA","CA",34.10834489,-117.1005911,14169,NA,NA,NA
"11052500","MILL C POWER CANALS 2 AND 3 NR YUCAIPA CA","CA","CA",34.08973426,-117.0144759,17318,NA,NA,NA
"11054000","MILL C NR YUCAIPA CA","CA","CA",34.09084538,-117.0375325,21548,NA,NA,NA
"11054001","MILL C NR YUCAIPA CA.+ CANALS CA","CA","CA",34.09084538,-117.0375325,21183,NA,NA,NA
"11055350","PLUNGE C UP DIV NR EAST HIGHLANDS CA","CA","CA",34.13973269,-117.1494826,14069,NA,NA,NA
"11055400","PLUNGE C MID DIV NR EAST HIGHLANDS CA","CA","CA",34.1233444,-117.140593,13558,NA,NA,NA
"11055500","PLUNGE C NR EAST HIGHLANDS CA","CA","CA",34.11834458,-117.141704,39096,NA,NA,NA
"11055501","PLUNGE C NR EAST HIGHLANDS AND CANALS CA","CA","CA",34.11834458,-117.141704,22463,NA,NA,NA
"11055700","CITY C WATER CO CN NR HIGHLAND CA","CA","CA",34.14417935,-117.1891982,23512,NA,NA,NA
"11055800","CITY C NR HIGHLAND CA","CA","CA",34.14390158,-117.1886426,38849,NA,NA,NA
"11055801","CITY C NR HIGHLAND CA.+ CANALS CA","CA","CA",34.1438992,-117.1886507,37012,NA,NA,NA
"11056500","LITTLE SAN GORGONIO C NR BEAUMONT CA","CA","CA",34.0291802,-116.946137,13513,NA,NA,NA
"11057000","SAN TIMOTEO C NR REDLANDS CA","CA","CA",34.03307017,-117.2089279,17355,NA,NA,NA
"11057500","SAN TIMOTEO C NR LOMA LINDA CA","CA","CA",34.0614024,-117.2675419,23572,NA,NA,NA
"11058500","E TWIN C NR ARROWHEAD SPRINGS CA","CA","CA",34.1791779,-117.2655894,38440,NA,NA,NA
"11058600","WATERMAN CANYON CREEK NR ARROWHEAD SPRINGS CA","CA","CA",34.1858333,-117.2722222,31790,NA,NA,NA
"11059300","SANTA ANA R A E ST NR SAN BERNARDINO CA","CA","CA",34.0650131,-117.3003208,27034,NA,NA,NA
"11060400","WARM C NR SAN BERNARDINO CA","CA","CA",34.07834596,-117.3003209,21900,NA,NA,NA
"11060500","MEEKS AND DALEY CN NR COLTON CA","CA","CA",34.07973479,-117.3008765,22209,NA,NA,NA
"11060900","SCE LYTLE C CONDUIT NR FONTANA CA","CA","CA",34.20278567,-117.4494936,19457,NA,NA,NA
"11061000","FONTANA WATER CO INFILTRATION LINE NR FONTANA CA","CA","CA",34.20278567,-117.4494936,19816,NA,NA,NA
"11062000","LYTLE C NR FONTANA CA","CA","CA",34.21184444,-117.4578667,38979,NA,NA,NA
"11062001","LYTLE+BRLNE+COND+INF - W27 CA","CA","CA",34.2122298,-117.458105,43560,NA,NA,NA
"11062399","FONTANA WATER CO SURFACE DIV WEIR 2 NR FONTANA CA","CA","CA",34.20278567,-117.4494936,12190,NA,NA,NA
"11062400","FONTANA WATER CO SURFACE DIV NR FONTANA CA","CA","CA",34.20306344,-117.4494936,19617,NA,NA,NA
"11062402","LYTLE C SURFACE DIV NR FONTANA CA","CA","CA",34.20306344,-117.4494936,18104,NA,NA,NA
"11062450","FONTANA PH FOREBAY SPILLWAY NR FONTANA CA","CA","CA",34.2027871,-117.4492056,19487,NA,NA,NA
"11062700","LYTLE C DIV TO FONTANA PH AVM NR FONTANA CA","CA","CA",34.1554722,-117.3975833,19090,NA,NA,NA
"11062800","FONTANA WATER CO SPILL CH FROM AFTERBAY NR FONTANA",NA,"CA",34.155565,-117.3956025,19712,NA,NA,NA
"11062820","FONTANA WATER CO DIV NR FONTANA CA","CA","CA",34.1547317,-117.3967137,15343,NA,NA,NA
"11063000","CAJON C NR KEENBROOK CA","CA","CA",34.2669501,-117.4600497,20726,NA,NA,NA
"11063500","LONE PINE C NR KEENBROOK CA","CA","CA",34.2663946,-117.4639388,28488,NA,NA,NA
"11063510","CAJON C BL LONE PINE C NR KEENBROOK CA","CA","CA",34.2633392,-117.4669944,17669,NA,NA,NA
"11063680","DEVIL CYN C NR SAN BERNARDINO CA","CA","CA",34.20834338,-117.3314248,38762,NA,NA,NA
"11065000","LYTLE C A COLTON CA","CA","CA",34.07890146,-117.3055989,24701,NA,NA,NA
"11065800","WARM C NR COLTON CA","CA","CA",34.06917958,-117.3086545,15067,NA,NA,NA
"11065801","WARM C NR COLTON + DIV CA","CA","CA",34.06917958,-117.3086545,15080,NA,NA,NA
"11066460","SANTA ANA R A MWD CROSSING CA","CA","CA",33.9684722,-117.4482222,20432,NA,NA,NA
"11066500","SANTA ANA R A RIVERSIDE NARROWS NR ARLINGTON CA","CA","CA",33.96473667,-117.466159,16435,NA,NA,NA
"11067000","DAY C NR ETIWANDA CA","CA","CA",34.18500809,-117.539774,16071,NA,NA,NA
"11069500","SAN JACINTO R NR SAN JACINTO",NA,"CA",33.73807629,-116.8339098,36644,NA,NA,NA
"11069501","SAN JACINTO R NR SAN JACINTO + CANALS CA","CA","CA",33.73807629,-116.8339098,15339,NA,NA,NA
"11070270","PERRIS VALLEY STORM DR A NUEVO RD NR PERRIS CA","CA","CA",33.80113024,-117.2061469,14860,NA,NA,NA
"11070375","SAN JACINTO R A RR CYN WEIR NR ELSINORE CA","CA","CA",33.73613136,-117.2530929,11869,NA,NA,NA
"11070500","SAN JACINTO R NR ELSINORE CA","CA","CA",33.66418858,-117.293927,40223,NA,NA,NA
"11072000","TEMESCAL C NR CORONA CA","CA","CA",33.84140539,-117.5111585,18901,NA,NA,NA
"11072100","TEMESCAL C AB MAIN ST A CORONA CA","CA","CA",33.8891821,-117.5628274,16140,NA,NA,NA
"11073000","SAN ANTONIO C NR CLAREMONT CA","CA","CA",34.215563,-117.6686559,25901,NA,NA,NA
"11073001","SAN ANTONIO C NR CLAREMONT + CN CA","CA","CA",34.21611738,-117.6686665,26026,NA,NA,NA
"11073360","CHINO C A SCHAEFER AVENUE NR CHINO CA","CA","CA",34.00390144,-117.7270006,20591,NA,NA,NA
"11073470","CUCAMONGA C NR UPLAND CA","CA","CA",34.17355556,-117.6318333,17073,NA,NA,NA
"11073495","CUCAMONGA C NR MIRA LOMA CA","CA","CA",33.9827912,-117.5994966,20691,NA,NA,NA
"11074000","SANTA ANA R BL PRADO DAM CA","CA","CA",33.88334875,-117.6453296,31184,NA,NA,NA
"11074500","SANTA ANA R A COUNTY LINE BL PRADO DAM CA","CA","CA",33.87057119,-117.6722746,12893,NA,NA,NA
"11075720","CARBON C BL CARBON CYN DAM CA","CA","CA",33.9133473,-117.8425461,23513,NA,NA,NA
"11075800","SANTIAGO C A MODJESKA CA","CA","CA",33.70890966,-117.6355943,23509,NA,NA,NA
"11077000","SANTIAGO C NR VILLA PARK CA","CA","CA",33.82279419,-117.7767213,15704,NA,NA,NA
"11077500","SANTIAGO C A SANTA ANA CA","CA","CA",33.77029518,-117.8844902,35485,NA,NA,NA
"11078000","SANTA ANA R A SANTA ANA CA","CA","CA",33.75112815,-117.9083906,37227,NA,NA,NA
"11080500","EF SAN GABRIEL R NR CAMP BONITA CA","CA","CA",34.23583798,-117.8058928,17104,NA,NA,NA
"11082000","WF SAN GABRIEL R A CAMP RINCON CA","CA","CA",34.24111517,-117.8633948,18628,NA,NA,NA
"11083500","SAN GABRIEL R NR AZUSA CA","CA","CA",34.16972858,-117.8886732,26295,NA,NA,NA
"11084000","ROGERS C NR AZUSA CA","CA","CA",34.16528418,-117.9064516,16435,NA,NA,NA
"11084500","FISH C NR DUARTE CA","CA","CA",34.1658396,-117.92423,22766,NA,NA,NA
"11085000","SAN GABRIEL R BL SANTA FE DAM NR BALDWIN PK CA","CA","CA",34.11223019,-117.9695092,27891,NA,NA,NA
"11086000","DALTON C NR GLENDORA CA","CA","CA",34.1583404,-117.8286711,15644,NA,NA,NA
"11086400","SAN DIMAS C NR SAN DIMAS CA","CA","CA",34.14528558,-117.7767249,14517,NA,NA,NA
"11086500","LITTLE DALTON C NR GLENDORA CA","CA","CA",34.1675067,-117.8383937,11594,NA,NA,NA
"11087020","SAN GABRIEL R AB WHITTIER NARROWS DAM CA","CA","CA",34.03417767,-118.0381225,23460,NA,NA,NA
"11087195","SAN JOSE C NR WHITTIER CA","CA","CA",34.02362249,-118.0356224,13056,NA,NA,NA
"11087500","SAN GABRIEL R A PICO CA","CA","CA",34.0130676,-118.0642344,18261,NA,NA,NA
"11088000","SAN GABRIEL R A SPRING ST NR LOS ALAMITOS CA","CA","CA",33.81196059,-118.0908983,15209,NA,NA,NA
"11088500","BREA C BL BREA DAM NR FULLERTON CA","CA","CA",33.8877918,-117.9264369,30726,NA,NA,NA
"11089000","BREA C A FULLERTON CA","CA","CA",33.87362567,-117.9258937,14244,NA,NA,NA
"11089500","FULLERTON C BL FULLERTON DAM NR BREA CA","CA","CA",33.89584744,-117.8861582,30818,NA,NA,NA
"11090500","COYOTE C NR ARTESIA CA","CA","CA",33.83890426,-118.060342,12294,NA,NA,NA
"11092450","LOS ANGELES R A SEPULVEDA DAM CA","CA","CA",34.16167247,-118.466749,26053,NA,NA,NA
"11093000","PACOIMA C NR SAN FERNANDO CA","CA","CA",34.33527727,-118.398137,22947,NA,NA,NA
"11095500","BIG TUJUNGA C NR SUNLAND CA","CA","CA",34.30055637,-118.2686878,22248,NA,NA,NA
"11096000","HAINES C NR TUJUNGA CA","CA","CA",34.2638912,-118.2717433,15918,NA,NA,NA
"11096500","LITTLE TUJUNGA C NR SAN FERNANDO CA","CA","CA",34.2744464,-118.3725805,16435,NA,NA,NA
"11097000","BIG TUJUNGA C BL HANSEN DAM CA","CA","CA",34.25361395,-118.38897,33282,NA,NA,NA
"11097500","LOS ANGELES R A LOS ANGELES CA","CA","CA",34.08112164,-118.2275735,18261,NA,NA,NA
"11098000","ARROYO SECO NR PASADENA CA","CA","CA",34.22222584,-118.177558,41638,NA,NA,NA
"11098500","LOS ANGELES R NR DOWNEY CA","CA","CA",33.94945899,-118.1739592,18475,NA,NA,NA
"11099500","SAWPIT C NR MONROVIA CA","CA","CA",34.1730612,-117.9892322,16435,NA,NA,NA
"11100000","SANTA ANITA C NR SIERRA MADRE CA","CA","CA",34.1916722,-118.0172758,19736,NA,NA,NA
"11100500","LITTLE SANTA ANITA C NR SIERRA MADRE CA","CA","CA",34.18694964,-118.0439565,17167,NA,NA,NA
"11101000","EATON C NR PASADENA CA","CA","CA",34.1936162,-118.1045143,17773,NA,NA,NA
"11101250","RIO HONDO AB WHITTIER NARROWS DAM CA","CA","CA",34.05834368,-118.0717348,25553,NA,NA,NA
"11101500","RIO HONDO NR MONTEBELLO CA","CA","CA",34.03334468,-118.0736792,18261,NA,NA,NA
"11102000","MISSION C NR MONTEBELLO CA","CA","CA",34.02917814,-118.0695124,17531,NA,NA,NA
"11102300","RIO HONDO BL WHITTIER NARROWS DAM CA","CA","CA",34.0166788,-118.0884018,21256,NA,NA,NA
"11102500","RIO HONDO NR DOWNEY CA","CA","CA",33.94668115,-118.1628477,18840,NA,NA,NA
"11103000","LOS ANGELES R A LONG BEACH CA","CA","CA",33.81723937,-118.2064584,21461,NA,NA,NA
"11103500","BALLONA C NR CULVER CITY CA","CA","CA",33.9983453,-118.4022996,18475,NA,NA,NA
"11104000","TOPANGA C NR TOPANGA BCH CA","CA","CA",34.06445228,-118.587028,17803,NA,NA,NA
"11105500","MALIBU C AT CRATER CAMP NR CALABASAS CA","CA","CA",34.07778456,-118.7017534,17773,NA,NA,NA
"11105850","ARROYO SIMI NR SIMI CA","CA","CA",34.2730584,-118.787871,17879,NA,NA,NA
"11106550","CALLEGUAS C NR CAMARILLO CA","CA","CA",34.17944989,-119.0398242,12812,NA,NA,NA
"11107745","SANTA CLARA R AB RR STATION NR LANG CA","CA","CA",34.42971779,-118.3553578,11189,NA,NA,NA
"11108145","CASTAIC C NR SAUGUS CA","CA","CA",34.4283292,-118.6286993,10956,NA,NA,NA
"11108500","SANTA CLARA RIVER AT L.A.-VENTURA CO. LINE CA","CA","CA",34.39971939,-118.7048126,16092,NA,NA,NA
"11109000","SANTA CLARA R NR PIRU CA","CA","CA",34.403606,-118.739241,12553,NA,NA,NA
"11109395","CANADA DE LOS ALAMOS AB PYRAMID LK CA","CA","CA",34.69192849,-118.7912038,11915,NA,NA,NA
"11109525","PIRU C BL PYRAMID LK NR GORMAN CA","CA","CA",34.64165299,-118.7645362,12052,NA,NA,NA
"11109600","PIRU CREEK ABOVE LAKE PIRU CA","CA","CA",34.5230473,-118.7570206,25705,NA,NA,NA
"11109800","PIRU CREEK BELOW SANTA FELICIA DAM CA","CA","CA",34.46027116,-118.7520198,23031,NA,NA,NA
"11110000","PIRU C NR PIRU CA","CA","CA",34.42499608,-118.7620366,13421,NA,NA,NA
"11110500","HOPPER CREEK NEAR PIRU CA","CA","CA",34.40083045,-118.8264837,18625,NA,NA,NA
"11111500","SESPE CREEK NEAR WHEELER SPRINGS CA","CA","CA",34.5777657,-119.2573347,26801,NA,NA,NA
"11113000","SESPE C NR FILLMORE",NA,"CA",34.4416592,-118.9273019,34595,NA,NA,NA
"11113001","SESPE C + FILLMORE IRR CO CN NR FILLMORE CA","CA","CA",34.45082807,-118.9259322,19056,NA,NA,NA
"11113500","SANTA PAULA C NR SANTA PAULA",NA,"CA",34.4133295,-119.0823272,35567,NA,NA,NA
"11114000","SANTA CLARA RIVER AT MONTALVO CA","CA","CA",34.27889168,-119.142051,20819,NA,NA,NA
"11115500","MATILIJA C A MATILIJA HOT SPRINGS",NA,"CA",34.48276995,-119.3017809,22280,NA,NA,NA
"11116000","NF MATILIJA C A MATILIJA HOT SPRINGS CA","CA","CA",34.49249174,-119.3065034,19690,NA,NA,NA
"11117500","SAN ANTONIO C A CASITAS SPRINGS",NA,"CA",34.38027469,-119.3045578,12417,NA,NA,NA
"11117600","COYOTE CREEK NEAR OAK VIEW CA","CA","CA",34.41666158,-119.3706722,10957,NA,NA,NA
"11117800","SANTA ANA C NR OAK VIEW",NA,"CA",34.42360587,-119.3412265,10957,NA,NA,NA
"11118000","COYOTE C NR VENTURA CA","CA","CA",34.35722009,-119.3137247,15703,NA,NA,NA
"11118400","VENTURA R DIV NR VENTURA CA","CA","CA",34.35833118,-119.310669,12749,NA,NA,NA
"11118500","VENTURA R NR VENTURA",NA,"CA",34.35221417,-119.3084218,35201,NA,NA,NA
"11118501","VENTURA R NR VENTURA+ DIV. CA","CA","CA",34.35222038,-119.3084466,27032,NA,NA,NA
"11119500","CARPINTERIA C NR CARPINTERIA CA","CA","CA",34.40125046,-119.4882325,30725,NA,NA,NA
"11119750","MISSION C NR MISSION ST NR SANTA BARBARA CA","CA","CA",34.42662778,-119.7236694,19760,NA,NA,NA
"11119940","MARIA YGNACIO C A UNIVERSITY DRIVE NR GOLETA CA","CA","CA",34.44498584,-119.8037132,20226,NA,NA,NA
"11120000","ATASCADERO C NR GOLETA CA","CA","CA",34.4247085,-119.8117688,30795,NA,NA,NA
"11120500","SAN JOSE C NR GOLETA CA","CA","CA",34.4591521,-119.8089913,30828,NA,NA,NA
"11121010","JAMESON LK RELEASE WEIR A JAMESON LAKE CA","CA","CA",34.4922149,-119.507902,12801,NA,NA,NA
"11121900","GIBRALTAR DAM DIV WEIR A GIBRALTAR DAM CA","CA","CA",34.5241514,-119.6870445,16890,NA,NA,NA
"11122010","GIBRALTAR DAM RELEASE WEIR A GIBRALTAR DAM CA","CA","CA",34.52415139,-119.6873223,13201,NA,NA,NA
"11123000","SANTA YNEZ R BL GIBRALTAR DAM NR SANTA BARBARA CA","CA","CA",34.52442917,-119.6873223,33740,NA,NA,NA
"11123500","SANTA YNEZ R BL LOS LAURLS CYN NR SNTA YNEZ CA","CA","CA",34.54359399,-119.864827,28755,NA,NA,NA
"11124500","SANTA CRUZ C NR SANTA YNEZ CA","CA","CA",34.5966563,-119.9087519,30818,NA,NA,NA
"11126000","SANTA YNEZ R NR SANTA YNEZ CA","CA","CA",34.58914745,-119.9887195,20672,NA,NA,NA
"11126500","SANTA AGUEDA C NR SANTA YNEZ CA","CA","CA",34.5949879,-120.0295879,11809,NA,NA,NA
"11128250","ALAMO PINTADO C NR SOLVANG CA","CA","CA",34.61831236,-120.1206677,18002,NA,NA,NA
"11128500","SANTA YNEZ R A SOLVANG CA","CA","CA",34.58497968,-120.1445568,31824,NA,NA,NA
"11129800","ZACA C NR BUELLTON CA","CA","CA",34.64858889,-120.1842807,18643,NA,NA,NA
"11132500","SALSIPUEDES C NR LOMPOC CA","CA","CA",34.58858865,-120.4084524,31000,NA,NA,NA
"11133000","SANTA YNEZ R A NARROWS NR LOMPOC CA","CA","CA",34.6360873,-120.4245645,26219,NA,NA,NA
"11133500","SANTA YNEZ R NR LOMPOC CA","CA","CA",34.6441426,-120.4309536,18239,NA,NA,NA
"11134000","SANTA YNEZ R A H ST NR LOMPOC CA","CA","CA",34.66830848,-120.457899,15842,NA,NA,NA
"11134800","MIGUELITO C A LOMPOC CA","CA","CA",34.6316501,-120.4648857,13733,NA,NA,NA
"11135800","SAN ANTONIO C A LOS ALAMOS CA","CA","CA",34.74330807,-120.2709507,16573,NA,NA,NA
"11136100","SAN ANTONIO C NR CASMALIA CA","CA","CA",34.78219396,-120.5301244,21187,NA,NA,NA
"11136800","CUYAMA R BL BUCKHORN CYN NR SANTA MARIA CA","CA","CA",35.02191265,-120.2284528,24244,NA,NA,NA
"11137000","CUYAMA R NR SANTA MARIA CA","CA","CA",35.0116437,-120.2796007,12052,NA,NA,NA
"11137900","HUASNA R NR ARROYO GRANDE CA","CA","CA",35.0777435,-120.3717905,18156,NA,NA,NA
"11138000","HUASNA R NR SANTA MARIA CA","CA","CA",35.02108805,-120.3226582,11780,NA,NA,NA
"11138500","SISQUOC R NR SISQUOC CA","CA","CA",34.83995556,-120.1671694,26781,NA,NA,NA
"11139000","LA BREA C NR SISQUOC CA","CA","CA",34.852758,-120.1995967,10961,NA,NA,NA
"11139500","TEPUSQUET C NR SISQUOC CA","CA","CA",34.87247964,-120.2445989,16070,NA,NA,NA
"11140000","SISQUOC R NR GAREY",NA,"CA",34.8938596,-120.3065089,31060,NA,NA,NA
"11141000","SANTA MARIA R A GUADALUPE",NA,"CA",34.9763661,-120.5718364,17138,NA,NA,NA
"11141050","ORCUTT C NR ORCUTT CA","CA","CA",34.8835806,-120.4948469,14857,150.58,0.16,"NAVD88"
"11141280","LOPEZ C NR ARROYO GRANDE CA","CA","CA",35.23551667,-120.4723504,21394,562.8,0.33,"NAVD88"
"11141500","ARROYO GRANDE AT ARROYO GRANDE CA","CA","CA",35.1244203,-120.5690576,17167,97.77,10,"NGVD29"
"11143000","BIG SUR R NR BIG SUR CA","CA","CA",36.24576038,-121.7732293,27714,58.07,0.16,"NAVD88"
"11143200","CARMEL R A ROBLES DEL RIO CA","CA","CA",36.4748611,-121.7288889,25035,271.35,0.16,"NAVD88"
"11143250","CARMEL R NR CARMEL CA","CA","CA",36.5390863,-121.880458,23209,30.45,0.16,"NAVD88"
"11143500","SALINAS R NR POZO CA","CA","CA",35.29858465,-120.4037709,14974,1347.78,20,"NGVD29"
"11145000","SALINAS R AB PILITAS C NR SANTA MARGARITA CA","CA","CA",35.3488625,-120.5126643,12121,1148.66,20,"NGVD29"
"11147070","SANTA RITA C NR TEMPLETON CA","CA","CA",35.5238408,-120.7659725,12761,860,10,"NGVD29"
"11147500","SALINAS R A PASO ROBLES CA","CA","CA",35.6285813,-120.6843373,30056,663.35,0.16,"NAVD88"
"11148500","ESTRELLA R NR ESTRELLA CA","CA","CA",35.71719096,-120.6401683,16562,673.4,0.16,"NAVD88"
"11148900","NACIMIENTO R BL SAPAQUE C NR BRYSON CA","CA","CA",35.78857918,-121.0938048,19875,812.04,0.16,"NAVD88"
"11149400","NACIMIENTO R BL NACIMIENTO DAM NR BRADLEY CA","CA","CA",35.76135678,-120.855458,24974,591.97,0.16,"NAVD88"
"11149900","SAN ANTONIO R NR LOCKWOOD CA","CA","CA",35.89663404,-121.0882491,22052,798.32,0.16,"NAVD88"
"11150000","SAN ANTONIO R A PLEYTO CA","CA","CA",35.86524529,-120.992688,13148,712.1,10,"NGVD29"
"11150500","SALINAS R NR BRADLEY CA","CA","CA",35.9302434,-120.8687915,28261,445.82,0.16,"NAVD88"
"11151300","SAN LORENZO C BL BITTERWATER C NR KING CITY CA","CA","CA",36.26802087,-121.066303,24508,429.32,0.16,"NAVD88"
"11151700","SALINAS R A SOLEDAD CA","CA","CA",36.4110383,-121.319331,19129,155,0.16,"NAVD88"
"11152000","ARROYO SECO NR SOLEDAD CA","CA","CA",36.28052076,-121.3227063,45428,345.23,0.16,"NAVD88"
"11152050","ARROYO SECO BL RELIZ C NR SOLEDAD CA","CA","CA",36.39968708,-121.3240962,11460,165.5,0.16,"NAVD88"
"11152300","SALINAS R NR CHUALAR CA","CA","CA",36.55357267,-121.5493856,18029,70.54,0.16,"NAVD88"
"11152500","SALINAS R NR SPRECKELS CA","CA","CA",36.631071,-121.672446,35200,21.98,0.16,"NAVD88"
"11152540","EL TORO C NR SPRECKELS CA","CA","CA",36.5832937,-121.714947,14610,210,10,"NGVD29"
"11152600","GABILAN C NR SALINAS CA","CA","CA",36.75579196,-121.6105005,16070,NA,NA,NA
"11152650","RECLAMATION DITCH NR SALINAS CA","CA","CA",36.7049586,-121.7049475,14265,20.55,0.16,"NAVD88"
"11153000","PACHECO C NR DUNNEVILLE CA","CA","CA",36.98,-121.3802778,22782,233.89,0.16,"NAVD88"
"11154200","UVAS C NR GILROY CA","CA","CA",36.99217114,-121.5735532,12327,NA,NA,NA
"11156500","SAN BENITO R NR WILLOW CREEK SCHOOL CA","CA","CA",36.61412778,-121.2113611,31547,929.23,0.16,"NAVD88"
"11157500","TRES PINOS C NR TRES PINOS CA","CA","CA",36.765753,-121.2996128,26873,513.99,0.16,"NAVD88"
"11158500","SAN BENITO R NR HOLLISTER CA","CA","CA",36.78801314,-121.3707678,12417,359.3,10,"NGVD29"
"11158600","SAN BENITO R BL HOSPITAL RD BRIDGE NR HOLLISTER CA","CA","CA",36.81675,-121.3926806,20226,294.82,0.16,"NAVD88"
"11159000","PAJARO R A CHITTENDEN CA","CA","CA",36.90019209,-121.5976778,31549,85.28,0.16,"NAVD88"
"11159200","CORRALITOS C A FREEDOM CA","CA","CA",36.9393968,-121.7705065,25339,92.55,0.16,"NAVD88"
"11160000","SOQUEL C A SOQUEL CA","CA","CA",36.9913389,-121.9557933,27319,21.38,10,"NGVD29"
"11160300","ZAYANTE C A ZAYANTE CA","CA","CA",37.08605874,-122.0469069,12876,390,20,"NGVD29"
"11160500","SAN LORENZO R A BIG TREES CA","CA","CA",37.0443931,-122.072464,32644,230.06,16,"NAVD88"
"11161000","SAN LORENZO R A SANTA CRUZ CA","CA","CA",36.9907832,-122.0319076,16938,8.72,0.16,"NAVD88"
"11162500","PESCADERO C NR PESCADERO CA","CA","CA",37.2607338,-122.3288125,27336,67.43,0.16,"NAVD88"
"11162570","SAN GREGORIO C A SAN GREGORIO CA","CA","CA",37.32573199,-122.3865927,17549,13.5,0.16,"NAVD88"
"11162630","PILARCITOS C A HALF MOON BAY CA","CA","CA",37.46656205,-122.4340958,21779,34.13,0.16,"NAVD88"
"11162720","COLMA C A SOUTH SAN FRANCISCO CA","CA","CA",37.65382296,-122.4263613,11494,12.53,0.01,"NGVD29"
"11162800","REDWOOD C A REDWOOD CITY CA","CA","CA",37.44938279,-122.2335772,13900,83.92,10,"NGVD29"
"11164500","SAN FRANCISQUITO C A STANFORD UNIVERSITY CA","CA","CA",37.42327257,-122.1894095,31548,112.69,0.16,"NAVD88"
"11166000","MATADERO C A PALO ALTO CA","CA","CA",37.4216062,-122.1355193,23356,17.01,0.01,"NGVD29"
"11168000","LOS GATOS C A LOS GATOS CA","CA","CA",37.2174445,-121.9874581,11871,NA,NA,NA
"11169000","GUADALUPE R A SAN JOSE CA","CA","CA",37.3343859,-121.8994,26875,72,2.5,"NGVD29"
"11169500","SARATOGA C A SARATOGA CA","CA","CA",37.25438808,-122.039404,33739,492.09,0.16,"NAVD88"
"11169800","COYOTE C NR GILROY CA","CA","CA",37.07768925,-121.4943442,15841,790.06,0.16,"NAVD88"
"11170000","COYOTE C NR MADRONE CA","CA","CA",37.1682416,-121.6496271,28931,371.79,0.16,"NAVD88"
"11171500","COYOTE C NR EDENVALE CA","CA","CA",37.27094444,-121.7976944,16800,193,1.6,"NAVD88"
"11172945","ALAMEDA C AB DIV DAM NR SUNOL CA","CA","CA",37.4974356,-121.7735644,11460,909.17,0.16,"NAVD88"
"11173200","ARROYO HONDO NR SAN JOSE CA","CA","CA",37.46160337,-121.769397,16207,786.83,0.16,"NAVD88"
"11173500","CALAVERAS C NR SUNOL CA","CA","CA",37.50194444,-121.8183333,19733,458.61,0.16,"NAVD88"
"11174000","SAN ANTONIO C NR SUNOL CA","CA","CA",37.5773982,-121.8576936,18304,274.23,0.16,"NAVD88"
"11176000","ARROYO MOCHO NR LIVERMORE CA","CA","CA",37.62632039,-121.7046734,20652,746.49,0.01,"NGVD29"
"11176400","ARROYO VALLE BL LANG CYN NR LIVERMORE CA","CA","CA",37.56132196,-121.6838389,22783,749.09,0.16,"NAVD88"
"11176500","ARROYO VALLE NR LIVERMORE CA","CA","CA",37.62323149,-121.7588028,31730,513.18,0.16,"NAVD88"
"11176900","ARROYO DE LA LAGUNA A VERONA CA","CA","CA",37.62659915,-121.8830126,25519,260.11,0.16,"NAVD88"
"11177000","ARROYO DE LA LAGUNA NR PLEASANTON CA","CA","CA",37.61521066,-121.8816236,17436,251.4,0.01,"NGVD29"
"11179000","ALAMEDA C NR NILES CA","CA","CA",37.5871193,-121.960752,49344,86.32,0.16,"NAVD88"
"11180500","DRY C A UNION CITY CA","CA","CA",37.6060452,-122.0238504,25521,87.67,0.16,"NAVD88"
"11180700","ALAMEDA C FLOOD CHANNEL A UNION CITY CA","CA","CA",37.58576818,-122.0482955,24605,6.51,0.16,"NAVD88"
"11180825","SAN LORENZO C AB DON CASTRO RES NR CASTRO V CA","CA","CA",37.695172,-122.0449223,15504,235.89,0.16,"NAVD88"
"11180960","CULL C AB CULL C RES NR CASTRO VALLEY CA","CA","CA",37.7176715,-122.0543673,17304,283.6,0.16,"NAVD88"
"11181000","SAN LORENZO C A HAYWARD CA","CA","CA",37.68548644,-122.064407,23876,135.85,0.16,"NAVD88"
"11181008","CASTRO VALLEY C A HAYWARD CA","CA","CA",37.6799311,-122.0805186,19402,105.15,0.16,"NAVD88"
"11181040","SAN LORENZO C A SAN LORENZO CA","CA","CA",37.6840977,-122.1399649,17432,8.45,0.16,"NAVD88"
"11182100","PINOLE C A PINOLE CA","CA","CA",37.97242309,-122.2463573,14183,NA,NA,NA
"11182500","SAN RAMON C A SAN RAMON CA","CA","CA",37.7729487,-121.9946443,26800,549.17,0.16,"NAVD88"
"11185500","KERN R NO 3 CN NR KERNVILLE CA","CA","CA",35.90550439,-118.467586,30500,NA,NA,NA
"11186000","KERN R NR KERNVILLE (RIVER ONLY) CA","CA","CA",35.94522615,-118.4775862,23741,3620,20,"NGVD29"
"11186001","COMBINED FLOW OF KERN R AND KERN R NO 3 CA","CA","CA",35.94522615,-118.4775862,41639,NA,NA,NA
"11187000","KERN R A KERNVILLE CA","CA","CA",35.7543954,-118.4234182,17545,2621.57,0.01,"NGVD29"
"11187500","BOREL CN BL ISABELLA DAM CA","CA","CA",35.6421749,-118.4700856,36798,NA,NA,NA
"11189500","SF KERN R NR ONYX CA","CA","CA",35.7374672,-118.1736856,36280,2853.52,0.16,"NAVD88"
"11191000","KERN R BL ISABELLA DAM CA","CA","CA",35.6391193,-118.4848082,16539,2435.07,0.01,"NGVD29"
"11192000","KERN R NO 1 CONDUIT NR DEMOCRAT SPRINGS CA","CA","CA",35.49717785,-118.692589,18263,NA,NA,NA
"11192500","KERN R NR DEMOCRAT SPRINGS(RIVER ONLY) CA","CA","CA",35.52078857,-118.6770332,24538,1837.7,0.01,"NGVD29"
"11192501","KERN R NR DEMOCRAT SPRINGS (TOTAL FLOW) CA","CA","CA",35.52078857,-118.6770332,27028,NA,NA,NA
"11192940","KERN CYN PH NR BAKERSFIELD CA","CA","CA",35.439957,-118.7959262,12023,NA,NA,NA
"11192950","KERN R BL KERN CYN PH DIV DAM NR BAKERSFIELD CA","CA","CA",35.46023439,-118.7795364,12038,975,10,"NGVD29"
"11194000","KERN R NR BAKERSFIELD CA","CA","CA",35.43162386,-118.9462092,30314,NA,NA,NA
"11199500","WHITE R NR DUCOR CA","CA","CA",35.81454304,-118.929248,16678,689,1,"NAVD88"
"11200800","DEER C NR FOUNTAIN SPRINGS CA","CA","CA",35.9416243,-118.8228716,20986,988.92,0.16,"NAVD88"
"11201700","PGE TULE R PH NR SPRINGVILLE CA","CA","CA",36.16328019,-118.706758,13514,NA,NA,NA
"11202000","NF OF MF TULE R NR SPRINGVILLE (RIVER ONLY) CA","CA","CA",36.17466878,-118.6956469,28063,NA,NA,NA
"11202001","NF OF MF TULE R NR SPRINGVILLE (TOTAL FLOW) CA","CA","CA",36.17466878,-118.6956469,30316,NA,NA,NA
"11202710","MF TULE R BL INTAKE AB SPRINGVILLE CA","CA","CA",36.1613358,-118.7095358,13149,NA,NA,NA
"11203500","TULE R NR PORTERVILLE CA","CA","CA",36.0799506,-118.9092637,21518,580,10,"NGVD29"
"11204500","SF TULE R NR SUCCESS CA","CA","CA",36.04245027,-118.8575946,21580,770,20,"NGVD29"
"11204680","PIONEER DITCH BL SUCCESS DAM. CA","CA","CA",36.0593955,-118.9237086,10958,NA,NA,NA
"11204900","TULE R BL SUCCESS DAM CA","CA","CA",36.04875,-118.9376806,11060,521,1.6,"NAVD88"
"11206500","MF KAWEAH R NR POTWISHA CAMP(RIVER ONLY) CA","CA","CA",36.51300095,-118.7917648,22503,2190,20,"NGVD29"
"11206501","MF KAWEAH R NR POTWISHA CAMP(TOTAL FLOW) CA","CA","CA",36.5132787,-118.7917648,19449,NA,NA,NA
"11208000","MARBLE F KAWEAH R (R ONLY) A POTWISHA CAMP CA","CA","CA",36.5218899,-118.7992652,27155,2210,20,"NGVD29"
"11208001","MARBLE F KAWEAH R (TOTAL FLOW) A POTWISHA CAMP CA","CA","CA",36.5188344,-118.8017652,18992,NA,NA,NA
"11208600","KAWEAH R BL CONDUIT NO. 2 NR HAMMOND CA","CA","CA",36.48439065,-118.8359322,11688,1380,20,"NGVD29"
"11208730","EF KAWEAH R NR THREE RIVERS CA","CA","CA",36.4513346,-118.7884306,20575,2700,20,"NGVD29"
"11208731","COMBINED FLOW EF KAWEAH R NR THREE RIVERS CA","CA","CA",36.4513346,-118.7884306,12171,2700,20,"NGVD29"
"11209500","NF KAWEAH R A KAWEAH CA","CA","CA",36.49022518,-118.9209344,18687,1027.7,0.01,"NGVD29"
"11209900","KAWEAH R A THREE RIVERS CA","CA","CA",36.4438363,-118.9034335,11688,809.62,0.01,"NGVD29"
"11210100","SF KAWEAH R A THREE RIVERS CA","CA","CA",36.4166144,-118.9142668,11688,807.22,0.01,"NGVD29"
"11210500","KAWEAH R NR THREE RIVERS CA","CA","CA",36.40661504,-118.9542677,21337,611.11,0.01,"NGVD29"
"11211300","DRY C NR LEMONCOVE CA","CA","CA",36.44744896,-119.0281594,12784,NA,NA,NA
"11213500","KINGS R AB NF NR TRIMMER CA","CA","CA",36.8632806,-119.124282,19450,1001.5,0.01,"NGVD29"
"11214000","NF KINGS R BL MEADOWBROOK CA","CA","CA",37.08133045,-118.862888,13695,8144.66,0.01,"NGVD29"
"11214540","HELMS PP NR WISHON RE CA","CA","CA",37.03938878,-118.9553892,12784,NA,NA,NA
"11214600","HELMS C BL COURTRIGHT DAM CA","CA","CA",37.07633329,-118.9687234,23995,NA,NA,NA
"11215000","NF KINGS R NR CLIFF CAMP CA","CA","CA",36.99383417,-118.9812225,33651,6143.95,0.01,"NGVD29"
"11216050","HAAS PH NR BALCH CAMP CA","CA","CA",36.92772397,-119.017612,14610,NA,NA,NA
"11216200","NF KINGS R BL BALCH DIV DAM CA","CA","CA",36.90272435,-119.0509463,14612,NA,NA,NA
"11216300","BALCH PH NR FRESNO (NO1 & NO2 COMBINED) CA","CA","CA",36.90994684,-119.0876145,14471,NA,NA,NA
"11216400","DINKEY C SIPHON FISH RELEASE A BALCH CAMP CA","CA","CA",36.9080027,-119.1251159,13853,NA,NA,NA
"11216500","NF KINGS R AB DINKEY C A BALCH CAMP CA","CA","CA",36.90328046,-119.1215046,27577,NA,NA,NA
"11218400","NF KINGS R BL DINKEY C NR BALCH CAMP CA","CA","CA",36.87966948,-119.1287268,23559,NA,NA,NA
"11218500","KINGS R BL NF NR TRIMMER CA","CA","CA",36.87466959,-119.1417828,11550,942.42,0.01,"NGVD29"
"11218501","COMBINED FLOW KINGS R BL N F & KINGS R PP CA","CA","CA",36.87466959,-119.1417828,15249,NA,NA,NA
"11218700","KINGS R PH NR BALCH CAMP CA","CA","CA",36.88828079,-119.1584503,18266,NA,NA,NA
"11221500","KINGS R BL PINE FLAT DAM CA","CA","CA",36.8305045,-119.3362347,13426,556.97,0.01,"NGVD29"
"11221700","MILL C NR PIEDRA CA","CA","CA",36.81856014,-119.3417904,13514,550,10,"NGVD29"
"11222000","KINGS R A PIEDRA CA","CA","CA",36.81717164,-119.3865146,23374,500,10,"NGVD29"
"11224500","LOS GATOS C AB NUNEZ CYN NR COALINGA CA","CA","CA",36.21466074,-120.4706956,29510,1068.16,0.16,"NAVD88"
"11226500","SAN JOAQUIN R A MILLER CROSSING CA","CA","CA",37.51049707,-119.1973476,17166,4570,66,"NGVD29"
"11229500","WARD TUNNEL A INTAKE A FLORENCE LAKE CA","CA","CA",37.2721651,-118.9723379,36222,7213.89,20,"NGVD29"
"11230000","SF SAN JOAQUIN R NR FLORENCE LK CA","CA","CA",37.273276,-118.965949,21397,NA,NA,NA
"11230200","HOOPER C BL DIV DAM NR FLORENCE LAKE CA","CA","CA",37.305775,-118.9506724,13880,7440,20,"NGVD29"
"11230215","SF SAN JOAQUIN R BL HOOPER C NR FLORENCE LAKE CA","CA","CA",37.3096642,-118.9620614,17418,6949.41,0.05,"NGVD29"
"11230500","BEAR C NR LAKE THOMAS A EDISON CA","CA","CA",37.3393863,-118.9734513,37621,7366.94,20,"NGVD29"
"11230520","BEAR C CONDUIT NR LAKE THOMAS A EDISON CA","CA","CA",37.3360531,-118.9753956,13818,7340,0.05,"NGVD29"
"11230530","BEAR C BELOW DIV DAM NR LAKE THOMAS A EDISON CA","CA","CA",37.33549758,-118.9756734,13818,7338.3,0.05,"NGVD29"
"11231500","MONO C BL LK THOMAS A EDISON CA","CA","CA",37.361331,-118.992063,37621,7380,20,"NGVD29"
"11231550","MONO C CONDUIT NR MONO HOT SPRINGS CA","CA","CA",37.35994237,-118.9984518,14610,7336.36,0.05,"NGVD29"
"11231600","MONO C BL DIV DAM NR MONO HOT SPRINGS CA","CA","CA",37.35994237,-118.9984518,15403,7330,20,"NGVD29"
"11234750","MAMMOTH POOL FISHWATER TURBINE NR BIG CREEK CA","CA","CA",37.32216656,-119.3248501,12181,2948.91,0.01,"NGVD29"
"11234760","SAN JOAQUIN R AB SHAKEFLAT C NR BIG CREEK CA","CA","CA",37.3166111,-119.3295725,23742,2865.5,20,"NGVD29"
"11235000","SAN JOAQUIN R AB BIG CREEK CA","CA","CA",37.23744579,-119.331516,15886,NA,NA,NA
"11235100","MAMMOTH POOL PP NR BIG CREEK CA","CA","CA",37.22494599,-119.3379052,15341,2230,20,"NGVD29"
"11235500","PORTAL POWERPLANT AT HUNTINGTON LAKE CA","CA","CA",37.25688909,-119.1592869,35430,6999,0.05,"NGVD29"
"11237000","BIG C BL HUNTINGTON LK CA","CA","CA",37.2213341,-119.2126217,30430,6630,20,"NGVD29"
"11237500","PITMAN C BL TAMARACK C CA","CA","CA",37.19855659,-119.2137328,35369,7020,20,"NGVD29"
"11237600","PITMAN C SHAFT BL TAMARACK C NR BIG CREEK CA","CA","CA",37.1982788,-119.2142883,13585,7010,32,"NGVD29"
"11237700","PITMAN C NR TAMARACK MOUNTAIN CA","CA","CA",37.19911215,-119.2151217,13586,7000,20,"NGVD29"
"11238100","BIG C PH NO 1 AT BIG CREEK CA","CA","CA",37.2041122,-119.2398448,14976,4820,20,"NGVD29"
"11238250","EASTWOOD PP AB SHAVER LK NR BIG CREEK CA","CA","CA",37.13189099,-119.2617899,13515,NA,NA,NA
"11238270","MF BALSAM C BL BALSAM MDW FOREBAY NR BIG CREEK CA","CA","CA",37.16272389,-119.2542896,13033,6560,20,"NGVD29"
"11238380","BIG C PH NO 2 NR BIG CREEK CA","CA","CA",37.19883496,-119.3065146,14976,2950,20,"NGVD29"
"11238400","BIG C PH NO 2A NR BIG CREEK CA","CA","CA",37.1991127,-119.3054034,15340,2950,20,"NGVD29"
"11238500","BIG C NR MOUTH NR BIG CREEK CA","CA","CA",37.20772385,-119.3212376,15851,2620,20,"NGVD29"
"11238550","BIG C PH NO 8 NR BIG CREEK CA","CA","CA",37.2096683,-119.328738,15341,2250,20,"NGVD29"
"11238600","SAN JOAQUIN R AB STEVENSON C NR BIG CREEK CA","CA","CA",37.2077239,-119.329849,16435,2200,20,"NGVD29"
"11239000","HUNTINGTON-SHAVER CONDUIT OTLT NR SHAVER LK CA","CA","CA",37.15494607,-119.2323443,20703,NA,NA,NA
"11239300","NF STEVENSON C A PERIMETER RD NR BIG C CA","CA","CA",37.13689087,-119.2545673,13033,5740,20,"NGVD29"
"11241500","STEVENSON C A SHAVER LK CA","CA","CA",37.14466898,-119.3084588,17617,5200,20,"NGVD29"
"11241800","BIG C PH NO 3 NR SHAVER LK CA","CA","CA",37.1485584,-119.3865182,15341,1410,20,"NGVD29"
"11242000","SAN JOAQUIN R AB WILLOW C NR AUBERRY CA","CA","CA",37.14439236,-119.454577,26872,1175.54,0.01,"NGVD29"
"11242400","NF WILLOW C NR SUGAR PINE CA","CA","CA",37.3977195,-119.5662563,15748,NA,NA,NA
"11243300","BROWNS C CN AT BASS LAKE CA","CA","CA",37.2874456,-119.5195827,12783,NA,NA,NA
"11243500","PGE NO 3 CONDUIT NR BASS LAKE CA","CA","CA",37.2891122,-119.5298613,30315,NA,NA,NA
"11244000","NF WILLOW C NR BASS LAKE CA","CA","CA",37.28883445,-119.530139,30681,NA,NA,NA
"11244100","SAN JOAQUIN PH NO3 NR NORTH FORK CA","CA","CA",37.2549467,-119.5193039,15339,NA,NA,NA
"11246500","WILLOW C A MOUTH NR AUBERRY CA","CA","CA",37.1507812,-119.4604107,26572,1174.69,0.01,"NGVD29"
"11246530","BIG C PH NO 4 NR AUBERRY CA","CA","CA",37.13883716,-119.4898565,15340,990,20,"NGVD29"
"11246570","SAN JOAQUIN PH NO2 NR NORTH FORK CA","CA","CA",37.20161417,-119.4976352,15705,NA,NA,NA
"11246590","SAN JOAQUIN PH NO1A NR AUBERRY CA","CA","CA",37.15828085,-119.4273536,15705,NA,NA,NA
"11246610","SAN JOAQUIN PH NO1 NR AUBERRY (WISHON PH) CA","CA","CA",37.15328149,-119.5059686,15339,NA,NA,NA
"11246700","SAN JOAQUIN R NR AUBERRY CA","CA","CA",37.1321706,-119.5315256,13880,NA,NA,NA
"11246950","KERCKHOFF PH NR AUBERRY CA","CA","CA",37.09328219,-119.5526376,15707,NA,NA,NA
"11247000","SAN JOAQUIN R BL KERCKHOFF PH NR PRATHER CA","CA","CA",37.07911569,-119.5609712,15887,563.4,0.01,"NGVD29"
"11247050","KERCKHOFF PH NO 2 A MILLERTON LK NR AUBERRY CA","CA","CA",37.0721713,-119.5579154,14245,NA,NA,NA
"11249500","MADERA CN A FRIANT CA","CA","CA",37.0027273,-119.7068118,27393,NA,NA,NA
"11250000","FRIANT-KERN CN A FRIANT CA","CA","CA",36.9980051,-119.7040338,27143,NA,NA,NA
"11251000","SAN JOAQUIN R BL FRIANT CA","CA","CA",36.98439397,-119.7243124,43206,296.55,0.16,"NAVD88"
"11253310","CANTUA C NR CANTUA CREEK CA","CA","CA",36.40217399,-120.4334917,21687,684.24,0.16,"NAVD88"
"11253500","JAMES BYPASS (FRESNO SLOUGH) NR SAN JOAQUIN CA","CA","CA",36.65244895,-120.1812687,14573,NA,NA,NA
"11253500","JAMES BYPASS (FRESNO SLOUGH) NR SAN JOAQUIN CA","CA","CA",36.65244895,-120.1812687,14573,NA,NA,NA
"11254000","SAN JOAQUIN R NR MENDOTA CA","CA","CA",36.8105046,-120.3782256,13517,133.35,0.16,"NAVD88"
"11257500","FRESNO R NR KNOWLES CA","CA","CA",37.2371691,-119.7748763,27759,1086.4,0.01,"NGVD29"
"11258000","FRESNO R BL HIDDEN DAM NR DAULTON CA","CA","CA",37.09744734,-119.8896013,17896,377.37,0.01,"NGVD29"
"11259000","CHOWCHILLA R BL BUCHANAN DAM NR RAYMOND CA","CA","CA",37.21550105,-119.991276,21547,407.32,0.01,"NGVD29"
"11261100","SALT SLOUGH A HWY 165 NR STEVINSON CA","CA","CA",37.2476912,-120.8521075,14382,1.61,0.16,"NAVD88"
"11261500","SAN JOAQUIN R A FREMONT FORD BRIDGE CA","CA","CA",37.3099115,-120.9309993,22888,-0.49,0.16,"NAVD88"
"11262900","MUD SLOUGH NR GUSTINE CA","CA","CA",37.26241267,-120.9065536,14747,60.75,0.16,"NAVD88"
"11264500","MERCED R A HAPPY ISLES BRIDGE NR YOSEMITE CA","CA","CA",37.73130354,-119.5590243,40354,4020.46,0.16,"NAVD88"
"11265000","TENAYA C NR YOSEMITE VILLAGE CA","CA","CA",37.7421477,-119.5579409,16953,4000,20,"NGVD29"
"11266500","MERCED R A POHONO BRIDGE NR YOSEMITE CA","CA","CA",37.71627778,-119.6656667,39949,3864.88,0.33,"NAVD88"
"11267350","BIG C DIV NR FISH CAMP CA","CA","CA",37.46938349,-119.6151512,12146,NA,NA,NA
"11268500","MERCED R A BAGBY CA","CA","CA",37.61104447,-120.1315726,15521,779.52,0.01,"NGVD29"
"11269700","EXCHEQUER PH A EXCHEQUER CA","CA","CA",37.5835456,-120.2757438,17166,NA,NA,NA
"11270000","MERCED R A EXCHEQUER CA","CA","CA",37.581879,-120.2801884,22463,400,10,"NGVD29"
"11270900","MERCED R BL MERCED FALLS DAM NR SNELL CA","CA","CA",37.5216029,-120.3324114,44379,NA,NA,NA
"11272500","MERCED R NR STEVINSON CA","CA","CA",37.3707436,-120.9304445,23008,73,2.5,"NGVD29"
"11273000","MERCED R SLOUGH NR NEWMAN CA","CA","CA",37.35993714,-120.9615943,11322,NA,NA,NA
"11274000","SAN JOAQUIN R NR NEWMAN CA","CA","CA",37.35046585,-120.9771121,41563,2.19,0.16,"NAVD88"
"11274500","ORESTIMBA C NR NEWMAN CA","CA","CA",37.3154653,-121.125171,34288,198.74,0.16,"NAVD88"
"11274550","SAN JOAQUIN R NR CROWS LANDING CA","CA","CA",37.43218889,-121.0133444,11095,2.58,0.16,"NAVD88"
"11274630","DEL PUERTO C NR PATTERSON CA","CA","CA",37.48657227,-121.2090645,22156,198.8,0.16,"NAVD88"
"11275000","FALLS C NR HETCH HETCHY CA","CA","CA",37.97075376,-119.7643429,24744,5350,20,"NGVD29"
"11276500","TUOLUMNE R NR HETCH HETCHY CA","CA","CA",37.93740877,-119.7982,42141,3452.21,0.16,"NAVD88"
"11276600","TUOLUMNE R AB EARLY INTAKE NR MATHER CA","CA","CA",37.87935307,-119.947092,19862,2405.47,0.16,"NAVD88"
"11276900","TUOLUMNE R BL EARLY INTAKE NR MATHER CA","CA","CA",37.88157506,-119.9701483,21665,2220.55,0.26,"NAVD88"
"11277000","CHERRY C NR HETCH HETCHY CA","CA","CA",37.99825414,-119.9010136,16618,4500,20,"NGVD29"
"11277300","CHERRY C BL VALLEY DAM NR HETCH HETCHY CA","CA","CA",37.96768499,-119.9173703,25307,4342.68,0.26,"NAVD88"
"11278000","ELEANOR C NR HETCH HETCHY CA","CA","CA",37.96907415,-119.8820916,42495,4514.69,0.16,"NAVD88"
"11278300","CHERRY C NR EARLY INTAKE CA","CA","CA",37.89435266,-119.9626483,25097,2274.55,0.16,"NAVD88"
"11278400","CHERRY C BL DION R HOLM PH NR MATHER CA","CA","CA",37.890186,-119.9698706,22966,2136.21,0.16,"NAVD88"
"11281000","SF TUOLUMNE R NR OAKLAND RECREATION CAMP CA","CA","CA",37.82159266,-120.0129616,28673,2800,25,"NGVD29"
"11282000","M TUOLUMNE R A OAKLAND RECREATION CAMP CA","CA","CA",37.82825915,-120.0115727,31046,2800,25,"NGVD29"
"11283500","CLAVEY R NR BUCK MEADOWS CA","CA","CA",37.90048017,-120.0718517,11942,2374.08,0.01,"NGVD29"
"11284400","BIG C AB WHITES GULCH NR GROVELAND CA","CA","CA",37.8418518,-120.1848757,20744,2567.82,0.16,"NAVD88"
"11286500","WOODS C NR JACKSONVILLE CA","CA","CA",37.8582606,-120.396861,15705,653.65,0.01,"NGVD29"
"11288000","TUOLUMNE R AB LA GRANGE DAM NR LA GRANGE CA","CA","CA",37.7090976,-120.4132502,21566,330,10,"NGVD29"
"11289000","MODESTO CN NR LA GRANGE CA","CA","CA",37.67240817,-120.474881,42778,270.3,0.16,"NAVD88"
"11289500","TURLOCK CN NR LA GRANGE CA","CA","CA",37.6657419,-120.4409912,46250,280.17,0.16,"NAVD88"
"11289650","TUOLUMNE R BL LAGRANGE DAM NR LAGRANGE CA","CA","CA",37.66629746,-120.4421023,20226,172.6,0.16,"NAVD88"
"11289651","COMBINED FLOW TUOLUMNE R + MODESTO CN + TURLOCK CN","CN","CA",37.666321,-120.4421394,20173,NA,NA,NA
"11290000","TUOLUMNE R A MODESTO CA","CA","CA",37.627153,-120.9843777,32097,2.46,0.26,"NAVD88"
"11292000","MF STANISLAUS R AT KENNEDY MDWS NR DARDANELLE CA","CA","CA",38.29741247,-119.7412867,28855,6326.3,0.01,"NGVD29"
"11292500","CLARK FORK STANISLAUS R NR DARDANELLE CA","CA","CA",38.36380105,-119.8712915,16071,5507.3,0.01,"NGVD29"
"11292700","MF STANISLAUS R A HELLS HALF ACRE BRIDGE CA","CA","CA",38.247138,-120.03463,25051,3410.94,0.01,"NGVD29"
"11292820","BEARDSLEY PH NR STRAWBERRY CA","CA","CA",38.20269508,-120.0768533,17167,NA,NA,NA
"11292860","JW SOUTHERN PP A SND BAR DIV DAM NR LNG BRN CA","CA","CA",38.184363,-120.157689,12419,NA,NA,NA
"11292900","MF STANISLAUS R BL BEARDSLEY DAM CA","CA","CA",38.19325109,-120.0990762,25124,NA,NA,NA
"11292901","MF STANISLAUS R BL BEARDSLEY DAM TOTAL FLOW CA","CA","CA",38.19325109,-120.0990762,12784,NA,NA,NA
"11293000","MF STANISLAUS R A SBF NR AVERY CA","CA","CA",38.186585,-120.142133,22279,2755,10,"NGVD29"
"11293500","NF STANISLAUS R BL SILVER C CA","CA","CA",38.4393563,-120.015741,12815,6677.3,0.01,"NGVD29"
"11293580","NF STANISLAUS R DIV TUNNEL NR BIG MDW CA","CA","CA",38.41019006,-119.9957403,13058,NA,NA,NA
"11293600","NF STANISLAUS R BL DIV D",NA,"CA",38.4343564,-120.0187968,13515,6628,4.3,"NAVD88"
"11293760","NEW SPICER MDW DAM PP A NSMD NR B MDW CA","CA","CA",38.39241265,-119.9993515,11323,NA,NA,NA
"11294000","HIGHLAND C BL SPICER MEADOWS RES CA","CA","CA",38.3929682,-119.9990737,26298,6340,20,"NGVD29"
"11294500","NF STANISLAUS R NR AVERY CA","CA","CA",38.2438067,-120.2910282,39082,3388.3,0.01,"NGVD29"
"11295210","BEAVER C DIV TO MCKAYS POINT RES NR ARNOLD CA","CA","CA",38.23352925,-120.2799164,12657,NA,NA,NA
"11295230","BEAVER CR BL DIV DAM NR ARNOLD CA","CA","CA",38.2329737,-120.280472,12661,NA,NA,NA
"11295240","UTICA CA A PRESSURE TAP NR HATHAWAY PINES CA","CA","CA",38.19241898,-120.3549186,13148,3160,20,"NGVD29"
"11295250","COLLIERVILLE PP NR MURPHYS CA","CA","CA",38.14242024,-120.3785296,12660,NA,NA,NA
"11295270","NF STANISLAUS R BL MCKAYS POINT DAM NR AVERY CA","CA","CA",38.2326959,-120.293528,12845,NA,NA,NA
"11295300","NF STANISLAUS R BL BEAVER C NR HATHAWAY PINES CA","CA","CA",38.2071409,-120.3171396,12660,NA,NA,NA
"11295505","STANISLAUS PP NR HATHAWAY PINES CA","CA","CA",38.13964256,-120.3704737,11688,1100,20,"NGVD29"
"11296500","SF STANISLAUS R A STRAWBERRY CA","CA","CA",38.19741675,-120.0085176,31820,5235.1,0.01,"NGVD29"
"11297000","PHILADELPHIA CN NR STRAWBERRY CA","CA","CA",38.1782509,-120.0465743,31412,4960,20,"NGVD29"
"11297200","SF STANISLAUS R NR STRAWBERRY CA","CA","CA",38.1776954,-120.046852,13670,NA,NA,NA
"11297500","TUOLUMNE CN NR LONG BARN CA","CA","CA",38.0929765,-120.1685215,32142,4110,20,"NGVD29"
"11298000","SF STANISLAUS R NR LONG BARN CA","CA","CA",38.09242097,-120.1687993,32019,4073.4,0.01,"NGVD29"
"11299500","STANISLAUS R BL MELONES PH NR SONORA CA","CA","CA",37.94714745,-120.5301993,13390,NA,NA,NA
"11299600","BLACK C NR COPPEROPOLIS CA","CA","CA",37.96103615,-120.6152035,15516,748.73,0.16,"NAVD88"
"11299996","TULLOCH PH NR KNIGHTS FERRY CA","CA","CA",37.87603788,-120.6052025,14246,NA,NA,NA
"11300500","S SAN JOAQUIN CN NR KNIGHTS FERRY CA","CA","CA",37.85437157,-120.6382594,39602,NA,NA,NA
"11301000","OAKDALE CN NR KNIGHTS FERRY CA","CA","CA",37.85881594,-120.6332592,39527,NA,NA,NA
"11302000","STANISLAUS R BL GOODWIN DAM NR KNIGHTS FERRY CA","CA","CA",37.85159385,-120.6379816,24715,NA,NA,NA
"11303000","STANISLAUS R A RIPON CA","CA","CA",37.72962389,-121.110454,31183,2.83,0.26,"NAVD88"
"11303500","SAN JOAQUIN R NR VERNALIS CA","CA","CA",37.67601249,-121.2662907,35566,2.57,0.16,"NAVD88"
"11309000","COSGROVE C NR VALLEY SPRINGS CA","CA","CA",38.15325329,-120.836881,14609,547.8,0.01,"NGVD29"
"11309500","CALAVERAS R A JENNY LIND CA","CA","CA",38.0888106,-120.8657702,21546,NA,NA,NA
"11312000","BEAR C NR LOCKEFORD CA","CA","CA",38.1526967,-121.1388332,20088,80.68,0.01,"NGVD29"
"11313000","DELTA-MENDOTA CN A TRACY PP NR TRACY CA","CA","CA",37.79687204,-121.5852273,21307,NA,NA,NA
"11313510","SALT SPRINGS PH NR WEST POINT CA","CA","CA",38.49796756,-120.2182488,16071,NA,NA,NA
"11314000","TIGER C PH COND BL SALT SPRINGS DAM CA","CA","CA",38.4957454,-120.2207489,34061,NA,NA,NA
"11314500","NF MOKELUMNE R BL SALT SPRINGS DAM CA","CA","CA",38.4935232,-120.2210266,35795,NA,NA,NA
"11315000","COLE C NR SALT SPRINGS DAM CA","CA","CA",38.5190783,-120.2126928,35065,5920,20,"NGVD29"
"11315900","BEAR R BL LO BEAR R DAM CA","CA","CA",38.5363004,-120.2576942,11746,5530,20,"NGVD29"
"11316000","BEAR R NR SALT SPRINGS DAM CA","CA","CA",38.49352287,-120.2893623,13148,NA,NA,NA
"11316600","NF MOKELUMNE R AB TIGER C CA","CA","CA",38.4465771,-120.4902023,11688,NA,NA,NA
"11316610","TIGER C PH NR WEST POINT CA","CA","CA",38.44907699,-120.4929802,16071,NA,NA,NA
"11316670","NF MOKELUMNE R BL TIGER C RES NR WEST PT CA","CA","CA",38.44018829,-120.504925,11392,NA,NA,NA
"11316700","NF MOKELUMNE R BL ELECTR DIV DAM NR WEST PT CA","CA","CA",38.4207444,-120.5499267,11653,NA,NA,NA
"11316800","FOREST C NR WILSEYVILLE CA","CA","CA",38.40324566,-120.4468676,23437,2950,20,"NGVD29"
"11317000","MF MOKELUMNE R A WEST POINT CA","CA","CA",38.3896344,-120.5265927,41274,2450,20,"NGVD29"
"11318500","SF MOKELUMNE R NR WEST POINT CA","CA","CA",38.36824625,-120.5454823,33238,1950,20,"NGVD29"
"11319500","MOKELUMNE R NR MOKELUMNE HILL CA","CA","CA",38.3126926,-120.7202112,35430,584.88,0.01,"NGVD29"
"11321000","MOKELUMNE R A LANCHA PLANA CA","CA","CA",38.22352898,-120.8899385,13521,NA,NA,NA
"11323500","MOKELUMNE R BL CAMANCHE DAM CA","CA","CA",38.2261111,-121.0233333,43830,82.71,0.01,"NGVD29"
"11325000","WOODBRIDGE CN A WOODBRIDGE CA","CA","CA",38.1524182,-121.3018925,35951,NA,NA,NA
"11325500","MOKELUMNE R A WOODBRIDGE CA","CA","CA",38.15852914,-121.3035592,35683,14.9,0.01,"NGVD29"
"11329500","DRY C NR GALT CA","CA","CA",38.24825195,-121.2276032,19185,-9.36,0.16,"NAVD88"
"11333000","CAMP C NR SOMERSET CA","CA","CA",38.65712715,-120.6638189,18262,1820,20,"NGVD29"
"11333500","NF COSUMNES R NR EL DORADO CA","CA","CA",38.5887949,-120.8449367,25201,840,20,"NGVD29"
"11335000","COSUMNES R A MICHIGAN BAR CA","CA","CA",38.5001656,-121.0451852,43237,170.68,0.16,"NAVD88"
"11336000","COSUMNES R A MCCONNELL CA","CA","CA",38.3579675,-121.343839,14990,NA,NA,NA
"11336580","MORRISON C NR SACRAMENTO CA","CA","CA",38.49851847,-121.4527317,17651,10.08,0.5,"NAVD88"
"11337000","CONTRA COSTA CN NR OAKLEY CA","CA","CA",37.9954775,-121.701898,17409,20,2,"NGVD29"
"11337500","MARSH C NR BYRON CA","CA","CA",37.87325835,-121.7271752,11139,177.87,0.01,"NGVD29"
"11342000","SACRAMENTO R A DELTA CA","CA","CA",40.93959397,-122.4172351,29722,1077.96,0.16,"NAVD88"
"11345500","SF PIT R NR LIKELY CA","CA","CA",41.2306851,-120.437154,35565,4511.64,0.16,"NAVD88"
"11348500","PIT R NR CANBY CA","CA","CA",41.40600116,-120.9277458,35600,4270.11,0.16,"NAVD88"
"11350500","ASH C A ADIN CA","CA","CA",41.19822445,-120.9433005,11263,NA,NA,NA
"11352000","PIT R NR BIEBER CA","CA","CA",41.0151662,-121.154694,13145,4080.4,0.01,"NGVD29"
"11354200","PIT NO 1 PH NR FALL RIVER MILLS CA","CA","CA",40.99099584,-121.4980378,13880,NA,NA,NA
"11355000","PIT R AT FALL RIVER MILLS CA","CA","CA",40.991552,-121.4385915,10957,3235,10,"NGVD29"
"11355010","PIT R BL PIT NO 1 PH NR FALL RIVER MILLS CA","CA","CA",40.9832178,-121.511927,18461,2801.9,0.16,"NAVD88"
"11355500","HAT C NR HAT CREEK CA","CA","CA",40.6891111,-121.4228056,28158,4293.57,0.16,"NAVD88"
"11358700","HAT C BL HAT NO 1 DIV DAM NR BURNEY CA","CA","CA",40.918772,-121.5516499,11309,3180,10,"NGVD29"
"11358800","HAT C NO 1 PH NR BURNEY CA","CA","CA",40.92905,-121.5447053,13880,NA,NA,NA
"11359300","HAT C NO 2 PH NR BURNEY CA","CA","CA",40.96043925,-121.5485946,16437,NA,NA,NA
"11362300","PIT NO 3 PH NR BURNEY CA","CA","CA",40.996826,-121.7477675,18628,NA,NA,NA
"11362500","PIT R BL PIT NO 4 DAM CA","CA","CA",40.97349199,-121.7794355,35532,NA,NA,NA
"11362600","PIT R NO 4 PH NR BURNEY CA","CA","CA",40.98626916,-121.8499935,18993,NA,NA,NA
"11362700","PIT NO 5 PP NR BIG BEND CA","CA","CA",40.98598998,-121.9774982,18262,NA,NA,NA
"11362890","NELSON C RELEASE WEIR BL PP DIV NR BIG BEND CA","CA","CA",41.04210268,-121.8772172,10993,2320,20,"NGVD29"
"11363000","PIT R A BIG BEND CA","CA","CA",41.01932436,-121.911107,41620,NA,NA,NA
"11363910","JAMES B BLACK PH NR BIG BEND CA","CA","CA",40.98654554,-121.9774982,21458,NA,NA,NA
"11363930","IRON CANYON C BL IRON CANYON DAM NR BIG BEND CA","CA","CA",41.03932379,-121.9852764,18080,2461.52,0.05,"NGVD29"
"11363930","IRON CANYON C BL IRON CANYON DAM NR BIG BEND CA","CA","CA",41.03932379,-121.9852764,20936,2461.52,0.05,"NGVD29"
"11364150","PIT R NO 6 PH NR MONTGOMERY CREEK CA","CA","CA",40.9207115,-121.9927764,18628,NA,NA,NA
"11364800","PIT NO 7 PH NR MONTGOMERY CREEK CA","CA","CA",40.8462664,-121.995554,18629,NA,NA,NA
"11365000","PIT R NR MONTGOMERY CREEK CA","CA","CA",40.84376636,-122.0024986,29038,1000,20,"NGVD29"
"11366500","PIT R NR YDALPOM CA","CA","CA",40.76320639,-122.2361152,12052,735,20,"NGVD29"
"11367500","MCCLOUD R NR MCCLOUD CA","CA","CA",41.18821296,-122.065557,34152,2711.2,0.01,"NGVD29"
"11367720","MCCLOUD-IRON CANYON DIVER TUNNEL NR MCCLOUD CA","CA","CA",41.13487886,-122.0750017,21522,NA,NA,NA
"11367760","MCCLOUD R BL MCCLOUD DAM NR MCCLOUD CA","CA","CA",41.12515666,-122.0686126,19288,NA,NA,NA
"11367800","MCCLOUD R A AH-DI-NA NR MCCLOUD CA","CA","CA",41.1107115,-122.0961134,21876,NA,NA,NA
"11368000","MCCLOUD R AB SHASTA LK CA","CA","CA",40.9582079,-122.2197275,28490,1100,20,"NGVD29"
"11369000","MCCLOUD R A BAIRD CA","CA","CA",40.78042805,-122.3011177,12052,700,20,"NGVD29"
"11370500","SACRAMENTO R A KESWICK CA","CA","CA",40.6009835,-122.4444553,31914,482.83,0.26,"NAVD88"
"11371000","CLEAR C A FRENCH GULCH CA","CA","CA",40.6948699,-122.6366845,15706,1320.6,0.01,"NGVD29"
"11371600","SPRING C PH A KESWICK CA","CA","CA",40.62792758,-122.467512,22189,NA,NA,NA
"11372000","CLEAR C NR IGO CA","CA","CA",40.51320587,-122.5241795,31182,675.79,0.16,"NAVD88"
"11372080","S COW C CN DIV TO S COW C NR WHITMORE CA","CA","CA",40.59293278,-121.9824958,12473,1560,20,"NGVD29"
"11372325","KILARC CN DIV TO OLD COW C NR WHITMORE CA","CA","CA",40.6868225,-121.8086035,12192,NA,NA,NA
"11374000","COW C NR MILLVILLE CA","CA","CA",40.50487467,-122.2330577,27896,387.66,0.16,"NAVD88"
"11376000","COTTONWOOD C NR COTTONWOOD CA","CA","CA",40.38709797,-122.2386119,31183,366.52,0.16,"NAVD88"
"11376025","NF BATTLE C BL MCCUMBER DAM NR MANZANITA LAKE CA","CA","CA",40.53737967,-121.732488,13958,NA,NA,NA
"11376043","VOLTA NO 1 PH NR MANTON CA","CA","CA",40.4593233,-121.866935,16437,NA,NA,NA
"11376046","VOLTA NO2 PH NR MANTON CA","CA","CA",40.4521012,-121.861657,15706,NA,NA,NA
"11376050","NF BATTLE C BL DIV TO KESWICK CN NR MANTON CA","CA","CA",40.49987919,-121.8091564,12492,NA,NA,NA
"11376410","S PH NR MANTON CA","CA","CA",40.39571255,-121.878323,16437,NA,NA,NA
"11376430","INSKIP PH NR MANTON CA","CA","CA",40.40098958,-121.964437,16437,NA,NA,NA
"11376458","COLEMAN PH NR COTTONWOOD CA","CA","CA",40.4048768,-122.1222196,16802,NA,NA,NA
"11376550","BATTLE C BL COLEMAN FISH HATCHERY NR COTTONWOOD CA","CA","CA",40.39820996,-122.1463869,23403,410.52,0.16,"NAVD88"
"11377100","SACRAMENTO R AB BEND BRIDGE NR RED BLUFF CA","CA","CA",40.2884596,-122.1866312,49080,288.18,0.16,"NAVD88"
"11378000","SACRAMENTO R NR RED BLUFF CA","CA","CA",40.2318222,-122.1816633,24106,253.57,0.01,"NGVD29"
"11379000","ANTELOPE C NR RED BLUFF CA","CA","CA",40.2037674,-122.1183272,15339,360,5,"NGVD29"
"11379500","ELDER C NR PASKENTA CA","CA","CA",40.02376507,-122.5119462,28261,721.1,0.26,"NAVD88"
"11381500","MILL C NR LOS MOLINOS CA","CA","CA",40.0546022,-122.0241541,35566,384.25,0.16,"NAVD88"
"11382000","THOMES C A PASKENTA CA","CA","CA",39.88765496,-122.5291655,27759,720,20,"NGVD29"
"11383500","DEER C NR VINA CA","CA","CA",40.0140214,-121.9482872,40131,482.02,0.16,"NAVD88"
"11384000","BIG CHICO C NR CHICO CA","CA","CA",39.7762726,-121.753866,20454,300,10,"NGVD29"
"11388000","STONY C BL BLACK BUTTE DAM NR ORLAND CA","CA","CA",39.81849004,-122.3249913,12876,360,10,"NGVD29"
"11388500","STONY C NR HAMILTON CITY CA","CA","CA",39.72349297,-122.047481,11960,150,2.5,"NGVD29"
"11389000","SACRAMENTO R A BUTTE CITY CA","CA","CA",39.45766285,-121.9941417,20727,NA,NA,NA
"11389350","MOULTON WEIR SPILL TO BUTTE BASIN CA","CA","CA",39.3382204,-122.0227526,12691,NA,NA,NA
"11389470","COLUSA WEIR SPILL TO BUTTE BASIN NR COLUSA CA","CA","CA",39.23655589,-121.9949734,13788,NA,NA,NA
"11389500","SACRAMENTO R A COLUSA CA","CA","CA",39.21403369,-122.0002208,34714,-1.53,0.16,"NAVD88"
"11389750","DE SABLA PH NR PARADISE CA","CA","CA",39.8693276,-121.6319193,16437,NA,NA,NA
"11389775","CENTERVILLE PH NR PARADISE CA","CA","CA",39.78877259,-121.6574746,15341,NA,NA,NA
"11389800","TOADTOWN CANAL AB BUTTE CANAL NR STIRLING CITY CA","CA","CA",39.8857164,-121.6108077,14599,NA,NA,NA
"11390000","BUTTE C NR CHICO CA","CA","CA",39.72599524,-121.7088643,34836,321.34,0.16,"NAVD88"
"11390480","TISDALE WEIR NR GRIMES CA","CA","CA",39.02656104,-121.8221904,13787,NA,NA,NA
"11390500","SACRAMENTO R BL WILKINS SLOUGH NR GRIMES CA","CA","CA",39.00987205,-121.8246576,31914,-1.28,0.16,"NAVD88"
"11391000","SACRAMENTO R A KNIGHTS LANDING CA","CA","CA",38.80295697,-121.7163526,14821,NA,NA,NA
"11391500","BIG GRIZZLY C AT GRIZZLY VALLEY DAM NR PORTOLA CA","CA","CA",39.88378936,-120.4766045,12780,NA,NA,NA
"11392500","MF FEATHER R NR CLIO CA","CA","CA",39.753788,-120.596051,19745,NA,NA,NA
"11394500","MF FEATHER R NR MERRIMAC CA","CA","CA",39.7082199,-121.2705175,12783,NA,NA,NA
"11395030","SF FEATHER R BL LITTLE GRASS VALLEY DAM CA","CA","CA",39.72378055,-121.0221775,25568,NA,NA,NA
"11395150","SOUTH FORK TUNNEL NR STRAWBERRY VALLEY CA","CA","CA",39.6485009,-121.1177355,12052,NA,NA,NA
"11395200","SF FEATHER R BL DIV DAM NR STRAWBERRY VALLEY CA","CA","CA",39.6473898,-121.1188467,23376,NA,NA,NA
"11395500","OROVILLE WYANDOTTE CN NR CLIPPER MILLS CA","CA","CA",39.5540554,-121.1930153,21549,NA,NA,NA
"11396000","LOST C NR CLIPPER MILLS CA","CA","CA",39.5735007,-121.141625,32873,NA,NA,NA
"11396090","WOODLEAF PH NR WOODLEAF CA","CA","CA",39.5548885,-121.2041267,18263,NA,NA,NA
"11396200","SF FEATHER R BL FORBESTOWN DAM CA","CA","CA",39.5512773,-121.2094046,22647,NA,NA,NA
"11396290","FORBESTOWN PH NR FORBESTOWN CA","CA","CA",39.5498875,-121.2777399,15343,NA,NA,NA
"11396310","MINERS RANCH CN BL PONDEROSA DAM NR FORBESTOWN CA","CA","CA",39.5498873,-121.3066297,16040,NA,NA,NA
"11396329","KELLY RIDGE PH NR OROVILLE CA","CA","CA",39.5321085,-121.4913572,17532,224,20,"NGVD29"
"11396330","BANGOR CN BL MINERS RANCH RES NR OROVILLE CA","CA","CA",39.50405346,-121.4555227,15978,NA,NA,NA
"11396500","PALERMO CN A ENTERPRISE CA","CA","CA",39.5346094,-121.3455197,19510,NA,NA,NA
"11397000","SF FEATHER R A ENTERPRISE CA","CA","CA",39.53738716,-121.3469086,20088,640,20,"NGVD29"
"11397500","FEATHER R A BIDWELL BAR CA","CA","CA",39.5540531,-121.438578,19359,290,20,"NGVD29"
"11399500","NF FEATHER R NR PRATTVILLE CA","CA","CA",40.16822096,-121.093016,43738,4390.09,0.01,"NGVD29"
"11400500","BUTT C BL ALMANOR-BUTT C TU NR PRATTVILLE CA","CA","CA",40.18710789,-121.1880187,30680,NA,NA,NA
"11400600","BUTT VALLEY PH NR PRATTVILLE CA","CA","CA",40.17571905,-121.1910743,16435,NA,NA,NA
"11401110","CARIBOU PH NO1 AND NO2 A CARIBOU CA","CA","CA",40.0851651,-121.148295,16436,NA,NA,NA
"11401112","NF FEATHER R BL BELDEN DAM CA","CA","CA",40.07127605,-121.1646843,20819,2811,40,"NGVD29"
"11401500","INDIAN C NR CRESCENT MILLS CA","CA","CA",40.07794668,-120.9280107,26663,3500,40,"NGVD29"
"11402000","SPANISH C AB BLACKHAWK C AT KEDDIE CA","CA","CA",40.0029195,-120.9543714,33740,3133.39,0.16,"NAVD88"
"11403050","BELDEN PH A BELDEN CA","CA","CA",40.007386,-121.2494094,16436,NA,NA,NA
"11403200","NF FEATHER R BL ROCK C DIV DAM CA","CA","CA",39.98016347,-121.2769099,14385,NA,NA,NA
"11403450","MILK RANCH CONDUIT A OUTLET CA","CA","CA",39.9023867,-121.2277406,18263,5080,40,"NGVD29"
"11403530","BUCKS C BL DIV DAM NR BUCKS LODGE CA","CA","CA",39.9043311,-121.2307963,11424,NA,NA,NA
"11403700","BUCKS C PH A STORRIE CA","CA","CA",39.9107185,-121.3280215,16436,NA,NA,NA
"11403800","ROCK C PH NR STORRIE CA","CA","CA",39.9054405,-121.3452442,16436,NA,NA,NA
"11404240","GRIZZLY PP NR STORRIE CA","CA","CA",39.88905255,-121.2799642,11688,4310,0.05,"NGVD29"
"11404300","GRIZZLY C BL DIV DAM CA","CA","CA",39.89127458,-121.2941314,14611,NA,NA,NA
"11404330","NF FEATHER R BL GRIZZLY C CA","CA","CA",39.85238459,-121.3924673,14386,NA,NA,NA
"11404360","CRESTA PH NR PULGA CA","CA","CA",39.8259956,-121.4096897,16436,NA,NA,NA
"11404500","NF FEATHER R A PULGA CA","CA","CA",39.79432869,-121.4516352,41457,1305.62,0.01,"NGVD29"
"11404900","POE PH BL POE DAM NR JARBO GAP CA","CA","CA",39.72294017,-121.469413,21185,NA,NA,NA
"11405200","WB FEATHER R BL HENDRICKS DIV DAM CA","CA","CA",39.9340493,-121.5296945,11890,NA,NA,NA
"11406500","WB FEATHER R NR YANKEE HILL CA","CA","CA",39.6984956,-121.5616379,12052,650,10,"NGVD29"
"11406810","PALERMO CN A OROVILLE DAM CA","CA","CA",39.5329419,-121.4830236,20454,NA,NA,NA
"11406818","EDWARD HYATT PH POWER RELEASE NR OROVILLE",NA,"CA",39.5354419,-121.4752457,12783,NA,NA,NA
"11406820","EDWARD HYATT PH NR OROVILLE CA","CA","CA",39.5354419,-121.4752457,18628,NA,NA,NA
"11406848","THERMALITO POWER RELEASE NR OROVILLE CA","CA","CA",39.5146084,-121.6296945,12051,NA,NA,NA
"11406849","THERMALITO PH PUMPBACK NR OROVILLE CA","CA","CA",39.5146084,-121.6296945,12052,NA,NA,NA
"11406850","THERMALITO PH NR OROVILLE CA","CA","CA",39.5146084,-121.6296945,16803,NA,NA,NA
"11406880","WESTERN CN A INTAKE NR OROVILLE CA","CA","CA",39.50516396,-121.686085,20787,NA,NA,NA
"11406890","RICHVALE CN A INTAKE NR OROVILLE CA","CA","CA",39.50516396,-121.686085,20606,NA,NA,NA
"11406900","PGE LATERAL A INTAKE NR OROVILLE CA","CA","CA",39.48933084,-121.6877516,20241,NA,NA,NA
"11406910","SUTTER BUTTE CN A INTAKE NR OROVILLE CA","CA","CA",39.4504426,-121.6583058,20393,NA,NA,NA
"11406920","THERMALITO AFTERBAY REL TO FEATHER R NR OROVILLE",NA,"CA",39.4562759,-121.637194,20774,NA,NA,NA
"11406930","DIV TO FEATHER R FISH HATCHERY NR OROVILLE CA","CA","CA",39.51794185,-121.5541368,18263,NA,NA,NA
"11406999","FEATHER R A OROVILLE R ONLY CA","CA","CA",39.52155294,-121.5477477,17165,NA,NA,NA
"11407000","FEATHER R A OROVILLE CA","CA","CA",39.52155294,-121.5477477,44560,NA,NA,NA
"11407150","FEATHER R NR GRIDLEY CA","CA","CA",39.3665551,-121.6471932,12418,NA,NA,NA
"11407500","S HONCUT C NR BANGOR CA","CA","CA",39.36766755,-121.3721856,13148,NA,NA,NA
"11407815","M YUBA R CTRL REL FRM JCK.MDW RES NR SIERRA CTY CA","CA","CA",39.50990117,-120.5552124,11397,59.1,20,"NGVD29"
"11408000","MILTON-BOWMAN TUNNEL OUTLET NR GRANITEVILLE CA","CA","CA",39.46017837,-120.6113246,35551,NA,NA,NA
"11408500","M YUBA R A MILTON CA","CA","CA",39.52267846,-120.5824359,16412,5700,20,"NGVD29"
"11408501","M YUBA R A MILTON + MILTON BOWMAN TUNNEL CA","CA","CA",39.52267846,-120.5824359,12904,NA,NA,NA
"11408550","M YUBA R BL MILTON DAM CA","CA","CA",39.5218451,-120.583547,13880,NA,NA,NA
"11408599","USED FOR COMBINING 11-4080 AND 11-4085 CA","CA","CA",39.52267846,-120.5824359,12782,NA,NA,NA
"11408870","LOHMAN RIDGE TU A IT NR CAMPTONVILLE CA","CA","CA",39.412393,-120.9963405,13150,NA,NA,NA
"11408880","M YUBA R BL OUR HOUSE DAM CA","CA","CA",39.4115596,-120.9980072,20454,1957.51,0.01,"NGVD29"
"11409300","OREGON C A CAMPTONVILLE CA","CA","CA",39.4460031,-121.046343,12054,2230,20,"NGVD29"
"11409350","CAMPTONVILLE TU A IT NR CAMPTONVILLE CA","CA","CA",39.44016966,-121.059399,13149,NA,NA,NA
"11409400","OREGON C BL LOG CABIN DAM NR CAMPTONVILLE CA","CA","CA",39.4393363,-121.0591211,20485,1912.73,0.01,"NGVD29"
"11409500","OREGON C NR NORTH SAN JUAN CA","CA","CA",39.4026698,-121.0774542,21186,1580,20,"NGVD29"
"11410000","M YUBA R NR NORTH SAN JUAN CA","CA","CA",39.3940587,-121.0849543,12527,1450,12,"NGVD29"
"11413000","N YUBA R BL GOODYEARS BAR CA","CA","CA",39.52487147,-120.9379749,34470,2456.6,0.16,"NAVD88"
"11413250","SLATE C TUNNEL NR STRAWBERRY VALLEY CA","CA","CA",39.6157245,-121.0519003,22646,NA,NA,NA
"11413300","SLATE C BL DIV DAM NR STRAWBERRY CA","CA","CA",39.61433564,-121.0521781,23376,NA,NA,NA
"11413510","NEW COLGATE PH NR FRENCH CORRAL CA","CA","CA",39.3307252,-121.1907905,20820,NA,NA,NA
"11413520","N YUBA R BL NEW BULLARDS BAR DAM NR N SAN JUAN CA","CA","CA",39.39044696,-121.1444008,13929,NA,NA,NA
"11414000","S YUBA R NR CISCO CA","CA","CA",39.3212909,-120.5643753,19005,5520,20,"NGVD29"
"11414100","FORDYCE C BL FORDYCE DAM NR CISCO CA","CA","CA",39.37990268,-120.4993742,21664,NA,NA,NA
"11414154","SPAULDING NO 1 PH NR EMIGRANT GAP CA","CA","CA",39.3243453,-120.6446562,14246,NA,NA,NA
"11414155","SPAULDING NO 2 PH NR EMIGRANT GAP CA","CA","CA",39.32462307,-120.6452118,14246,NA,NA,NA
"11414170","DRUM CN A TUNNEL OUTLET NR EMIGRANT GAP CA","CA","CA",39.31740077,-120.6532675,22280,NA,NA,NA
"11414194","DRUM NO 1 PH NR BLUE CYN CA","CA","CA",39.25684377,-120.7674372,13881,NA,NA,NA
"11414195","DRUM NO 2 PH NR BLUE CANYON CA","CA","CA",39.25712155,-120.7674372,13881,NA,NA,NA
"11414196","COMBINED FLOW DRUM NO 1 AND 2 PP NR BLUE CYN CA","CA","CA",39.25684377,-120.7674372,11687,3390,20,"NGVD29"
"11414200","S YUBA CN NR EMIGRANT GAP CA","CA","CA",39.31351176,-120.66299,22280,NA,NA,NA
"11414205","DEER C PH NR WASHINGTON CA","CA","CA",39.29795286,-120.844386,14246,NA,NA,NA
"11414250","S YUBA R A LANGS CROSSING NR EMIGRANT GAP CA","CA","CA",39.3185118,-120.657712,21854,NA,NA,NA
"11414700","JACKSON C BL JACKSON LK CA","CA","CA",39.4646235,-120.5638229,12254,NA,NA,NA
"11416000","BOWMAN-SPAULDING CN INTAKE NR GRANITEVILLE CA","CA","CA",39.44045555,-120.6593815,35642,NA,NA,NA
"11416100","BOWMAN SPAULDING CN A JORDAN C SIPHON CA","CA","CA",39.342123,-120.6416009,22280,NA,NA,NA
"11416200","SPAULDING NO 3 PH NR EMIGRANT GAP CA","CA","CA",39.3374009,-120.6354895,13515,NA,NA,NA
"11416500","CANYON C BL BOWMAN LK CA","CA","CA",39.43962219,-120.661326,36064,5100,20,"NGVD29"
"11417500","S YUBA R A JONES BAR NR GRASS VALLEY CA","CA","CA",39.2921153,-121.1046751,26715,1060,10,"NGVD29"
"11417970","NARROWS NO 1 PH A ENGLEBRIGHT DAM CA","CA","CA",39.2362819,-121.2719034,16439,NA,NA,NA
"11417980","NARROWS PH NO 2 BL ENGLEBRIGHT DAM CA","CA","CA",39.234893,-121.27357,15705,NA,NA,NA
"11418000","YUBA R BL ENGLEBRIGHT DAM NR SMARTSVILLE CA","CA","CA",39.23517079,-121.2741256,29952,NA,NA,NA
"11418500","DEER C NR SMARTSVILLE CA","CA","CA",39.22431786,-121.2685349,33010,633.65,0.16,"NAVD88"
"11419000","YUBA R A SMARTSVILLE CA","CA","CA",39.2235041,-121.2935704,13879,264.17,0.01,"NGVD29"
"11421000","YUBA R NR MARYSVILLE CA","CA","CA",39.1757251,-121.5249647,30088,0.76,0.16,"NAVD88"
"11421710","BEAR R NR EMIGRANT GAP CA","CA","CA",39.30628935,-120.6791015,12755,NA,NA,NA
"11421725","ALTA PH NR DUTCH FLAT CA","CA","CA",39.21573197,-120.8035488,13881,NA,NA,NA
"11421750","DUTCH FLAT NO 1 PH NR DUTCH FLAT CA","CA","CA",39.21712017,-120.8354948,21915,NA,NA,NA
"11421760","DUTCH FLAT NO 2 FLUME NR BLUE CANYON CA","CA","CA",39.2543436,-120.775493,21538,NA,NA,NA
"11421770","BEAR R BL DRUM AFTERBAY NR BLUE CANYON CA","CA","CA",39.2543436,-120.7749374,19311,NA,NA,NA
"11421780","CHICAGO PARK FLUME NR DUTCH FLAT CA","CA","CA",39.2151756,-120.8407728,21498,NA,NA,NA
"11421790","BEAR R BL DUTCH FLAT AFTERBAY NR DUTCH FLAT CA","CA","CA",39.21350886,-120.8452174,21224,2600,20,"NGVD29"
"11421900","ROLLINS PH NR COLFAX CA","CA","CA",39.1343406,-120.9535543,13881,NA,NA,NA
"11422000","BEAR R CN NR COLFAX CA","CA","CA",39.13267396,-120.9543876,36477,1960,20,"NGVD29"
"11422500","BEAR R BL ROLLINS DAM NR COLFAX CA","CA","CA",39.131285,-120.95911,24138,1927.41,0.1,"NGVD29"
"11423800","BEAR R F REL BL CAMP FAR WEST RES NR WHEATLAND CA","CA","CA",39.0415617,-121.3321782,12738,120,10,"NGVD29"
"11424000","BEAR R NR WHEATLAND CA","CA","CA",39.0001537,-121.4065908,35544,72.71,0.16,"NAVD88"
"11425000","FEATHER R NR NICOLAUS",NA,"CA",38.8904532,-121.6044058,14791,NA,NA,NA
"11425310","HALSEY PH NR AUBURN CA","CA","CA",38.95684206,-121.0418892,13881,NA,NA,NA
"11425415","WISE PH NR AUBURN CA","CA","CA",38.88962106,-121.0985574,13881,NA,NA,NA
"11425500","SACRAMENTO R A VERONA CA","CA","CA",38.77432258,-121.5982593,35201,-0.9,0.16,"NAVD88"
"11426000","SACRAMENTO WEIR SPILL TO YOLO BYPASS NR SAC CA","CA","CA",38.60684926,-121.5552347,29587,NA,NA,NA
"11426190","LAKE VALLEY CN NR EMIGRANT GAP CA","CA","CA",39.2987899,-120.6429889,21915,NA,NA,NA
"11427000","NF AMERICAN R A NORTH FORK DAM CA","CA","CA",38.9359915,-121.023802,30818,717.28,0.16,"NAVD88"
"11427200","FRENCH MEADOWS PP NR MEEKS BAY C CA","CA","CA",39.0782386,-120.4085318,18260,NA,NA,NA
"11427500","MF AMERICAN R A FRENCH MEADOWS CA","CA","CA",39.1096266,-120.4813127,26664,4920,20,"NGVD29"
"11427700","DUNCAN CYN C NR FRENCH MEADOWS CA","CA","CA",39.1357376,-120.4785353,23073,5270,2,"NGVD29"
"11427750","DUNCAN CYN C BL DIV DAM NR FRENCH MEADOWS CA","CA","CA",39.13295978,-120.4838132,21915,5232,20,"NGVD29"
"11427760","MF AMERICAN R AB MF PH NR FORESTHILL CA","CA","CA",39.0251806,-120.5954812,21580,NA,NA,NA
"11427765","RALSTON PH NR FORESTHILL CA","CA","CA",39.00017814,-120.7240952,18262,NA,NA,NA
"11427770","MF AMERICAN R BL INTERBAY DAM NR FORESTHILL CA","CA","CA",39.02629158,-120.603537,18266,NA,NA,NA
"11427940","RUBICON-ROCKBOUND TUNNEL NR MEEKS BAY CA","CA","CA",38.98768507,-120.2257454,18992,NA,NA,NA
"11427960","RUBICON R BL RUBICON DAM NR MEEKS BAY CA","CA","CA",38.98879619,-120.2232453,12321,6520,20,"NGVD29"
"11428000","RUBICON R A RUBICON SPRINGS NR MEEKS BAY CA","CA","CA",39.0193515,-120.2471356,12386,6052.97,0.01,"NGVD29"
"11428300","BUCK-LOON TUNNEL NR MEEKS BAY CA","CA","CA",39.00462926,-120.2568578,18992,NA,NA,NA
"11428400","L RUBICON R BL BUCK ISLAND DAM CA","CA","CA",39.00490704,-120.2563022,12320,6420,20,"NGVD29"
"11428600","MF PH NR FORESTHILL CA","CA","CA",39.02490284,-120.5963146,17532,NA,NA,NA
"11428800","RUBICON R BL HELL HOLE DAM CA","CA","CA",39.05657207,-120.4079758,21514,NA,NA,NA
"11429300","ROBBS PEAK PH NR KYBURZ CA","CA","CA",38.89712824,-120.3782515,19357,NA,NA,NA
"11429500","GERLE C BL LOON LK NR MEEKS BAY CA","CA","CA",39.00546206,-120.3154712,19754,NA,NA,NA
"11429500","GERLE C BL LOON LK NR MEEKS BAY CA","CA","CA",39.00546206,-120.3154712,23041,NA,NA,NA
"11430000","SF RUBICON R BL GERLE C NR GEORGETOWN CA","CA","CA",38.95462796,-120.4015856,20516,NA,NA,NA
"11431800","PILOT C AB STUMPY MEADOWS RES CA","CA","CA",38.8946257,-120.5682585,17550,4280,20,"NGVD29"
"11433040","PILOT C BL MUTTON CANYON NR GEORGETOWN CA","CA","CA",38.92351348,-120.6418716,17277,NA,NA,NA
"11433060","SF LONG CANYON C DIV TUNNEL NR VOLCANOVILLE CA","CA","CA",39.0510159,-120.471589,21550,NA,NA,NA
"11433080","NF LONG CANYON C DIV TU NR VOLCANOVILLE CA","CA","CA",39.04907139,-120.4832561,21548,NA,NA,NA
"11433100","LONG CANYON C NR FRENCH MEADOWS CA","CA","CA",39.02101555,-120.5157567,11717,NA,NA,NA
"11433212","OXBOW PH NR FORESTHILL CA","CA","CA",39.0037888,-120.7465959,17166,NA,NA,NA
"11433300","MF AMERICAN R NR FORESTHILL CA","CA","CA",39.0060108,-120.7607633,24107,NA,NA,NA
"11433500","MF AMERICAN R NR AUBURN CA","CA","CA",38.917954,-121.0152215,26876,552.35,0.01,"NGVD29"
"11434500","ECHO LAKE CONDUIT NR PHILLIPS CA","CA","CA",38.83101846,-120.0376835,35658,NA,NA,NA
"11435100","PYRAMID C A TWIN BRIDGES CA","CA","CA",38.81574095,-120.1171308,20089,NA,NA,NA
"11436000","SILVER LK OUTLET NR KIRKWOOD CA","CA","CA",38.67157545,-120.1229654,37621,7199.5,0.01,"NGVD29"
"11436999","CAPLES C RELEASE BL CAPLES DAM NR KIRKWOOD CA","CA","CA",38.7085188,-120.0515736,12054,NA,NA,NA
"11437000","CAPLES LK OUTLET NR KIRKWOOD CA","CA","CA",38.70796326,-120.051018,25559,NA,NA,NA
"11439000","EL DORADO CN NR KYBURZ CA","CA","CA",38.7643516,-120.320194,12054,NA,NA,NA
"11439500","SF AMERICAN R NR KYBURZ(RIVER ONLY) CA","CA","CA",38.76351814,-120.3285276,37621,NA,NA,NA
"11439501","SF AMERICAN R NR KYBURZ TOTAL FLOW CA","CA","CA",38.76351814,-120.3285276,37621,NA,NA,NA
"11440000","ALDER C NR WHITE HALL (TOTAL FLOW) CA","CA","CA",38.75518399,-120.3724184,21549,NA,NA,NA
"11441000","SILVER C A UNION VALLEY CA","CA","CA",38.8651831,-120.4274203,12545,4530,20,"NGVD29"
"11441500","SF SILVER C NR ICE HOUSE CA","CA","CA",38.81879517,-120.3651957,36889,5290,20,"NGVD29"
"11441800","SILVER C BL JUNCTION DAM NR POLLOCK PINES CA","CA","CA",38.85212708,-120.4571437,13116,NA,NA,NA
"11441900","SILVER C BL CAMINO DIV DAM CA","CA","CA",38.8237926,-120.5393692,23741,NA,NA,NA
"11442000","SILVER C NR PLACERVILLE CA","CA","CA",38.79157,-120.5885377,14427,2070,20,"NGVD29"
"11442700","BRUSH C BL BRUSH CREEK DAM NR POLLOCK PINES CA","CA","CA",38.8112919,-120.623261,13879,NA,NA,NA
"11443000","AMERICAN R FLUME NR CAMINO CA","CA","CA",38.7712916,-120.7052088,12783,NA,NA,NA
"11443500","SF AMERICAN R NR CAMINO CA","CA","CA",38.7729583,-120.7015975,37621,1650,20,"NGVD29"
"11443501","SF AMERICAN R NR CAMINO + AMERICAN R FLUME CA","CA","CA",38.7729583,-120.7015975,15425,NA,NA,NA
"11444500","SF AMERICAN R NR PLACERVILLE CA","CA","CA",38.7710133,-120.8163242,25568,920,20,"NGVD29"
"11445500","SF AMERICAN R NR LOTUS CA","CA","CA",38.81851188,-120.946885,16071,635,20,"NGVD29"
"11446500","AMERICAN R A FAIR OAKS CA","CA","CA",38.6354394,-121.227692,44332,73.74,0.26,"NAVD88"
"11447360","ARCADE C NR DEL PASO HEIGHTS CA","CA","CA",38.6418268,-121.3826961,16474,48.94,0.16,"NAVD88"
"11447500","SACRAMENTO R A SACRAMENTO CA","CA","CA",38.5865717,-121.505511,11321,NA,NA,NA
"11447650","SACRAMENTO R A FREEPORT CA","CA","CA",38.45566389,-121.5016167,24471,NA,NA,NA
"11449500","KELSEY C NR KELSEYVILLE CA","CA","CA",38.9273642,-122.8435719,28992,1478.06,0.33,"NAVD88"
"11451000","CACHE C NR LOWER LAKE CA","CA","CA",38.92403349,-122.5657869,29722,1282.29,0.16,"NAVD88"
"11451100","NF CACHE C A HOUGH SPRING NR CLEARLAKE OAKS CA","CA","CA",39.1654458,-122.6199862,19402,1536.52,0.16,"NAVD88"
"11451300","NF CACHE C NR CLEARLAKE OAKS CA","CA","CA",39.07542006,-122.5341216,13909,1274.25,0.16,"NAVD88"
"11451500","NF CACHE C NR LOWER LAKE CA","CA","CA",39.0190618,-122.56887,18627,1034.6,0.01,"NGVD29"
"11452000","CACHE C NR CAPAY CA","CA","CA",38.728792,-122.1052505,12394,225,20,"NGVD29"
"11452500","CACHE C A YOLO CA","CA","CA",38.727126,-121.8071874,44971,-3.14,0.16,"NAVD88"
"11453000","YOLO BYPASS NR WOODLAND CA","CA","CA",38.6776572,-121.6440924,20465,-1.46,0.26,"NAVD88"
"11453500","PUTAH C NR GUENOC CA","CA","CA",38.7787587,-122.51745,27691,912.96,0.26,"NAVD88"
"11454000","PUTAH C NR WINTERS CA","CA","CA",38.5151562,-122.0818793,34919,164.12,0.26,"NAVD88"
"11456000","NAPA R NR ST HELENA CA","CA","CA",38.51126405,-122.4557779,30847,191.33,0.26,"NAVD88"
"11456500","CONN C NR OAKVILLE CA","CA","CA",38.44727778,-122.3805556,12782,123,4.3,"NAVD88"
"11458000","NAPA R NR NAPA CA","CA","CA",38.36821248,-122.3032719,25339,27.14,0.16,"NAVD88"
"11458500","SONOMA C A AGUA CALIENTE CA","CA","CA",38.32321159,-122.4943873,18633,96.59,0.26,"NAVD88"
"11459500","NOVATO C A NOVATO CA","CA","CA",38.1076593,-122.5799419,28992,16.89,0.26,"NAVD88"
"11460000","CORTE MADERA C A ROSS CA","CA","CA",37.96294006,-122.5568837,21053,10.44,0.16,"NAVD88"
"11460400","LAGUNITAS C A SAMUEL P TAYLOR STATE PARK CA","CA","CA",38.0268261,-122.7363337,15762,106.01,0.26,"NAVD88"
"11460600","LAGUNITAS C NR PT REYES STATION CA","CA","CA",38.08019988,-122.7844348,18765,16.81,0.16,"NAVD88"
"11460750","WALKER C NR MARSHALL CA","CA","CA",38.1757531,-122.8183254,15478,148.96,0.16,"NAVD88"
"11461000","RUSSIAN R NR UKIAH CA","CA","CA",39.1954471,-123.1950048,26297,602.25,0.16,"NAVD88"
"11461500","EF RUSSIAN R NR CALPELLA CA","CA","CA",39.24652277,-123.1302509,30818,790.74,0.26,"NAVD88"
"11462000","EF RUSSIAN R NR UKIAH CA","CA","CA",39.1973914,-123.1875046,22189,614.41,0.01,"NGVD29"
"11462500","RUSSIAN R NR HOPLAND CA","CA","CA",39.0265265,-123.1305253,31549,500.01,0.26,"NAVD88"
"11463000","RUSSIAN R NR CLOVERDALE CA","CA","CA",38.87930758,-123.0535767,27227,374.64,0.16,"NAVD88"
"11463170","BIG SULPHUR C A G RESORT NR CLOVERDALE CA","CA","CA",38.79764466,-122.8024578,16573,1429.88,0.16,"NAVD88"
"11463200","BIG SULPHUR C NR CLOVERDALE CA","CA","CA",38.8259757,-122.9969077,16801,302.75,0.16,"NAVD88"
"11463900","MAACAMA C NR KELLOGG CA","CA","CA",38.6409811,-122.7638434,12187,179.62,0.16,"NAVD88"
"11464000","RUSSIAN R NR HEALDSBURG CA","CA","CA",38.6132032,-122.8363448,31549,79.98,0.26,"NAVD88"
"11464500","DRY C NR CLOVERDALE CA","CA","CA",38.74963216,-123.0922252,14244,304.04,0.01,"NGVD29"
"11465000","DRY C BL WARM SPRINGS DAM NR GEYSERVILLE CA","CA","CA",38.71963226,-123.0005556,12061,NA,NA,NA
"11465200","DRY C NR GEYSERVILLE CA","CA","CA",38.698521,-122.9580539,23508,160.49,0.16,"NAVD88"
"11465350","DRY C NR MOUTH NR HEALDSBURG CA","CA","CA",38.58737009,-122.8621784,12685,56.7,0.16,"NAVD88"
"11467000","RUSSIAN R A HACIENDA BRIDGE NR GUERNEVILLE CA","CA","CA",38.50848204,-122.9277345,31549,22.33,0.16,"NAVD88"
"11468000","NAVARRO R NR NAVARRO CA","CA","CA",39.1704079,-123.6680415,27531,9.22,0.26,"NAVD88"
"11468500","NOYO R NR FORT BRAGG CA","CA","CA",39.42818069,-123.7377695,27166,13.66,0.26,"NAVD88"
"11469000","MATTOLE R NR PETROLIA CA","CA","CA",40.31316145,-124.2833536,28261,49.79,0.26,"NAVD88"
"11470500","EEL R BL SCOTT DAM NR POTTER VALLEY CA","CA","CA",39.40793878,-122.9713896,37621,NA,NA,NA
"11471000","POTTER VALLEY PH INTAKE NR POTTER VALLEY CA","CA","CA",39.366552,-123.1275046,42308,NA,NA,NA
"11471099","POTTER VALLEY PH (TR ONLY) NR POTTER VALLEY CA","CA","CA",39.36155219,-123.1283379,13879,NA,NA,NA
"11471100","POTTER VALLEY IRRIG CN 5+6 NR POTTER VALLEY CA","CA","CA",39.36155219,-123.1283379,15195,NA,NA,NA
"11471105","POTTER VALLEY IRRIG CN E5 NR POTTER VALLEY CA","CA","CA",39.36155219,-123.1283379,16436,NA,NA,NA
"11471106","POTTER VALLEY IRRIG CN E6 NR POTTER VALLEY CA","CA","CA",39.36155219,-123.1283379,16072,NA,NA,NA
"11471500","EEL R A VAN ARSDALE DAM NR POTTER VALLEY CA","CA","CA",39.38849566,-123.1161157,42094,NA,NA,NA
"11472200","OUTLET C NR LONGVALE CA","CA","CA",39.6179353,-123.3566796,13885,1018.14,0.01,"NGVD29"
"11473900","MF EEL R NR DOS RIOS CA","CA","CA",39.7062356,-123.3252632,22052,903.43,0.16,"NAVD88"
"11475000","EEL R A FORT SEWARD CA","CA","CA",40.21816919,-123.6325017,25735,220.33,0.16,"NAVD88"
"11475560","ELDER C NR BRANSCOMB CA","CA","CA",39.72956555,-123.643883,21322,1411.64,0.33,"NAVD88"
"11475800","SF EEL R A LEGGETT CA","CA","CA",39.8745957,-123.7205775,19919,687.59,0.16,"NAVD88"
"11476500","SF EEL R NR MIRANDA CA","CA","CA",40.18177947,-123.776116,31544,220.46,0.16,"NAVD88"
"11476600","BULL C NR WEOTT CA","CA","CA",40.3514969,-124.0050136,23393,274.54,0.26,"NAVD88"
"11477000","EEL R A SCOTIA CA","CA","CA",40.49149394,-124.0997407,41372,38.41,0.16,"NAVD88"
"11478500","VAN DUZEN R NR BRIDGEVILLE CA","CA","CA",40.480385,-123.8908461,27531,361.29,0.16,"NAVD88"
"11480390","MAD R AB RUTH RES NR FOREST GLEN CA","CA","CA",40.28428216,-123.3352727,16676,2668.71,0.16,"NAVD88"
"11480410","MAD R BL RUTH RES NR FOREST GLEN CA","CA","CA",40.37097808,-123.4361411,16070,NA,NA,NA
"11480500","MAD R NR FOREST GLEN CA","CA","CA",40.45819874,-123.5108673,15015,2408.18,0.01,"NGVD29"
"11481000","MAD R NR ARCATA CA","CA","CA",40.9098217,-124.06058,28625,14.25,0.16,"NAVD88"
"11481200","LITTLE R NR TRINIDAD CA","CA","CA",41.00982016,-124.0814157,25705,21.18,0.26,"NAVD88"
"11481500","REDWOOD C NR BLUE LAKE CA","CA","CA",40.90596479,-123.815335,19859,867.26,0.16,"NAVD88"
"11482500","REDWOOD C A ORICK CA","CA","CA",41.2992896,-124.0511825,27195,8.97,0.16,"NAVD88"
"11512500","KLAMATH R BL FALL C NR COPCO CA","CA","CA",41.97208569,-122.3691862,13879,2310,33,"NGVD29"
"11516530","KLAMATH R BL IRON GATE DAM CA","CA","CA",41.92788026,-122.4441653,23878,2165.56,0.16,"NAVD88"
"11517000","SHASTA R NR  MONTAGUE CA","CA","CA",41.708993,-122.538053,15110,2467.14,0.26,"NAVD88"
"11517500","SHASTA R NR YREKA CA","CA","CA",41.82288,-122.5955565,32662,2036.93,0.16,"NAVD88"
"11519500","SCOTT R NR FORT JONES CA","CA","CA",41.64065587,-123.0150092,30818,2626.07,0.26,"NAVD88"
"11520500","KLAMATH R NR SEIAD VALLEY CA","CA","CA",41.8537379,-123.2322733,31913,1313.78,0.16,"NAVD88"
"11521500","INDIAN C NR HAPPY CAMP CA","CA","CA",41.83509438,-123.383078,25081,1201.55,0.16,"NAVD88"
"11522500","SALMON R A SOMES BAR CA","CA","CA",41.37648796,-123.4769615,37392,486.33,0.16,"NAVD88"
"11523000","KLAMATH R A ORLEANS",NA,"CA",41.30343278,-123.5344618,35932,357.43,0.16,"NAVD88"
"11523200","TRINITY R AB COFFEE C NR TRINITY CENTER CA","CA","CA",41.11122108,-122.7055474,24974,2540.44,0.16,"NAVD88"
"11525430","JUDGE FRANCIS CARR PH NR FRENCH GULCH CA","CA","CA",40.64681495,-122.6272392,22085,NA,NA,NA
"11525500","TRINITY R A LEWISTON CA","CA","CA",40.7247222,-122.801111,41776,1821.45,0.16,"NAVD88"
"11525655","TRINITY R BL LIMEKILN GULCH NR DOUGLAS CITY CA","CA","CA",40.67261385,-122.9205459,12346,1665.3,0.16,"NAVD88"
"11526500","NF TRINITY R A HELENA CA","CA","CA",40.7818089,-123.1283653,12218,1460,66,"NGVD29"
"11527000","TRINITY R NR BURNT RANCH CA","CA","CA",40.78871835,-123.440006,28626,947.85,0.26,"NAVD88"
"11528700","SF TRINITY R BL HYAMPOM CA","CA","CA",40.64983089,-123.4941718,22052,1211.96,0.16,"NAVD88"
"11530000","TRINITY R A HOOPA CA","CA","CA",41.0498236,-123.6736278,35930,278.69,0.16,"NAVD88"
"11530500","KLAMATH R NR KLAMATH CA","CA","CA",41.51092575,-123.9794772,32665,5.41,0.16,"NAVD88"
"11532500","SMITH R NR CRESCENT CITY CA","CA","CA",41.7914769,-124.0761515,34471,82.75,0.26,"NAVD88"
"06614800","MICHIGAN RIVER NEAR CAMERON PASS, CO","CO","CO",40.49609409,-105.8650119,19130,10390,15,"NGVD29"
"06616000","NORTH FORK MICHIGAN RIVER NEAR GOULD, CO.","CO","CO",40.5494257,-106.0211287,11696,8793,15,"NGVD29"
"06620000","NORTH PLATTE RIVER NEAR NORTHGATE, CO","CO","CO",40.93663889,-106.3391944,40590,7820.99,0.15,"NAVD88"
"06657500","LARAMIE RIVER NEAR GLENDEVEY, CO","CO","CO",40.8001111,-105.8786389,26061,8230,15,"NGVD29"
"06695000","S PLATTE RIV AB 11-MILE CANYON RES, NR HARTSEL, CO","CO","CO",38.96749238,-105.58139,20575,8612.83,15,"NGVD29"
"06696000","SOUTH PLATTE RIVER NEAR LAKE GEORGE, CO.","CO","CO",38.90526996,-105.4733299,25200,8458,15,"NGVD29"
"06700500","GOOSE CREEK ABOVE CHEESMAN LAKE, CO.","CO","CO",39.20887938,-105.3036069,19250,6910,15,"NGVD29"
"06701500","SOUTH PLATTE RIVER BELOW CHEESMAN LAKE, CO","CO","CO",39.20915718,-105.2677725,29217,6609.29,15,"NGVD29"
"06706000","NF SOUTH PLATTE R BELOW GENEVA C, AT GRANT, CO.","CO","CO",39.4572101,-105.6586159,22340,8560.81,15,"NGVD29"
"06707000","NF SOUTH PLATTE RIVER AT SOUTH PLATTE, CO.","CO","CO",39.408878,-105.1758234,25840,6090.55,15,"NGVD29"
"06707500","SOUTH PLATTE RIVER AT SOUTH PLATTE, CO","CO","CO",39.4091558,-105.1699899,32959,6078.43,15,"NGVD29"
"06708000","SOUTH PLATTE RIVER AT WATERTON, CO.","CO","CO",39.48832188,-105.0927643,19876,5484.43,15,"NGVD29"
"06709000","PLUM CREEK NEAR SEDALIA, CO.","CO","CO",39.43831639,-104.9830672,14912,5716.41,0.14,"NAVD88"
"06709500","PLUM CREEK NEAR LOUVIERS, CO.","CO","CO",39.48443309,-105.0024836,15705,5585,15,"NGVD29"
"06709530","PLUM CREEK AT TITAN ROAD NEAR LOUVIERS, CO","CO","CO",39.50736944,-105.0244667,15265,5522.61,0.1,"NAVD88"
"06710000","SOUTH PLATTE RIVER AT LITTLETON, CO.","CO","CO",39.6188766,-105.0191499,16435,5304.36,15,"NGVD29"
"06710247","SOUTH PLATTE RIVER BELOW UNION AVE, AT ENGLEWOOD,C",NA,"CO",39.63248027,-105.0150143,10966,5283.65,0.06,"NAVD88"
"06710385","BEAR CREEK ABOVE EVERGREEN, CO","CO","CO",39.63316667,-105.3369444,15173,7080,10,"NGVD29"
"06710500","BEAR CREEK AT MORRISON, CO","CO","CO",39.6530433,-105.1958219,32720,5780.43,15,"NGVD29"
"06710605","BEAR CREEK ABOVE BEAR CREEK LAKE NEAR MORRISON, CO","CO","CO",39.65202778,-105.17325,11115,5650.96,0.2,"NAVD88"
"06711500","BEAR CREEK AT MOUTH AT SHERIDAN, CO","CO","CO",39.6522097,-105.033039,29433,5295,15,"NGVD29"
"06711565","SOUTH PLATTE RIVER AT ENGLEWOOD, CO.","CO","CO",39.66497989,-105.0041809,15720,5245.18,0.07,"NAVD88"
"06712000","CHERRY CREEK NEAR FRANKTOWN, CO.","CO","CO",39.3558234,-104.7633092,31496,6169.64,0.09,"NAVD88"
"06712500","CHERRY CREEK NEAR MELVIN, CO","CO","CO",39.6049883,-104.8224759,11438,5608.21,15,"NGVD29"
"06713000","CHERRY CREEK BELOW CHERRY CREEK LAKE, CO","CO","CO",39.65359899,-104.8630326,24300,5487.51,10,"NGVD29"
"06713500","CHERRY CREEK AT DENVER, CO.","CO","CO",39.74248685,-104.9999817,25646,5189.79,0.24,"NAVD88"
"06714000","SOUTH PLATTE RIVER AT DENVER, CO.","CO","CO",39.75945556,-105.0040028,40998,5157.64,15,"NGVD29"
"06714215","SOUTH PLATTE R AT 64TH AVE. COMMERCE CITY, CO.","CO","CO",39.81220846,-104.9583129,16089,5105,15,"NGVD29"
"06715000","CLEAR CREEK ABV WEST FORK CLEAR CREEK NR EMPIRE CO","CO","CO",39.7519319,-105.661947,10992,8280,20,"NGVD29"
"06716100","WEST FORK CLEAR CREEK ABV MOUTH NR EMPIRE, CO","CO","CO",39.75887636,-105.6600025,11460,8235,20,"NGVD29"
"06716500","CLEAR CREEK NEAR LAWSON, CO","CO","CO",39.7658209,-105.6261123,26255,8070.52,0.16,"NAVD88"
"06718550","NORTH CLEAR CREEK ABOVE MOUTH NR BLACK HAWK, CO","CO","CO",39.74887674,-105.3997159,11459,6910,20,"NGVD29"
"06719500","CLEAR CREEK NEAR GOLDEN, CO.","CO","CO",39.75054305,-105.2488783,23497,5735.27,15,"NGVD29"
"06719505","CLEAR CREEK AT GOLDEN, CO","CO","CO",39.75304299,-105.2352667,18761,5695,15,"NGVD29"
"06720000","CLEAR CREEK AT MOUTH NEAR DERBY, CO","CO","CO",39.8283194,-104.9588684,20546,5110,15,"NGVD29"
"06720460","FIRST CR BEL BUCKLEY RD, AT ROCKY MTN ARSENAL, CO","CO","CO",39.8080421,-104.7938618,12556,5289.63,1,"NGVD29"
"06720500","SOUTH PLATTE RIVER AT HENDERSON, CO","CO","CO",39.92192936,-104.868864,29737,5001.25,10,"NAVD88"
"06720820","BIG DRY CREEK AT WESTMINSTER, CO","CO","CO",39.90568056,-105.0353889,13670,5215,10,"NGVD29"
"06720990","BIG DRY CREEK AT MOUTH NEAR FORT LUPTON, CO","CO","CO",40.0688333,-104.8319861,12556,4900,10,"NGVD29"
"06721000","SOUTH PLATTE RIVER AT FORT LUPTON, CO.","CO","CO",40.11609435,-104.8185831,18474,4860,10,"NGVD29"
"06724000","ST. VRAIN CREEK AT LYONS, CO.","CO","CO",40.21804094,-105.2599887,37376,5292,15,"NGVD29"
"06725450","ST. VRAIN CREEK BELOW LONGMONT, CO","CO","CO",40.1574222,-105.0153944,13569,4852,10,"NGVD29"
"06725500","MIDDLE BOULDER CREEK AT NEDERLAND, CO.","CO","CO",39.9616536,-105.504442,32081,8186,15,"NGVD29"
"06727000","BOULDER CREEK NEAR ORODELL, CO.","CO","CO",40.0063748,-105.3308254,32050,5826,15,"NGVD29"
"06729500","SOUTH BOULDER CREEK NEAR ELDORADO SPRINGS, CO.","CO","CO",39.9310974,-105.2958242,35174,6080,15,"NGVD29"
"06730200","BOULDER CREEK AT NORTH 75TH ST. NEAR BOULDER, CO","CO","CO",40.05165184,-105.1788754,14382,5106,10,"NGVD29"
"06730500","BOULDER CREEK AT MOUTH NEAR LONGMONT, CO","CO","CO",40.13877778,-105.0202222,26780,4860,10,"NGVD29"
"06731000","ST. VRAIN CREEK AT MOUTH, NEAR PLATTEVILLE, CO.","CO","CO",40.25803869,-104.879696,26151,4740,15,"NGVD29"
"06733000","BIG THOMPSON RIVER AT ESTES PARK, CO.","CO","CO",40.37831704,-105.513887,18992,7492.5,15,"NGVD29"
"06735500","BIG THOMPSON RIVER NEAR ESTES PARK, CO.","CO","CO",40.3763726,-105.4855525,23832,7422.5,15,"NGVD29"
"06736500","BIG THOMPSON RIVER BL POWERHOUSE, NR DRAKE, CO.","CO","CO",40.4174838,-105.267765,13239,5600,15,"NGVD29"
"06738000","BIG THOMPSON RIVER AT MOUTH OF CANYON NR DRAKE, CO","CO","CO",40.42165038,-105.2266522,26647,5305.47,10,"NGVD29"
"06741510","BIG THOMPSON RIVER AT LOVELAND, CO.","CO","CO",40.37873889,-105.0608167,17023,4910,1.6,"NAVD88"
"06744000","BIG THOMPSON RIVER AT MOUTH, NEAR LA SALLE, CO.","CO","CO",40.3499817,-104.7849693,20517,4680,15,"NGVD29"
"06746095","JOE WRIGHT CREEK ABOVE JOE WRIGHT RESERVOIR, CO","CO","CO",40.5399822,-105.88279,16452,9990,15,"NGVD29"
"06746110","JOE WRIGHT CREEK BELOW JOE WRIGHT RESERVOIR, CO","CO","CO",40.5619264,-105.8639,17398,9710,10,"NGVD29"
"06751490","NORTH FORK CACHE LA POUDRE RIVER AT LIVERMORE, CO","CO","CO",40.7874815,-105.2522047,14382,5715,15,"NGVD29"
"06752000","CACHE LA POUDRE RIV AT MO OF CN, NR FT COLLINS, CO","CO","CO",40.6644262,-105.2244271,44465,5220,15,"NGVD29"
"06752260","CACHE LA POUDRE RIVER AT FORT COLLINS, CO","CO","CO",40.5880833,-105.0692222,18576,4940,10,"NGVD29"
"06752280","CACHE LA POUDRE RIV AB BOXELDER CRK NR TIMNATH, CO","CO","CO",40.5519269,-105.011365,16939,4860,10,"NGVD29"
"06752500","CACHE LA POUDRE RIVER NEAR GREELEY, CO.","CO","CO",40.41775868,-104.6399624,29657,4610,15,"NGVD29"
"06754000","SOUTH PLATTE RIVER NEAR KERSEY, CO","CO","CO",40.4119253,-104.5627366,38078,4578.02,10,"NAVD88"
"07079300","EF ARKANSAS R AT US HIGHWAY 24, NR LEADVILLE, CO.","CO","CO",39.2724892,-106.3064133,13063,9900,15,"NGVD29"
"07081200","ARKANSAS RIVER NEAR LEADVILLE, CO","CO","CO",39.249,-106.3481111,18929,9665,10,"NGVD29"
"07083000","HALFMOON CREEK NEAR MALTA, CO","CO","CO",39.17221259,-106.3891926,29034,9830,15,"NGVD29"
"07084500","LAKE CREEK ABOVE TWIN LAKES RESERVOIR, CO.","CO","CO",39.0630477,-106.4078037,18446,9310,15,"NGVD29"
"07086000","ARKANSAS RIVER AT GRANITE, CO.","CO","CO",39.04277116,-106.2658553,35611,8914.86,15,"NGVD29"
"07086500","CLEAR CREEK ABOVE CLEAR CREEK RESERVOIR, CO.","CO","CO",39.0180493,-106.2778,18049,8885,15,"NGVD29"
"07089000","COTTONWOOD C BL HOT SPRINGS, NR BUENA VISTA, CO.","CO","CO",38.81277374,-106.2222426,18198,8532,15,"NGVD29"
"07091200","ARKANSAS RIVER NEAR NATHROP, CO","CO","CO",38.6522188,-106.051126,14376,7350,15,"NGVD29"
"07091500","ARKANSAS RIVER AT SALIDA, CO.","CO","CO",38.5458304,-106.0105693,25932,7050.45,15,"NGVD29"
"07093700","ARKANSAS RIVER NEAR WELLSVILLE, CO.","CO","CO",38.50277496,-105.9397333,16982,6883.4,15,"NGVD29"
"07094500","ARKANSAS RIVER AT PARKDALE, CO.","CO","CO",38.4872189,-105.373604,20542,5714.3,0.1,"NAVD88"
"07095000","GRAPE CREEK NEAR WESTCLIFFE, CO.","CO","CO",38.18611049,-105.4836125,24744,7690,15,"NGVD29"
"07096000","ARKANSAS RIVER AT CANON CITY, CO.","CO","CO",38.43388674,-105.2572128,47005,5342.13,15,"NGVD29"
"07096250","FOURMILE CREEK BELOW CRIPPLE CREEK NEAR VICTOR, CO","CO","CO",38.66388094,-105.228041,11917,6870,20,"NGVD29"
"07096500","FOURMILE CREEK NEAR CANON CITY, CO.","CO","CO",38.43638726,-105.1913777,11630,5254,15,"NGVD29"
"07097000","ARKANSAS RIVER AT PORTLAND, CO.","CO","CO",38.38833418,-105.0160961,16922,5021.59,15,"NGVD29"
"07099230","TURKEY CREEK AB TELLER RES NEAR STONE CITY, CO.","CO","CO",38.46499989,-104.8272009,13814,5520,15,"NGVD29"
"07099400","ARKANSAS RIVER ABOVE PUEBLO, CO","CO","CO",38.2716694,-104.718033,15339,4740,15,"NGVD29"
"07099500","ARKANSAS RIVER NEAR PUEBLO, CO.","CO","CO",38.26722495,-104.6577535,29583,4689.74,15,"NGVD29"
"07099970","ARKANSAS RIVER AT MOFFAT STREET AT PUEBLO, CO","CO","CO",38.25361396,-104.6060854,13651,4653,15,"NGVD29"
"07103700","FOUNTAIN CREEK NEAR COLORADO SPRINGS, CO.","CO","CO",38.85471357,-104.8780314,24792,6110,15,"NGVD29"
"07103703","CAMP CREEK AT GARDEN OF THE GODS, CO","CO","CO",38.87693609,-104.8727543,12228,6310,10,"NGVD29"
"07103780","MONUMENT C AB N.GATE BLVD AT USAF ACADEMY, CO.","CO","CO",39.03102778,-104.8466111,14476,6640,15,"NGVD29"
"07103797","WEST MONUMENT CREEK BELOW RAMPART RESERVOIR, CO","CO","CO",38.97499176,-104.9555374,11776,8710,15,"NGVD29"
"07103800","WEST MONUMENT CREEK AT U.S. AIR FORCE ACADEMY, CO","CO","CO",38.97054766,-104.902758,20379,7180,15,"NGVD29"
"07103980","COTTONWOOD CREEK AT WOODMEN RD NR COLO SPRINGS, CO","CO","CO",38.93943809,-104.7410863,12331,6680,10,"NGVD29"
"07103990","COTTONWOOD CREEK AT MOUTH AT PIKEVIEW, CO","CO","CO",38.9272222,-104.8141667,14656,6240,10,"NGVD29"
"07104000","MONUMENT CREEK AT PIKEVIEW, CO.","CO","CO",38.91777057,-104.8185877,22310,6203.26,15,"NGVD29"
"07104500","TEMPLETON GAP FLOODWAY AT COLORADO SPRINGS, CO.","CO","CO",38.88804838,-104.8174758,11018,6200,15,"NGVD29"
"07105000","BEAR CREEK NEAR COLORADO SPRINGS, CO","CO","CO",38.82249078,-104.888586,12333,6520,20,"NGVD29"
"07105490","CHEYENNE CREEK AT EVANS AVE AT COLORADO SPRINGS,CO",NA,"CO",38.79054685,-104.8641404,12350,6280,10,"NGVD29"
"07105500","FOUNTAIN CREEK AT COLORADO SPRINGS, CO","CO","CO",38.81638158,-104.8227519,18290,5900,15,"NGVD29"
"07105530","FOUNTAIN CR BLW JANITELL RD BLW COLO. SPRINGS, CO","CO","CO",38.8030491,-104.7958069,13260,5840,15,"NGVD29"
"07105800","FOUNTAIN CREEK AT SECURITY, CO","CO","CO",38.7294404,-104.7338611,22415,5640,15,"NGVD29"
"07105900","JIMMY CAMP CREEK AT FOUNTAIN, CO.","CO","CO",38.6844413,-104.688583,18294,5530,15,"NGVD29"
"07105945","ROCK CREEK ABOVE FORT CARSON RESERVATION, CO","CO","CO",38.707493,-104.8466403,15462,6390,10,"NGVD29"
"07106000","FOUNTAIN CREEK NEAR FOUNTAIN, CO.","CO","CO",38.6016647,-104.6702503,20681,5355,15,"NGVD29"
"07106300","FOUNTAIN CREEK NEAR PINON, CO","CO","CO",38.42944444,-104.5980556,19313,4990,15,"NGVD29"
"07106500","FOUNTAIN CREEK AT PUEBLO, CO.","CO","CO",38.2877801,-104.6010849,30178,4705,15,"NGVD29"
"07108900","ST. CHARLES RIVER AT VINELAND, CO.","CO","CO",38.24555835,-104.4863597,17303,4581.58,15,"NGVD29"
"07109500","ARKANSAS RIVER NEAR AVONDALE, CO.","CO","CO",38.24805799,-104.3991356,26829,4509.53,15,"NGVD29"
"07111000","HUERFANO R AT MANZANARES XING, NR REDWING, CO.","CO","CO",37.7277816,-105.351395,21436,8270,15,"NGVD29"
"07114000","CUCHARAS RIVER AT BOYD RANCH, NEAR LA VETA, CO.","CO","CO",37.42001275,-105.0527781,17166,7781,15,"NGVD29"
"07116500","HUERFANO RIVER NEAR BOONE, CO.","CO","CO",38.2250024,-104.2607996,18291,4443.74,15,"NGVD29"
"07117000","ARKANSAS RIVER NEAR NEPESTA, CO.","CO","CO",38.18417028,-104.1732974,21915,4385,15,"NGVD29"
"07124200","PURGATOIRE RIVER AT MADRID, CO.","CO","CO",37.12946459,-104.6399888,19709,6261.61,0.01,"NGVD29"
"07124410","PURGATOIRE RIVER BELOW TRINIDAD LAKE, CO.","CO","CO",37.14390846,-104.5477644,17957,6073.64,0.01,"NGVD29"
"07124500","PURGATOIRE RIVER AT TRINIDAD, CO.","CO","CO",37.1708521,-104.509152,26628,5979.76,15,"NGVD29"
"08213500","RIO GRANDE AT THIRTYMILE BRIDGE, NR CREEDE, CO.","CO","CO",37.72472199,-107.2556094,31538,9300,15,"NGVD29"
"08214500","NORTH CLEAR CREEK BL CONTINENTAL RESERVOIR, CO.","CO","CO",37.88833177,-107.2033863,25354,10200,15,"NGVD29"
"08216500","WILLOW CREEK AT CREEDE, CO","CO","CO",37.85611048,-106.9275456,11444,8880,15,"NGVD29"
"08217000","RIO GRANDE AT WASON, BELOW CREEDE, CO.","CO","CO",37.8225003,-106.8892116,17319,8550,15,"NGVD29"
"08217500","RIO GRANDE AT WAGON WHEEL GAP, CO","CO","CO",37.76694638,-106.831433,17953,8431.26,0.01,"NGVD29"
"08218500","GOOSE CREEK AT WAGONWHEEL GAP, CO.","CO","CO",37.75194676,-106.8300442,13635,8460,15,"NGVD29"
"08219500","SOUTH FORK RIO GRANDE AT SOUTH FORK, CO","CO","CO",37.65694884,-106.6492082,29430,8221.79,15,"NGVD29"
"08220000","RIO GRANDE NEAR DEL NORTE, CO","CO","CO",37.6886111,-106.4598611,46266,7980.25,2,"NGVD29"
"08220500","PINOS CREEK NEAR DEL NORTE, CO.","CO","CO",37.5916708,-106.4500382,17055,8480,15,"NGVD29"
"08221500","RIO GRANDE NEAR MONTE VISTA, CO.","CO","CO",37.60944707,-106.1489175,19876,7654.16,15,"NGVD29"
"08223000","RIO GRANDE AT ALAMOSA, CO.","CO","CO",37.48139821,-105.8800233,26784,7538,1,"NAVD88"
"08224500","KERBER CR ABV LITTLE KERBER CR NR VILLA GROVE, CO","CO","CO",38.22027745,-106.089741,21456,8640,10,"NGVD29"
"08227000","SAGUACHE CREEK NEAR SAGUACHE, CO","CO","CO",38.16333294,-106.290583,34880,8030,15,"NGVD29"
"08227500","NORTH CRESTONE CREEK NEAR CRESTONE, CO.","CO","CO",38.01361029,-105.6927882,15166,8360,15,"NGVD29"
"08230500","CARNERO CREEK NEAR LA GARITA, CO.","CO","CO",37.85972315,-106.3194768,19561,8150,15,"NGVD29"
"08231000","LA GARITA CREEK NEAR LA GARITA, CO","CO","CO",37.8133348,-106.318644,22662,8030,15,"NGVD29"
"08236000","ALAMOSA RIVER ABOVE TERRACE RESERVOIR, CO.","CO","CO",37.37472769,-106.3347558,21096,8600,15,"NGVD29"
"08236500","ALAMOSA RIVER BELOW TERRACE RESERVOIR, CO.","CO","CO",37.35278344,-106.2775324,11870,8400,15,"NGVD29"
"08238000","LA JARA CREEK AT GALLEGOS RANCH, NR CAPULIN, CO.","CO","CO",37.2088969,-106.1883626,12814,8130,15,"NGVD29"
"08240000","RIO GRANDE AB MOUTH TRINCHERA C NR LASAUSES, CO.","CO","CO",37.3161205,-105.7427959,22798,7500,15,"NGVD29"
"08240500","TRINCHERA C AB TURNERS RANCH, NR FT GARLAND, CO.","CO","CO",37.37473306,-105.2950101,20036,8520,15,"NGVD29"
"08241500","SANGRE DE CRISTO CREEK NEAR FORT GARLAND, CO.","CO","CO",37.42500877,-105.4150108,18398,7900,15,"NGVD29"
"08242500","UTE CREEK NEAR FORT GARLAND, CO","CO","CO",37.4472222,-105.4258333,24623,8045,15,"NGVD29"
"08243500","TRINCHERA CREEK BELOW SMITH RES, NR BLANCA, CO.","CO","CO",37.38611996,-105.5511248,17045,7700,15,"NGVD29"
"08245000","CONEJOS RIVER BELOW PLATORO RESERVOIR, CO","CO","CO",37.35490278,-106.5441667,26512,9866.6,15,"NGVD29"
"08246500","CONEJOS RIVER NEAR MOGOTE, CO.","CO","CO",37.05390016,-106.1875269,42219,8273.69,15,"NGVD29"
"08248500","SAN ANTONIO RIVER AT MOUTH, NEAR MANASSA, CO.","CO","CO",37.17695615,-105.8780757,21732,7650,15,"NGVD29"
"08249000","CONEJOS RIVER NEAR LASAUSES, CO","CO","CO",37.30028754,-105.7469627,37896,7495.02,2,"NGVD29"
"08250000","CULEBRA CREEK AT SAN LUIS, CO","CO","CO",37.18388889,-105.4258333,23557,8000,15,"NGVD29"
"08251500","RIO GRANDE NEAR LOBATOS, CO","CO","CO",37.0786111,-105.7569444,45840,7427.63,15,"NGVD29"
"09010500","COLORADO RIVER BELOW BAKER GULCH NR GRAND LAKE, CO","CO","CO",40.32581784,-105.8566791,26552,8750,10,"NGVD29"
"09011000","COLORADO RIVER NEAR GRAND LAKE, CO.","CO","CO",40.2188742,-105.8575127,24104,8380,15,"NGVD29"
"09013000","ALVA B ADAMS TUN AT E PORTAL, NR ESTES PARK, CO.","CO","CO",40.3276222,-105.5784306,18688,8264,1.6,"NAVD88"
"09019500","COLORADO RIVER NEAR GRANBY, CO","CO","CO",40.12081915,-105.9005694,18934,7960,15,"NGVD29"
"09021000","WILLOW CREEK BELOW WILLOW CREEK RESERVOIR, CO.","CO","CO",40.14581899,-105.9400156,13479,8030.04,0.14,"NAVD88"
"09022000","FRASER RIVER AT UPPER STA, NEAR WINTER PARK, CO.","CO","CO",39.8458204,-105.7519507,16979,9520,20,"NGVD29"
"09024000","FRASER RIVER AT WINTER PARK, CO.","CO","CO",39.89998695,-105.7766741,42140,8911.08,0.26,"NAVD88"
"09025000","VASQUEZ CREEK AT WINTER PARK, CO","CO","CO",39.92026468,-105.7852857,33434,8773.16,0.12,"NAVD88"
"09026500","ST. LOUIS CREEK NEAR FRASER, CO.","CO","CO",39.90998657,-105.8783451,33397,8980.17,15,"NGVD29"
"09032000","RANCH CREEK NEAR FRASER, CO.","CO","CO",39.94998694,-105.7655627,33375,8660,10,"NGVD29"
"09032100","CABIN CREEK NEAR FRASER, CO.","CO","CO",39.9858203,-105.7450064,15451,9560,10,"NGVD29"
"09034250","COLORADO RIVER AT WINDY GAP, NEAR GRANBY, CO.","CO","CO",40.108319,-106.0041847,16207,7790.48,0.17,"NAVD88"
"09034500","COLORADO RIVER AT HOT SULPHUR SPRINGS, CO.","CO","CO",40.08331887,-106.0880765,31407,7670,15,"NGVD29"
"09034900","BOBTAIL CREEK NEAR JONES PASS, CO","CO","CO",39.76026447,-105.9064014,22045,10430,15,"NGVD29"
"09035500","WILLIAMS FORK BELOW STEELMAN CREEK, CO.","CO","CO",39.77887549,-105.9283469,25040,9800,15,"NGVD29"
"09035700","WILLIAMS FORK ABOVE DARLING CREEK, NEAR LEAL, CO","CO","CO",39.79719444,-106.0256389,22052,8940,10,"NGVD29"
"09035800","DARLING CREEK NEAR LEAL, CO.","CO","CO",39.8005418,-106.0264066,16800,8940,20,"NGVD29"
"09035900","SOUTH FORK OF WILLIAMS FORK NEAR LEAL, CO","CO","CO",39.79581958,-106.0305734,22042,8950,20,"NGVD29"
"09036000","WILLIAMS FORK NEAR LEAL, CO.","CO","CO",39.833875,-106.0564079,33740,8790,10,"NGVD29"
"09037500","WILLIAMS FORK NEAR PARSHALL, CO","CO","CO",40.0002,-106.1803667,41044,7808.95,2,"NGVD29"
"09038500","WILLIAMS FORK BELOW WILLIAMS FORK RESERVOIR, CO","CO","CO",40.03592778,-106.2050139,26587,7616.53,0.14,"NAVD88"
"09039000","TROUBLESOME CREEK NEAR PEARMONT, CO.","CO","CO",40.2174844,-106.3130854,14610,8049,15,"NGVD29"
"09040000","EAST FORK TROUBLESOME C NEAR TROUBLESOME, CO.","CO","CO",40.15748477,-106.2833617,13335,7670,15,"NGVD29"
"09041400","MUDDY CRK BLW WOLFORD MTN RESER. NR KREMMLING, CO","CO","CO",40.10859628,-106.4139212,11159,7380,20,"NGVD29"
"09041900","MONTE CRISTO DIVERSION NEAR HOOSIER PASS, CO","CO","CO",39.38082156,-106.0714082,19074,10986,15,"NGVD29"
"09044300","BEMROSE-HOOSIER DIVERSION NEAR HOOSIER PASS, CO","CO","CO",39.38054378,-106.0708526,18153,10986,15,"NGVD29"
"09044800","MCCULLOUGH-SP-CRYS-DIVERSION NEAR HOOSIER PASS, CO","CO","CO",39.38082156,-106.0711304,18360,10986,15,"NGVD29"
"09046490","BLUE RIVER AT BLUE RIVER, CO.","CO","CO",39.45582067,-106.0316849,15478,9835,20,"NGVD29"
"09046600","BLUE RIVER NEAR DILLON, CO","CO","CO",39.56665329,-106.0494632,24971,9020,20,"NGVD29"
"09047000","BLUE RIVER AT DILLON, CO.","CO","CO",39.6138754,-106.0519632,18475,8821.17,15,"NGVD29"
"09047500","SNAKE RIVER NEAR MONTEZUMA, CO","CO","CO",39.6053611,-105.9431306,25471,9320,15,"NGVD29"
"09047700","KEYSTONE GULCH NEAR DILLON, CO.","CO","CO",39.59443117,-105.9725158,24973,9350,15,"NGVD29"
"09048000","SNAKE RIVER AT DILLON, CO.","CO","CO",39.61248655,-106.0422406,15917,8870,20,"NGVD29"
"09050100","TENMILE CREEK BL NORTH TENMILE C, AT FRISCO, CO.","CO","CO",39.57526424,-106.1105765,24967,9100,20,"NGVD29"
"09050500","TENMILE CREEK AT DILLON, CO.","CO","CO",39.6124865,-106.0547411,14821,8817.97,15,"NGVD29"
"09050700","BLUE RIVER BELOW DILLON, CO.","CO","CO",39.625542,-106.0664082,24152,8760,20,"NGVD29"
"09051050","STRAIGHT CR BLW LASKEY GULCH NR DILLON, CO","CO","CO",39.6397087,-106.040296,14382,9070,10,"NGVD29"
"09052000","ROCK CREEK NEAR DILLON, CO.","CO","CO",39.72304159,-106.1286328,15339,8502.52,15,"NGVD29"
"09053500","BLUE RIVER ABOVE GREEN MOUNTAIN RESERVOIR, CO.","CO","CO",39.83193005,-106.2228033,10955,7946.56,20,"NGVD29"
"09054000","BLACK CREEK BELOW BLACK LAKE, NEAR DILLON, CO.","CO","CO",39.7991522,-106.2683604,12874,8750,15,"NGVD29"
"09057500","BLUE RIVER BELOW GREEN MOUNTAIN RESERVOIR, CO","CO","CO",39.88026354,-106.3339175,32279,7682.66,15,"NGVD29"
"09058000","COLORADO RIVER NEAR KREMMLING, CO","CO","CO",40.03665248,-106.4400324,28320,7320,10,"NGVD29"
"09058500","PINEY RIVER BELOW PINEY LAKE, NEAR MINTURN, CO.","CO","CO",39.70804158,-106.4266968,19367,9149.86,0.14,"NAVD88"
"09058610","DICKSON CREEK NEAR VAIL, CO","CO","CO",39.7041111,-106.45725,12053,9245,15,"NGVD29"
"09058700","FREEMAN CREEK NEAR MINTURN, CO.","CO","CO",39.69831939,-106.445586,14609,9335,5,"NGVD29"
"09058800","EAST MEADOW CREEK NEAR MINTURN CO.","CO","CO",39.73165269,-106.4266969,14609,9455,20,"NGVD29"
"09059500","PINEY RIVER NEAR STATE BRIDGE, CO","CO","CO",39.7957222,-106.5743472,29844,7276.22,0.11,"NAVD88"
"09063000","EAGLE RIVER AT RED CLIFF, CO.","CO","CO",39.50831949,-106.3666948,35200,8658.61,0.15,"NAVD88"
"09063200","WEARYMAN CREEK NEAR RED CLIFF, CO.","CO","CO",39.5222084,-106.3236384,16091,9280,10,"NGVD29"
"09063400","TURKEY CREEK NEAR RED CLIFF, CO","CO","CO",39.52260278,-106.33655,16458,8918,1,"NGVD29"
"09063900","MISSOURI CREEK NEAR GOLD PARK, CO.","CO","CO",39.39026486,-106.4700294,19569,9985.89,0.25,"NAVD88"
"09064000","HOMESTAKE CREEK AT GOLD PARK, CO.","CO","CO",39.4055426,-106.433362,22111,9217.78,0.18,"NAVD88"
"09064500","HOMESTAKE CREEK NEAR RED CLIFF, CO.","CO","CO",39.4733198,-106.3678056,27394,8783,15,"NGVD29"
"09064600","EAGLE RIVER NEAR MINTURN, CO","CO","CO",39.55387495,-106.402529,13284,8085.99,0.13,"NAVD88"
"09065100","CROSS CREEK NEAR MINTURN, CO","CO","CO",39.56829167,-106.4124306,23405,7985.72,0.14,"NAVD88"
"09065500","GORE CREEK AT UPPER STATION, NEAR MINTURN, CO.","CO","CO",39.6258193,-106.2780823,26066,8600,20,"NGVD29"
"09066000","BLACK GORE CREEK NEAR MINTURN, CO.","CO","CO",39.59637495,-106.2650264,26042,9150,15,"NGVD29"
"09066100","BIGHORN CREEK NEAR MINTURN, CO","CO","CO",39.6399859,-106.2933605,16436,8625,15,"NGVD29"
"09066150","PITKIN CREEK NEAR MINTURN, CO.","CO","CO",39.64359705,-106.3025273,15340,8525,15,"NGVD29"
"09066200","BOOTH CREEK NEAR MINTURN, CO.","CO","CO",39.64831927,-106.3230833,22417,8325,10,"NGVD29"
"09066300","MIDDLE CREEK NEAR MINTURN, CO.","CO","CO",39.6458193,-106.3822512,22417,8200,10,"NGVD29"
"09066400","RED SANDSTONE CREEK NEAR MINTURN, CO.","CO","CO",39.68276376,-106.4014184,16436,9212,1,"NGVD29"
"09066510","GORE CREEK AT MOUTH NEAR MINTURN, CO","CO","CO",39.60943048,-106.447808,11083,7720.35,0.25,"NAVD88"
"09067000","BEAVER CREEK AT AVON, CO","CO","CO",39.62970826,-106.5228096,17931,7454.57,0.1,"NAVD88"
"09067200","LAKE CREEK NEAR EDWARDS, CO","CO","CO",39.647486,-106.6092003,11825,6447.84,0.11,"NAVD88"
"09070000","EAGLE RIVER BELOW GYPSUM, CO.","CO","CO",39.64942954,-106.9536554,28992,6266.81,0.21,"NAVD88"
"09070500","COLORADO RIVER NEAR DOTSERO, CO","CO","CO",39.6446111,-107.0780139,31115,6121.59,0.21,"NAVD88"
"09072500","COLORADO RIVER AT GLENWOOD SPRINGS, CO.","CO","CO",39.549982,-107.3208873,24470,5720.71,15,"NGVD29"
"09073300","ROARING FORK RIVER AB DIFFICULT C NR ASPEN, CO.","CO","CO",39.14109959,-106.7742039,16939,8120,15,"NGVD29"
"09073400","ROARING FORK RIVER NEAR ASPEN, CO.","CO","CO",39.17998755,-106.8019826,22417,8019.66,0.11,"NAVD88"
"09073500","ROARING FORK RIVER AT ASPEN, CO.","CO","CO",39.18943174,-106.814483,15704,7884.58,15,"NGVD29"
"09074000","HUNTER CREEK NEAR ASPEN, CO","CO","CO",39.20582037,-106.797538,19145,8610,20,"NGVD29"
"09078000","FRYINGPAN RIVER AT NORRIE, CO.","CO","CO",39.33081977,-106.6580895,15382,8410,15,"NGVD29"
"09078500","NORTH FORK FRYINGPAN RIVER NEAR NORRIE, CO.","CO","CO",39.34276407,-106.6658675,15157,8330,15,"NGVD29"
"09080400","FRYINGPAN RIVER NEAR RUEDI, CO.","CO","CO",39.36554075,-106.8255948,22417,7478.19,0.09,"NAVD88"
"09081600","CRYSTAL RIVER ABV AVALANCHE CRK, NEAR REDSTONE, CO","CO","CO",39.23263889,-107.2275,25705,6906.78,0.15,"NAVD88"
"09085000","ROARING FORK RIVER AT GLENWOOD SPRINGS, CO.","CO","CO",39.54666667,-107.3308333,43318,5720.05,0.13,"NAVD88"
"09085100","COLORADO RIVER BELOW GLENWOOD SPRINGS, CO","CO","CO",39.5549819,-107.337554,21687,5705.42,0.16,"NAVD88"
"09089500","WEST DIVIDE CREEK NEAR RAVEN, CO","CO","CO",39.33109185,-107.5800562,17386,7050,15,"NGVD29"
"09092500","BEAVER CREEK NEAR RIFLE, CO.","CO","CO",39.47192409,-107.8325657,10956,6685,15,"NGVD29"
"09093700","COLORADO RIVER NEAR DE BEQUE, CO.","CO","CO",39.36247855,-108.152579,11322,4940,15,"NGVD29"
"09095500","COLORADO RIVER NEAR CAMEO, CO.","CO","CO",39.2391463,-108.2661946,33735,4817.25,0.1,"NAVD88"
"09096500","PLATEAU CREEK NEAR COLLBRAN, CO.","CO","CO",39.2505349,-107.84062,21549,7130,15,"NGVD29"
"09097500","BUZZARD CREEK NEAR COLLBRAN, CO","CO","CO",39.2722015,-107.8506206,21572,6955,15,"NGVD29"
"09105000","PLATEAU CREEK NEAR CAMEO, CO","CO","CO",39.1836111,-108.2683333,32071,4832.98,0.14,"NAVD88"
"09106000","COLORADO RIVER NEAR PALISADE, CO.","CO","CO",39.1277586,-108.3259184,11505,4740,15,"NGVD29"
"09106150","COLO RIVER BELOW GRAND VALLEY DIV NR PALISADE, CO","CO","CO",39.09859226,-108.355086,12921,4669.4,0.12,"NAVD88"
"09107000","TAYLOR RIVER AT TAYLOR PARK, CO.","CO","CO",38.86027127,-106.5666966,15964,9332.33,0.12,"NAVD88"
"09109000","TAYLOR RIVER BELOW TAYLOR PARK RESERVOIR, CO.","CO","CO",38.8183269,-106.6091977,31913,9172.74,0.11,"NAVD88"
"09110000","TAYLOR RIVER AT ALMONT, CO.","CO","CO",38.66443715,-106.8453172,42207,8010.76,15,"NGVD29"
"09112200","EAST RIVER BELOW CEMENT CREEK NR CRESTED BUTTE, CO","CO","CO",38.7841599,-106.8708736,15843,8440,20,"NGVD29"
"09112500","EAST RIVER AT ALMONT, CO","CO","CO",38.66443715,-106.848095,37757,8006.29,2,"NGVD29"
"09114500","GUNNISON RIVER NEAR GUNNISON, CO.","CO","CO",38.54193567,-106.9497661,36267,7659.9,0.45,"NAVD88"
"09115500","TOMICHI CREEK AT SARGENTS, CO","CO","CO",38.39502778,-106.422625,27163,8416,2,"NGVD29"
"09118450","COCHETOPA CREEK BELOW ROCK CREEK NEAR PARLIN, CO","CO","CO",38.3372222,-106.7736111,16208,8457.54,0.25,"NAVD88"
"09119000","TOMICHI CREEK AT GUNNISON, CO","CO","CO",38.5211111,-106.9409583,32277,7633.58,0.09,"NAVD88"
"09124500","LAKE FORK AT GATEVIEW, CO.","CO","CO",38.2988834,-107.2300557,32279,7833.68,0.12,"NAVD88"
"09126000","CIMARRON RIVER NEAR CIMARRON, CO","CO","CO",38.25819444,-107.5461111,26070,8641.48,0.01,"NGVD29"
"09128000","GUNNISON RIVER BELOW GUNNISON TUNNEL, CO","CO","CO",38.52915336,-107.648947,42141,6514.2,0.23,"NAVD88"
"09128500","SMITH FORK NEAR CRAWFORD, CO.","CO","CO",38.72776785,-107.5067234,21549,7091,15,"NGVD29"
"09132500","NORTH FORK GUNNISON RIVER NEAR SOMERSET, CO.","CO","CO",38.9258228,-107.4342211,33716,6082.25,0.15,"NAVD88"
"09134000","MINNESOTA CREEK NEAR PAONIA, CO.","CO","CO",38.8699892,-107.5042227,14335,6200,15,"NGVD29"
"09143000","SURFACE CREEK NEAR CEDAREDGE, CO","CO","CO",38.9847034,-107.8545077,27593,8261,15,"NGVD29"
"09143500","SURFACE CREEK AT CEDAREDGE, CO.","CO","CO",38.9016487,-107.921176,37642,6225.07,0.1,"NAVD88"
"09144250","GUNNISON RIVER AT DELTA, CO","CO","CO",38.75303944,-108.078403,18155,4918.75,0.08,"NAVD88"
"09146200","UNCOMPAHGRE RIVER NEAR RIDGWAY, CO.","CO","CO",38.1838791,-107.7458924,24609,6881.84,0.12,"NAVD88"
"09147000","DALLAS CREEK NEAR RIDGWAY, CO","CO","CO",38.17776806,-107.7583927,24814,6957.09,0.22,"NAVD88"
"09147025","UNCOMPAHGRE RIVER BELOW RIDGWAY RESERVOIR, CO","CO","CO",38.24055556,-107.7603056,13651,6645.24,0.13,"NAVD88"
"09147500","UNCOMPAHGRE RIVER AT COLONA, CO","CO","CO",38.33143056,-107.779225,41408,6320.37,0.18,"NAVD88"
"09149500","UNCOMPAHGRE RIVER AT DELTA, CO","CO","CO",38.74194444,-108.0804167,31914,4930.01,0.08,"NAVD88"
"09152000","KANNAH CREEK NEAR WHITEWATER, CO.","CO","CO",38.96164907,-108.2303576,23405,6060,15,"NGVD29"
"09152500","GUNNISON RIVER NEAR GRAND JUNCTION, CO.","CO","CO",38.98331575,-108.4506446,42868,4631.33,0.1,"NAVD88"
"09163500","COLORADO RIVER NEAR COLORADO-UTAH STATE LINE",NA,"CO",39.1327434,-109.0270759,27319,4336.57,0.1,"NAVD88"
"09165000","DOLORES RIVER BELOW RICO, CO.","CO","CO",37.63888414,-108.0603669,26436,8427.41,0.15,"NAVD88"
"09166500","DOLORES RIVER AT DOLORES, CO.","CO","CO",37.47249579,-108.4976005,41772,6936.38,0.21,"NAVD88"
"09166950","LOST CANYON CREEK NEAR DOLORES, CO.","CO","CO",37.44582222,-108.4683444,15201,7029.04,0.1,"NAVD88"
"09169500","DOLORES RIVER AT BEDROCK, CO","CO","CO",38.3102675,-108.8853805,21747,4942.59,0.13,"NAVD88"
"09171100","DOLORES RIVER NEAR BEDROCK, CO.","CO","CO",38.35692324,-108.8334516,19921,4911.36,0.12,"NAVD88"
"09172500","SAN MIGUEL RIVER NEAR PLACERVILLE, CO","CO","CO",38.03070556,-108.1102889,32822,7100,20,"NAVD88"
"09173000","BEAVER CREEK NEAR NORWOOD, CO.","CO","CO",37.96999209,-108.1956327,11503,8010,15,"NGVD29"
"09174600","SAN MIGUEL RIVER AT BROOKS BRIDGE NEAR NUCLA CO","CO","CO",38.2441571,-108.5020343,11279,5570,10,"NGVD29"
"09175500","SAN MIGUEL RIVER AT NATURITA, CO.","CO","CO",38.2177684,-108.5664809,19356,5392.85,15,"NGVD29"
"09177000","SAN MIGUEL RIVER AT URAVAN, CO.","CO","CO",38.35721157,-108.712875,21413,4994.33,0.11,"NAVD88"
"09236000","BEAR RIVER NEAR TOPONAS, CO","CO","CO",40.04387328,-107.0722729,12051,9700,15,"NGVD29"
"09237450","YAMPA RIVER ABOVE STAGECOACH RESERVOIR, CO","CO","CO",40.26426111,-106.8917667,13650,8484.19,0.16,"NAVD88"
"09237500","YAMPA RIVER BELOW STAGECOACH RESERVOIR, CO","CO","CO",40.28654444,-106.8290556,22781,7057.95,0.16,"NAVD88"
"09238900","FISH CR AT UPPER STA NR STEAMBOAT SPRINGS, CO","CO","CO",40.4749775,-106.7869926,18173,7150,15,"NGVD29"
"09239500","YAMPA RIVER AT STEAMBOAT SPRINGS, CO","CO","CO",40.48298611,-106.8324306,43069,6701.31,0.15,"NAVD88"
"09241000","ELK RIVER AT CLARK, CO.","CO","CO",40.7174726,-106.9158832,25906,7267.75,1,"NGVD29"
"09242500","ELK RIVER NEAR MILNER, CO.","CO","CO",40.51468126,-106.9539707,19742,6582.42,0.09,"NAVD88"
"09245000","ELKHEAD CREEK NEAR ELKHEAD, CO.","CO","CO",40.6696938,-107.2850592,15889,6845,15,"NGVD29"
"09246200","ELKHEAD CREEK ABOVE LONG GULCH, NEAR HAYDEN, CO","CO","CO",40.59163879,-107.3208933,11147,6405,5,"NGVD29"
"09247600","YAMPA RIVER BELOW CRAIG, CO.","CO","CO",40.48078908,-107.6142685,15112,6137.65,0.11,"NAVD88"
"09250000","MILK CREEK NEAR THORNBURGH, CO.","CO","CO",40.19358547,-107.7322907,12417,6599.32,15,"NGVD29"
"09251000","YAMPA RIVER NEAR MAYBELL, CO","CO","CO",40.50273085,-108.0334482,40102,5904.25,0.08,"NAVD88"
"09253000","LITTLE SNAKE RIVER NEAR SLATER, CO","CO","CO",40.9993969,-107.1434257,28805,6835.07,0.1,"NAVD88"
"09255000","SLATER FORK NEAR SLATER, CO","CO","CO",40.9824657,-107.3828391,34471,6600,10,"NGVD29"
"09258000","WILLOW CREEK NEAR DIXON, WY","WY","CO",40.91550679,-107.5217699,14610,6700,10,"NGVD29"
"09260000","LITTLE SNAKE RIVER NEAR LILY, CO","CO","CO",40.54901667,-108.4243222,38123,5692.71,0.11,"NAVD88"
"09260050","YAMPA RIVER AT DEERLODGE PARK, CO","CO","CO",40.45161747,-108.5251294,15112,5595.48,0.1,"NAVD88"
"09303000","NORTH FORK WHITE RIVER AT BUFORD, CO","CO","CO",39.9874772,-107.6145076,20605,7010,15,"NGVD29"
"09303500","SOUTH FORK WHITE RIVER NEAR BUFORD, CO.","CO","CO",39.92162978,-107.5517612,14059,7488,4.3,"NAVD88"
"09304000","SOUTH FORK WHITE RIVER AT BUFORD, CO.","CO","CO",39.97442169,-107.6253412,17351,6970,15,"NGVD29"
"09304200","WHITE RIVER ABOVE COAL CREEK NEAR MEEKER, CO","CO","CO",40.00496048,-107.8253814,23513,6403.49,0.22,"NAVD88"
"09304500","WHITE RIVER NEAR MEEKER, CO.","CO","CO",40.03359167,-107.8624194,44331,6305.24,0.13,"NAVD88"
"09304800","WHITE RIVER BELOW MEEKER, CO","CO","CO",40.0225833,-108.1199444,23513,5900,20,"NGVD29"
"09306200","PICEANCE CREEK BL RYAN GULCH, NR RIO BLANCO, CO.","CO","CO",39.9210833,-108.2975876,22107,6070,15,"NGVD29"
"09306222","PICEANCE CREEK AT WHITE RIVER, CO","CO","CO",40.0780264,-108.2364753,20944,5730,10,"NGVD29"
"09306242","CORRAL GULCH NEAR RANGELY, CO","CO","CO",39.9202502,-108.4728719,18966,6580,10,"NGVD29"
"09306255","YELLOW CREEK NEAR WHITE RIVER, CO.","CO","CO",40.16856617,-108.4012339,17445,5528.22,0.08,"NAVD88"
"09306290","WHITE RIVER BELOW BOISE CREEK, NEAR RANGELY, CO.","CO","CO",40.17969335,-108.5653775,15898,5393.3,0.09,"NAVD88"
"09339900","EF SAN JUAN R AB SAND CREEK, NR PAGOSA SPGS, CO.","CO","CO",37.38972959,-106.8411509,16435,7940,10,"NGVD29"
"09340000","EAST FORK SAN JUAN RIVER NR PAGOSA SPRINGS, CO","CO","CO",37.36889576,-106.8925399,16436,7597.63,5,"NGVD29"
"09342500","SAN JUAN RIVER AT PAGOSA SPRINGS, CO","CO","CO",37.26552778,-107.011,33010,7052.31,0.17,"NAVD88"
"09343000","RIO BLANCO NEAR PAGOSA SPRINGS, CO.","CO","CO",37.21278565,-106.7944797,13363,7950,15,"NGVD29"
"09344000","NAVAJO R AT BANDED PEAK RANCH, NEAR CHROMO, CO.","CO","CO",37.0852879,-106.6894796,21548,7940.6,15,"NGVD29"
"09346000","NAVAJO RIVER AT EDITH, CO.","CO","CO",37.0027883,-106.9075366,26149,7033,15,"NGVD29"
"09346400","SAN JUAN RIVER NEAR CARRACAS, CO.","CO","CO",37.01362166,-107.3122841,23482,6089.22,0.11,"NAVD88"
"09349500","PIEDRA RIVER NEAR PIEDRA, CO.","CO","CO",37.2222256,-107.3428258,12327,6510,15,"NGVD29"
"09349800","PIEDRA RIVER NEAR ARBOLES, CO.","CO","CO",37.08834204,-107.3978428,23178,6150.04,0.17,"NAVD88"
"09352900","VALLECITO CREEK NEAR BAYFIELD, CO.","CO","CO",37.47750126,-107.5436688,23148,7906.08,10,"NGVD29"
"09353500","LOS PINOS RIVER NEAR BAYFIELD, CO.","CO","CO",37.38277997,-107.5775577,21549,7582.54,15,"NGVD29"
"09354500","LOS PINOS RIVER AT LA BOCA, CO.","CO","CO",37.00945356,-107.5995147,27439,6147.31,0.14,"NAVD88"
"09355000","SPRING CREEK AT LA BOCA, CO","CO","CO",37.01527778,-107.5953333,22187,6190,10,"NGVD29"
"09357500","ANIMAS RIVER AT HOWARDSVILLE, CO.","CO","CO",37.83305235,-107.5995046,17166,9616.98,15,"NGVD29"
"09358000","ANIMAS RIVER AT SILVERTON, CO.","CO","CO",37.81110556,-107.6592454,12191,9289.44,0.12,"NAVD88"
"09358550","CEMENT CREEK AT SILVERTON, CO","CO","CO",37.8197165,-107.6636901,12190,9397.58,0.18,"NAVD88"
"09359010","MINERAL CREEK AT SILVERTON, CO","CO","CO",37.8027744,-107.6728392,12191,9245.98,0.01,"NGVD29"
"09359020","ANIMAS RIVER BELOW SILVERTON, CO","CO","CO",37.7883333,-107.6682222,12556,9199,4.3,"NAVD88"
"09361000","HERMOSA CREEK NEAR HERMOSA, CO.","CO","CO",37.42196111,-107.8450944,19092,6708.15,0.19,"NAVD88"
"09361500","ANIMAS RIVER AT DURANGO, CO","CO","CO",37.2791688,-107.8803445,41925,6501.57,3,"NGVD29"
"09363000","FLORIDA RIVER NEAR DURANGO, CO.","CO","CO",37.3252804,-107.7489519,15460,7301.88,15,"NGVD29"
"09363500","ANIMAS RIVER NEAR CEDAR HILL, NM","NM","CO",37.03656944,-107.8753333,33709,5969.07,0.14,"NAVD88"
"09365500","LA PLATA RIVER AT HESPERUS, CO","CO","CO",37.28972246,-108.0406277,36890,8104.71,5,"NGVD29"
"09366500","LA PLATA RIVER AT COLORADO-NEW MEXICO STATE LINE",NA,"CO",36.99972239,-108.1886882,35794,5972.03,10,"NGVD29"
"09371000","MANCOS RIVER NEAR TOWAOC, CO.","CO","CO",37.0275026,-108.7414926,35566,5046.84,0.12,"NAVD88"
"09371010","SAN JUAN RIVER AT FOUR CORNERS, CO","CO","CO",37.00113889,-109.0295833,17524,4609.5,0.13,"NAVD88"
"09371492","MUD CREEK AT STATE HIGHWAY 32, NEAR CORTEZ, CO.","CO","CO",37.31277555,-108.661215,13709,5770.87,0.1,"NAVD88"
"09371520","MCELMO CREEK ABOVE TRAIL CANYON NEAR CORTEZ, CO","CO","CO",37.32666396,-108.7006607,11886,5647.79,0.19,"NAVD88"
"09372000","MCELMO CREEK NEAR COLORADO-UTAH STATE LINE",NA,"CO",37.32415968,-109.015666,27364,4899.58,0.14,"NAVD88"
"16010000","Kawaikoi Stream nr Waimea, Kauai, HI","HI","HI",22.13280556,-159.6199444,41158,3420,50,"LMSL"
"16013000","MOHIHI STREAM AT ALT 3420 FT NR WAIMEA,KAUAI,HI",NA,"HI",22.11714444,-159.6010833,15035,3420,10,"LMSL"
"16014000","KOKEE DITCH NR WAIMEA,KAUAI, HI","HI","HI",22.1085361,-159.6758083,20546,3310,10,"LMSL"
"16016000","Waimea River US of Kekaha-Waiahulu Int., Kauai, HI","HI","HI",22.0751111,-159.6483056,16869,780,20,"LMSL"
"16019000","Waialae Str at alt 3,820 ft nr Waimea, Kauai, HI","HI","HI",22.08583333,-159.5690833,31454,3820,20,"LMSL"
"16022000","KEKAHA DITCH AT CAMP 1, NEAR WAIMEA,KAUAI,HI",NA,"HI",22.039925,-159.6385889,21483,520,10,"LMSL"
"16028000","WAIMEA R BL KEKAHA DTCH INTK NR WAIMEA,KAUAI,HI",NA,"HI",22.04131389,-159.6402556,11658,490,10,"LMSL"
"16031000","Waimea River near Waimea, Kauai, HI","HI","HI",21.98038889,-159.6600833,24759,19.7,0.1,"LMSL"
"16036000","Makaweli River nr Waimea, Kauai, HI","HI","HI",21.97138889,-159.6461389,27891,18.2,0.01,"LMSL"
"16044000","HANAPEPE DITCH AT KOULA NEAR ELEELE,KAUAI,HI",NA,"HI",21.94965,-159.5471972,12204,490,10,"LMSL"
"16049000","Hanapepe Riv blw Manuahi Str nr Eleele, Kauai, HI","HI","HI",21.95491667,-159.5507778,37485,222,1,"LMSL"
"16060000","SF Wailua River nr Lihue, Kauai, HI","HI","HI",22.03669444,-159.3801667,40504,240,20,"LMSL"
"16061000","North Wailua Ditch nr Lihue, Kauai, HI","HI","HI",22.06241944,-159.4677444,19449,1105.45,0.01,"LMSL"
"16061200","N. Wailua Ditch blw Waikoko Str nr Lihue, Kauai, H",NA,"HI",22.05630833,-159.4638556,13786,1070,20,"LMSL"
"16062000","Stable Storm Ditch nr Lihue, Kauai, HI","HI","HI",22.06602778,-159.4432972,24013,710,50,"LMSL"
"16063000","NF Wailua River nr alt 650 ft, Kauai, HI","HI","HI",22.06388889,-159.4363889,25477,654,20,"LMSL"
"16064000","Kanaha Ditch nr Lihue, Kauai, HI","HI","HI",22.06213889,-159.422186,15613,540,10,"LMSL"
"16068000","EB of NF Wailua River nr Lihue, Kauai, HI","HI","HI",22.06877778,-159.4151667,40922,500,20,"LMSL"
"16069000","Wailua Ditch nr Kapaa, Kauai, HI","HI","HI",22.07296944,-159.3982972,24044,462.3,0.01,"LMSL"
"16071000","NF Wailua River nr Kapaa, Kauai, HI","HI","HI",22.04916667,-159.37,18724,33,20,"LMSL"
"16071500","Left Branch Opaekaa Str nr Kapaa, Kauai, HI","HI","HI",22.0756111,-159.3958889,24000,458.4,0.01,"LMSL"
"16077000","MAKALEHA DITCH NR KEALIA, KAUAI, HI","HI","HI",22.11518889,-159.364961,22675,518,0.01,"LMSL"
"16079000","Kapahi Ditch nr Kealia, Kauai, HI","HI","HI",22.09935833,-159.3716306,32811,377.1,0.01,"LMSL"
"16080000","KAPAA STR AT KAPAHI DITCH INTK NR KAPAA,KAUAI,HI",NA,"HI",22.101025,-159.3719083,17989,381.8,0.1,"LMSL"
"16080001","COMBINED RECORDS OF STATIONS 16079000, 16080000",NA,"HI",22.101025,-159.3719083,15797,NA,NA,NA
"16087000","ANAHOLA DITCH WASTEWAY NR KEALIA, KAUAI, HI","HI","HI",22.13463333,-159.3716278,17988,825,1,"LMSL"
"16088000","Anahola Ditch abv Kaneha Res nr Kealia, Kauai, HI","HI","HI",22.13296667,-159.3716278,29278,821.8,0.01,"LMSL"
"16091000","LOWER ANAHOLA DITCH NR KEALIA, KAUAI, HI","HI","HI",22.134075,-159.322461,21182,276.11,0.01,"LMSL"
"16094200","KA LOKO DITCH NEAR KILAUEA, KAUAI, HI","HI","HI",22.17546667,-159.3802389,13178,750,10,"LMSL"
"16095000","PUU KA ELE DITCH NEAR KILAUEA, KAUAI, HI","HI","HI",22.18296667,-159.4019056,12599,430,10,"LMSL"
"16096000","KALIHIWAI DITCH NEAR KILAUEA,KAUAI,HI",NA,"HI",22.1821361,-159.429961,11931,410,10,"LMSL"
"16097500","Halaulani Str at alt 400 ft nr Kilauea, Kauai, HI","HI","HI",22.17863889,-159.418611,24913,391.8,0.01,"LMSL"
"16100000","Hanalei Tunnel Outlet nr Lihue, Kauai, HI","HI","HI",22.08075278,-159.461075,19449,1210,10,"LMSL"
"16101000","HANALEI RIVER AT ALT 625 FT NR HANALEI,KAUAI,HI",NA,"HI",22.11769444,-159.4644083,14974,625,1,"LMSL"
"16103000","Hanalei River nr Hanalei, Kauai, HI","HI","HI",22.17958333,-159.4663889,25628,60,10,"LMSL"
"16108000","Wainiha River nr Hanalei, Kauai, HI","HI","HI",22.13588889,-159.557861,26189,960,20,"LMSL"
"16200000","NF Kaukonahua Str abv RB, nr Wahiawa, Oahu, HI","HI","HI",21.51627778,-157.9453056,38460,1150,20,"LMSL"
"16201000","RB NF Kaukonahua Str nr Wahiawa, Oahu, HI","HI","HI",21.51656944,-157.9453028,14005,1200,20,"LMSL"
"16208000","SF Kaukonahua Str at E pump, nr Wahiawa, Oahu, HI","HI","HI",21.48880556,-157.9960556,23703,860.35,0.01,"LMSL"
"16211600","Makaha Str nr Makaha, Oahu, HI","HI","HI",21.50158333,-158.1801667,24325,938.64,0.01,"LMSL"
"16212800","Kipapa Str nr Wahiawa, Oahu, HI","HI","HI",21.4671111,-157.9587778,18966,690,20,"LMSL"
"16213000","Waikele Str at Waipahu, Oahu, HI","HI","HI",21.38347222,-158.0109167,26634,1.37,0.01,"LMSL"
"16214000","Pearl Harbor Spr at Waiawa nr Pearl City, Oahu, HI","HI","HI",21.38919444,-157.9835833,11049,2.25,0.05,"LMSL"
"16216000","Waiawa Str nr Pearl City, Oahu, HI","HI","HI",21.39569444,-157.9783056,19098,1.81,0.01,"LMSL"
"16224000","Pearl Harbor Spring at Kalauao nr Aiea, Oahu, HI","HI","HI",21.38188889,-157.94325,11840,10.56,0.01,"LMSL"
"16226000","N. Halawa Str nr Aiea, Oahu, HI","HI","HI",21.39295833,-157.8908639,20878,320,20,"LMSL"
"16226200","N. Halawa Str nr Honolulu, Oahu, HI","HI","HI",21.382,-157.9033333,15720,160,10,"LMSL"
"16228000","Moanalua Str nr Honolulu, Oahu, HI","HI","HI",21.3782361,-157.8700306,19085,338.12,0.01,"LMSL"
"16229000","Kalihi Str nr Honolulu, Oahu, HI","HI","HI",21.3633611,-157.8444444,40893,464.4,0.1,"LMSL"
"16229300","Kalihi Str at Kalihi, Oahu, HI","HI","HI",21.33823889,-157.8739194,15645,70,20,"LMSL"
"16232000","Nuuanu Str bl Res 2 Wasteway nr Honolulu, Oahu, HI","HI","HI",21.34608333,-157.8249167,29587,630.71,0.01,"LMSL"
"16238500","Waihi Stream at Honolulu, Oahu, HI","HI","HI",21.3283611,-157.800861,29293,290.77,0.01,"LMSL"
"16240500","Waiakeakua Str at Honolulu, Oahu, HI","HI","HI",21.32822222,-157.799611,39463,294.5,0.01,"LMSL"
"16244000","Pukele Stream near Honolulu, Oahu, HI","HI","HI",21.30666667,-157.7883333,27499,344.78,0.01,"LMSL"
"16246000","Waiomao Stream near Honolulu, Oahu, HI","HI","HI",21.3061111,-157.7838889,18068,400,20,"LMSL"
"16254000","Makawao Str nr Kailua, Oahu, HI","HI","HI",21.3595,-157.7621667,25352,100,20,"LMSL"
"16275000","Heeia Stream at Haiku Valley nr Kaneohe, Oahu, HI","HI","HI",21.40920833,-157.8232306,31915,271.9,0.1,"LMSL"
"16283000","Kahaluu Stream near Heeia, Oahu, HI","HI","HI",21.43527778,-157.8530556,13118,357.52,0.01,"LMSL"
"16283200","Kahaluu Str nr Ahuimanu, Oahu, HI","HI","HI",21.43872222,-157.843861,15478,150,20,"LMSL"
"16283600","SF WAIHEE STR NR HEEIA, OAHU, HI","HI","HI",21.44323056,-157.86725,12449,615.74,1,"LMSL"
"16283700","NF WAIHEE STREAM NR HEEIA, OAHU, HI","HI","HI",21.44350833,-157.8689167,12449,639,1,"LMSL"
"16284000","WAIHEE STREAM NR HEEIA, OAHU, HI","HI","HI",21.44711944,-157.8578056,17075,193.44,0.01,"LMSL"
"16284200","Waihee Str nr Kahaluu, Oahu, HI","HI","HI",21.44816667,-157.856611,18765,170,20,"LMSL"
"16294900","Waikane Str at alt 75 ft at Waikane, Oahu, HI","HI","HI",21.49708333,-157.8629722,24136,75,20,"LMSL"
"16296500","Kahana Str at alt 30 ft nr Kahana, Oahu, HI","HI","HI",21.5406111,-157.8825556,24149,30,20,"LMSL"
"16301050","Punaluu Str abv Punaluu Ditch Intake, Oahu, HI","HI","HI",21.55638889,-157.8988889,26083,212,20,"LMSL"
"16302000","Punaluu Ditch nr Punaluu, Oahu, HI","HI","HI",21.55827778,-157.9003056,20302,200,20,"LMSL"
"16303000","Punaluu Str nr Punaluu, Oahu, HI","HI","HI",21.55638889,-157.8988889,20334,212,20,"LMSL"
"16303003","COMBINED RECORDS OF STATIONS 16302000,16303000",NA,"HI",21.55600278,-157.898911,20211,NA,NA,NA
"16304200","Kaluanui Stream nr Punaluu, Oahu, HI","HI","HI",21.5861111,-157.9080556,21474,110,20,"LMSL"
"16325000","Kamananui Str at Pupukea Mil Rd, Oahu, HI","HI","HI",21.62055556,-158.015,16313,590,20,"LMSL"
"16330000","Kamananui Str at Maunawai, Oahu, HI","HI","HI",21.63547222,-158.0545833,24823,20,20,"LMSL"
"16345000","Opaeula Str nr Wahiawa, Oahu, HI","HI","HI",21.56233333,-158.00025,24274,1120,20,"LMSL"
"16400000","Halawa Stream near Halawa, Molokai, HI","HI","HI",21.1555,-156.7619722,37635,210,25,"LMSL"
"16404000","PELEKUNU STREAM NR PELEKUNU, MOLOKAI, HI","HI","HI",21.13321389,-156.875836,14215,552,1,"LMSL"
"16405100","Molokai Tunnel at East Portal, Molokai, HI","HI","HI",21.14071389,-156.9183306,13240,989,1,"LMSL"
"16405300","Molokai Tunnel at West Portal, Molokai, HI","HI","HI",21.12100278,-156.9944333,14468,970,1,"LMSL"
"16405500","Waikolu Str at alt 900 ft nr Kalaupapa, Molokai,HI",NA,"HI",21.14210278,-156.918886,17015,900,25,"LMSL"
"16408000","Waikolu Str blw pipe nr Kalaupapa, Molokai, HI","HI","HI",21.159325,-156.9288889,26538,250,20,"LMSL"
"16414000","Kaunakakai Gulch at Kaunakakai, Molokai, HI","HI","HI",21.10267222,-157.0066556,17804,240,25,"LMSL"
"16415000","EF Kawela Gulch nr Kamalo, Molokai, HI","HI","HI",21.1096361,-156.9033278,11190,3624.86,0.01,"LMSL"
"16419500","Papio Gulch at Halawa, Molokai, HI","HI","HI",21.14513889,-156.734825,15797,640,20,"LMSL"
"16501000","PALIKEA STREAM BL DIV DAM NR KIPAHULU, MAUI, HI","HI","HI",20.68098056,-156.0666083,19055,1546,1,"LMSL"
"16502000","Hahalawe Gulch near Kipahulu, Maui, HI","HI","HI",20.67850556,-156.0449556,14975,885,20,"LMSL"
"16508000","Hanawi Stream near Nahiku, Maui, HI","HI","HI",20.8068611,-156.1142222,38729,1318,1,"LMSL"
"16510000","Kapaula Gulch near Nahiku, Maui, HI","HI","HI",20.80944444,-156.1152778,15036,1350,20,"LMSL"
"16512000","KOOLAU DITCH AT NAHIKU WEIR NR NAHIKU, MAUI, HI","HI","HI",20.81234167,-156.1180028,24685,1289.14,0.01,"LMSL"
"16515000","Waiohue Gulch near Nahiku, Maui, HI","HI","HI",20.815,-156.1263889,15126,1320,20,"LMSL"
"16516000","Kopiliula Stream near Keanae, Maui, HI","HI","HI",20.81472222,-156.1338889,14184,1290,20,"LMSL"
"16517000","East Wailuaiki Stream near Keanae, Maui, HI","HI","HI",20.81416667,-156.1377778,14062,1340,20,"LMSL"
"16518000","West Wailuaiki Stream near Keanae, Maui, HI","HI","HI",20.8143611,-156.1429722,39306,1550,20,"LMSL"
"16519000","WEST WAILUANUI STREAM NEAR KEANAE, MAUI, HI","HI","HI",20.82456667,-156.1452139,14245,1245,10,"LMSL"
"16520000","East Wailuanui Stream near Keanae, Maui, HI","HI","HI",20.82,-156.1408333,14548,1310,40,"LMSL"
"16522000","TARO PATCH FEEDER DITCH AT KEANAE, MAUI, HI","HI","HI",20.85789444,-156.1471528,12448,51,1,"LMSL"
"16523000","Koolau Ditch near Keanae, Maui, HI","HI","HI",20.82822222,-156.1725278,25782,1235,0.1,"LMSL"
"16527000","Honomanu Stream near Keanae, Maui, HI","HI","HI",20.831325,-156.1872889,18984,1840,20,"LMSL"
"16531000","KULA DIV FROM HAIPUAENA STR NR OLINDA,MAUI,HI",NA,"HI",20.803475,-156.2213528,14670,4320,10,"LMSL"
"16536000","Haipuaena Stream abv Spreckels Ditch, Maui, HI","HI","HI",20.84808333,-156.1885556,20139,1512.22,0.01,"LMSL"
"16538000","SPRECKELS DITCH AT HAIPUAENA WEIR NR HUELO, MAUI",NA,"HI",20.85097222,-156.1874694,23078,1470.96,0.01,"LMSL"
"16541000","KOOLAU DITCH AT HAIPUAENA NR HUELO, MAUI, HI","HI","HI",20.85152778,-156.1858,20240,1240,10,"LMSL"
"16541500","Manuel Luis Ditch at Puohokamoa Stream, Maui, HI","HI","HI",20.86005556,-156.1803333,24656,910,0.1,"LMSL"
"16545000","Puohokamoa Str ab Spreckels Ditch, Maui, HI","HI","HI",20.85263746,-156.1885855,21309,1322.04,0.01,"LMSL"
"16552800","Waikamoi Str abv Kula PL intake nr Olinda, Maui,HI",NA,"HI",20.80538889,-156.2312222,11532,4487,1,"LMSL"
"16555000","WAIKAMOI STR AB WAILOA DITCH NR HUELO, MAUI,HI",NA,"HI",20.85848056,-156.196925,13087,1293.59,0.01,"LMSL"
"16557000","ALO STREAM NEAR HUELO, MAUI, HI","HI","HI",20.85959167,-156.1941472,17136,1248.38,0.01,"LMSL"
"16565000","KAAIEA GULCH NEAR HUELO, MAUI, HI","HI","HI",20.86403889,-156.2019278,14853,1310,10,"LMSL"
"16570000","Nailiilihaele Stream near Huelo, Maui, HI","HI","HI",20.8711111,-156.2155556,23544,1225,20,"LMSL"
"16577000","Kailua Stream near Huelo, Maui, HI","HI","HI",20.87305556,-156.2208333,15522,1250,20,"LMSL"
"16585000","HOOLAWANUI STREAM NR HUELO, MAUI, HI","HI","HI",20.88403056,-156.2449667,22227,1219.42,0.01,"LMSL"
"16586000","HOOLAWALIILII STREAM NEAR HUELO, MAUI, HI","HI","HI",20.88486389,-156.2402472,16771,1245,1,"LMSL"
"16587000","Honopou Stream near Huelo, Maui, HI","HI","HI",20.88563889,-156.2525556,42048,1208,1,"LMSL"
"16588000","Wailoa Ditch at Honopou near Huelo, Maui, HI","HI","HI",20.88619025,-156.2524216,23680,1208,1,"LMSL"
"16589000","New Hamakua Ditch at Honopou near Huelo, Maui, HI","HI","HI",20.88805556,-156.2532778,24716,1170,1,"LMSL"
"16590000","OLD HAMAKUA DITCH AT HONOPOU NR HUELO, MAUI,HI",NA,"HI",20.88902778,-156.251911,12080,1117,1,"LMSL"
"16592000","Lowrie Ditch at Honopou Gulch near Huelo, Maui, HI","HI","HI",20.91255556,-156.2492778,26625,598,1,"LMSL"
"16594000","Haiku Ditch at Honopou Gulch near Kailua, Maui, HI","HI","HI",20.91558333,-156.2469722,27068,421.54,0.01,"LMSL"
"16599500","Opana Tunnel near Kailiili, Maui, HI","HI","HI",20.84792222,-156.268575,15473,2340,20,"LMSL"
"16604500","Wailuku River at Kepaniwai Park, Maui, HI","HI","HI",20.88238889,-156.5392778,15133,780,20,"LMSL"
"16614000","Waihee Rv abv Waihee Dtch intk nr Waihee, Maui, HI","HI","HI",20.9358611,-156.5468333,15443,605,20,"LMSL"
"16618000","Kahakuloa Stream near Honokohau, Maui, HI","HI","HI",20.97869444,-156.5545,28627,330,20,"LMSL"
"16620000","Honokohau Stream near Honokohau, Maui, HI","HI","HI",20.95969444,-156.5870556,39856,940,20,"LMSL"
"16629000","HONOKOWAI DITCH NEAR LAHAINA, MAUI, HI","HI","HI",20.92986667,-156.62135,19694,1600,100,"LMSL"
"16638500","Kahoma Stream at Lahaina, Maui, HI","HI","HI",20.88313889,-156.6770833,11012,50,20,"LMSL"
"16645000","OLOWALU DITCH NEAR OLOWALU, MAUI, HI","HI","HI",20.82264167,-156.6110694,20017,480,10,"LMSL"
"16700000","Waiakea Stream nr Mountain View, HI","HI","HI",19.63858889,-155.1717694,23802,1934,1,"LMSL"
"16704000","Wailuku River at Piihonua, HI","HI","HI",19.71213889,-155.15075,35352,1090,10,"LMSL"
"16717000","Honolii Stream nr Papaikou, HI","HI","HI",19.76433333,-155.1518333,22203,1540,10,"LMSL"
"16720000","Kawainui Stream nr Kamuela, HI","HI","HI",20.08533333,-155.6811667,22689,4060,20,"LMSL"
"16720300","Kawaiki Stream near Kamuela, HI","HI","HI",20.08385556,-155.6802778,11463,4090,10,"LMSL"
"16720500","Upper Hamakua Ditch bl Kawaiki Str nr Kamuela, HI","HI","HI",20.08441389,-155.6755556,13812,4020,20,"LMSL"
"16724800","Up Hamakua Ditch ab Alakahi Str nr Kamuela, HI","HI","HI",20.07218333,-155.6711139,11870,3890,20,"LMSL"
"16725000","Alakahi Stream near Kamuela, HI","HI","HI",20.07108333,-155.67075,22688,3900,20,"LMSL"
"16743000","AWINI DITCH AT E HONOKANE IKI GULCH NR NIULII,HI",NA,"HI",20.16388056,-155.7177722,15979,2000,100,"LMSL"
"16744000","E HONOKANE IKI INTAKE TO AWINI DITCH NR NIULII",NA,"HI",20.16388056,-155.71805,14976,2000,100,"LMSL"
"16751000","Kohala Ditch at Pololu near Niulii, HI","HI","HI",20.16888056,-155.7361056,16374,960,10,"LMSL"
"16755000","Kehena Ditch near Kohala, HI","HI","HI",20.12055,-155.7486056,14609,3850,10,"LMSL"
"16757000","Waikoloa Stream nr Kamuela, HI","HI","HI",20.05179444,-155.6641806,11338,3580,20,"LMSL"
"16758000","Waikoloa Str at Marine Dam nr Kamuela, HI","HI","HI",20.0436345,-155.663977,23764,3460,20,"LMSL"
"16759000","Hauani Gulch near Kamuela, HI","HI","HI",20.03801389,-155.6486139,17749,3117.42,0.01,"LMSL"
"16770500","Paauau Gulch at Pahala, HI","HI","HI",19.20777778,-155.4770833,15022,972,10,"LMSL"
"10039500","BEAR RIVER AT BORDER, WY","WY","ID",42.21104338,-111.0538022,31794,6056.85,0.23,"NAVD88"
"10046000","RAINBOW INLET CANAL NEAR DINGLE, ID","ID","ID",42.22992858,-111.2960363,30362,5922,20,"NGVD29"
"10046500","BEAR RIVER BL STEWART DAM NR MONTPELIER ID","ID","ID",42.25305556,-111.2897222,18627,5950,20,"NGVD29"
"10047500","MONTPELIER CR AT IRRIG. WEIR, NR MONTPELIER, ID","ID","ID",42.3296506,-111.2374243,13452,6210,20,"NGVD29"
"10059500","BEAR LAKE OUTLET CANAL NR PARIS ID","ID","ID",42.2165949,-111.3438159,30587,5912.6,0.01,"NGVD29"
"10068500","BEAR RIVER AT PESCADERO ID","ID","ID",42.4015929,-111.356875,32673,5909.85,0.19,"NAVD88"
"10075000","BEAR RIVER AT SODA SPRINGS ID","ID","ID",42.61379777,-111.5835813,22334,5760,20,"NGVD29"
"10079500","BEAR RIVER AT ALEXANDER ID","ID","ID",42.6449078,-111.6983074,35576,5650,20,"NGVD29"
"10080000","BEAR RIVER BELOW GRACE DAM, NEAR GRACE, ID","ID","ID",42.58629696,-111.731641,27003,NA,NA,NA
"10092700","BEAR RIVER AT IDAHO-UTAH STATE LINE",NA,"ID",42.0129808,-111.92134,20225,4424.2,0.08,"NAVD88"
"10093000","CUB RIVER NR PRESTON ID","ID","ID",42.14027778,-111.6913889,17810,5285.1,0.01,"NGVD29"
"10119000","LITTLE MALAD RIVER AB ELKHORN RES NR MALAD CITY ID","ID","ID",42.3365842,-112.4402506,11727,5050,20,"NGVD29"
"10125500","MALAD RIVER AT WOODRUFF ID","ID","ID",42.0297222,-112.2295833,16021,4366.79,0.12,"NAVD88"
"12305000","KOOTENAI RIVER AT LEONIA, ID","ID","ID",48.6168833,-116.0491944,35749,1794.75,0.64,"NAVD88"
"12305500","BOULDER CREEK NR LEONIA ID","ID","ID",48.59827328,-116.0926855,17445,2600,20,"NGVD29"
"12306500","MOYIE RIVER AT EASTPORT ID","ID","ID",48.99916667,-116.1797222,35231,2623.96,0.58,"NAVD88"
"12307500","MOYIE RIVER AT EILEEN ID","ID","ID",48.77410858,-116.1582512,19357,2124.5,0.01,"NGVD29"
"12311000","DEEP CREEK AT MORAVIA ID","ID","ID",48.63021257,-116.3871424,15857,1800,20,"NGVD29"
"12318500","KOOTENAI RIVER NR COPELAND ID","ID","ID",48.905,-116.4019444,23163,1703.86,0.1,"NAVD88"
"12320500","LONG CANYON CREEK NR PORTHILL ID","ID","ID",48.9505034,-116.5360459,11081,1830,20,"NGVD29"
"12321000","SMITH CREEK NR PORTHILL ID","ID","ID",48.961059,-116.5566028,11516,1770,20,"NGVD29"
"12321500","BOUNDARY CREEK NR PORTHILL ID","ID","ID",48.9972222,-116.5691667,35347,1768.68,0.51,"NAVD88"
"12391950","CLARK FORK RIVER BELOW CABINET GORGE DAM ID","ID","ID",48.08805556,-116.0727778,11094,2080.36,0.34,"NAVD88"
"12392000","CLARK FORK AT WHITEHORSE RAPIDS NR CABINET ID","ID","ID",48.09166667,-116.1166667,31410,2060,20,"NGVD29"
"12392155","LIGHTNING CREEK AT CLARK FORK ID","ID","ID",48.15166667,-116.1816667,13371,2099.32,0.08,"NAVD88"
"12392300","PACK RIVER NR COLBURN ID","ID","ID",48.42,-116.5019444,12714,2080.08,0.09,"NAVD88"
"12393500","PRIEST RIVER AT OUTLET OF PRIEST LAKE NR COOLIN ID","ID","ID",48.49325165,-116.8943736,12910,2437.99,0.01,"NGVD29"
"12394000","PRIEST RIVER NR COOLIN ID","ID","ID",48.45186127,-116.9004834,21183,2338.24,0.01,"NGVD29"
"12395000","Priest River near Priest River, ID","ID","ID",48.20852,-116.9146429,36394,2099.2,0.13,"NAVD88"
"12395500","PEND OREILLE RIVER AT NEWPORT WA","WA","ID",48.1822222,-117.0341667,34923,2003.77,0.09,"NAVD88"
"12411000","NF COEUR D ALENE R AB SHOSHONE CK NR PRICHARD ID","ID","ID",47.7061111,-115.9791667,27530,2489.15,0.15,"NAVD88"
"12413000","NF COEUR D ALENE RIVER AT ENAVILLE ID","ID","ID",47.5722,-116.2528,32124,2179.08,0.19,"NAVD88"
"12413140","PLACER CREEK AT WALLACE ID","ID","ID",47.46298287,-115.9371053,11507,2840,20,"NGVD29"
"12413210","SF COEUR D ALENE AT ELIZABETH PARK NR KELLOGG ID","ID","ID",47.53138889,-116.0925,13972,2673.16,0.15,"NAVD88"
"12413470","SF Coeur D Alene River nr Pinehurst, ID","ID","ID",47.5513111,-116.2362917,14064,2161.97,0.12,"NAVD88"
"12413500","COEUR D ALENE RIVER NR CATALDO ID","ID","ID",47.5548222,-116.3246222,34028,2103.63,0.09,"NAVD88"
"12414500","ST JOE RIVER AT CALDER, ID","ID","ID",47.2744444,-116.1888889,39064,2175.51,0.09,"NAVD88"
"12414900","ST MARIES RIVER NR SANTA, ID","ID","ID",47.1761111,-116.4933333,22039,2592.45,0.09,"NAVD88"
"12415000","ST MARIES RIVER AT LOTUS ID","ID","ID",47.2444444,-116.623611,17135,2143.36,0.01,"NGVD29"
"12416000","HAYDEN CREEK BL NORTH FORK NR HAYDEN LAKE ID","ID","ID",47.8225,-116.6547222,13988,2370,20,"NGVD29"
"12418000","RATHDRUM PRAIRIE CANAL NR HUETTER ID","ID","ID",47.71,-116.8730556,14345,2272.02,0.01,"NGVD29"
"12418500","SPOKANE VALLEY FARMS CO CANAL AT POST FALLS ID","ID","ID",47.71166667,-116.9541667,15255,NA,NA,NA
"12419000","Spokane River near Post Falls, ID","ID","ID",47.70295737,-116.9779747,41319,2003,10,"NGVD29"
"13032500","SNAKE RIVER NR IRWIN ID","ID","ID",43.3508333,-111.2188889,29056,5356.67,0.1,"NAVD88"
"13037500","SNAKE RIVER NR HEISE ID","ID","ID",43.6125,-111.66,42141,5018.09,0.07,"NAVD88"
"13038000","DRY BED NR RIRIE ID","ID","ID",43.63888889,-111.716111,18923,4978.55,0.1,"NAVD88"
"13038500","SNAKE RIVER AT LORENZO ID","ID","ID",43.73527778,-111.8780556,17953,4844.89,0.12,"NAVD88"
"13039500","HENRYS FORK NR LAKE ID","ID","ID",44.5944444,-111.3497222,36732,6451.38,0.21,"NAVD88"
"13042500","HENRYS FORK NR ISLAND PARK ID","ID","ID",44.41666667,-111.3947222,33955,6227.51,0.1,"NAVD88"
"13044000","HENRYS FORK AT WARM RIVER ID","ID","ID",44.1136111,-111.3330556,14233,5257,20,"NGVD29"
"13046000","HENRYS FORK NR ASHTON ID","ID","ID",44.0697222,-111.5105556,40677,5093.49,0.07,"NAVD88"
"13046995","FALL RIVER AB YELLOWSTONE CANAL NR SQUIRREL ID","ID","ID",44.06194444,-111.1519444,11778,5747.88,0.16,"NAVD88"
"13047500","FALL RIVER NR SQUIRREL ID","ID","ID",44.0686111,-111.2413889,41047,5582.57,0.76,"NAVD88"
"13047600","FALL RIVER NR ASHTON ID","ID","ID",44.0561111,-111.358611,11778,5335.3,0.99,"NAVD88"
"13049500","FALL RIVER NR CHESTER ID","ID","ID",44.0183333,-111.5666667,30174,5054.47,0.26,"NAVD88"
"13050500","HENRYS FORK AT ST ANTHONY ID","ID","ID",43.96694444,-111.6725,31112,4953.19,0.07,"NAVD88"
"13052200","TETON RIVER AB SOUTH LEIGH CREEK NR DRIGGS ID","ID","ID",43.78194444,-111.2091667,23513,5956.29,0.11,"NAVD88"
"13055000","TETON RIVER NR ST ANTHONY ID","ID","ID",43.9272222,-111.6138889,39603,4972.54,0.09,"NAVD88"
"13055340","SF TETON RIVER NEAR REXBURG ID","ID","ID",43.835,-111.7777778,14692,4854.09,0.1,"NAVD88"
"13056500","HENRYS FORK NR REXBURG ID","ID","ID",43.8258333,-111.905,42689,4809.56,0.07,"NAVD88"
"13057132","GREAT WESTERN SPILLBACK NR IDAHO FALLS ID","ID","ID",43.6008333,-112.0619444,13969,4746.02,0.09,"NAVD88"
"13057155","SNAKE RIVER AB EAGLE ROCK NR IDAHO FALLS ID","ID","ID",43.6047222,-112.058611,14017,4733.21,0.06,"NAVD88"
"13057940","WILLOW CREEK BL TEX CREEK NR RIRIE ID","ID","ID",43.44194444,-111.7283333,15514,5152.46,0.13,"NAVD88"
"13058000","WILLOW CREEK NR RIRIE ID","ID","ID",43.5833333,-111.746111,24092,4948.24,0.1,"NAVD88"
"13058510","SAND CREEK NEAR UCON ID","ID","ID",43.57416667,-111.895,15301,4848.56,0.08,"NAVD88"
"13058520","WILLOW CREEK FLOODWAY CHANNEL NR UCON ID","ID","ID",43.57638889,-111.9130556,15279,4840,0.1,"NGVD29"
"13058529","WILLOW CR FLOODWAY CHANNEL AT MOUTH NR ID FALLS ID","ID","ID",43.5747222,-112.0480556,14017,4729.48,0.05,"NAVD88"
"13058530","WILLOW CREEK BLW FLOODWAY CHANNEL NR UCON ID","ID","ID",43.5758333,-111.9119444,15385,4834.96,0.07,"NAVD88"
"13060000","SNAKE RIVER NR SHELLEY ID","ID","ID",43.41305556,-112.135,37598,4601.73,0.06,"NAVD88"
"13062500","SNAKE RIVER AT BLACKFOOT ID","ID","ID",43.1975,-112.3691667,17365,4469.81,0.06,"NAVD88"
"13063000","BLACKFOOT RIVER AB RESERVOIR NR HENRY ID","ID","ID",42.81527778,-111.5066667,15381,6263.21,0.28,"NAVD88"
"13066000","BLACKFOOT RIVER NR SHELLEY ID","ID","ID",43.26277778,-112.0477778,24260,4645.56,0.47,"NAVD88"
"13068495","BLACKFOOT RIVER BYPASS NR BLACKFOOT ID","ID","ID",43.1708333,-112.3877778,22585,4466.81,0.08,"NAVD88"
"13068500","BLACKFOOT RIVER NR BLACKFOOT ID","ID","ID",43.13055556,-112.4766667,36344,4418.8,0.09,"NAVD88"
"13068501","BLACKFOOT RIVER AND BYPASS CHANNEL NR BLACKFOOT ID","ID","ID",43.13047008,-112.4772036,32533,4426,1.6,"NAVD88"
"13069500","SNAKE RIVER NR BLACKFOOT ID","ID","ID",43.12527778,-112.5188889,42199,4402.34,0.09,"NAVD88"
"13073000","PORTNEUF RIVER AT TOPAZ ID","ID","ID",42.6247222,-112.0880556,39918,4921.77,0.07,"NAVD88"
"13075000","MARSH CREEK NR MCCAMMON ID","ID","ID",42.63,-112.2255556,26065,4610.3,0.07,"NAVD88"
"13075500","PORTNEUF RIVER AT POCATELLO ID","ID","ID",42.87166667,-112.4680556,42353,4421.48,0.15,"NAVD88"
"13075910","PORTNEUF RIVER NR TYHEE ID","ID","ID",42.9447222,-112.5444444,12584,4366.58,0.06,"NAVD88"
"13075983","SPRING CREEK AT SHEEPSKIN RD NR FORT HALL ID","ID","ID",43.0425,-112.55,16642,4370.95,0.08,"NAVD88"
"13077000","SNAKE RIVER AT NEELEY ID","ID","ID",42.7675,-112.8794444,43340,4244.42,0.16,"NAVD88"
"13078000","RAFT RIVER AB ONEMILE CREEK NR MALTA ID","ID","ID",42.0636111,-113.4513889,26742,4952.99,0.11,"NAVD88"
"13080000","NORTH SIDE MINIDOKA CANAL NR MINIDOKA ID","ID","ID",42.67166667,-113.4838889,19647,4180.33,0.01,"NGVD29"
"13080500","SOUTH SIDE MINIDOKA CANAL NR MINIDOKA ID","ID","ID",42.6625,-113.4888889,25326,4184,1,"NGVD29"
"13081500","SNAKE R NR MINIDOKA ID AT HOWELLS FERRY",NA,"ID",42.67277778,-113.5002778,42283,4134.64,0.06,"NAVD88"
"13082500","GOOSE CREEK AB TRAPPER CREEK NR OAKLEY ID","ID","ID",42.1261111,-113.9355556,41019,4762.23,1.2,"NAVD88"
"13083000","TRAPPER CREEK NR OAKLEY ID","ID","ID",42.1658333,-113.983611,40421,4825.1,0.23,"NAVD88"
"13085800","P A LATERAL NR MILNER ID","ID","ID",42.53555556,-113.9727778,21574,NA,NA,NA
"13086000","MILNER LOW LIFT CANAL NR MILNER ID","ID","ID",42.519356,-114.0108607,21183,NA,NA,NA
"13086500","GOODING CANAL AT MILNER ID","ID","ID",42.5275,-114.01,17683,NA,NA,NA
"13087000","NORTH SIDE TWIN FALLS CANAL AT MILNER ID","ID","ID",42.52963376,-114.020583,25329,NA,NA,NA
"13087500","SOUTH SIDE TWIN FALLS CANAL AT MILNER ID","ID","ID",42.52185605,-114.0172497,25143,NA,NA,NA
"13087995","SNAKE RIVER GAGING STATION AT MILNER ID","ID","ID",42.52805556,-114.0183333,12190,4065.75,0.08,"NAVD88"
"13088000","SNAKE RIVER AT MILNER ID  TOTAL FLOW",NA,"ID",42.52796709,-114.0186386,42522,4062.9,0.01,"NGVD29"
"13089500","DEVILS WASHBOWL SPRING NR KIMBERLY 10S 18E 04AAD1S",NA,"ID",42.5897222,-114.3469444,18394,3540,20,"NGVD29"
"13090000","SNAKE RIVER NR KIMBERLY ID","ID","ID",42.5908333,-114.3602778,37283,3362.67,0.01,"NGVD29"
"13090500","SNAKE RIVER NR TWIN FALLS ID","ID","ID",42.6061111,-114.4763889,18614,3133.33,0.02,"NAVD88"
"13091000","BLUE LAKES SPRING NR TWIN FALLS ID 09S 17E 28DBA1S",NA,"ID",42.614632,-114.4692055,21383,3300,20,"NGVD29"
"13092000","ROCK CREEK NR ROCK CREEK ID","ID","ID",42.35630256,-114.3041959,12844,4340,20,"NGVD29"
"13092747","ROCK CREEK AB HWY 30/93 XING AT TWIN FALLS ID","ID","ID",42.5625,-114.4947222,12190,3630,1,"NGVD29"
"13093000","ROCK CREEK BELOW POLELINE ROAD NR TWIN FALLS ID","ID","ID",42.5935205,-114.529763,11918,3500,20,"NGVD29"
"13094000","SNAKE RIVER NR BUHL ID","ID","ID",42.6658333,-114.7122222,28919,2960.27,0.12,"NAVD88"
"13095175","BRIGGS SPRING AT HEAD NEAR BUHL ID","ID","ID",42.67388889,-114.8091667,13443,3002.94,0.03,"NAVD88"
"13095500","BOX CANYON SPRINGS NR WENDELL ID","ID","ID",42.7075,-114.8102778,27714,2987.29,0.03,"NAVD88"
"13106000","SALMON RIVER CANAL CO CANAL NR ROGERSON ID","ID","ID",42.2208333,-114.7377778,22942,NA,NA,NA
"13108150","SALMON FALLS CREEK NR HAGERMAN ID","ID","ID",42.69638889,-114.8552778,20401,2893.7,0.37,"NAVD88"
"13112000","CAMAS CREEK AT CAMAS ID","ID","ID",44.00277778,-112.221111,35216,4807.15,0.09,"NAVD88"
"13113000","BEAVER CREEK AT SPENCER ID","ID","ID",44.35527778,-112.18,12137,5843,4.3,"NAVD88"
"13113500","BEAVER CREEK AT DUBOIS ID","ID","ID",44.17666667,-112.2288889,19430,5150,20,"NGVD29"
"13114000","BEAVER CREEK NR CAMAS ID","ID","ID",44.0072222,-112.2241667,21571,4790,20,"NGVD29"
"13116500","MEDICINE LODGE CREEK NR SMALL ID","ID","ID",44.25916667,-112.4102778,18872,5461.67,0.09,"NAVD88"
"13118700","LITTLE LOST RIVER BL WET CREEK NR HOWE ID","ID","ID",44.1386111,-113.2452778,24882,5877.36,0.29,"NAVD88"
"13119000","LITTLE LOST RIVER NR HOWE, ID","ID","ID",43.87027778,-113.0880556,25225,5025.7,0.18,"NAVD88"
"13119500","BLAINE COUNTY INVESTMENT CO CANAL NR HOWE ID","ID","ID",43.8804586,-113.095282,17403,NA,NA,NA
"13120000","NF BIG LOST RIVER AT WILD HORSE NR CHILLY ID","ID","ID",43.93277778,-114.1138889,29615,6861.97,0.06,"NAVD88"
"13120500","BIG LOST RIVER AT HOWELL RANCH NR CHILLY ID","ID","ID",43.9983333,-114.021111,36694,6626.34,0.05,"NAVD88"
"13123500","BIG LOST RIVER E CHL AB MACKAY RES NR MACKAY ID","ID","ID",43.9722222,-113.7313889,14442,6180,20,"NGVD29"
"13124000","BIG LOST RIVER W CHL AB MACKAY RES NR MACKAY ID","ID","ID",43.9725,-113.7452778,14802,6238,20,"NGVD29"
"13124500","WARM SPRINGS CREEK E CHL NR MACKAY ID","ID","ID",43.9697222,-113.7438889,14800,6460,20,"NGVD29"
"13125000","WARM SPRINGS CREEK W CHL NR MACKAY ID","ID","ID",43.9683333,-113.7438889,14793,6446,20,"NGVD29"
"13125500","SURFACE INFLOW TO MACKAY RES NR MACKAY ID","ID","ID",43.93324407,-113.7508635,14792,NA,NA,NA
"13126500","SHARP DITCH NR MACKAY ID","ID","ID",43.9461111,-113.6552778,18052,5984.98,0.01,"NGVD29"
"13127000","BIG LOST RIVER BL MACKAY RES NR MACKAY ID","ID","ID",43.93916667,-113.6483333,41146,5950.58,0.1,"NAVD88"
"13132500","BIG LOST RIVER NR ARCO ID","ID","ID",43.5822222,-113.2705556,26955,5239.79,0.07,"NAVD88"
"13132513","INL DIVERSION AT HEAD NEAR ARCO ID","ID","ID",43.5136111,-113.0838889,13185,5003.05,0.07,"NAVD88"
"13132520","BIG LOST RIVER BL INL DIV NEAR ARCO ID","ID","ID",43.5158333,-113.0819444,13419,5003.01,0.06,"NAVD88"
"13132535","BIG LOST R AT LINCOLN BLVD BRIDGE NR ATOMIC CITY",NA,"ID",43.57440278,-112.9421167,13478,4902.07,0.06,"NAVD88"
"13135000","SNAKE RIVER BL LOWER SALMON FALLS NR HAGERMAN ID","ID","ID",42.84851319,-114.9014473,32169,2727.7,0.01,"NGVD29"
"13135500","BIG WOOD RIVER NR KETCHUM ID","ID","ID",43.78626389,-114.4250556,13935,6225.02,0.02,"NAVD88"
"13139000","BIG WOOD SLOUGH AT HAILEY ID","ID","ID",43.51777778,-114.3197222,21330,5301.17,0.01,"NGVD29"
"13139500","BIG WOOD RIVER AT HAILEY ID","ID","ID",43.5172222,-114.3216667,33329,5295.42,0.01,"NGVD29"
"13139510","BIG WOOD RIVER AT HAILEY ID TOTAL FLOW",NA,"ID",43.5172222,-114.3216667,40405,5298.73,0.03,"NAVD88"
"13141000","BIG WOOD RIVER NR BELLEVUE, ID","ID","ID",43.32805556,-114.3416667,27298,4820,20,"NGVD29"
"13141500","CAMAS CREEK NR BLAINE ID","ID","ID",43.33277778,-114.5419444,34976,4870,20,"NGVD29"
"13142500","BIG WOOD RIVER BL MAGIC DAM NR RICHFIELD ID","ID","ID",43.24805556,-114.3566667,41770,4661.6,0.01,"NGVD29"
"13147900","LITTLE WOOD RIVER AB HIGH FIVE CREEK NR CAREY ID","ID","ID",43.49305556,-114.0572222,22694,5310.76,0.1,"NAVD88"
"13148500","LITTLE WOOD RIVER NR CAREY ID","ID","ID",43.39,-113.9997222,36666,4991.82,0.11,"NAVD88"
"13150430","SILVER CREEK AT SPORTSMAN ACCESS NR PICABO ID","ID","ID",43.3233611,-114.10835,18765,4834.45,0.02,"NAVD88"
"13150500","SILVER CREEK NEAR HWY 20 NEAR PICABO, ID","ID","ID",43.2836111,-114.0177778,13042,4790,20,"NGVD29"
"13151000","LITTLE WOOD RIVER NR RICHFIELD ID","ID","ID",43.0475,-114.1319444,16653,4270,20,"NGVD29"
"13152500","MALAD RIVER NR GOODING ID","ID","ID",42.88638889,-114.8030556,37452,3344.39,0.02,"NAVD88"
"13153000","KING HILL CANAL NR HAGERMAN ID","ID","ID",42.86805556,-114.911111,15373,NA,NA,NA
"13153500","MALAD RIVER NR BLISS ID","ID","ID",42.86323537,-114.902003,15105,NA,NA,NA
"13153776","SNAKE RIVER BL BLISS DAM NR BLISS ID","ID","ID",42.9143452,-115.0933982,12479,2630,20,"NGVD29"
"13154500","SNAKE RIVER AT KING HILL ID","ID","ID",43.0022222,-115.2025,42628,2495.13,0.37,"NAVD88"
"13159800","CANYON CR AT OREGON TRAIL XING NR MOUNTAIN HOME ID","ID","ID",43.2611111,-115.7025,15320,3541.67,0.04,"NAVD88"
"13160500","MOUNTAIN HOME FEEDER CANAL AT HEAD NR MTN. HOME ID","ID","ID",43.2123942,-115.6931437,13686,3330,20,"NGVD29"
"13168500","BRUNEAU RIVER NR HOT SPRING ID","ID","ID",42.7711111,-115.7202778,32157,2598.5,0.01,"NGVD29"
"13169500","BIG JACKS CREEK NR BRUNEAU ID","ID","ID",42.785,-115.9833333,18287,2810,20,"NGVD29"
"13171620","SNAKE RIVER BL CJ STRIKE DAM NR GRAND VIEW ID","ID","ID",42.94711569,-115.981204,14816,NA,NA,NA
"13172500","SNAKE RIVER NR MURPHY ID","ID","ID",43.25481389,-116.3906389,41150,2265.52,0.63,"NAVD88"
"13185000","BOISE RIVER NR TWIN SPRINGS ID","ID","ID",43.66805556,-115.7252778,41958,3274.96,0.29,"NAVD88"
"13186000","SF BOISE RIVER NR FEATHERVILLE ID","ID","ID",43.4958333,-115.3080556,29510,4222.39,0.28,"NAVD88"
"13189000","LITTLE CAMAS CANAL AT HEADING NR BENNETT ID","ID","ID",43.35277778,-115.391111,18133,4926,20,"NGVD29"
"13190500","SF BOISE RIVER AT ANDERSON RANCH DAM ID","ID","ID",43.3436111,-115.4775,30264,3833.07,0.26,"NAVD88"
"13191000","SF BOISE RIVER NR LENOX ID","ID","ID",43.49638889,-115.6888889,13035,3395,20,"NGVD29"
"13194500","BOISE RIVER AT DOWLING RANCH NR ARROWROCK ID","ID","ID",43.59166667,-115.9752778,16121,2890,20,"NGVD29"
"13200000","MORES CREEK AB ROBIE CREEK NR ARROWROCK DAM ID","ID","ID",43.64805556,-115.9897222,27531,3077.83,0.23,"NAVD88"
"13201000","MORES CREEK NR ARROWROCK ID","ID","ID",43.58694444,-115.9852778,14365,2896.11,0.01,"NGVD29"
"13202000","BOISE RIVER NR BOISE ID","ID","ID",43.52766907,-116.0595539,31316,2827,20,"NGVD29"
"13205500","BOISE RIVER AT BOISE ID","ID","ID",43.60905575,-116.2084506,15588,2675.46,0.01,"NGVD29"
"13206000","BOISE RIVER AT GLENWOOD BRIDGE NR BOISE ID","ID","ID",43.66055556,-116.2791667,16969,2603.02,0.1,"NAVD88"
"13212500","BOISE RIVER AT NOTUS ID","ID","ID",43.7223828,-116.7937552,19210,2288.55,0.01,"NGVD29"
"13213000","BOISE RIVER NR PARMA ID","ID","ID",43.78166667,-116.9727778,18071,2199.46,0.03,"NAVD88"
"13213100","SNAKE RIVER AT NYSSA OR","OR","ID",43.8761111,-116.9825,17839,2160.53,0.03,"NAVD88"
"13235000","SOUTH FORK PAYETTE RIVER AT LOWMAN, ID","ID","ID",44.08527778,-115.6222222,30940,3770,4.3,"NAVD88"
"13236500","DEADWOOD RIVER BL DEADWOOD RES NR LOWMAN ID","ID","ID",44.29194444,-115.6419444,36296,5180.52,0.01,"NGVD29"
"13237000","DEADWOOD RIVER NR LOWMAN ID","ID","ID",44.0822222,-115.6605556,11498,3680,20,"NGVD29"
"13237500","SF PAYETTE RIVER NR GARDEN VALLEY ID","ID","ID",44.06100538,-115.9203953,14383,3090,20,"NGVD29"
"13238000","PAYETTE RIVER NR BANKS ID","ID","ID",44.0854476,-116.0998475,19035,2805,20,"NGVD29"
"13239000","NF PAYETTE RIVER AT MCCALL ID","ID","ID",44.9072222,-116.1191667,42198,4971.82,1.7,"NAVD88"
"13240000","LAKE FORK PAYETTE RIVER AB JUMBO CR NR MCCALL ID","ID","ID",44.9136111,-115.9972222,27721,5140,20,"NGVD29"
"13242000","LAKE IRRIGATION DISTRICT CANAL NR MC CALL, ID","ID","ID",44.8972222,-116.0413889,15058,NA,NA,NA
"13242500","LAKE FORK PAYETTE RIVER BL LID CANAL NR MCCALL ID","ID","ID",44.89527778,-116.0405556,12052,5080,20,"NGVD29"
"13245000","NF PAYETTE RIVER AT CASCADE ID","ID","ID",44.52489317,-116.0467983,30854,3084.61,0.21,"NAVD88"
"13246000","NF PAYETTE RIVER NR BANKS ID","ID","ID",44.11416667,-116.1072222,28706,3084.61,0.21,"NAVD88"
"13247500","PAYETTE RIVER NR HORSESHOE BEND ID","ID","ID",43.9433333,-116.1966667,42567,2625.61,0.01,"NGVD29"
"13249500","PAYETTE RIVER NR EMMETT ID","ID","ID",43.93055556,-116.4427778,36774,2400.32,0.01,"NGVD29"
"13250000","PAYETTE RIVER NR LETHA ID","ID","ID",43.90171944,-116.6332972,14478,2274.75,0.1,"NAVD88"
"13251000","PAYETTE RIVER NR PAYETTE ID","ID","ID",44.0422222,-116.9252778,33071,2138.44,0.01,"NGVD29"
"13251500","WEISER RIVER AT TAMARACK ID","ID","ID",44.94666667,-116.3827778,13505,4080,20,"NGVD29"
"13254500","LOST CREEK NR TAMARACK ID","ID","ID",44.95416667,-116.4663889,17482,4729.6,0.01,"NGVD29"
"13258500","WEISER RIVER NR CAMBRIDGE ID","ID","ID",44.5794444,-116.6433333,31732,2647.64,0.09,"NAVD88"
"13261000","LITTLE WEISER RIVER NR INDIAN VALLEY ID","ID","ID",44.49305556,-116.3980556,13847,3250,20,"NGVD29"
"13263500","WEISER RIVER AB CRANE CREEK NR WEISER ID","ID","ID",44.30277778,-116.7944444,11610,2270,20,"NGVD29"
"13264500","CRANE CREEK NR MIDVALE ID","ID","ID",44.35544265,-116.6190418,18424,3140,20,"NGVD29"
"13265500","CRANE CREEK AT MOUTH NR WEISER ID","ID","ID",44.2918111,-116.7826306,28799,2243.79,0.02,"NAVD88"
"13266000","WEISER RIVER NR WEISER ID","ID","ID",44.27,-116.7722222,31614,2208.9,0.23,"NAVD88"
"13266000","WEISER RIVER NR WEISER ID","ID","ID",44.27,-116.7722222,11322,2208.9,0.23,"NAVD88"
"13266500","GALLOWAY CANAL NR WEISER ID","ID","ID",44.2429431,-116.8343272,13377,NA,NA,NA
"13269000","SNAKE RIVER AT WEISER ID","ID","ID",44.24555556,-116.9808333,42141,2089.52,0.05,"NAVD88"
"13295000","VALLEY CREEK AT STANLEY ID","ID","ID",44.2225,-114.931111,31717,6221.81,0.01,"NGVD29"
"13295500","SALMON RIVER BL VALLEY CREEK AT STANLEY ID","ID","ID",44.23277778,-114.9177778,12891,6190.32,0.01,"NGVD29"
"13296000","YANKEE FORK SALMON RIVER NR CLAYTON ID","ID","ID",44.27888889,-114.7338889,15082,5950,5,"NAVD88"
"13296500","SALMON RIVER BL YANKEE FORK NR CLAYTON ID","ID","ID",44.2683333,-114.7327778,34227,5900,20,"NGVD29"
"13297330","THOMPSON CREEK NR CLAYTON ID","ID","ID",44.27027778,-114.5166667,19494,5700,20,"NGVD29"
"13297350","BRUNO CREEK NR CLAYTON ID","ID","ID",44.2975,-114.4813889,20013,5828.77,0.28,"NAVD88"
"13297355","Paasasikwana Naokwaide bl Bruno Ck","CK","ID",44.2908333,-114.4716667,19483,5718.89,0.27,"NAVD88"
"13302000","PAHSIMEROI RIVER NR MAY ID","ID","ID",44.68964775,-114.045339,11358,4636.95,0.01,"NGVD29"
"13302005","PAHSIMEROI RIVER AT ELLIS ID","ID","ID",44.69166667,-114.0469444,15112,4638.84,0.14,"NAVD88"
"13302500","SALMON RIVER AT SALMON ID","ID","ID",45.1836111,-113.8952778,40366,3914.99,0.1,"NAVD88"
"13305000","LEMHI RIVER NR LEMHI ID","ID","ID",44.94,-113.6391667,24640,4899.76,0.12,"NAVD88"
"13305310","LEMHI RIVER BELOW L5 DIVERSION NEAR SALMON, ID","ID","ID",45.13277778,-113.7988889,11979,4168.76,0.19,"NAVD88"
"13306385","NAPIAS CREEK BELOW ARNETT CREEK NEAR LEESBURG, ID","ID","ID",45.20555556,-114.1338889,12596,6319.95,0.11,"NAVD88"
"13306500","PANTHER CREEK NR SHOUP ID","ID","ID",45.3060277,-114.3928643,12052,3264.96,0.01,"NGVD29"
"13307000","SALMON RIVER NR SHOUP ID","ID","ID",45.3225,-114.44,22051,3157.59,0.12,"NAVD88"
"13308500","MF SALMON RIVER NR CAPEHORN ID","ID","ID",44.4083333,-115.1788889,15996,6435,20,"NGVD29"
"13309000","BEAR VALLEY CREEK NR CAPE HORN ID","ID","ID",44.4275,-115.2941667,12885,6340,20,"NGVD29"
"13309220","MF SALMON RIVER AT MF LODGE NR YELLOW PINE ID","ID","ID",44.7215194,-115.0143472,12952,4384.4,0.15,"NAVD88"
"13310199","MF SALMON RIVER AT MOUTH NR SHOUP, ID","ID","ID",45.2936111,-114.5963889,11819,2986.38,0.16,"NAVD88"
"13310500","SF SALMON RIVER NR KNOX ID","ID","ID",44.65406567,-115.7023395,11742,5090.31,0.01,"NGVD29"
"13310700","SF SALMON RIVER NR KRASSEL RANGER STATION ID","ID","ID",44.9869444,-115.725,19919,3750,20,"NGVD29"
"13311000","EF OF SF SALMON RIVER AT STIBNITE, ID","ID","ID",44.9057222,-115.3295,16215,6466,4.3,"NAVD88"
"13313000","JOHNSON CREEK AT YELLOW PINE ID","ID","ID",44.96166667,-115.5,35596,4655.75,0.01,"NGVD29"
"13316500","LITTLE SALMON RIVER AT RIGGINS ID","ID","ID",45.41305556,-116.3252778,26827,1755.28,0.1,"NAVD88"
"13317000","SALMON RIVER AT WHITE BIRD ID","ID","ID",45.75027778,-116.3238889,41436,1416.01,0.2,"NAVD88"
"13336500","SELWAY RIVER NR LOWELL ID","ID","ID",46.08666667,-115.5138889,35346,1533.45,0.3,"NAVD88"
"13337000","LOCHSA RIVER NR LOWELL ID","ID","ID",46.1508333,-115.5872222,35931,1462.5,0.4,"NAVD88"
"13337500","SF CLEARWATER RIVER NR ELK CITY ID","ID","ID",45.82527778,-115.5272222,16824,3810,0.1,"NGVD29"
"13338000","SF CLEARWATER RIVER NR GRANGEVILLE ID","ID","ID",45.9111111,-116.0083333,16831,1830,20,"NGVD29"
"13338500","SF CLEARWATER RIVER AT STITES ID","ID","ID",46.08638889,-115.9766667,22612,1327.12,0.6,"NAVD88"
"13339000","CLEARWATER RIVER AT KAMIAH ID","ID","ID",46.23277778,-116.0225,20162,1162.52,0.01,"NGVD29"
"13339500","LOLO CREEK NR GREER ID","ID","ID",46.37166667,-116.1625,17343,1077.8,0.8,"NAVD88"
"13340000","CLEARWATER RIVER AT OROFINO ID","ID","ID",46.4783333,-116.2575,25338,993.89,0.9,"NAVD88"
"13340600","NF CLEARWATER RIVER NR CANYON RANGER STATION ID","ID","ID",46.84055556,-115.621111,21479,1706.15,0.1,"NAVD88"
"13341050","CLEARWATER RIVER NR PECK ID","ID","ID",46.50027778,-116.3925,22417,940.08,0.11,"NAVD88"
"13342450","LAPWAI CREEK NR LAPWAI, ID","ID","ID",46.42638889,-116.806111,17884,867.89,0.14,"NAVD88"
"13342500","CLEARWATER RIVER AT SPALDING ID","ID","ID",46.4483333,-116.8275,37757,773.63,0.15,"NAVD88"
"13345000","PALOUSE RIVER NR POTLATCH, ID","ID","ID",46.91527778,-116.951111,23441,2458.54,0.16,"NAVD88"
"13346800","PARADISE CR AT UNIVERSITY OF IDAHO AT MOSCOW ID","ID","ID",46.7319444,-117.0241667,17304,2536.5,0.17,"NAVD88"
"05014500","Swiftcurrent Creek at Many Glacier MT","MT","MT",48.7988333,-113.6567306,34768,4876.78,0.01,"NGVD29"
"05016000","Swiftcurrent Creek at Sherburne MT","MT","MT",48.8299083,-113.517211,22182,4730.26,0.01,"NGVD29"
"05017500","St. Mary River near Babb MT","MT","MT",48.83303718,-113.4206533,33872,4468.13,0.01,"NGVD29"
"05018000","St. Mary Canal at intake near Babb MT","MT","MT",48.85277778,-113.4169444,15603,4470,1,"NAVD88"
"05018500","St. Mary Canal at St. Mary Crossing near Babb MT","MT","MT",48.94696667,-113.3753306,26404,4450,1,"NAVD88"
"05019000","St. Mary Canal at Hudson Bay Divide nr Browning",NA,"MT",48.9949864,-113.0775923,12437,NA,NA,NA
"06012500","Red Rock R bl Lima Reservoir nr Monida MT","MT","MT",44.65588056,-112.3712222,29535,6530,1,"NGVD29"
"06016000","Beaverhead River at Barretts MT","MT","MT",45.11612778,-112.7504944,38516,5268.17,0.01,"NGVD29"
"06018500","Beaverhead River near Twin Bridges MT","MT","MT",45.38338889,-112.4528306,29764,4809.15,0.01,"NGVD29"
"06019500","Ruby River above reservoir near Alder, MT","MT","MT",45.1923194,-112.1428167,31947,5400,20,"NAVD88"
"06020600","Ruby River below reservoir near Alder, MT","MT","MT",45.2418694,-112.1112389,23088,5286.6,0.1,"NGVD29"
"06023000","Ruby River near Twin Bridges MT","MT","MT",45.50691389,-112.3308889,11752,4670,10,"NAVD88"
"06025500","Big Hole River near Melrose MT","MT","MT",45.52658056,-112.701725,37393,5032.87,0.01,"NGVD29"
"06026500","Jefferson River near Twin Bridges MT","MT","MT",45.6132833,-112.3293972,18246,4560,1,"NAVD88"
"06033000","Boulder River near Boulder, MT","MT","MT",46.21103056,-112.09165,30546,4815.57,0.2,"NAVD88"
"06034500","Jefferson River at Sappington MT","MT","MT",45.8037111,-111.752261,14739,4170,10,"NGVD29"
"06035000","Willow Creek near Harrison MT","MT","MT",45.7230583,-111.741025,24597,4750,1,"NAVD88"
"06036650","Jefferson River near Three Forks MT","MT","MT",45.8971361,-111.5956722,16938,4079.5,0.1,"NAVD88"
"06037500","Madison River near West Yellowstone, MT","MT","MT",44.6570722,-111.0679639,36358,6650,1,"NAVD88"
"06038500","Madison River bl Hebgen Lake nr Grayling MT","MT","MT",44.86639167,-111.3387806,31912,6448.47,0.01,"NGVD29"
"06038800","Madison River at Kirby Ranch nr Cameron MT","MT","MT",44.88865556,-111.580886,14575,5872.92,0.1,"NAVD88"
"06041000","Madison River bl Ennis Lake nr McAllister MT","MT","MT",45.49023056,-111.6345056,30086,4689.03,0.01,"NGVD29"
"06043500","Gallatin River near Gallatin Gateway, MT","MT","MT",45.4973,-111.2707083,35017,5167.67,0.01,"NGVD29"
"06050000","Hyalite C at Hyalite R S nr Bozeman MT","MT","MT",45.56332778,-111.0718889,27310,5539.6,0.1,"NAVD88"
"06052500","Gallatin River at Logan MT","MT","MT",45.8862472,-111.4420083,40100,4086.42,0.01,"NGVD29"
"06054500","Missouri River at Toston MT","MT","MT",46.1465722,-111.4202778,33589,3905.68,0.01,"NGVD29"
"06061500","Prickly Pear Creek near Clancy MT","MT","MT",46.5190972,-111.946786,31830,4070.3,0.14,"NAVD88"
"06062500","Tenmile Creek near Rimini MT","MT","MT",46.5238972,-112.2566472,39732,4850,1,"NAVD88"
"06063000","Tenmile Creek near Helena MT","MT","MT",46.60500556,-112.0882639,22401,3953.21,0.03,"NAVD88"
"06065500","Missouri River bl Hauser Dam near Helena MT","MT","MT",46.76619167,-111.8887944,18764,3580,1,"NAVD88"
"06066500","Missouri River bl Holter Dam nr Wolf Cr MT","MT","MT",46.99473889,-112.0106667,29357,3464.11,0.01,"NGVD29"
"06071300","Little Prickly Pear Cr at Wolf Cr MT","MT","MT",47.0054361,-112.070311,14158,3547.38,0.01,"NGVD29"
"06073500","Dearborn River near Craig MT","MT","MT",47.199025,-112.0959056,20639,3800,1,"NAVD88"
"06076690","Smith River near Ft Logan MT","MT","MT",46.7958,-111.1785556,12424,4400,1,"NGVD29"
"06077000","Sheep Cr nr White Sulphur Springs MT","MT","MT",46.76816389,-110.8099778,11388,5820,10,"NGVD29"
"06077500","Smith River near Eden MT","MT","MT",47.18929167,-111.3862389,12108,3520,10,"NAVD88"
"06078200","Missouri River near Ulm MT","MT","MT",47.43496667,-111.3884444,24824,3313.27,0.01,"NGVD29"
"06078500","North Fork Sun River near Augusta MT","MT","MT",47.6398611,-112.8593333,14595,4783.84,0.17,"NAVD88"
"06080000","Sun River bl Wagner Basin, nr Augusta, MT","MT","MT",47.620875,-112.7070028,13758,4474,1,"NGVD29"
"06085800","Sun River at Simms MT","MT","MT",47.50162778,-111.9319139,15016,3551.08,0.17,"NAVD88"
"06088500","Muddy Creek at Vaughn MT","MT","MT",47.56126667,-111.5417694,32533,3330,10,"NAVD88"
"06089000","Sun River near Vaughn MT","MT","MT",47.52577778,-111.511036,33550,3340.02,0.01,"NGVD29"
"06090300","Missouri River near Great Falls MT","MT","MT",47.5844444,-111.0605806,25429,2807.21,0.01,"NGVD29"
"06090500","Belt Creek near Monarch MT","MT","MT",47.20859444,-110.9317472,16395,3980,10,"NAVD88"
"06090800","Missouri River at Fort Benton MT","MT","MT",47.8169111,-110.6661417,49445,2614.05,0.01,"NGVD29"
"06091700","Two Medicine River bl South Fork nr Browning MT","MT","MT",48.42695278,-112.9899833,17442,4180,1,"NAVD88"
"06091800","Two Medicine Canal near Browning MT","MT","MT",48.47802959,-112.8139595,13948,NA,NA,NA
"06092000","Two Medicine River near Browning MT","MT","MT",48.47171667,-112.8037806,16073,3930,10,"NGVD29"
"06093200","Badger Cr bl Four Horns Canal nr Browning MT","MT","MT",48.36945,-112.8017806,18761,4140,1,"NAVD88"
"06095000","Birch Creek near Dupuyer MT","MT","MT",48.24190278,-112.653586,10957,4180,10,"NGVD29"
"06099000","Cut Bank Creek at Cut Bank MT","MT","MT",48.63340278,-112.3464806,27688,3561.42,0.01,"NGVD29"
"06099500","Marias River near Shelby MT","MT","MT",48.4271972,-111.889836,43815,3087.72,0.01,"NGVD29"
"06101500","Marias River near Chester MT","MT","MT",48.3059611,-111.0805278,26616,2814.03,0.01,"NGVD29"
"06102000","Marias River near Brinkman MT","MT","MT",48.2631833,-110.7142222,12783,2677.25,0.01,"NGVD29"
"06108000","Teton River near Dutton MT","MT","MT",47.930325,-111.5529417,25750,3240.63,0.17,"NAVD88"
"06109500","Missouri River at Virgelle MT","MT","MT",48.0037833,-110.2588222,33223,2507.5,0.1,"NGVD29"
"06110000","Judith River near Utica MT","MT","MT",46.8924111,-110.2314528,20456,4790,10,"NGVD29"
"06115000","Missouri R Power Plant ferry nr Zortman MT","MT","MT",47.7300333,-108.9347528,12722,2273.02,0.01,"NGVD29"
"06115200","Missouri River near Landusky MT","MT","MT",47.63143056,-108.6877444,33589,2239.96,0.01,"NGVD29"
"06115500","North Fork Musselshell River nr Delpine MT","MT","MT",46.6097861,-110.5766222,13931,5380,10,"NGVD29"
"06118500","South Fork Musselshell R ab Martinsdale MT","MT","MT",46.45324167,-110.3822889,15716,4900,100,"NGVD29"
"06120500","Musselshell River at Harlowton MT","MT","MT",46.4288,-109.8411944,42752,4165.88,0.12,"NAVD88"
"06123500","Musselshell River near Ryegate MT","MT","MT",46.30843889,-109.1906778,12145,3580,10,"NGVD29"
"06126500","Musselshell River near Roundup MT","MT","MT",46.4277194,-108.5701028,29114,3188.54,0.12,"NAVD88"
"06127500","Musselshell River at Musselshell MT","MT","MT",46.522425,-108.1088722,23381,2984.72,0.01,"NGVD29"
"06127900","Flatwillow Creek near Flatwillow MT","MT","MT",46.7912333,-108.6141556,16100,3560,10,"NGVD29"
"06130500","Musselshell River at Mosby MT","MT","MT",46.99469167,-107.8891639,34774,2493.9,1,"NGVD29"
"06131000","Big Dry Creek near Van Norman MT","MT","MT",47.3494472,-106.3578167,24348,2330,1,"NAVD88"
"06131200","Nelson Creek near Van Norman MT","MT","MT",47.5365944,-106.1534528,12433,2300,1,"NAVD88"
"06132000","Missouri River below Fort Peck Dam MT","MT","MT",48.044425,-106.3562583,31638,2019.44,0.2,"NAVD88"
"06132200","South Fork Milk River near Babb MT","MT","MT",48.7534833,-113.1674306,12017,4731.6,0.1,"NGVD29"
"06133500","N F Milk River ab St. Mary canal nr Browning MT","MT","MT",48.96352778,-113.0623556,23142,4240,10,"NAVD88"
"06135000","Milk River at Eastern Crossing of Int Bndry",NA,"MT",48.9748194,-110.4217778,29044,2660,10,"NAVD88"
"06140500","Milk River at Havre MT","MT","MT",48.5636861,-109.6959556,34539,2465.24,0.01,"NGVD29"
"06146000","North Chinook Irrigation Canal nr Havre, MT","MT","MT",48.81667277,-109.4674063,13309,NA,NA,NA
"06150000","Woodpile Coulee near international boundary",NA,"MT",48.98321389,-109.5310944,13175,2740,10,"NGVD29"
"06150500","East Fork Battle Creek nr international boundary",NA,"MT",48.9711083,-109.1302667,12907,2760,10,"NGVD29"
"06151500","Battle Creek near Chinook MT","MT","MT",48.64949167,-109.2316944,12967,2410,1,"NAVD88"
"06152500","Matheson Ditch nr Chinook MT","MT","MT",48.59343056,-109.148075,12915,NA,NA,NA
"06154100","Milk River near Harlem MT","MT","MT",48.48964167,-108.75895,15597,2319.4,0.01,"NGVD29"
"06154400","Peoples Creek near Hays MT","MT","MT",48.2237333,-108.7140528,21436,2714.1,0.1,"NGVD29"
"06154410","Little Peoples Creek near Hays, MT","MT","MT",47.9649333,-108.6559611,14077,3789,10,"NAVD88"
"06154500","Peoples Creek near Dodson MT","MT","MT",48.34238889,-108.3598194,11449,2310,10,"NGVD29"
"06154550","Peoples Cr bl Kuhr Coulee nr Dodson MT","MT","MT",48.3636333,-108.3562389,19120,2309,1,"NGVD29"
"06155500","Milk River at Malta MT","MT","MT",48.3621944,-107.876375,12004,2246,10,"NAVD88"
"06156000","Whitewater Creek near international boundary",NA,"MT",48.95262778,-107.8622194,13121,2500,100,"NGVD29"
"06164500","Frenchman Canal near Saco MT","MT","MT",48.60000655,-107.2506306,13165,NA,NA,NA
"06164510","Milk River at Juneberg Bridge nr Saco MT","MT","MT",48.50920278,-107.2187556,13397,2130,1,"NAVD88"
"06166000","Beaver Cr bl Guston Coulee nr Saco MT","MT","MT",48.3567833,-107.5821861,11143,2215,1,"NAVD88"
"06169500","Rock Creek bl Horse Creek nr int'l boundary",NA,"MT",48.969375,-106.8398417,25421,2530,1,"NAVD88"
"06170000","McEachern Creek at international boundary",NA,"MT",48.9909861,-106.9285472,13490,2540,10,"NGVD29"
"06172000","Milk River near Vandalia MT","MT","MT",48.37304167,-106.9732417,11240,2089,1,"NGVD29"
"06172310","Milk River at Tampico MT","MT","MT",48.30790556,-106.8223167,11819,2110,1,"NAVD88"
"06174000","Willow Creek near Glasgow MT","MT","MT",48.1143944,-106.6715639,12417,2110,10,"NGVD29"
"06174500","Milk River at Nashua MT","MT","MT",48.13005278,-106.3643139,31542,2027.75,0.01,"NGVD29"
"06177000","Missouri River near Wolf Point MT","MT","MT",48.067325,-105.5330972,35566,1958.57,0.01,"NGVD29"
"06177500","Redwater River at Circle MT","MT","MT",47.4139722,-105.5756444,31941,2394.32,0.01,"NGVD29"
"06178000","Poplar River at international boundary",NA,"MT",48.9902861,-105.6969083,23672,2460,10,"NAVD88"
"06181000","Poplar River near Poplar MT","MT","MT",48.11791667,-105.1928167,31822,1943,4.3,"NAVD88"
"06183450","Big Muddy Creek near Antelope MT","MT","MT",48.6728972,-104.5120861,17303,2000,1,"NAVD88"
"06185500","Missouri River near Culbertson MT","MT","MT",48.1235,-104.4733,28626,1885.08,0.14,"NAVD88"
"06191000","Gardner River near Mammoth, YNP",NA,"MT",44.9923444,-110.690975,27712,5623.97,0.01,"NGVD29"
"06191500","Yellowstone River at Corwin Springs MT","MT","MT",45.1121194,-110.7936667,43724,5079.09,0.01,"NGVD29"
"06192500","Yellowstone River near Livingston, MT","MT","MT",45.5972111,-110.5664972,36962,4542.49,0.01,"NGVD29"
"06193500","Shields River at Clyde Park MT","MT","MT",45.8857333,-110.6179583,14553,4780,10,"NGVD29"
"06195600","Shields River nr Livingston MT","MT","MT",45.7383611,-110.4794694,17304,4420,1,"NAVD88"
"06197500","Boulder River near Contact MT","MT","MT",45.5545333,-110.2005417,10971,4930,10,"NGVD29"
"06200000","Boulder River at Big Timber MT","MT","MT",45.8337944,-109.9387056,28354,4056.3,0.1,"NGVD29"
"06200500","Sweet Grass Creek above Melville MT","MT","MT",46.15538056,-110.08705,16041,5490,10,"NGVD29"
"06204050","West Rosebud Creek near Roscoe MT","MT","MT",45.24323889,-109.7313028,21717,6535.6,0.1,"NGVD29"
"06204500","Rosebud Creek near Absarokee MT","MT","MT",45.48659167,-109.4561306,12615,4160,10,"NGVD29"
"06205000","Stillwater River near Absarokee, MT","MT","MT",45.53674167,-109.4220556,33389,3957,4.3,"NAVD88"
"06207500","Clarks Fork Yellowstone River nr Belfry MT","MT","MT",45.0099111,-109.0653667,38179,3986.24,0.01,"NGVD29"
"06208500","Clarks Fork Yellowstone River at Edgar MT","MT","MT",45.46571389,-108.8441056,31979,3460,10,"NAVD88"
"06208500","Clarks Fork Yellowstone River at Edgar MT","MT","MT",45.46571389,-108.8441056,31979,3460,10,"NAVD88"
"06209510","Rock Creek above Maurice Creek, near Red Lodge, MT","MT","MT",45.1207783,-109.2965443,18434,6099.42,0.01,"NGVD29"
"06211000","Red Lodge Cr ab Cooney Re nr Boyd MT","MT","MT",45.43785,-109.2533111,20357,4248,1,"NGVD29"
"06211500","Willow Creek near Boyd MT","MT","MT",45.4221472,-109.2305306,20484,4260,10,"NGVD29"
"06212500","Red Lodge Cr bl Cooney Reservoir nr Boyd MT","MT","MT",45.44990278,-109.1854028,23584,4139.12,0.01,"NGVD29"
"06214500","Yellowstone River at Billings MT","MT","MT",45.8001194,-108.4680306,36053,3081.36,0.1,"NGVD29"
"06216000","Pryor Creek at Pryor MT","MT","MT",45.43467778,-108.5336528,16490,4007.35,0.01,"NGVD29"
"06287000","Bighorn R bl Yellowtail Afterbay Dam nr St. Xavier",NA,"MT",45.31690278,-107.9188889,33374,3100,1,"NGVD29"
"06289000","Little Bighorn River at State Line nr Wyola MT","MT","MT",45.0071111,-107.6154083,31732,4350,1,"NAVD88"
"06290000","Pass Creek near Wyola MT","MT","MT",45.05626389,-107.3559,17383,3920,10,"NGVD29"
"06290500","Little Bighorn R bl Pass Cr nr Wyola MT","MT","MT",45.1771333,-107.39455,23384,3600,1,"NGVD29"
"06291500","Lodge Grass Cr ab Willow Cr diversion, nr Wyola MT","MT","MT",45.12648056,-107.5998917,22830,4170,1,"NGVD29"
"06293500","Little Bighorn River nr Crow Agency MT","MT","MT",45.56833889,-107.4527694,12654,3062,10,"NAVD88"
"06294000","Little Bighorn River near Hardin MT","MT","MT",45.7356861,-107.5574694,26542,2882.29,0.01,"NGVD29"
"06294000","Little Bighorn River near Hardin MT","MT","MT",45.7356861,-107.5574694,26542,2882.29,0.01,"NGVD29"
"06294500","Bighorn River ab Tullock Cr nr Bighorn MT","MT","MT",46.1244722,-107.4687917,29500,2702.36,0.19,"NAVD88"
"06294700","Bighorn River at Bighorn MT","MT","MT",46.14708056,-107.4673472,13291,2690,10,"NGVD29"
"06295000","Yellowstone River at Forsyth MT","MT","MT",46.2666361,-106.6913028,18245,2504.62,0.01,"NGVD29"
"06295113","Rosebud C at Reservation Bndry nr Kirby MT","MT","MT",45.36116667,-106.9903556,16028,3766.55,0.31,"NAVD88"
"06295250","Rosebud Creek near Colstrip MT","MT","MT",45.76715,-106.5698583,11687,3000,1,"NGVD29"
"06296003","Rosebud Creek at mouth near Rosebud MT","MT","MT",46.26463056,-106.4752306,11869,2480,20,"NGVD29"
"06306300","Tongue River at State Line nr Decker MT","MT","MT",45.0091361,-106.8359444,23913,3431,0.23,"NAVD88"
"06307500","Tongue River at Tongue R Dam nr Decker MT","MT","MT",45.141275,-106.7713556,31676,3344.4,0.1,"NGVD29"
"06307600","Hanging Woman Creek near Birney MT","MT","MT",45.29906389,-106.5081667,12814,3150,10,"NAVD88"
"06307616","Tongue R at Birney Day School Br nr Birney MT","MT","MT",45.41160556,-106.4573528,16938,3060,1,"NAVD88"
"06307740","Otter Creek at Ashland MT","MT","MT",45.58838889,-106.2550556,12518,2916.5,0.1,"NGVD29"
"06307830","Tongue R bl Brandenberg bridge nr Ashland MT","MT","MT",45.8403861,-106.2234333,11149,2760,10,"NGVD29"
"06308500","Tongue River at Miles City, MT","MT","MT",46.3845944,-105.8455222,30657,2351.4,0.01,"NAVD88"
"06309000","Yellowstone River at Miles City, MT","MT","MT",46.4207722,-105.8600333,34896,2333.3,0.1,"NGVD29"
"06324500","Powder River at Moorhead MT","MT","MT",45.0571972,-105.8783778,34623,3350.6,5,"NGVD29"
"06326500","Powder River near Locate MT","MT","MT",46.4294361,-105.3103306,32093,2384.7,0.1,"NGVD29"
"06327500","Yellowstone River at Glendive, MT","MT","MT",47.10588889,-104.7184306,14304,2001.43,0.08,"NAVD88"
"06329500","Yellowstone River near Sidney MT","MT","MT",47.67741389,-104.1554111,41410,1882.87,0.1,"NAVD88"
"06334000","Little Missouri River near Alzada MT","MT","MT",45.07613889,-104.4096,19055,3367,1,"NGVD29"
"06336500","Beaver Creek at Wibaux MT","MT","MT",46.9899222,-104.1837667,13258,2650,10,"NGVD29"
"12301300","Tobacco River near Eureka MT","MT","MT",48.89359167,-115.0878528,21217,2518.85,0.01,"NGVD29"
"12301933","Kootenai River bl Libby Dam nr Libby MT","MT","MT",48.40066389,-115.3187194,19860,2100,1,"NGVD29"
"12302055","Fisher River near Libby MT","MT","MT",48.35560278,-115.31465,21322,2134.1,0.1,"NGVD29"
"12303000","Kootenai River at Libby MT","MT","MT",48.4002194,-115.5536444,29238,2041.54,0.01,"NGVD29"
"12303100","Flower Creek near Libby MT","MT","MT",48.34483889,-115.6065694,11723,2866,1,"NGVD29"
"12304500","Yaak River near Troy MT","MT","MT",48.5617222,-115.9701583,25550,1839,1,"NGVD29"
"12323240","Blacktail Creek at Butte MT","MT","MT",45.9946694,-112.5357139,11534,5430,20,"NAVD88"
"12323250","Silver Bow Cr bl Blacktail Cr, at Butte, MT","MT","MT",45.99916667,-112.5773222,15478,5420,20,"NAVD88"
"12323600","Silver Bow Creek at Opportunity MT","MT","MT",46.1077583,-112.8052833,13402,4912,2,"NGVD29"
"12323750","Silver Bow Creek at Warm Springs MT","MT","MT",46.1794972,-112.780561,14765,4787.95,20,"NGVD29"
"12323770","Warm Springs Creek at Warm Springs MT","MT","MT",46.180375,-112.7850778,15476,4810,10,"NAVD88"
"12323800","Clark Fork near Galen MT","MT","MT",46.20824167,-112.76735,13742,4749,20,"NGVD29"
"12324200","Clark Fork at Deer Lodge MT","MT","MT",46.39765,-112.7425389,17304,4502.2,1,"NGVD29"
"12324590","Little Blackfoot River near Garrison MT","MT","MT",46.5194833,-112.7931722,19348,4347.73,0.05,"NAVD88"
"12324680","Clark Fork at Goldcreek MT","MT","MT",46.58998889,-112.9287139,17655,4172.8,1,"NGVD29"
"12325500","Flint Creek near Southern Cross MT","MT","MT",46.23266667,-113.2998722,27404,5630,1,"NAVD88"
"12329500","Flint Creek at Maxville MT","MT","MT",46.4637583,-113.2402778,30723,4828.38,0.01,"NGVD29"
"12330000","Boulder Creek at Maxville MT","MT","MT",46.47165278,-113.2357694,31577,4750,10,"NAVD88"
"12331500","Flint Creek near Drummond MT","MT","MT",46.62872778,-113.1506917,12656,4017.27,0.01,"NGVD29"
"12331800","Clark Fork near Drummond MT","MT","MT",46.71191389,-113.3307806,12006,3810,20,"NAVD88"
"12332000","Middle Fork Rock Cr nr Philipsburg MT","MT","MT",46.1845694,-113.5015694,32121,5444.08,0.01,"NGVD29"
"12334510","Rock Creek near Clinton MT","MT","MT",46.7223361,-113.683061,19495,3519.46,0.1,"NGVD29"
"12334550","Clark Fork at Turah Bridge nr Bonner MT","MT","MT",46.8259111,-113.8140306,15111,3320,20,"NAVD88"
"12335500","Nevada Cr ab reservoir, nr Helmville, MT","MT","MT",46.77777778,-112.767786,31165,4640,1,"NAVD88"
"12340000","Blackfoot River near Bonner MT","MT","MT",46.8994111,-113.7563194,33529,3344.76,1,"NGVD29"
"12340500","Clark Fork above Missoula MT","MT","MT",46.87676389,-113.9321194,35396,3198.3,20,"NGVD29"
"12342500","West Fork Bitterroot River nr Conner MT","MT","MT",45.72482778,-114.2822944,30971,4581.4,0.1,"NGVD29"
"12344000","Bitterroot River near Darby MT","MT","MT",45.97205,-114.1412333,32462,3942.14,0.01,"NGVD29"
"12352500","Bitterroot River near Missoula MT","MT","MT",46.83173889,-114.054861,15237,3110,10,"NAVD88"
"12353000","Clark Fork below Missoula MT","MT","MT",46.8686333,-114.1277472,35200,3083.88,0.01,"NGVD29"
"12354000","St. Regis River near St. Regis, MT","MT","MT",47.2967111,-115.122625,16764,2645,10,"NGVD29"
"12354500","Clark Fork at St. Regis MT","MT","MT",47.30163889,-115.0868694,40281,2600.37,10,"NGVD29"
"12355500","N F Flathead River nr Columbia Falls MT","MT","MT",48.4957972,-114.1267639,36941,3145.59,0.1,"NGVD29"
"12358500","M F Flathead River near West Glacier MT","MT","MT",48.49551667,-114.0102083,31549,3128.72,10,"NGVD29"
"12359800","S F Flathead R ab Twin C nr Hungry Horse MT","MT","MT",47.9790972,-113.5606833,14626,3575,1,"NAVD88"
"12362500","S F Flathead River nr Columbia Falls MT","MT","MT",48.35657778,-114.0378583,37335,3040,1,"NGVD29"
"12363000","Flathead River at Columbia Falls MT","MT","MT",48.3618111,-114.18495,35537,2981.54,0.18,"NAVD88"
"12365000","Stillwater River near Whitefish MT","MT","MT",48.31905278,-114.3871583,19295,2953.26,0.01,"NGVD29"
"12366000","Whitefish River near Kalispell MT","MT","MT",48.3201861,-114.2785944,22035,2969.83,0.01,"NGVD29"
"12370000","Swan River near Bigfork, MT","MT","MT",48.02423056,-113.9788194,37911,3062.6,0.1,"NGVD29"
"12372000","Flathead River near Polson MT","MT","MT",47.6802861,-114.2467278,43146,2692.7,0.1,"NGVD29"
"12374250","Mill Cr ab Bassoo Cr nr Niarada MT","MT","MT",47.82982778,-114.6978333,13915,3000,1,"NAVD88"
"12375900","South Crow Creek near Ronan MT","MT","MT",47.4914361,-114.0266444,13886,3320,1,"NAVD88"
"12377150","Mission Creek ab reservoir nr St. Ignatius MT","MT","MT",47.32019167,-113.9878917,15843,3460,10,"NAVD88"
"12381400","South Fork Jocko River near Arlee MT","MT","MT",47.19555,-113.850736,15841,3970,1,"NAVD88"
"12383500","Big Knife Creek near Arlee MT","MT","MT",47.1472611,-113.974475,11511,3720,1,"NGVD29"
"12388700","Flathead River at Perma MT","MT","MT",47.36679167,-114.585,15478,2469.3,0.1,"NGVD29"
"12389000","Clark Fork near Plains MT","MT","MT",47.4292,-114.8565333,42141,2449.11,0.01,"NGVD29"
"12389500","Thompson River near Thompson Falls MT","MT","MT",47.5918583,-115.229536,25735,2429.97,0.01,"NGVD29"
"12390700","Prospect Creek at Thompson Falls MT","MT","MT",47.5860611,-115.3551,25522,2382.4,0.1,"NGVD29"
"12391400","Clark Fork bl Noxon Rapids Dam nr Noxon MT","MT","MT",47.9612444,-115.7335056,19844,NA,NA,NA
"12322001","KOOTENAI RIVER AT PORTHILL ID TOTAL FLOW",NA,NA,48.9999522,-116.5038223,35744,NA,NA,NA
"07199000","CANADIAN RIVER NEAR HEBRON, NM","NM","NM",36.7872491,-104.4622099,14610,6266,4.3,"NAVD88"
"07202500","EAGLE TAIL DITCH NR MAXWELL, NM","NM","NM",36.64864167,-104.5591556,20577,6107,1,"NAVD88"
"07203000","VERMEJO RIVER NEAR DAWSON, NM","NM","NM",36.68102778,-104.7863944,37761,6378,4.3,"NAVD88"
"07204000","MORENO CREEK AT EAGLE NEST, N. MEX.",NA,"NM",36.55387222,-105.2679806,16689,8197.39,20,"NGVD29"
"07204500","CIENEGUILLA CR NR EAGLE NEST, NM","NM","NM",36.48521667,-105.2653806,17057,8204,1.6,"NAVD88"
"07205000","SIXMILE CREEK NEAR EAGLE NEST, NM","NM","NM",36.518525,-105.2752472,13384,8195.16,11,"NGVD29"
"07206000","CIMARRON RIVER BELOW EAGLE NEST DAM, NM","NM","NM",36.532125,-105.2281444,27684,8080,11,"NGVD29"
"07206500","CIMARRON RIVER AT UTE PARK, NM","NM","NM",36.55836729,-105.0894486,11049,7400,20,"NGVD29"
"07207000","CIMARRON RIVER NEAR CIMARRON, NM","NM","NM",36.5198333,-104.9786111,27646,6602.93,0.12,"NAVD88"
"07207500","PONIL CREEK NEAR CIMARRON, NM","NM","NM",36.57369444,-104.9468056,31481,6630,11,"NGVD29"
"07208500","RAYADO CREEK NEAR CIMARRON, NM","NM","NM",36.37234444,-104.9692889,36466,6720,11,"NGVD29"
"07211000","CIMARRON RIVER AT SPRINGER, NM","NM","NM",36.3603112,-104.5986002,29035,5770,11,"NGVD29"
"07211500","CANADIAN RIVER NEAR TAYLOR SPRINGS, NM","NM","NM",36.29756944,-104.4954722,29478,5638.01,0.15,"NAVD88"
"07215500","MORA RIVER AT LA CUEVA, NM","NM","NM",35.94511667,-105.2557333,36538,7012.7,0.12,"NAVD88"
"07216500","MORA RIVER NEAR GOLONDRINAS, NM","NM","NM",35.8908722,-105.1636194,37960,6750,11,"NGVD29"
"07218000","COYOTE CREEK NEAR GOLONDRINAS, NM","NM","NM",35.9165222,-105.1640833,35122,6785.22,0.14,"NAVD88"
"07221000","MORA RIVER NR SHOEMAKER, NM","NM","NM",35.8003243,-104.7833122,27150,6145,11,"NGVD29"
"07221500","CANADIAN RIVER NEAR SANCHEZ, NM","NM","NM",35.6548333,-104.3786111,33137,4423.3,0.12,"NAVD88"
"07222500","CONCHAS RIVER AT VARIADERO, NM","NM","NM",35.40282567,-104.4435938,21914,4430,11,"NGVD29"
"07224500","CANADIAN RIVER BELOW CONCHAS DAM, NM","NM","NM",35.4089371,-104.1699758,12205,4021.9,11,"NGVD29"
"08247500","SAN ANTONIO RIVER AT ORTIZ, CO","CO","NM",36.99306944,-106.0386325,34532,7970,15,"NGVD29"
"08248000","LOS PINOS RIVER NEAR ORTIZ, CO","CO","NM",36.9822359,-106.0736334,38809,8040,15,"NGVD29"
"08252500","COSTILLA CREEK ABOVE COSTILLA DAM, NM","NM","NM",36.8983611,-105.2546667,14843,9454,11,"NGVD29"
"08253000","CASIAS CREEK NEAR COSTILLA, NM","NM","NM",36.89685556,-105.2604583,14875,9437,11,"NGVD29"
"08253500","SANTISTEVAN CREEK NEAR COSTILLA, NM","NM","NM",36.88416667,-105.2811111,15026,9520,11,"NGVD29"
"08254000","COSTILLA CREEK BELOW COSTILLA DAM, NM","NM","NM",36.87280556,-105.2836667,23886,9300,11,"NGVD29"
"08255500","COSTILLA CREEK NEAR COSTILLA, NM","NM","NM",36.9668611,-105.5071111,31895,7936,11,"NGVD29"
"08261000","COSTILLA CREEK NEAR GARCIA, CO","CO","NM",36.98902778,-105.5324583,11322,7821,11,"NGVD29"
"08263500","RIO GRANDE NEAR CERRO, NM","NM","NM",36.74001667,-105.6834417,27895,7110,20,"NGVD29"
"08265000","RED RIVER NEAR QUESTA, NM","NM","NM",36.70331111,-105.5684306,35414,7456.4,0.1,"NAVD88"
"08266000","CABRESTO CREEK NEAR QUESTA, NM","NM","NM",36.73058216,-105.5538944,19358,7845,11,"NGVD29"
"08266820","RED RIVER BELOW FISH HATCHERY, NEAR QUESTA, NM","NM","NM",36.68283889,-105.6541222,17357,7073.84,0.1,"NAVD88"
"08267500","RIO HONDO NEAR VALDEZ, NM","NM","NM",36.5417972,-105.5565222,33372,7650,100,"NGVD29"
"08268500","ARROYO HONDO AT ARROYO HONDO, NM","NM","NM",36.53224505,-105.6855672,25322,6670,11,"NGVD29"
"08268700","RIO GRANDE NEAR ARROYO HONDO, NM","NM","NM",36.53446658,-105.710012,13099,6470,11,"NGVD29"
"08269000","RIO PUEBLO DE TAOS NEAR TAOS, NM","NM","NM",36.44126944,-105.51065,28071,7380,11,"NGVD29"
"08271000","RIO LUCERO NEAR ARROYO SECO, NM","NM","NM",36.50828889,-105.5309639,30297,8051.44,11,"NGVD29"
"08275500","RIO GRANDE DEL RANCHO NEAR TALPA, NM","NM","NM",36.29946944,-105.5826,25705,7240,11,"NGVD29"
"08276000","RIO PUEBLO DE TAOS AT LOS CORDOVAS, NM","NM","NM",36.3889138,-105.6339012,19967,6709.59,11,"NGVD29"
"08276300","RIO PUEBLO DE TAOS BELOW LOS CORDOVAS, NM","NM","NM",36.3793333,-105.6678333,25157,6650,20,"NGVD29"
"08276500","RIO GRANDE BLW TAOS JUNCTION BRIDGE NEAR TAOS, NM","NM","NM",36.3200333,-105.7544444,36662,6050.3,11,"NGVD29"
"08277470","RIO PUEBLO NR PENASCO, NM","NM","NM",36.16846667,-105.6027889,12495,7760,20,"NGVD29"
"08279000","EMBUDO CREEK AT DIXON, NM","NM","NM",36.21085556,-105.9136306,33881,5858.6,100,"NGVD29"
"08279500","RIO GRANDE AT EMBUDO, NM","NM","NM",36.20555556,-105.9639722,46794,5789.14,11,"NGVD29"
"08284100","RIO CHAMA NEAR LA PUENTE, NM","NM","NM",36.6626583,-106.6333667,25705,7083,20,"NGVD29"
"08284160","AZOTEA TUNNEL AT OUTLET NEAR CHAMA, NM","NM","NM",36.8533464,-106.672259,13604,7519.87,11,"NGVD29"
"08284200","WILLOW C AB HERON RE NR LOS OJOS, NM","NM","NM",36.74251407,-106.6267031,16832,7196.29,11,"NGVD29"
"08284300","HORSE LAKE C AB HERON RE NR LOS OJOS, NM","NM","NM",36.70668056,-106.7455944,11940,7187.01,11,"NGVD29"
"08285500","RIO CHAMA BELOW EL VADO DAM, NM","NM","NM",36.5803833,-106.7247667,32981,6696.12,11,"NGVD29"
"08286500","RIO CHAMA ABOVE ABIQUIU RESERVOIR, NM","NM","NM",36.3188222,-106.5995306,23013,6280,11,"NGVD29"
"08287000","RIO CHAMA BELOW ABIQUIU DAM, NM","NM","NM",36.2372222,-106.4174167,23481,6042.69,0.1,"NAVD88"
"08289000","RIO OJO CALIENTE AT LA MADERA, NM","NM","NM",36.34974167,-106.0441861,34105,6362.4,0.1,"NAVD88"
"08290000","RIO CHAMA NEAR CHAMITA, NM","NM","NM",36.07355556,-106.1116944,37700,5657.05,0.15,"NAVD88"
"08291000","SANTA CRUZ RIVER NEAR CUNDIYO, NM","NM","NM",35.9647222,-105.9047222,34078,6460,11,"NGVD29"
"08294210","RIO NAMBE BELOW NAMBE FALLS DAM NEAR NAMBE, NM","NM","NM",35.8461111,-105.9097222,17120,6540,1.6,"NAVD88"
"08302500","TESUQUE CREEK ABOVE DIVERSIONS NEAR SANTA FE, NM","NM","NM",35.73955556,-105.9049528,16025,7112,12,"NGVD29"
"08313000","RIO GRANDE AT OTOWI BRIDGE, NM","NM","NM",35.8745,-106.1424444,45122,5491.66,0.13,"NAVD88"
"08313500","COCHITI EAST SIDE MAIN CANAL AT COCHITI, NM","NM","NM",35.617,-106.3241667,21758,5237.02,0.1,"NAVD88"
"08314000","SILE MAIN CANAL (AT HEAD) AT COCHITI, NM","NM","NM",35.6195,-106.3246944,22811,5246.09,0.13,"NAVD88"
"08314500","RIO GRANDE AT COCHITI, NM","NM","NM",35.63225275,-106.3194706,16223,5224.7,11,"NGVD29"
"08316000","SANTA FE RIVER NEAR SANTA FE, NM","NM","NM",35.68644444,-105.8436111,40945,7720,11,"NGVD29"
"08317200","SANTA FE RIVER ABOVE COCHITI LAKE, NM","NM","NM",35.5472222,-106.2288889,17474,5512.57,0.14,"NAVD88"
"08317400","RIO GRANDE BELOW COCHITI DAM, NM","NM","NM",35.618,-106.3239444,20226,5229.01,0.07,"NAVD88"
"08317950","GALISTEO CREEK BELOW GALISTEO DAM, NM","NM","NM",35.46465278,-106.2133889,20420,5458.24,0.1,"NAVD88"
"08319000","RIO GRANDE AT SAN FELIPE, NM","NM","NM",35.4445833,-106.4398333,34968,5115.73,20,"NGVD29"
"08321500","JEMEZ R BL EAST FORK NR JEMEZ SPRINGS, NM","NM","NM",35.82752335,-106.6480908,11211,6702.7,11,"NGVD29"
"08323000","RIO GUADALUPE AT BOX CANYON NEAR JEMEZ, NM","NM","NM",35.7311362,-106.7628146,13231,6015.5,0.1,"NGVD29"
"08324000","JEMEZ RIVER NEAR JEMEZ, NM","NM","NM",35.6619833,-106.7434389,27823,5622,20,"NGVD29"
"08329000","JEMEZ RIVER BELOW JEMEZ CANYON DAM, NM","NM","NM",35.39041667,-106.5346111,24836,5095.6,11,"NGVD29"
"08329700","CAMPUS WASH AT ALBUQUERQUE, NM","NM","NM",35.09388889,-106.6236111,12840,5104.1,0.08,"NAVD88"
"08329900","NORTH FLOODWAY CHANNEL NEAR ALAMEDA, NM","NM","NM",35.19805556,-106.5997222,13956,5018.53,0.13,"NAVD88"
"08330000","RIO GRANDE AT ALBUQUERQUE, NM","NM","NM",35.08916667,-106.6806944,22052,4948.92,0.12,"NAVD88"
"08330600","TIJERAS ARROYO NR ALBUQUERQUE, NM","NM","NM",35.00194444,-106.6575,12692,4950.54,0.08,"NAVD88"
"08330775","SOUTH DIV CHANNEL ABV TIJERAS ARROYO NR ALBQ., NM","NM","NM",35.00277778,-106.6572222,12070,4951.78,0.1,"NAVD88"
"08331990","RIO GRANDE CONVEYANCE CHANNEL NEAR BERNARDO, NM","NM","NM",34.41450916,-106.8036366,18992,4720,20,"NGVD29"
"08332010","RIO GRANDE FLOODWAY NEAR BERNARDO, NM","NM","NM",34.41701204,-106.8005832,22659,4711.04,0.11,"NAVD88"
"08332050","BERNARDO INTERIOR DRAIN NR BERNARDO, NM","NM","NM",34.41562016,-106.821415,18535,NA,NA,NA
"08334000","RIO PUERCO ABV ARROYO CHICO NR GUADALUPE, NM","NM","NM",35.60088889,-107.1666111,25308,5950,20,"NGVD29"
"08340500","ARROYO CHICO NR GUADALUPE, NM","NM","NM",35.59225,-107.1894444,21084,5921,11,"NGVD29"
"08343000","RIO SAN JOSE AT GRANTS, NM","NM","NM",35.15449,-107.8703413,24958,6468.34,11,"NGVD29"
"08343100","GRANTS CANYON AT GRANTS, NM","NM","NM",35.16087089,-107.8381131,11959,6450,11,"NGVD29"
"08343500","RIO SAN JOSE AT ACOMA PUEBLO, NM","NM","NM",35.0744111,-107.7511139,29636,6272.8,0.11,"NAVD88"
"08351500","RIO SAN JOSE AT CORREO, NM","NM","NM",34.9681024,-107.1869837,18810,5474.88,11,"NGVD29"
"08352500","RIO PUERCO AT RIO PUERCO, NM","NM","NM",34.79394299,-106.9894774,15647,5008.59,11,"NGVD29"
"08353000","RIO PUERCO NEAR BERNARDO, NM","NM","NM",34.41027778,-106.8544444,31049,4721.92,0.1,"NAVD88"
"08354000","RIO SALADO NEAR SAN ACACIA, NM","NM","NM",34.29728834,-106.900306,13514,4765,11,"NGVD29"
"08354500","SOCORRO MAIN CANAL NORTH AT SAN ACACIA, NM","NM","NM",34.25479318,-106.8958626,24653,4660.16,10,"NGVD29"
"08354800","RIO GRANDE CONVEYANCE CHANNEL AT SAN ACACIA, NM","NM","NM",34.2484002,-106.9016949,16801,4652.5,0.1,"NGVD29"
"08354900","RIO GRANDE FLOODWAY AT SAN ACACIA, NM","NM","NM",34.25638889,-106.8908333,24596,4643.06,0.17,"NAVD88"
"08358300","RIO GRANDE CONVEYANCE CHANNEL AT SAN MARCIAL, NM","NM","NM",33.68766667,-106.9926111,26080,4455.58,0.16,"NAVD88"
"08358400","RIO GRANDE FLOODWAY AT SAN MARCIAL, NM","NM","NM",33.6790833,-106.997,27895,4456.61,0.15,"NAVD88"
"08358500","RIO GRANDE AT SAN MARCIAL, NM","NM","NM",33.68062227,-106.9922533,20721,4455.19,11,"NGVD29"
"08361000","RIO GRANDE BELOW ELEPHANT BUTTE DAM, NM","NM","NM",33.1485111,-107.2067833,39949,4243.22,0.11,"NAVD88"
"08362500","RIO GRANDE BLW CABALLO DAM, NM","NM","NM",32.8849111,-107.2926972,27758,4140.9,11,"NGVD29"
"08377900","RIO MORA NEAR TERRERO, NM","NM","NM",35.77711389,-105.6580278,22783,7890,20,"NGVD29"
"08378500","PECOS RIVER NEAR PECOS, NM","NM","NM",35.70835,-105.6827028,36145,7502.94,11,"NGVD29"
"08379500","PECOS RIVER NEAR ANTON CHICO, NM","NM","NM",35.17866944,-105.1088028,37050,5130,20,"NGVD29"
"08380500","GALLINAS CREEK NEAR MONTEZUMA, NM","NM","NM",35.65199444,-105.3188306,36326,6880,11,"NGVD29"
"08381000","GALLINAS CREEK AT MONTEZUMA, NM","NM","NM",35.65420926,-105.2755655,22090,6675,11,"NGVD29"
"08382500","GALLINAS R NR COLONIAS, NM","NM","NM",35.1819611,-104.9002667,27439,4940,11,"NGVD29"
"08382600","PECOS R ABV CANON DEL UTA NR COLONIAS, NM","NM","NM",35.09138889,-104.8005556,18307,4800,10,"NGVD29"
"08382650","PECOS RIVER ABOVE SANTA ROSA LAKE, NM","NM","NM",35.05944444,-104.7611111,18250,4759.97,0.1,"NAVD88"
"08382830","PECOS RIVER BELOW SANTA ROSA DAM, NM","NM","NM",35.02416667,-104.6888889,16831,4640,20,"NGVD29"
"08383000","PECOS RIVER AT SANTA ROSA, NM","NM","NM",34.9433921,-104.6991562,24287,4537.56,0.1,"NGVD29"
"08383500","PECOS RIVER NEAR PUERTO DE LUNA, NM","NM","NM",34.7300833,-104.5249111,32067,4311.34,20,"NGVD29"
"08384500","PECOS RIVER BELOW SUMNER DAM, NM","NM","NM",34.60405556,-104.3879167,40220,4145.27,0.12,"NAVD88"
"08385000","FORT SUMNER MAIN CANAL NEAR FORT SUMNER, NM","NM","NM",34.50827778,-104.2783611,27568,4036.1,0.11,"NAVD88"
"08385522","PECOS RIVER BELOW TAIBAN CREEK NEAR FORT SUMNER,NM",NA,"NM",34.3322222,-104.1811111,11874,3907.13,0.12,"NAVD88"
"08385630","PECOS RIVER NEAR DUNLAP, NM","NM","NM",34.0633333,-104.3066667,11048,3750.78,0.11,"NAVD88"
"08386000","PECOS RIVER NEAR ACME, NM","NM","NM",33.57185556,-104.3736028,32369,3512.88,0.1,"NAVD88"
"08387000","RIO RUIDOSO AT HOLLYWOOD, NM","NM","NM",33.32669167,-105.6253333,26435,6421.78,0.16,"NAVD88"
"08387600","EAGLE CREEK BELOW SOUTH FORK NEAR ALTO, NM","NM","NM",33.39285278,-105.7233444,17437,7600,11,"NGVD29"
"08390500","RIO HONDO AT DIAMOND A RANCH NR ROSWELL, NM","NM","NM",33.34916667,-104.8516667,31549,4187.24,0.11,"NAVD88"
"08390800","RIO HONDO BLW DIAMOND A DAM NR ROSWELL, NM","NM","NM",33.29986944,-104.721675,22783,3951.42,0.13,"NAVD88"
"08394500","RIO FELIX AT OLD HWY BRD NR HAGERMAN, NM","NM","NM",33.1251075,-104.3449634,18514,3413.85,0.12,"NAVD88"
"08395500","PECOS RIVER NEAR LAKE ARTHUR, NM","NM","NM",32.98863056,-104.3239556,31947,3328.68,0.14,"NAVD88"
"08396000","COTTONWOOD CREEK NEAR LAKE ARTHUR, NM","NM","NM",32.91538919,-104.3671843,11873,3316.3,11,"NGVD29"
"08396500","PECOS RIVER NEAR ARTESIA, NM","NM","NM",32.8408611,-104.3238333,43936,3293.52,0.12,"NAVD88"
"08398500","RIO PENASCO AT DAYTON, NM","NM","NM",32.7434472,-104.4141306,27253,3387.04,0.09,"NAVD88"
"08399500","PECOS RIVER (KAISER CHANNEL) NEAR LAKEWOOD, NM","NM","NM",32.689375,-104.2992194,27649,3257.26,0.12,"NAVD88"
"08400000","FOURMILE DRAW NR LAKEWOOD, NM","NM","NM",32.67268889,-104.3689694,27055,3305,1.6,"NAVD88"
"08401000","PECOS RIVER BELOW MCMILLAN DAM, NM","NM","NM",32.59455946,-104.350236,16913,3238.21,11,"NGVD29"
"08401200","SOUTH SEVEN RIVERS NR LAKEWOOD, NM","NM","NM",32.5886111,-104.4213889,22032,3276.98,0.14,"NAVD88"
"08401500","PECOS RIVER BELOW BRANTLEY DAM NEAR CARLSBAD, NM","NM","NM",32.54318889,-104.3711,19696,3192.76,0.11,"NAVD88"
"08401900","ROCKY ARROYO AT HWY BRD NR CARLSBAD, NM","NM","NM",32.50608056,-104.3749889,22783,3249.16,0.16,"NAVD88"
"08402000","PECOS R AT DAMSITE 3 NR CARLSBAD, NM","NM","NM",32.51122778,-104.3332889,30250,3172.83,0.11,"NAVD88"
"08403500","CARLSBAD MAIN CANAL AT HEAD NEAR CARLSBAD, NM","NM","NM",32.49039444,-104.2527278,31489,3141.5,0.07,"NAVD88"
"08404000","PECOS RIVER BELOW AVALON DAM, NM","NM","NM",32.48085556,-104.2629806,27288,3113.47,0.11,"NAVD88"
"08405000","PECOS RIVER AT CARLSBAD, NM","NM","NM",32.41122927,-104.217448,19600,3080.28,0.1,"NGVD29"
"08405150","DARK CANYON AT CARLSBAD, NM","NM","NM",32.40333333,-104.2294444,19403,3089.75,0.09,"NAVD88"
"08405200","PECOS RIVER BELOW DARK CANYON AT CARLSBAD, NM","NM","NM",32.409275,-104.2149722,20499,3074.79,0.11,"NAVD88"
"08405500","BLACK RIVER ABOVE MALAGA, NM","NM","NM",32.22908889,-104.1518528,28900,3071.17,0.1,"NAVD88"
"08406500","PECOS RIVER NEAR MALAGA, NM","NM","NM",32.20754167,-104.023875,36510,2895.87,0.1,"NAVD88"
"08407500","PECOS RIVER AT RED BLUFF, NM","NM","NM",32.07519167,-104.0394361,32279,2851.64,0.05,"NAVD88"
"08408500","DELAWARE RIVER NR RED BLUFF, NM","NM","NM",32.02314167,-104.0544556,32270,2902.06,0.14,"NAVD88"
"08477000","MIMBRES RIVER NEAR MIMBRES, NM","NM","NM",32.8745191,-107.985317,16801,5972,1,"NGVD29"
"08477110","MIMBRES RIVER AT MIMBRES, NM","NM","NM",32.854675,-107.9737889,16381,5898.57,0.2,"NAVD88"
"08481500","TULAROSA CREEK NEAR BENT, NM","NM","NM",33.14488889,-105.8979028,26503,5450.36,0.51,"NAVD88"
"09355500","SAN JUAN RIVER NEAR ARCHULETA, NM","NM","NM",36.80188889,-107.6986389,26008,5657.65,0.13,"NAVD88"
"09364500","ANIMAS RIVER AT FARMINGTON, NM","NM","NM",36.7225,-108.20175,37368,5272.63,0.11,"NAVD88"
"09365000","SAN JUAN RIVER AT FARMINGTON, NM","NM","NM",36.72301667,-108.2255889,33926,5233.61,0.14,"NAVD88"
"09367500","LA PLATA RIVER NEAR FARMINGTON, NM","NM","NM",36.737575,-108.2503361,30606,5212.3,0.1,"NAVD88"
"09368000","SAN JUAN RIVER AT SHIPROCK, NM","NM","NM",36.77666667,-108.6830556,33374,4890,10,"NGVD29"
"09386900","RIO NUTRIA NEAR RAMAH, NM","NM","NM",35.28255278,-108.552975,20590,6860,20,"NGVD29"
"09386950","ZUNI RIVER ABV BLACK ROCK RESERVOIR, NM","NM","NM",35.10027778,-108.7516667,20591,6480,11,"NGVD29"
"09430500","GILA RIVER NEAR GILA, NM","NM","NM",33.06150278,-108.5373861,35535,4654.8,10,"NGVD29"
"09430600","MOGOLLON CREEK NEAR CLIFF, NM","NM","NM",33.16666667,-108.6497222,21544,5410.03,0.1,"NAVD88"
"09431500","GILA RIVER NEAR REDROCK, NM","NM","NM",32.72694444,-108.6755556,31547,4090,10,"NGVD29"
"09432000","GILA RIVER BELOW BLUE CREEK, NEAR VIRDEN, NM","NM","NM",32.64630833,-108.8468472,35506,3877.27,0.24,"NAVD88"
"09442680","SAN FRANCISCO RIVER NEAR RESERVE, NM","NM","NM",33.73671944,-108.771175,21611,5820,11,"NGVD29"
"09442692","TULAROSA RIVER ABOVE ARAGON, NM","NM","NM",33.89144118,-108.5156166,11050,6750,11,"NGVD29"
"09444000","SAN FRANCISCO RIVER NEAR GLENWOOD, NM","NM","NM",33.24716667,-108.88,35930,4553.81,0.11,"NAVD88"
"09415900","MUDDY SPGS AT LDS FARM NR MOAPA, NV","NV","NV",36.72163699,-114.7155502,14166,1770,20,"NGVD29"
"09415910","PEDERSON SPGS NR MOAPA, NV","NV","NV",36.70958056,-114.7159722,13760,1810.99,0.08,"NAVD88"
"09415920","WARM SPGS W NR MOAPA, NV","NV","NV",36.7111833,-114.7136639,14167,1771,1,"NAVD88"
"09416000","MUDDY RV NR MOAPA, NV","NV","NV",36.7110817,-114.6952715,31427,1710,1,"NGVD29"
"09417500","MEADOW VALLEY WASH AT EAGLE CYN NR URSINE, NV","NV","NV",38.0041285,-114.206927,11224,5653.91,0.05,"NAVD88"
"09418500","MEADOW VALLEY WASH NR CALIENTE, NV","NV","NV",37.55837778,-114.5630556,25418,4200,5,"NGVD29"
"09419000","MUDDY RV NR GLENDALE, NV","NV","NV",36.64302844,-114.5397075,27509,1463.76,0.06,"NAVD88"
"09419550","ROGERS SPNG NR OVERTON BEACH, NV","NV","NV",36.3765833,-114.4435833,14808,1565,16,"NGVD29"
"09419610","LEE CYN NR CHARLESTON PARK, NV","NV","NV",36.34030278,-115.652225,11323,7820,16,"NGVD29"
"09419625","CORN CK SPGS AT NATIONAL FISH & WILDLIFE HDQRS, NV","NV","NV",36.43884444,-115.3581194,13993,2927.49,0.08,"NAVD88"
"09419659","SLOAN CHANNEL TRIB AT LAS VEGAS BLVD NR N LV","LV","NV",36.22864167,-115.0742806,11845,1839.96,0.06,"NAVD88"
"09419665","SLOAN CHANNEL AT CHARLESTON BLVD NR LAS VEGAS, NV","NV","NV",36.1597028,-115.045273,13476,1710.72,0.07,"NAVD88"
"09419679","LAS VEGAS WASTEWAY NR E LAS VEGAS, NV","NV","NV",36.10805,-115.0219944,16531,1636.87,0.3,"NAVD88"
"09419740","C-1 CHANNEL NR WARM SPGS RD AT HENDERSON, NV","NV","NV",36.044699,-114.9591584,12685,1852.27,0.06,"NAVD88"
"09419753","LV WASH ABV THREE KIDS WASH BLW HENDERSON, NV","NV","NV",36.100375,-114.9433194,11463,1401.87,0.3,"NAVD88"
"09419756","LAS VEGAS WASH OVERFLOW AT LAKE LAS VEGAS INLET",NA,"NV",36.10247588,-114.934437,12556,1392.12,0.05,"NAVD88"
"09419800","LV WASH BLW LAKE LAS VEGAS NR BOULDER CITY, NV","NV","NV",36.12219816,-114.904992,14170,1249.45,0.05,"NAVD88"
"09421500","COLORADO RV BLW HOOVER DAM, AZ-NV",NA,"NV",36.01525847,-114.7385936,33549,675.49,33,"NGVD29"
"09423000","COLORADO RIVER BELOW DAVIS DAM, AZ-NV",NA,"NV",35.19166556,-114.5721876,28785,490,20,"NGVD29"
"10243260","LEHMAN CK NR BAKER, NV","NV","NV",39.0116129,-114.2144392,13359,6687.97,0.06,"NAVD88"
"10243700","CLEVE CK NR ELY, NV","NV","NV",39.21657778,-114.5296389,20567,6191.76,0.05,"NAVD88"
"10244950","STEPTOE CK NR ELY, NV","NV","NV",39.20153889,-114.689161,21809,7360.92,0.05,"NAVD88"
"10249280","KINGSTON CK BLW COUGAR CYN NR AUSTIN, NV","NV","NV",39.2124291,-117.1134216,21374,6449.44,0.06,"NAVD88"
"10249300","S TWIN RV NR ROUND MOUNTAIN, NV","NV","NV",38.8874302,-117.2453673,22109,6400,40,"NGVD29"
"10293500","E WALKER RV ABV STROSNIDER DITCH NR MASON, NV","NV","NV",38.81371389,-119.0479917,25712,4574.1,0.01,"NGVD29"
"10297500","W WALKER RV AT HOYE BRG NR WELLINGTON, NV","NV","NV",38.72806389,-119.427861,29390,4980,0.01,"NGVD29"
"10300000","W WALKER RV NR HUDSON, NV","NV","NV",38.8096366,-119.227377,29361,4650,0.01,"NGVD29"
"10301500","WALKER RV NR WABUSKA, NV","NV","NV",39.1524611,-119.0988889,38210,4300,20,"NGVD29"
"10301600","WALKER RV ABV WEBER RES NR SCHURZ, NV","NV","NV",39.1032533,-118.929317,13517,4215,0.01,"NGVD29"
"10301742","CANAL NO 2 ABV LITTLE DAM NR SCHURZ, NV","NV","NV",39.0140869,-118.8609803,11119,4160,10,"NGVD29"
"10301755","CANAL NO 1 BLW LITTLE DAM NR SCHURZ, NV","NV","NV",39.01242024,-118.861258,11109,4160,10,"NGVD29"
"10302002","WALKER RV AT LATERAL 2-A SIPHON NR SCHURZ, NV","NV","NV",38.94019785,-118.8037557,11460,4105,10,"NGVD29"
"10308800","BRYANT CK NR GARDNERVILLE, NV","NV","NV",38.79379494,-119.672673,12615,5445.91,0.01,"NGVD29"
"10309000","E FK CARSON RV NR GARDNERVILLE, NV","NV","NV",38.84519444,-119.7060833,38222,5036,20,"NAVD88"
"10310400","DAGGETT CK NR GENOA, NV","NV","NV",38.9645,-119.8493194,20136,5100,20,"NGVD29"
"10310500","CLEAR CK NR CARSON CITY, NV","NV","NV",39.11324216,-119.7982365,18869,5000,20,"NGVD29"
"10311000","CARSON RV NR CARSON CITY, NV","NV","NV",39.10768747,-119.7132334,31691,4620.48,0.01,"NGVD29"
"10311100","KINGS CYN CK NR CARSON CITY, NV","NV","NV",39.15379796,-119.8079599,18155,5180,20,"NGVD29"
"10311200","ASH CYN CK NR CARSON CITY, NV","NV","NV",39.17629816,-119.805738,18126,5080,10,"NGVD29"
"10311300","EAGLE VALLEY CK AT CARSON CITY, NV","NV","NV",39.165275,-119.722225,15020,4620,10,"NGVD29"
"10311400","CARSON RV AT DEER RUN RD NR CARSON CITY, NV","NV","NV",39.18137778,-119.6948694,15338,4576.32,0.05,"NAVD88"
"10312000","CARSON RV NR FORT CHURCHILL, NV","NV","NV",39.29166667,-119.311111,41947,4180,5,"NGVD29"
"10312150","CARSON RV BLW LAHONTAN RESERVOIR NR FALLON, NV","NV","NV",39.4639361,-119.0462583,21687,4040,10,"NGVD29"
"10312275","CARSON RV AT TARZYN RD NR FALLON, NV","NV","NV",39.55880594,-118.7259842,14903,3920,20,"NGVD29"
"10315500","MARYS RV ABV HOT SPGS CK NR DEETH, NV","NV","NV",41.2526961,-115.2564468,29723,5504,20,"NGVD29"
"10316500","LAMOILLE CK NR LAMOILLE, NV","NV","NV",40.69076057,-115.477003,33041,6240,40,"NGVD29"
"10317500","N FK HUMBOLDT RV AT DEVILS GATE NR HALLECK, NV","NV","NV",41.17875278,-115.492575,25919,5370,0.01,"NGVD29"
"10318500","HUMBOLDT RV NR ELKO, NV","NV","NV",40.93655556,-115.6241667,32370,5142.32,0.2,"NGVD29"
"10319900","S FK HUMBOLDT RV ABV TENMILE CK NR ELKO, NV","NV","NV",40.6274972,-115.7305222,13527,5275,25,"NGVD29"
"10320000","S FK HUMBOLDT RV ABV DIXIE CK NR ELKO, NV","NV","NV",40.6849236,-115.8134002,26148,5140,0.01,"NGVD29"
"10320500","S FK HUMBOLDT RV NR ELKO, NV","NV","NV",40.72353367,-115.8300682,25534,5100,0.01,"NGVD29"
"10321000","HUMBOLDT RV NR CARLIN, NV","NV","NV",40.72769715,-116.009242,30088,4935.6,0.4,"NAVD88"
"10321590","SUSIE CK AT CARLIN, NV","NV","NV",40.72602928,-116.0778547,12344,4910.6,0.4,"NAVD88"
"10321950","MAGGIE CK AT MAGGIE CR CYN NR CARLIN, NV","NV","NV",40.80324824,-116.2000813,13294,5095,10,"NGVD29"
"10322000","MAGGIE CK AT CARLIN, NV","NV","NV",40.71624444,-116.093575,16072,4896.9,0.4,"NAVD88"
"10322150","MARYS CK AT CARLIN, NV","NV","NV",40.710473,-116.1259112,13226,4912,0.4,"NAVD88"
"10322500","HUMBOLDT RV AT PALISADE, NV","NV","NV",40.60741747,-116.2017444,43304,4829.2,0.4,"NAVD88"
"10323425","HUMBOLDT RV AT OLD US 40 BRG AT DUNPHY, NV","NV","NV",40.7054675,-116.5309216,12785,4619.9,0.4,"NAVD88"
"10323500","HUMBOLDT RV NR ARGENTA, NV","NV","NV",40.67907858,-116.6467582,13363,4580,0.01,"NGVD29"
"10324500","ROCK CK NR BATTLE MOUNTAIN, NV","NV","NV",40.83040556,-116.5883417,31514,4665.9,0.4,"NAVD88"
"10325000","HUMBOLDT RV AT BATTLE MOUNTAIN, NV","NV","NV",40.6676885,-116.9312118,27526,4492.9,0.4,"NAVD88"
"10327500","HUMBOLDT RV AT COMUS, NV","NV","NV",40.99212549,-117.3176168,40794,4363.3,0.4,"NAVD88"
"10329000","L HUMBOLDT RV NR PARADISE VALLEY, NV","NV","NV",41.4158222,-117.373511,32219,4464.4,0.4,"NAVD88"
"10329500","MARTIN CK NR PARADISE VALLEY, NV","NV","NV",41.5346175,-117.4179047,38123,4648.9,0.4,"NAVD88"
"10332500","H L I L AND P CO FEEDER CANAL NR IMLAY, NV","NV","NV",40.66817778,-118.1998944,10958,4170,0.01,"NGVD29"
"10333000","HUMBOLDT RV NR IMLAY, NV","NV","NV",40.6924048,-118.204312,31919,4133.2,0.4,"NAVD88"
"10335000","HUMBOLDT RV NR RYE PATCH, NV","NV","NV",40.4674063,-118.3076469,42110,4067.7,0.4,"NAVD88"
"10336698","THIRD CK NR CRYSTAL BAY, NV","NV","NV",39.24046325,-119.9465774,19369,6237.59,0.26,"NAVD88"
"10336700","INCLINE CK NR CRYSTAL BAY, NV","NV","NV",39.2401855,-119.9449106,15742,6251,0.16,"NAVD88"
"10336715","MARLETTE CK NR CARSON CITY, NV","NV","NV",39.17213045,-119.907963,18724,7760,0.01,"NGVD29"
"10336730","GLENBROOK CK AT GLENBROOK, NV","NV","NV",39.08740806,-119.9399057,15414,6240,20,"NGVD29"
"10347460","TRUCKEE RV NR MOGUL, NV","NV","NV",39.50713218,-119.931864,11683,4691,4.3,"NAVD88"
"10347600","HUNTER CK NR RENO, NV","NV","NV",39.4951111,-119.8945,13650,4880,20,"NGVD29"
"10348000","TRUCKEE RV AT RENO, NV","NV","NV",39.53018865,-119.7954684,37440,4448.04,0.05,"NAVD88"
"10348200","TRUCKEE RV NR SPARKS, NV","NV","NV",39.51761667,-119.7416444,17833,4386.03,0.07,"NAVD88"
"10348460","FRANKTOWN CK NR CARSON CITY, NV","NV","NV",39.20227778,-119.8710833,17570,7470,10,"NGVD29"
"10348850","GALENA CK AT GALENA CK STATE PARK, NV","NV","NV",39.35435414,-119.8585225,12917,6320,0.01,"NGVD29"
"10348900","GALENA CK NR STEAMBOAT, NV","NV","NV",39.36185,-119.8267444,12053,5592,1,"NGVD29"
"10349300","STEAMBOAT CK AT STEAMBOAT, NV","NV","NV",39.3771333,-119.7436583,23513,4600,0.01,"NGVD29"
"10349980","STEAMBOAT CK AT CLEANWATER WAY NR RENO, NV","NV","NV",39.5129672,-119.712409,16989,4375,5,"NGVD29"
"10350000","TRUCKEE RV AT VISTA, NV","NV","NV",39.5204672,-119.7010198,36067,4371.16,0.1,"NAVD88"
"10351300","TRUCKEE CANAL NR WADSWORTH, NV","NV","NV",39.6126902,-119.2971146,21129,4200,20,"NGVD29"
"10351400","TRUCKEE CANAL NR HAZEN, NV","NV","NV",39.5038035,-119.0451614,21686,4166.53,1,"NGVD29"
"10351600","TRUCKEE RV BLW DERBY DAM NR WADSWORTH, NV","NV","NV",39.58463448,-119.4412872,39400,4185.53,0.05,"NAVD88"
"10351650","TRUCKEE RV AT WADSWORTH, NV","NV","NV",39.63213447,-119.2832254,19678,4039,10,"NGVD29"
"10351700","TRUCKEE RV NR NIXON, NV","NV","NV",39.7773722,-119.3375222,24974,3940,20,"NGVD29"
"10352500","MCDERMITT CK NR MCDERMITT, NV","NV","NV",41.9665572,-117.831812,27869,4545,20,"NGVD29"
"10353000","E FK QUINN RV NR MC DERMITT, NV","NV","NV",41.9748361,-117.5860667,12063,4700,0.01,"NGVD29"
"10353500","QUINN RV NR MC DERMITT, NV","NV","NV",41.77489345,-117.8051426,13250,4240,0.01,"NGVD29"
"13105000","SALMON FALLS CREEK NR SAN JACINTO NV","NV","NV",41.9447222,-114.688611,41407,5105.52,0.35,"NAVD88"
"13161500","BRUNEAU RV AT ROWLAND, NV","NV","NV",41.9332368,-115.6745268,23631,4500,0.01,"NGVD29"
"13174500","OWYHEE RV NR GOLD CK, NV","NV","NV",41.68879428,-115.8448067,35928,6118.75,1,"NGVD29"
"13175100","OWYHEE RV NR MOUNTAIN CITY, NV","NV","NV",41.8604583,-115.9892597,12120,5560,20,"NGVD29"
"13176000","OWYHEE RIVER AB CHINA DIVERSION DAM NR OWYHEE NV","NV","NV",41.92212369,-116.0703746,16475,5425,20,"NGVD29"
"94196781","FLAMINGO WASH AT NELLIS BLVD NR LAS VEGAS, NV","NV","NV",36.14302819,-115.0655537,13651,NA,NA,NA
"10366000","TWENTYMILE CREEK NEAR ADEL,OREG.",NA,"OR",42.07211128,-119.9627248,21949,4560.83,0.1,"NGVD29"
"10371500","DEEP CREEK ABOVE ADEL,OREG.",NA,"OR",42.18905386,-120.0016156,21930,4980.34,0.1,"NGVD29"
"10378500","HONEY CREEK NEAR PLUSH,OREG.",NA,"OR",42.42488264,-119.9232849,17146,4552.8,0.1,"NGVD29"
"10384000","CHEWAUCAN RIVER NEAR PAISLEY,OREG.",NA,"OR",42.68459668,-120.5699722,24470,4430,20,"NGVD29"
"10387500","SUMMER LAKE CANAL NR SUMMER LAKE,OREG.",NA,"OR",42.99986919,-120.751093,14698,NA,NA,NA
"10388000","ANA RIVER NEAR SUMMER LAKE, OR","OR","OR",42.99486929,-120.7494263,15451,4160,10,"NGVD29"
"10388001","ANA RIVER PLUS SUMMER LK CA NR SUMMER LK,OREG.",NA,"OR",42.99486929,-120.7494263,14243,NA,NA,NA
"10389500","SILVER LK IRRIG DIST CA NR SILVER LAKE, OR.","OR","OR",43.11097318,-121.0691648,12502,NA,NA,NA
"10390000","SILVER CREEK NEAR SILVER LAKE, OR","OR","OR",43.11097318,-121.0691648,29578,4361.22,0.1,"NGVD29"
"10393500","SILVIES RIVER NEAR BURNS, OR","OR","OR",43.7151478,-119.177442,30624,4195,10,"NGVD29"
"10396000","DONNER UND BLITZEN RIVER NR FRENCHGLEN OR","OR","OR",42.7908333,-118.8675,35659,4260.33,0.3,"NAVD88"
"10397000","BRIDGE CREEK NR FRENCHGLEN, OREG.",NA,"OR",42.8437715,-118.8501992,13946,4184.93,0.1,"NGVD29"
"10406500","TROUT CREEK NEAR DENIO,NEV.",NA,"OR",42.15545066,-118.4593374,21731,4351.52,0.1,"NGVD29"
"11339500","DREWS CREEK NEAR LAKEVIEW,OREG.",NA,"OR",42.1193271,-120.5802403,23683,4827,20,"NGVD29"
"11340500","COTTONWOOD CREEK NEAR LAKEVIEW,OREG.",NA,"OR",42.2346032,-120.5024625,24011,4949.37,0.1,"NGVD29"
"11493500","WILLIAMSON RIVER NEAR KLAMATH AGENCY, OR","OR","OR",42.739925,-121.8345167,24972,4487.42,0.21,"NAVD88"
"11497500","SPRAGUE RIVER NEAR BEATTY, OR","OR","OR",42.44775,-121.2385278,13879,4305.35,0.1,"NGVD29"
"11501000","SPRAGUE RIVER NEAR CHILOQUIN, OR","OR","OR",42.58430556,-121.8483333,38336,4202.43,0.1,"NGVD29"
"11502500","WILLIAMSON RIVER BLW SPRAGUE RIVER NR CHILOQUIN,OR",NA,"OR",42.564375,-121.8797139,39250,4148.5,10,"NGVD29"
"11503000","ANNIE SPRING NEAR CRATER LAKE, OR","OR","OR",42.8715179,-122.168917,15635,5982.65,0.1,"NGVD29"
"11507500","LINK RIVER AT KLAMATH FALLS, OR","OR","OR",42.22347795,-121.7941708,23513,4083.71,0.1,"NGVD29"
"11507501","LINK RIVER BELOW KENO CANAL, NEAR KLAMATH FALLS,OR",NA,"OR",42.2193114,-121.7902816,28992,4087,1.6,"NAVD88"
"11509500","KLAMATH RIVER AT KENO, OR","OR","OR",42.13319946,-121.9622313,38702,3961,10,"NGVD29"
"11510700","KLAMATH RIVER BLW JOHN C.BOYLE PWRPLNT, NR KENO,OR",NA,"OR",42.0845877,-122.0733453,24517,3274.82,10,"NGVD29"
"13181000","OWYHEE RIVER NR ROME OR","OR","OR",42.86638889,-117.6491667,27896,3347.47,0.26,"NAVD88"
"13183000","OWYHEE RIVER BELOW OWYHEE DAM, OR","OR","OR",43.65444444,-117.2558333,35415,2346.22,0.27,"NAVD88"
"13184000","OWYHEE RIVER AT OWYHEE, OREG.",NA,"OR",43.77766048,-117.0676601,11858,2190,20,"NGVD29"
"13214000","MALHEUR RIVER NEAR DREWSEY OR","OR","OR",43.7846025,-118.3315873,24836,3479.13,0.01,"NGVD29"
"13214000","MALHEUR RIVER NEAR DREWSEY OR","OR","OR",43.7846025,-118.3315873,23008,3479.13,0.01,"NGVD29"
"13215000","MALHEUR RIVER BEL WARMSPRINGS RES NR RIVERSIDE OR","OR","OR",43.57444444,-118.2097222,37081,3305,20,"NGVD29"
"13216500","NF MALHEUR R AB BEULAH RES NR BEULAH OR","OR","OR",43.9482139,-118.1743637,21547,3320,20,"NGVD29"
"13217500","NORTH FORK MALHEUR RIVER AT BEULAH OR","OR","OR",43.9075,-118.1533333,33296,3261.2,0.01,"NGVD29"
"13220000","MALHEUR RIVER AT LITTLE VALLEY NEAR HOPE,OREG.",NA,"OR",43.8993255,-117.5079635,11123,2424.03,0.1,"NGVD29"
"13226500","BULLY CREEK AT WARMSPRINGS NEAR VALE,OREG.",NA,"OR",44.0193264,-117.460742,11912,2527.21,0.1,"NGVD29"
"13233300","MALHEUR RIVER BELOW NEVADA DAM NEAR VALE OR","OR","OR",43.9875,-117.2188889,16197,2210.7,0.38,"NAVD88"
"13273000","BURNT RIVER NEAR HEREFORD OR","OR","OR",44.50377217,-118.177436,25544,3758.19,0.01,"NGVD29"
"13275500","POWDER RIVER NEAR BAKER, OREG.",NA,"OR",44.655434,-117.8760493,18474,3632.31,0.1,"NGVD29"
"13286700","POWDER RIVER NR RICHLAND OR","OR","OR",44.77766079,-117.2926855,14153,2277.42,0.01,"NGVD29"
"13288200","EAGLE CREEK ABOVE SKULL CREEK NEAR NEW BRIDGE, OR","OR","OR",44.8804379,-117.2537918,15066,2800,10,"NGVD29"
"13290000","SNAKE RIVER ABOVE DAM AT OXBOW, OR","OR","OR",44.96055556,-116.8533333,14170,1696.71,0.01,"NGVD29"
"13290450","SNAKE RIVER AT HELLS CANYON DAM ID-OR STATE LINE",NA,"OR",45.2544444,-116.6969444,22002,1435,20,"NAVD88"
"13292000","IMNAHA RIVER AT IMNAHA, OR","OR","OR",45.5623784,-116.8343178,31068,1941.14,10,"NGVD29"
"13319000","GRANDE RONDE R AT LA GRANDE, OREG.",NA,"OR",45.34624317,-118.1249426,29704,2826.25,0.1,"NGVD29"
"13320000","CATHERINE CREEK NEAR UNION, OR","OR","OR",45.15541695,-117.774934,27208,3081.76,10,"NGVD29"
"13324500","WALLOWA FALLS PP TAILRACE NR JOSEPH,OREG.",NA,"OR",45.26654188,-117.217669,16464,NA,NA,NA
"13325000","EAST FORK WALLOWA RIVER NEAR JOSEPH, OR","OR","OR",45.27110278,-117.211325,19220,4540,10,"NGVD29"
"13325001","EAST FK WALLOWA R & W FLS PP TR NR JOSEPH,OREG.",NA,"OR",45.27209756,-117.2107242,21548,NA,NA,NA
"13327500","WALLOWA RIVER AT JOSEPH,OREG.",NA,"OR",45.3373745,-117.2273906,23654,4326.86,0.1,"NGVD29"
"13329500","HURRICANE CREEK NEAR JOSEPH, OREG.",NA,"OR",45.33737295,-117.2926744,20027,4500,20,"NGVD29"
"13330000","LOSTINE RIVER NEAR LOSTINE, OR","OR","OR",45.43875828,-117.4274062,31331,3650,10,"NGVD29"
"13330500","BEAR CREEK NEAR WALLOWA, OR","OR","OR",45.52681145,-117.552411,29021,3250,10,"NGVD29"
"13331500","MINAM RIVER AT MINAM, OR","OR","OR",45.6198669,-117.7265892,22751,2540.48,0.1,"NGVD29"
"13332500","GRANDE RONDE R AT RONDOWA, OREG.",NA,"OR",45.72653386,-117.7840927,23740,2281.87,0.1,"NGVD29"
"13333000","GRANDE RONDE RIVER AT TROY, OR","OR","OR",45.9457019,-117.4510089,29722,1585.98,10,"NGVD29"
"14010000","SOUTH FORK WALLA WALLA RIVER NEAR MILTON,OREG.",NA,"OR",45.8298571,-118.1699502,26173,2050,20,"NGVD29"
"14011000","NO FK WALLA WALLA RIVER NR MILTON, OREG.",NA,"OR",45.90052778,-118.2973056,14549,1410,10,"NAVD88"
"14019200","COLUMBIA RIVER AT MCNARY DAM,NEAR UMATILLA, OR","OR","OR",45.93268257,-119.2965915,11322,340,10,"NGVD29"
"14020000","UMATILLA RIVER ABOVE MEACHAM CREEK, NR GIBBON, OR","OR","OR",45.71957668,-118.3232913,33921,1854.81,10,"NGVD29"
"14020300","MEACHAM CREEK AT GIBBON, OR","OR","OR",45.689125,-118.3544472,18273,1793.05,10,"NGVD29"
"14020850","UMATILLA R AT W RESERVATION BNDY NR PENDLETON, OR","OR","OR",45.67151937,-118.736649,11094,1130,10,"NGVD29"
"14021000","UMATILLA RIVER AT PENDLETON,OREG",NA,"OR",45.67207498,-118.7927637,20452,1054.3,0.1,"NGVD29"
"14022200","NORTH FORK MCKAY CREEK NEAR PILOT ROCK, OR","OR","OR",45.5065183,-118.6169163,11202,1870,10,"NGVD29"
"14022500","MCKAY CREEK NEAR PILOT ROCK,OREG.",NA,"OR",45.54901858,-118.7744269,22826,1343.6,0.1,"NGVD29"
"14023500","MCKAY CREEK NEAR PENDLETON,OREG.",NA,"OR",45.60929676,-118.7997074,25124,1163.71,0.1,"NGVD29"
"14025000","BIRCH CREEK AT RIETH, OR","OR","OR",45.65293056,-118.8793306,18293,951.04,0.1,"NGVD29"
"14026000","UMATILLA RIVER AT YOAKUM,OREG.",NA,"OR",45.67763069,-119.0344457,32155,768.21,0.1,"NGVD29"
"14032000","BUTTER CREEK NEAR PINE CITY, OREG.",NA,"OR",45.5442902,-119.3122394,21544,1400,20,"NGVD29"
"14033500","UMATILLA RIVER NEAR UMATILLA, OR","OR","OR",45.9026944,-119.3270833,44667,333.73,0.18,"NAVD88"
"14034470","WILLOW CREEK ABV WILLOW CR LAKE, NR HEPPNER, OR","OR","OR",45.34068289,-119.5158544,15843,2085.41,0.1,"NGVD29"
"14034500","WILLOW CREEK AT HEPPNER, OR","OR","OR",45.3504062,-119.5500218,27166,1952.73,0.1,"NGVD29"
"14034800","RHEA CREEK NEAR HEPPNER,OREG.",NA,"OR",45.26124276,-119.6239109,11321,2320,20,"NGVD29"
"14037500","STRAWBERRY CR AB SLIDE CR NR PRAIRIE CITY,OREG.",NA,"OR",44.3415479,-118.65661,22279,4909.57,0.1,"NGVD29"
"14038500","JOHN DAY RIVER AT PRAIRIE CITY, OREG.",NA,"OR",44.4540468,-118.7177255,15705,3494.59,0.1,"NGVD29"
"14038530","JOHN DAY RIVER NEAR JOHN DAY, OR","OR","OR",44.41848897,-118.9063419,20359,3130.56,10,"NGVD29"
"14040500","JOHN DAY R AT PICTURE GORGE, NR DAYVILLE,OREG.",NA,"OR",44.5206992,-119.6260938,23740,2229.84,0.1,"NGVD29"
"14042500","CAMAS CREEK NEAR UKIAH, OREG.",NA,"OR",45.15680498,-118.820531,22551,3588.61,0.1,"NGVD29"
"14044000","MIDDLE FORK JOHN DAY RIVER AT RITTER, OR","OR","OR",44.88876388,-119.1413686,35201,2544.56,10,"NGVD29"
"14046000","NORTH FORK JOHN DAY RIVER AT MONUMENT, OR","OR","OR",44.81491667,-119.432,35565,1959.64,10,"NGVD29"
"14046500","JOHN DAY RIVER AT SERVICE CREEK, OR","OR","OR",44.79401389,-120.0070194,35201,1632.42,10,"NGVD29"
"14048000","JOHN DAY RIVER AT MCDONALD FERRY, OR","OR","OR",45.5876278,-120.4094919,43906,392.27,10,"NGVD29"
"14050000","DESCHUTES RIVER BL SNOW CR NR LA PINE,OREG.",NA,"OR",43.81400647,-121.7769742,19722,4445,20,"NGVD29"
"14050500","CULTUS RIVER AB CULTUS CR NR LA PINE,OREG.",NA,"OR",43.81817327,-121.7955857,20817,4450,20,"NGVD29"
"14051000","CULTUS CR AB CRANE PRAIRIE RES NR LA PINE,OREG.",NA,"OR",43.82122909,-121.8239195,20087,4545,20,"NGVD29"
"14052000","DEER CR AB CRANE PRAIRIE RES NR LA PINE,OREG.",NA,"OR",43.80484055,-121.8394749,19904,4520,20,"NGVD29"
"14052500","QUINN RIVER NEAR LA PINE,OREG.",NA,"OR",43.7840074,-121.8361412,19722,4442.1,0.1,"NGVD29"
"14053000","CHARLTON CR AB CRANE PRAIRIE RES NR LA PINE,OREG",NA,"OR",43.7806741,-121.836141,15031,4458.7,0.1,"NGVD29"
"14054000","DESCHUTES R BL CRANE PRAIRIE RES NR LA PINE, OR","OR","OR",43.75345177,-121.7836399,25415,4419.78,0.1,"NGVD29"
"14054500","BROWN CREEK NEAR LA PINE,OREG.",NA,"OR",43.71289729,-121.8039176,20636,4370,20,"NGVD29"
"14055500","ODELL CREEK NEAR CRESCENT,OREG.",NA,"OR",43.54734625,-121.9625299,16285,4799.05,0.1,"NGVD29"
"14056500","DESCHUTES R BL WICKIUP RES NR LA PINE, OR","OR","OR",43.68595349,-121.6880826,19479,4257.41,0.1,"NGVD29"
"14057000","DESCHUTES R AT PRINGLE FALLS NR LAPINE, OREG",NA,"OR",43.73873056,-121.6150269,14731,4243.14,0.1,"NGVD29"
"14057500","FALL RIVER NEAR LA PINE,OREG.",NA,"OR",43.79650758,-121.5728058,19449,4220,20,"NGVD29"
"14060000","CRESCENT CR AT CRESCENT LAKE NR CRESCENT,OREG.",NA,"OR",43.5029027,-121.9733632,23131,4819.96,0.1,"NGVD29"
"14061000","BIG MARSH CR HOEY RANCH NR CRESCENT OREG.",NA,"OR",43.4776251,-121.9150285,11602,4630,20,"NGVD29"
"14063000","LITTLE DESCHUTES RIVER NEAR LA PINE, OR","OR","OR",43.6890102,-121.5028029,25720,4192.81,0.1,"NGVD29"
"14064500","DESCHUTES R AT BENHAM FALLS NR BEND, OR","OR","OR",43.93011715,-121.4119746,27350,4142.1,0.1,"NGVD29"
"14066000","DESCHUTES R BLW LAVA ISLAND, NR BEND, OREG.",NA,"OR",43.9998386,-121.3761427,14375,3825,20,"NGVD29"
"14070500","DESCHUTES RIVER BELOW BEND,OREG.",NA,"OR",44.08289525,-121.30781,27755,3503.96,0.1,"NGVD29"
"14073001","TUMALO CREEK PLUS COL SO CA, NR TUMALA, OR","OR","OR",44.08761679,-121.3728117,23375,NA,NA,NA
"14075000","WHYCHUS CREEK NEAR SISTERS, OR","OR","OR",44.2337268,-121.5669877,31006,3490,20,"NGVD29"
"14076500","DESCHUTES RIVER NEAR CULVER, OR","OR","OR",44.4987293,-121.3211558,26878,1980,20,"NGVD29"
"14078000","BEAVER CREEK NEAR PAULINA,OREG.",NA,"OR",44.16375078,-119.9233147,12053,3690,20,"NGVD29"
"14080500","CROOKED RIVER NEAR PRINEVILLE, OR","OR","OR",44.1131815,-120.7955699,18261,3070.85,0.1,"NGVD29"
"14087400","CROOKED RIVER BELOW OPAL SPRINGS, NEAR CULVER, OR","OR","OR",44.4923407,-121.298377,23513,1953.6,0.1,"NGVD29"
"14087500","CROOKED RIVER NEAR CULVER,OREG.",NA,"OR",44.56095215,-121.2706005,16800,1664.86,0.1,"NGVD29"
"14088000","LAKE CREEK NEAR SISTERS,OREG.",NA,"OR",44.42622805,-121.726166,27058,3431.68,0.1,"NGVD29"
"14091500","METOLIUS RIVER NEAR GRANDVIEW, OR","OR","OR",44.6262275,-121.4839433,38794,1974.36,10,"NGVD29"
"14092500","DESCHUTES RIVER NEAR MADRAS, OR","OR","OR",44.72595225,-121.2469939,37231,1390.25,10,"NGVD29"
"14092750","SHITIKE CRK AT PETERS PASTURE, NR WARM SPRINGS, OR","OR","OR",44.75039516,-121.633397,15928,3580,20,"NGVD29"
"14093000","SHITIKE CREEK NEAR WARM SPRINGS, OR","OR","OR",44.7642856,-121.2364393,15207,1395,20,"NAVD88"
"14095500","WARM SPRINGS RIVER NEAR SIMNASHO, OR","OR","OR",44.96708766,-121.4693975,11230,2525.94,0.01,"NAVD88"
"14096850","BEAVER CREEK BELOW QUARTZ CREEK, NR SIMNASHO, OR","OR","OR",44.9587272,-121.3942286,15475,2260,20,"NGVD29"
"14097100","WARM SPRINGS RIVER NEAR KAHNEETA HOT SPRINGS, OR","OR","OR",44.8565087,-121.1497735,19495,1394.96,10,"NGVD29"
"14101500","WHITE RIVER BELOW TYGH VALLEY, OR","OR","OR",45.2414782,-121.095022,28986,870.15,0.1,"NGVD29"
"14103000","DESCHUTES RIVER AT MOODY, NEAR BIGGS, OR","OR","OR",45.6220678,-120.9056203,44496,167.54,10,"NGVD29"
"14105700","COLUMBIA RIVER AT THE DALLES, OR","OR","OR",45.60827778,-121.1899167,53946,0,20,"NGVD29"
"14113200","MOSIER CREEK NEAR MOSIER, OR","OR","OR",45.649008,-121.3772951,14298,425,20,"NGVD29"
"14118500","WEST FORK HOOD RIVER NEAR DEE,OREG.",NA,"OR",45.5984508,-121.6359082,21549,802.1,0.1,"NGVD29"
"14120000","HOOD RIVER AT TUCKER BRIDGE, NEAR HOOD RIVER, OR","OR","OR",45.6545,-121.5488,24205,383.2,10,"NGVD29"
"14121001","HOOD RIVER + PPEL CONDUIT,NR HOOD RIVER OREG.",NA,"OR",45.69984099,-121.5122955,18810,NA,NA,NA
"14134000","SALMON RIVER NEAR GOVERNMENT CAMP, OREG.",NA,"OR",45.2665072,-121.7178547,24625,3445.53,0.1,"NGVD29"
"14137000","SANDY RIVER NEAR MARMOT, OR","OR","OR",45.3995642,-122.1373068,41255,0,0.1,"NGVD29"
"14138720","BULL RUN RIVER AT LOWER FLUME NR BRIGHTWOOD, OR","OR","OR",45.4709515,-121.8653567,12168,2840,10,"NGVD29"
"14138800","BLAZED ALDER CREEK NEAR RHODODENDRON, OR","OR","OR",45.4526183,-121.8914684,22783,2540,20,"NGVD29"
"14138850","BULL RUN RIVER NEAR MULTNOMAH FALLS, OR","OR","OR",45.4981743,-122.0123049,21755,1080,10,"NGVD29"
"14138870","FIR CREEK NEAR BRIGHTWOOD, OR","OR","OR",45.48011889,-122.0256385,18400,1480,10,"NAVD88"
"14138900","NORTH FORK BULL RUN RIVER NEAR MULTNOMAH FALLS, OR","OR","OR",45.4942454,-122.035888,22113,1065,1,"NAVD88"
"14139700","CEDAR CREEK NEAR BRIGHTWOOD, OREG.",NA,"OR",45.4581745,-122.0317495,14089,1960,20,"NGVD29"
"14139800","SOUTH FORK BULL RUN RIVER NEAR BULL RUN, OR","OR","OR",45.444564,-122.1095292,18765,990,10,"NGVD29"
"14140000","BULL RUN RIVER NEAR BULL RUN (RIVER ONLY), OR","OR","OR",45.4373,-122.1796556,43237,567.9,10,"NGVD29"
"14140001","BULL RUN RIVER NEAR BULL RUN, OR","OR","OR",45.43734229,-122.1795309,20456,567.9,20,"NGVD29"
"14141500","LITTLE SANDY RIVER NEAR BULL RUN, OR","OR","OR",45.41539777,-122.1714746,39510,720,20,"NGVD29"
"14142500","SANDY RIVER BLW BULL RUN RIVER, NR BULL RUN, OR","OR","OR",45.4490094,-122.2450885,29870,240,10,"NGVD29"
"14144800","MIDDLE FORK WILLAMETTE RIVER NR OAKRIDGE, OR","OR","OR",43.60178867,-122.4575474,14245,1560,0.1,"NGVD29"
"14145500","MF WILLAMETTE RIVER ABV SALT CRK, NEAR OAKRIDGE,OR",NA,"OR",43.72095655,-122.4378256,33374,1208.01,0.1,"NGVD29"
"14146500","SALMON CREEK NEAR OAKRIDGE,OREG.",NA,"OR",43.76234574,-122.3728227,24055,1462.36,0.1,"NGVD29"
"14147000","WALDO LAKE OUTLET NEAR OAKRIDGE, OREG.",NA,"OR",43.76650979,-122.0539224,11323,5410,20,"NGVD29"
"14147500","N FK OF M FK WILLAMETTE R NR OAKRIDGE, OR","OR","OR",43.7567902,-122.5053292,22980,1029.6,0.1,"NGVD29"
"14148000","MF WILLAMETTE RIVER BLW N FORK, NR OAKRIDGE, OR.","OR","OR",43.80123517,-122.5608879,38062,934.76,0.1,"NGVD29"
"14150000","MIDDLE FORK WILLAMETTE RIVER NEAR DEXTER, OR","OR","OR",43.9456815,-122.8372967,28992,592.3,0.1,"NGVD29"
"14150300","FALL CREEK NEAR LOWELL, OR","OR","OR",43.97068174,-122.638674,13179,844.42,0.1,"NGVD29"
"14150800","WINBERRY CREEK NEAR LOWELL,OR",NA,"OR",43.9142924,-122.6886762,15872,863.7,10,"NGVD29"
"14151000","FALL CREEK BLW WINBERRY CREEK, NEAR FALL CREEK, OR","OR","OR",43.94429299,-122.774794,33010,637.81,5,"NGVD29"
"14152000","MIDDLE FORK WILLAMETTE RIVER AT JASPER, OR","OR","OR",43.99818166,-122.9059126,30291,513.45,0.1,"NGVD29"
"14152500","COAST FORK WILLAMETTE AT LONDON, OR","OR","OR",43.64151015,-123.0859089,22418,852.58,0.1,"NGVD29"
"14153500","COAST FORK WILLAMETTE R BLW COTTAGE GROVE DAM, OR","OR","OR",43.72067785,-123.0497994,31820,711,10,"NGVD29"
"14154500","ROW RIVER ABOVE PITCHER CREEK, NEAR DORENA, OR","OR","OR",43.73527778,-122.8744444,33010,856.16,0.1,"NGVD29"
"14155500","ROW RIVER NEAR COTTAGE GROVE, OR","OR","OR",43.7929012,-122.9914655,31822,685.24,10,"NGVD29"
"14156500","MOSBY CR AT MOUTH, NR COTTAGE GROVE,OREG.",NA,"OR",43.77623438,-122.9997988,12461,676.62,0.1,"NGVD29"
"14157500","COAST FORK WILLAMETTE RIVER NEAR GOSHEN, OR","OR","OR",43.98040324,-122.96647,29849,473.8,0.1,"NGVD29"
"14158000","WILLAMETTE RIVER AT SPRINGFIELD, OREG.",NA,"OR",44.0456806,-123.0289736,14609,423.77,0.1,"NGVD29"
"14158500","MCKENZIE RIVER AT OUTLET OF CLEAR LAKE, OR","OR","OR",44.3609545,-121.9956172,29721,3015.32,0.1,"NGVD29"
"14158790","SMITH RIVER ABV SMITH R RESV,NR BELKNAP SPRNGS,OR",NA,"OR",44.3345666,-122.0470074,23875,2610,20,"NGVD29"
"14158850","MCKENZIE R BLW TRAIL BR DAM NR BELKNAP SPRINGS, OR","OR","OR",44.2679001,-122.0497826,24239,1980,20,"NGVD29"
"14159000","MCKENZIE R AT MCKENZIE BRIDGE, OREG.",NA,"OR",44.17901207,-122.130335,30741,1419.04,0.1,"NGVD29"
"14159200","SO FK MCKENZIE RIVER ABV COUGAR LAKE NR RAINBOW OR","OR","OR",44.047067,-122.2178245,20215,1709.51,10,"NGVD29"
"14159500","SOUTH FORK MCKENZIE RIVER NEAR RAINBOW, OR","OR","OR",44.13595817,-122.248391,28627,1236.42,10,"NGVD29"
"14161100","BLUE RIVER BELOW TIDBITS CREEK, NR BLUE RIVER, OR","OR","OR",44.2179043,-122.2650676,14639,1386.9,10,"NGVD29"
"14161500","LOOKOUT CREEK NEAR BLUE RIVER, OR","OR","OR",44.2095708,-122.256733,25003,1377.76,10,"NGVD29"
"14162200","BLUE RIVER AT BLUE RIVER, OR","OR","OR",44.16234819,-122.3331192,21687,1056.53,10,"NGVD29"
"14162500","MCKENZIE RIVER NEAR VIDA, OR","OR","OR",44.1248487,-122.47062,37331,855.71,10,"NGVD29"
"14163000","GATE CREEK AT VIDA, OR","OR","OR",44.1460861,-122.5730333,12864,764.56,0.1,"NGVD29"
"14163150","MCKENZIE RIVER BLW LEABURG DAM, NR LEABURG, OR","OR","OR",44.123738,-122.6275715,13279,710,20,"NGVD29"
"14163900","MCKENZIE RIVER NEAR WALTERVILLE, OR","OR","OR",44.0698492,-122.7711874,13286,589.74,0.01,"NGVD29"
"14165000","MOHAWK RIVER NEAR SPRINGFIELD, OR","OR","OR",44.09290317,-122.9573052,28656,442.47,10,"NGVD29"
"14165500","MCKENZIE RIVER NEAR COBURG, OR","OR","OR",44.11305556,-123.0469722,15477,386.08,0.1,"NAVD88"
"14166000","WILLAMETTE RIVER AT HARRISBURG, OR","OR","OR",44.27040126,-123.1737036,29722,288.39,10,"NGVD29"
"14166500","LONG TOM RIVER NEAR NOTI, OR","OR","OR",44.04984478,-123.4262097,33006,389.05,10,"NGVD29"
"14167000","COYOTE CREEK NEAR CROW, OREG.",NA,"OR",44.0217904,-123.255926,17257,374,20,"NGVD29"
"14169000","LONG TOM RIVER NEAR ALVADORE, OR","OR","OR",44.1226111,-123.3003056,31549,335.56,0.09,"NAVD88"
"14169001","LONG TOM RIVER + DIV TO COYOTE CR NR ALVADORE,OR",NA,"OR",44.12345657,-123.2998173,11322,NA,NA,NA
"14170000","LONG TOM RIVER AT MONROE, OR","OR","OR",44.3128333,-123.296361,38047,273.66,0.14,"NAVD88"
"14171000","MARYS RIVER NEAR PHILOMATH, OR","OR","OR",44.525,-123.334,25703,224.01,10,"NGVD29"
"14172000","CALAPOOIA R AT HOLLEY OREG",NA,"OR",44.3512362,-122.7873068,20089,527.58,0.1,"NGVD29"
"14173500","CALAPOOIA RIVER AT ALBANY, OR","OR","OR",44.62002778,-123.1284722,15834,180.85,0.1,"NGVD29"
"14174000","WILLAMETTE RIVER AT ALBANY, OR","OR","OR",44.6387328,-123.1067616,48591,167.18,0.1,"NGVD29"
"14178000","NO SANTIAM R BLW BOULDER CRK, NR DETROIT, OR","OR","OR",44.7067885,-122.1011859,36596,1590.07,0.1,"NGVD29"
"14179000","BREITENBUSH R ABV FRENCH CR NR DETROIT, OR.","OR","OR",44.75262179,-122.1289648,30209,1573.95,0.1,"NGVD29"
"14181500","NORTH SANTIAM RIVER AT NIAGARA, OR","OR","OR",44.75377778,-122.2974444,35687,1093.78,0.1,"NGVD29"
"14182500","LITTLE NORTH SANTIAM RIVER NEAR MEHAMA, OR","OR","OR",44.7915108,-122.5789738,34471,655.41,10,"NGVD29"
"14183000","NORTH SANTIAM RIVER AT MEHAMA, OR","OR","OR",44.78925,-122.6188056,40249,605.78,0.14,"NAVD88"
"14185000","SOUTH SANTIAM RIVER BELOW CASCADIA, OR","OR","OR",44.39179225,-122.4975817,33040,775,20,"NGVD29"
"14185900","QUARTZVILLE CREEK NEAR CASCADIA, OR","OR","OR",44.54012357,-122.4359155,22542,1050,20,"NGVD29"
"14187000","WILEY CREEK NEAR FOSTER, OR","OR","OR",44.37234769,-122.6231384,23081,720,10,"NGVD29"
"14187200","SOUTH SANTIAM RIVER NEAR FOSTER, OR","OR","OR",44.4123468,-122.6886956,19191,530,40,"NGVD29"
"14187500","SOUTH SANTIAM RIVER AT WATERLOO, OR","OR","OR",44.4984564,-122.8234214,37916,370.39,20,"NGVD29"
"14187600","LEBANON SANTIAM CANAL NEAR LEBANON, OR","OR","OR",44.51484526,-122.8648109,12335,370,20,"NGVD29"
"14188610","SCHAFER CREEK NEAR LACOMB, OR","OR","OR",44.61956728,-122.4659162,11825,2900,20,"NGVD29"
"14188800","THOMAS CREEK NEAR SCIO, OR","OR","OR",44.71206687,-122.7700878,17661,370,10,"NGVD29"
"14189000","SANTIAM RIVER AT JEFFERSON, OR","OR","OR",44.7147222,-123.01425,34471,199.63,0.1,"NGVD29"
"14189500","LUCKIAMUTE RIVER NEAR HOSKINS, OREG.",NA,"OR",44.71622956,-123.5039938,16223,378.7,10,"NGVD29"
"14190000","LUCKIAMUTE R AT PEDEE OREG",NA,"OR",44.7428965,-123.4248253,10956,245.47,0.1,"NGVD29"
"14190500","LUCKIAMUTE RIVER NEAR SUVER, OR","OR","OR",44.78317527,-123.2345435,33558,171.92,0.1,"NGVD29"
"14191000","WILLAMETTE RIVER AT SALEM, OR","OR","OR",44.9442863,-123.0428742,40222,106.14,0.1,"NGVD29"
"14192000","MILL CREEK AT SALEM, OREG.",NA,"OR",44.93456435,-123.0178735,13878,166.12,0.1,"NGVD29"
"14192500","SOUTH YAMHILL RIVER NEAR WILLAMINA, OREG.",NA,"OR",45.0470588,-123.5039974,21702,235.55,0.1,"NGVD29"
"14193000","WILLAMINA CREEK NEAR WILLAMINA, OR","OR","OR",45.1428905,-123.4942756,20940,315,20,"NGVD29"
"14194000","SOUTH YAMHILL RIVER NEAR WHITESON,OREG.",NA,"OR",45.16872755,-123.20816,18718,82.3,0.1,"NGVD29"
"14194150","SOUTH YAMHILL RIVER AT MCMINNVILLE, OR","OR","OR",45.2069444,-123.1816667,11450,61.7,0.09,"NAVD88"
"14194300","NORTH YAMHILL RIVER NEAR FAIRDALE, OR","OR","OR",45.3651117,-123.3789995,11504,560,20,"NGVD29"
"14195600","HASKINS CR DIV TO MCMINNVILLE, OR","OR","OR",45.310946,-123.3539982,15409,NA,NA,NA
"14196000","HASKINS CREEK BLW RESERVOIR, NR MCMINNVILLE, OR","OR","OR",45.3109461,-123.3498315,15045,707,20,"NGVD29"
"14196001","HASKINS CK BLW RESERVOIR + DIV TO MCMINNVILLE, OR","OR","OR",45.3109461,-123.3498315,20889,707,20,"NGVD29"
"14198400","BULL CREEK NEAR WILHOIT, OR","OR","OR",44.9609,-122.385,12006,1660,20,"NGVD29"
"14198500","MOLALLA R AB PC NR WILHOIT, OR","OR","OR",45.0097222,-122.4809167,22042,791.35,0.1,"NGVD29"
"14200000","MOLALLA RIVER NEAR CANBY, OR","OR","OR",45.24391667,-122.6874444,26113,97.49,0.08,"NAVD88"
"14201300","ZOLLNER CREEK NEAR MT ANGEL, OR","OR","OR",45.10035029,-122.8217359,11071,120,20,"NGVD29"
"14201500","BUTTE CREEK AT MONITOR, OR","OR","OR",45.1015099,-122.7462019,16090,155,20,"NGVD29"
"14202000","PUDDING RIVER AT AURORA, OR","OR","OR",45.23327778,-122.7509167,23248,75.6,0.15,"NAVD88"
"14202980","SCOGGINS CK BLW HENRY HAGG LAKE, NR GASTON, OR","OR","OR",45.46927968,-123.200109,11597,187.48,0.1,"NGVD29"
"14203000","SCOGGIN CREEK NEAR GASTON, OREG.",NA,"OR",45.458725,-123.1556634,12417,168.92,0.1,"NGVD29"
"14203500","TUALATIN RIVER NEAR DILLEY, OR","OR","OR",45.4748365,-123.124274,31549,147.57,0.1,"NGVD29"
"14206900","FANNO CREEK AT 56TH AVE, AT PORTLAND, OR","OR","OR",45.4881944,-122.73475,12913,242.75,0.15,"NAVD88"
"14207000","OSWEGO CANAL NEAR LAKE OSWEGO, OREG.",NA,"OR",45.38873028,-122.7206507,23009,96.5,0.1,"NGVD29"
"14207500","TUALATIN RIVER AT WEST LINN, OR","OR","OR",45.35067559,-122.6762044,35627,85.61,0.1,"NGVD29"
"14208000","CLACKAMAS RIVER AT BIG BOTTOM, OR","OR","OR",45.0170833,-121.9235278,18966,2050,10,"NAVD88"
"14208700","OAK GROVE FORK NEAR GOVERNMENT CAMP, OR","OR","OR",45.11373009,-121.8150775,25339,3041.83,0.1,"NGVD29"
"14209000","OAK GROVE FORK ABOVE POWERPLANT INTAKE, OR.","OR","OR",45.0712319,-121.9406345,41670,2100,20,"NGVD29"
"14209500","CLACKAMAS RIVER ABOVE THREE LYNX CREEK, OR","OR","OR",45.1248432,-122.0734137,39766,1091.69,0.1,"NGVD29"
"14210000","CLACKAMAS RIVER AT ESTACADA, OR","OR","OR",45.29984346,-122.3539746,43054,286.93,0.1,"NGVD29"
"14211500","JOHNSON CREEK AT SYCAMORE, OR","OR","OR",45.47745556,-122.5080194,31180,228.47,0.1,"NGVD29"
"14211550","JOHNSON CREEK AT MILWAUKIE, OR","OR","OR",45.452897,-122.6431496,13447,0,0.1,"NGVD29"
"14211720","WILLAMETTE RIVER AT PORTLAND, OR","OR","OR",45.5175,-122.6691667,19486,1.55,1,"NGVD29"
"14211814","FAIRVIEW CREEK AT GLISAN ST NEAR GRESHAM, OR","OR","OR",45.52761968,-122.4487024,12188,203.87,0.12,"NAVD88"
"14211820","COLUMBIA SLOUGH AT PORTLAND, OR","OR","OR",45.63900515,-122.763155,12689,1.53,0.1,"NGVD29"
"14246900","COLUMBIA RIVER AT PORT WESTWARD, NEAR QUINCY, OR","OR","OR",46.18122136,-123.1834539,13431,-1,20,"NGVD29"
"14251500","YOUNGS RIVER NEAR ASTORIA, OREG.",NA,"OR",46.066498,-123.7901371,11322,63.27,0.1,"NGVD29"
"14301000","NEHALEM RIVER NEAR FOSS, OR","OR","OR",45.7039986,-123.755405,31421,32.6,0.1,"NGVD29"
"14301500","WILSON RIVER NEAR TILLAMOOK, OR","OR","OR",45.47593996,-123.7251209,34894,42.12,0.1,"NGVD29"
"14302500","TRASK RIVER NEAR TILLAMOOK,OREG.",NA,"OR",45.4401069,-123.7178974,12783,58,20,"NGVD29"
"14302900","NESTUCCA RIVER NEAR FAIRDALE, OR","OR","OR",45.31063889,-123.4135278,19929,1798,5,"NAVD88"
"14303200","TUCCA CREEK NEAR BLAINE, OR.","OR","OR",45.32427635,-123.5465012,15432,1400,20,"NGVD29"
"14303600","NESTUCCA RIVER NEAR BEAVER, OR","OR","OR",45.26649446,-123.847061,15731,43,20,"NGVD29"
"14305500","SILETZ RIVER AT SILETZ, OR","OR","OR",44.7151172,-123.8873348,39491,102.32,0.1,"NGVD29"
"14306100","NORTH FORK ALSEA RIVER AT ALSEA, OR","OR","OR",44.3790098,-123.5956608,11687,272.31,0.1,"NGVD29"
"14306340","EAST FORK LOBSTER CREEK NEAR ALSEA, OR.","OR","OR",44.24789909,-123.6364936,15570,680,10,"NGVD29"
"14306500","ALSEA RIVER NEAR TIDEWATER, OR","OR","OR",44.3859538,-123.831778,31548,48.16,0.1,"NGVD29"
"14307620","SIUSLAW RIVER NEAR MAPLETON, OR","OR","OR",44.06234317,-123.8831659,18764,41,20,"NGVD29"
"14307700","JACKSON CREEK NR TILLER, OR","OR","OR",42.95401008,-122.8289387,11322,1240.25,0.1,"NGVD29"
"14308000","SOUTH UMPQUA RIVER AT TILLER, OR","OR","OR",42.9303985,-122.9483872,32006,991.8,0.1,"NGVD29"
"14308500","ELK CREEK NR DREW, OR","OR","OR",42.89012159,-122.9178303,22051,1279.25,0.1,"NGVD29"
"14308990","COW CREEK ABV GALESVILLE RES, NR AZALEA, OR.","OR","OR",42.82317665,-123.1258922,14746,1900,20,"NGVD29"
"14309000","COW CREEK NEAR AZALEA, OR","OR","OR",42.82484286,-123.1789492,35842,1694.32,0.1,"NGVD29"
"14309500","WEST FORK COW CREEK NEAR GLENDALE, OR","OR","OR",42.80400356,-123.6109071,25705,1018.48,0.1,"NGVD29"
"14310000","COW CREEK NEAR RIDDLE, OR","OR","OR",42.9234502,-123.428957,26070,682.6,0.1,"NGVD29"
"14311000","NORTH MYRTLE CREEK NEAR MYRTLE CREEK, OREG.",NA,"OR",43.04150639,-123.2595086,11322,642.81,0.1,"NGVD29"
"14311500","LOOKINGGLASS CREEK AT BROCKWAY, OR","OR","OR",43.13039347,-123.4650748,16437,540,20,"NGVD29"
"14312000","SOUTH UMPQUA RIVER NEAR BROCKWAY, OR","OR","OR",43.13317169,-123.3984053,34225,462.52,0.1,"NGVD29"
"14312500","LAKE CREEK NEAR DIAMOND LAKE, OR","OR","OR",43.18666667,-122.1663889,20057,5180,20,"NGVD29"
"14312900","LEMOLO NO.1 POWER CANAL NEAR TOKETEE FALLS OREG.",NA,"OR",43.3220687,-122.1928128,11446,4072.32,5,"NAVD88"
"14313500","N UMPQUA RIVER BLW LEMOLO LK, NR TOKETEE FALLS, OR","OR","OR",43.32206866,-122.1955907,32435,4025,20,"NGVD29"
"14314400","CLEARWATER NO 1 POWER CANAL, NEAR TOKETEE FALLS,OR",NA,"OR",43.25262345,-122.2983712,18788,3850,20,"NGVD29"
"14314500","CLEARWATER RIVER ABV TRAP CK NR TOKETEE FALLS, OR","OR","OR",43.2442903,-122.2872596,35846,3862.84,0.1,"NGVD29"
"14314501","CLEARWATER R & NO 1 P CA NR T FLS,OREG.",NA,"OR",43.2442903,-122.2872596,11078,NA,NA,NA
"14315500","NORTH UMPQUA RIVER AT TOKETEE FALLS, OR","OR","OR",43.26373317,-122.4217087,16483,2312.66,0.1,"NAVD88"
"14315900","FISH CREEK POWER CANAL NEAR TOKETEE FALLS, OR","OR","OR",43.25640556,-122.4508444,11735,3045,10,"NAVD88"
"14316000","FISH CK @ BIG CAMAS RNGR STA NR TOKETEE FALLS, OR","OR","OR",43.23039977,-122.4469868,21183,2858.52,20,"NGVD29"
"14316001","FISH CR & F CR P CA NR T FLS,OREG.",NA,"OR",43.23039977,-122.4469868,11426,NA,NA,NA
"14316500","N UMPQUA RIVER ABV COPELAND CK NR TOKETEE FALLS,OR",NA,"OR",43.29595427,-122.5367127,27924,1580,20,"NGVD29"
"14316700","STEAMBOAT CREEK NEAR GLIDE, OR","OR","OR",43.349842,-122.7289415,25339,1128.55,10,"NGVD29"
"14318000","LITTLE RIVER AT PEEL, OR","OR","OR",43.2526179,-123.0261716,21755,828.33,0.1,"NGVD29"
"14319500","NORTH UMPQUA RIVER AT WINCHESTER, OR","OR","OR",43.27096667,-123.4115444,30086,372.97,0.1,"NGVD29"
"14320700","CALAPOOYA CREEK NEAR OAKLAND, OR","OR","OR",43.4026171,-123.3636909,12053,371.26,0.1,"NGVD29"
"14321000","UMPQUA RIVER NEAR ELKTON, OR","OR","OR",43.5859502,-123.5553727,43967,90.42,0.1,"NGVD29"
"14324580","PONY CREEK AT COOS BAY, OR","OR","OR",43.37983408,-124.2420584,12145,0,0.1,"NAVD88"
"14325000","SOUTH FORK COQUILLE RIVER AT POWERS, OR","OR","OR",42.89149904,-124.070652,39156,197.42,0.1,"NGVD29"
"14328000","ROGUE RIVER ABOVE PROSPECT, OR","OR","OR",42.77484917,-122.4997585,32465,2620,20,"NGVD29"
"14330000","ROGUE RIVER BELOW PROSPECT, OR","OR","OR",42.72957187,-122.516147,27145,1964.56,10,"NGVD29"
"14332000","SOUTH FORK ROGUE RIVER NEAR PROSPECT, OR","OR","OR",42.70638889,-122.388611,30450,3360,20,"NAVD88"
"14332001","SF ROGUE RIVER AND SF P CA NR PROSPECT,OREG.",NA,"OR",42.7081844,-122.3928094,12417,NA,NA,NA
"14333000","MIDDLE FK ROGUE RIVER NR PROSPECT OREG.",NA,"OR",42.733184,-122.4011435,10956,2619,20,"NGVD29"
"14333500","RED BLANKET CREEK NEAR PROSPECT, OREG.",NA,"OR",42.77762758,-122.427534,18102,2780,20,"NGVD29"
"14335000","ROGUE R BL S FK ROGUE R NR PROSPECT OREG.",NA,"OR",42.69984909,-122.5955934,13513,1707.57,0.1,"NGVD29"
"14335500","SOUTH FORK BIG BUTTE CR NR BUTTE FALLS,OREG.",NA,"OR",42.5401289,-122.5553105,26236,2360,20,"NGVD29"
"14337500","BIG BUTTE CREEK NEAR MCLEOD, OR","OR","OR",42.6512372,-122.6914288,25704,1525.95,0.1,"NGVD29"
"14337600","ROGUE RIVER NEAR MCLEOD, OR","OR","OR",42.6554035,-122.7150408,16937,1489.08,0.1,"NGVD29"
"14338000","ELK CREEK NEAR TRAIL, OR","OR","OR",42.6787364,-122.7419867,29215,1493.91,0.1,"NGVD29"
"14339000","ROGUE RIVER AT DODGE BRIDGE, NEAR EAGLE POINT, OR","OR","OR",42.5248471,-122.8428203,31913,1271.99,0.1,"NGVD29"
"14341500","SOUTH FORK LITTLE BUTTE CR NR LAKECREEK,OREG.",NA,"OR",42.40818566,-122.601143,21182,1725,20,"NGVD29"
"14342500","NO FK LITTLE BUTTE CR AT F L NR LAKECREEK,OREG.",NA,"OR",42.3762453,-122.3566913,27089,4571.41,0.1,"NGVD29"
"14343000","NO FK LITTLE BUTTE CR NR LAKECREEK,OREG.",NA,"OR",42.4026314,-122.537252,23047,2160,20,"NGVD29"
"14350000","EMIGRANT CR NR ASHLAND,OREG.",NA,"OR",42.16374528,-122.6053066,20644,2042.8,0.1,"NGVD29"
"14353000","WEST FORK ASHLAND CREEK NEAR ASHLAND, OR","OR","OR",42.14874336,-122.7166989,14441,2961.75,0.1,"NGVD29"
"14353500","EAST FORK ASHLAND CREEK NEAR ASHLAND, OR","OR","OR",42.1526323,-122.7094764,14443,2903.7,0.1,"NGVD29"
"14354200","BEAR CREEK BELOW ASHLAND CREEK AT ASHLAND, OR","OR","OR",42.2185,-122.7248056,13009,1678.27,0.05,"NAVD88"
"14357500","BEAR CREEK AT MEDFORD, OR","OR","OR",42.32401547,-122.8667057,38982,1343.27,20,"NGVD29"
"14359000","ROGUE RIVER AT RAYGOLD NEAR CENTRAL POINT, OR","OR","OR",42.43734597,-122.9872678,43997,1121.78,20,"NGVD29"
"14361500","ROGUE RIVER AT GRANTS PASS, OR","OR","OR",42.43039607,-123.3178365,31822,884.28,10,"NGVD29"
"14362000","APPLEGATE RIVER NEAR COPPER, OR","OR","OR",42.0637361,-123.1114358,31914,1747.51,0.1,"NGVD29"
"14362250","STAR GULCH NEAR RUCH, OR","OR","OR",42.15401355,-123.075323,15567,1667.04,0.1,"NGVD29"
"14363000","APPLEGATE RIVER NEAR RUCH, OR","OR","OR",42.1720694,-123.0483773,11321,1475.64,0.1,"NGVD29"
"14366000","APPLEGATE RIVER NEAR APPLEGATE, OR","OR","OR",42.2415113,-123.1400485,31913,1285.33,0.1,"NGVD29"
"14369500","APPLEGATE RIVER NEAR WILDERVILLE, OR","OR","OR",42.3540058,-123.4067276,23542,947.18,0.1,"NGVD29"
"14371500","GRAVE CREEK AT PEASE BRIDGE,NEAR PLACER,OREG.",NA,"OR",42.6415096,-123.2122809,16283,2354.2,0.1,"NGVD29"
"14372300","ROGUE RIVER NEAR AGNESS, OR","OR","OR",42.59277778,-124.062,23878,119,10,"NAVD88"
"14372500","E F ILLINOIS RIVER NEAR TAKILMA,OREG.",NA,"OR",42.06928109,-123.6261778,18262,1780,10,"NGVD29"
"14375100","SUCKER CREEK BLW LITTLE GRAYBACK CK, NR HOLLAND,OR",NA,"OR",42.15956105,-123.4789509,15841,1713.92,0.1,"NGVD29"
"14375500","W FK ILLINOIS R BL ROCK CR NR OBRIEN,OREG.",NA,"OR",42.0387233,-123.7484043,11323,1516.14,0.1,"NGVD29"
"14377000","ILLINOIS RIVER AT KERBY, OREG.",NA,"OR",42.19705748,-123.6567352,12997,1232,20,"NGVD29"
"14377100","ILLINOIS RIVER NEAR KERBY, OR","OR","OR",42.23177936,-123.66368,23505,1198.8,10,"NGVD29"
"14400000","CHETCO RIVER NEAR BROOKINGS, OR","OR","OR",42.12344278,-124.1873107,20591,49.16,20,"NAVD88"
"06428500","BELLE FOURCHE RIVER AT WY-SD STATE LINE",NA,"SD",44.74883136,-104.0516966,27104,3096.51,0.1,"NAVD88"
"06430500","REDWATER CREEK AT WY-SD STATE LINE",NA,"SD",44.5718625,-104.0536449,27592,3410.62,111,"NAVD88"
"09180000","DOLORES RIVER NEAR CISCO, UT","UT","UT",38.79720805,-109.1951142,27470,4168.32,0.11,"NAVD88"
"09180500","COLORADO RIVER NEAR CISCO, UT","UT","UT",38.81054095,-109.2934493,39218,4092.35,0.24,"NAVD88"
"09183500","MILL CREEK AT SHELEY TUNNEL, NEAR MOAB, UT","UT","UT",38.4819972,-109.405025,15842,5403.62,0.23,"NAVD88"
"09184000","MILL CREEK NEAR MOAB, UT","UT","UT",38.56220477,-109.5140057,15822,4240,20,"NGVD29"
"09217900","BLACKS FORK NEAR ROBERTSON, WY","WY","UT",40.95902778,-110.5797222,19555,8811.3,10,"NGVD29"
"09225500","GREEN RIVER NEAR LINWOOD, UTAH","UT","UT",40.9666262,-109.5784759,12145,5844.64,20,"NGVD29"
"09228500","BURNT FORK NEAR BURNTFORK, WY","WY","UT",40.94632437,-110.0662927,12127,8436,10,"NAVD88"
"09234500","GREEN RIVER NEAR GREENDALE, UT","UT","UT",40.90829296,-109.422914,27531,5594.21,0.12,"NAVD88"
"09235600","POT CREEK ABOVE DIVERSIONS, NEAR VERNAL, UTAH","UT","UT",40.768015,-109.3190219,13149,7550,20,"NGVD29"
"09261000","GREEN RIVER NEAR JENSEN, UT","UT","UT",40.40871944,-109.2352361,28992,4761.82,0.1,"NAVD88"
"09261700","BIG BRUSH CRK ABV RED FLEET RES, NR VERNAL, UT","UT","UT",40.58883234,-109.4654372,16939,5627.26,0.1,"NAVD88"
"09262000","BIG BRUSH CREEK NEAR VERNAL,UTAH","UT","UT",40.58162648,-109.4348572,14818,5530,20,"NGVD29"
"09266500","ASHLEY CREEK NEAR VERNAL, UT","UT","UT",40.5774426,-109.6221085,40314,6230.61,20,"NGVD29"
"09267500","MOSBY CANAL NEAR LAPOINT, UT","UT","UT",40.6082881,-109.8840393,13848,9500,20,"NGVD29"
"09268000","DRY FORK ABOVE SINKS, NEAR DRY FORK, UTAH","UT","UT",40.6263445,-109.8201488,13354,8108.51,20,"NGVD29"
"09268500","NORTH FORK OF DRY FORK NEAR DRY FORK, UTAH","UT","UT",40.6427334,-109.810982,15863,8284.28,20,"NGVD29"
"09270500","DRY FORK AT MOUTH NEAR DRY FORK, UTAH","UT","UT",40.5263475,-109.6056958,12875,5842.9,20,"NGVD29"
"09271500","ASHLEY CREEK NEAR JENSEN, UTAH","UT","UT",40.37468439,-109.4081875,13515,4795.36,20,"NGVD29"
"09275500","WEST FORK DUCHESNE RIVER NEAR HANNA, UT","UT","UT",40.45022335,-110.8843304,18474,7218,20,"NGVD29"
"09276000","WOLF CREEK ABOVE RHOADES CANYON NEAR HANNA, UT","UT","UT",40.4710558,-110.9187754,14244,7740,20,"NGVD29"
"09277500","DUCHESNE RIVER NEAR TABIONA, UT","UT","UT",40.2997472,-110.6042556,39219,6197.72,0.09,"NAVD88"
"09277501","COM FL DUCHESNE R & DUCHESNE TUN NR TABIONA",NA,"UT",40.30023027,-110.602381,17896,6227,20,"NGVD29"
"09278000","SOUTH FORK ROCK CREEK NEAR HANNA,UTAH","UT","UT",40.54827849,-110.69433,14319,7860,20,"NGVD29"
"09278500","ROCK CREEK NEAR HANNA, UTAH","UT","UT",40.545501,-110.656274,12526,7620,20,"NGVD29"
"09279000","ROCK CREEK NEAR MOUNTAIN HOME, UT","UT","UT",40.4931111,-110.5772222,32279,7243.22,0.11,"NAVD88"
"09279100","ROCK CREEK NEAR TALMAGE, UT","UT","UT",40.31106428,-110.4940467,11322,6119.3,20,"NGVD29"
"09279150","DUCHESNE RIV ABV KNIGHT DIVERSION, NR DUCHESNE, UT","UT","UT",40.27051046,-110.4426567,12235,5840,20,"NGVD29"
"09279500","DUCHESNE RIVER AT DUCHESNE, UTAH","UT","UT",40.16412475,-110.3934884,19205,5494.4,20,"NGVD29"
"09279501","COM FL DUCHESNE R AT DUCHESNE & DUCHESNE TUNNEL",NA,"UT",40.16412475,-110.3934884,18261,5494.4,20,"NGVD29"
"09282000","STRAWBERRY TUNNEL AT WEST PORTAL, NR THISTLE",NA,"UT",40.1610673,-111.2451727,14609,7470,20,"NGVD29"
"09285000","STRAWBERRY RIVER NEAR SOLDIER SPRINGS, UT","UT","UT",40.13328794,-111.024887,16436,7360,20,"NGVD29"
"09287000","CURRANT C BL RED LEDGE HOLLOW NR FRUITLAND, UT","UT","UT",40.3241173,-111.0459995,11748,7520,20,"NGVD29"
"09287500","WATER HOLLOW NR FRUITLAND, UTAH","UT","UT",40.2416191,-110.9807197,14043,7110,20,"NGVD29"
"09288000","CURRANT CREEK NEAR FRUITLAND, UT","UT","UT",40.20023128,-110.9076623,32532,6664.78,0.15,"NAVD88"
"09288180","STRAWBERRY RIVER NEAR DUCHESNE, UT","UT","UT",40.1546793,-110.5548785,21109,5725.29,0.1,"NAVD88"
"09288500","STRAWBERRY RIVER AT DUCHESNE, UTAH","UT","UT",40.16106914,-110.4118219,19906,5512.4,20,"NGVD29"
"09289500","LAKE FORK RIVER AB MOON LAKE, NR MOUNTAIN HOME, UT","UT","UT",40.60252778,-110.5205,28108,8121.4,0.17,"NAVD88"
"09291000","LAKE FORK RIVER BL MOON LAKE NR MOUNTAIN HOME, UT","UT","UT",40.55633555,-110.4846056,30636,7931.72,0.22,"NAVD88"
"09292500","YELLOWSTONE RIVER NEAR ALTONAH, UT","UT","UT",40.51189299,-110.3415491,29722,7451.49,0.12,"NAVD88"
"09294500","LAKE FORK RIVER NEAR MYTON, UT","UT","UT",40.20844444,-110.1173611,11907,5117.6,0.1,"NAVD88"
"09295000","DUCHESNE RIVER AT MYTON, UT","UT","UT",40.20023757,-110.0637613,42108,5065.45,0.01,"NAVD88"
"09296800","UINTA R BLW POWERPLANT DIVERSION, NR NEOLA, UT","UT","UT",40.5913396,-110.1143226,12910,7316.72,0.16,"NAVD88"
"09297000","UINTA RIVER NEAR NEOLA, UTAH","UT","UT",40.5355082,-110.0634884,21171,6910,20,"NGVD29"
"09298000","FARM CREEK NEAR WHITEROCKS, UTAH","UT","UT",40.56745407,-109.9615413,11754,7040,20,"NGVD29"
"09299500","WHITEROCKS RIVER NEAR WHITEROCKS, UT","UT","UT",40.5935653,-109.9323739,37644,7200,20,"NGVD29"
"09301500","UINTA RIVER AT RANDLETT, UT","UT","UT",40.23355686,-109.803777,12020,4791.91,0.16,"NAVD88"
"09302000","DUCHESNE RIVER NEAR RANDLETT, UT","UT","UT",40.21027778,-109.7813889,30453,4746.96,0.13,"NAVD88"
"09306500","WHITE RIVER NEAR WATSON, UTAH","UT","UT",39.97885629,-109.1787269,35387,4950.82,0.1,"NAVD88"
"09308500","MINNIE MAUD CREEK NR MYTON, UTAH","UT","UT",39.798574,-110.565991,13576,7190,20,"NGVD29"
"09310000","GOOSEBERRY CREEK NEAR SCOFIELD, UT","UT","UT",39.7157951,-111.3001788,23562,8400,20,"NGVD29"
"09310500","FISH CREEK ABOVE RESERVOIR, NEAR SCOFIELD, UT","UT","UT",39.77440566,-111.191006,32219,7636.11,0.15,"NAVD88"
"09310700","MUD CRK BL WINTER QUARTERS CYN @ SCOFIELD, UT","UT","UT",39.7219111,-111.1615444,15893,7703.91,0.12,"NAVD88"
"09311500","PRICE RIVER NEAR SCOFIELD, UTAH","UT","UT",39.78690558,-111.1201697,14649,7570.13,20,"NGVD29"
"09312600","WHITE R BL TABBYUNE CRK NR SOLDIER SUMMIT, UT","UT","UT",39.87601667,-111.0375167,21455,7235.55,0.23,"NAVD88"
"09313000","PRICE RIVER NEAR HEINER, UTAH","UT","UT",39.71885199,-110.8659946,18418,6000,20,"NGVD29"
"09314500","PRICE RIVER AT WOODSIDE, UT","UT","UT",39.26444444,-110.3427778,26469,4610.61,0.13,"NAVD88"
"09315000","GREEN RIVER AT GREEN RIVER, UT","UT","UT",38.98886944,-110.1503556,46006,4043.61,0.1,"NAVD88"
"09315005","COLORADO RIVER PLUS GREEN RIVER (TEMP)",NA,"UT",38.98636088,-110.1515253,20453,NA,NA,NA
"09318000","HUNTINGTON CREEK NR HUNTINGTON, UTAH","UT","UT",39.37135608,-111.0637799,21876,6210,20,"NGVD29"
"09319000","EPHRAIM TUNNEL NEAR EPHRAIM, UT","UT","UT",39.3296855,-111.4315745,13280,9694.9,20,"NGVD29"
"09324500","COTTONWOOD CREEK NEAR ORANGEVILLE, UTAH","UT","UT",39.26663339,-111.1298922,24031,6050,20,"NGVD29"
"09326500","FERRON CREEK (UPPER STATION) NEAR FERRON, UT","UT","UT",39.1049972,-111.2289917,33008,6290.26,0.17,"NAVD88"
"09328000","SAN RAFAEL RIVER NEAR CASTLE DALE, UTAH","UT","UT",39.1382333,-110.89065,11862,5301.66,0.2,"NAVD88"
"09328500","SAN RAFAEL RIVER NEAR GREEN RIVER, UT","UT","UT",38.8583081,-110.3701469,32643,4180.95,0.11,"NAVD88"
"09329050","SEVEN MILE CREEK NEAR FISH LAKE, UT","UT","UT",38.62775234,-111.6479647,18910,9005.79,0.25,"NAVD88"
"09330000","FREMONT RIVER NEAR BICKNELL, UT","UT","UT",38.3069248,-111.5187917,26746,6888.28,0.24,"NAVD88"
"09330230","FREMONT RIVER NEAR CAINEVILLE, UT","UT","UT",38.2791469,-111.0657201,16284,4760,20,"NGVD29"
"09330500","MUDDY CREEK NEAR EMERY, UT","UT","UT",38.99105556,-111.253886,29282,6505.49,0.17,"NAVD88"
"09333500","DIRTY DEVIL R AB POISON SP WSH NR HANKSVILLE UT","UT","UT",38.0971222,-110.4074167,25616,3826.73,0.15,"NAVD88"
"09337000","PINE CREEK NEAR ESCALANTE, UT","UT","UT",37.86248747,-111.6360113,26920,6401.31,0.26,"NAVD88"
"09337500","ESCALANTE RIVER NEAR ESCALANTE, UT","UT","UT",37.77804389,-111.5746181,25278,5664.43,0.24,"NAVD88"
"09378170","SOUTH CREEK ABOVE RESERVOIR NEAR MONTICELLO, UT","UT","UT",37.8466608,-109.3695625,14747,7164.57,0.15,"NAVD88"
"09378630","RECAPTURE CREEK NEAR BLANDING, UT","UT","UT",37.7555504,-109.476511,22050,7200,20,"NGVD29"
"09379500","SAN JUAN RIVER NEAR BLUFF, UT","UT","UT",37.15067778,-109.8666889,37016,4046.22,0.21,"NAVD88"
"09403600","KANAB CREEK NEAR KANAB, UT","UT","UT",37.10054059,-112.5479827,17212,5049.43,0.2,"NAVD88"
"09404450","EAST FORK VIRGIN RIVER NEAR GLENDALE, UT","UT","UT",37.3394272,-112.6043769,21687,5872.07,0.23,"NAVD88"
"09404900","EAST FORK VIRGIN RIVER NEAR SPRINGDALE, UT","UT","UT",37.16414955,-112.9585499,12556,3931.22,0.23,"NAVD88"
"09405500","NORTH FORK VIRGIN RIVER NEAR SPRINGDALE, UT","UT","UT",37.2097046,-112.9785512,36543,3957.92,0.24,"NAVD88"
"09406000","VIRGIN RIVER AT VIRGIN, UT","UT","UT",37.2041494,-113.1807789,40045,3495.73,0.22,"NAVD88"
"09408000","LEEDS CREEK NEAR LEEDS, UT","UT","UT",37.26748174,-113.3707839,22416,4002.46,0.22,"NAVD88"
"09408150","VIRGIN RIVER NEAR HURRICANE, UT","UT","UT",37.16276007,-113.3952285,20929,2739.42,0.14,"NAVD88"
"09408400","SANTA CLARA RIVER NEAR PINE VALLEY, UT","UT","UT",37.38331325,-113.483288,24273,6624.05,0.23,"NAVD88"
"09409000","SANTA CLARA RIVER NEAR CENTRAL, UTAH","UT","UT",37.39997885,-113.6174603,16216,5170,20,"NGVD29"
"09409100","SANTA CLARA RIVER ABV BAKER RES, NR CENTRAL, UT","UT","UT",37.38470108,-113.6319052,13286,4882.44,0.23,"NAVD88"
"09409880","SANTA CLARA RIVER AT GUNLOCK, UT","UT","UT",37.28192276,-113.7674656,16187,3628,20,"NGVD29"
"09410100","SANTA CLARA RIV BLW WINSOR DAM, NR SANTA CLARA, UT","UT","UT",37.19,-113.7680556,15066,3194.8,0.21,"NAVD88"
"09413000","SANTA CLARA RIVER AT ST. GEORGE, UT","UT","UT",37.07525867,-113.5930125,17254,2545.14,0.06,"NAVD88"
"09413200","VIRGIN RIVER NEAR BLOOMINGTON, UT","UT","UT",37.07,-113.5838889,17684,2511.34,0.06,"NAVD88"
"09413500","VIRGIN RIVER NEAR ST. GEORGE, UT","UT","UT",37.0144243,-113.6805163,14840,2401.58,0.2,"NAVD88"
"09413900","BEAVER DAM WASH NEAR ENTERPRISE, UT","UT","UT",37.46996127,-114.0466483,12075,4740.53,0.24,"NAVD88"
"10010500","HILLIARD-E FK CANAL NR ST LINE NR EVANSTON, WYO.",NA,"UT",40.9166139,-110.8215619,11474,8500,20,"NGVD29"
"10011500","BEAR RIVER NEAR UTAH-WYOMING STATE LINE",NA,"UT",40.9652079,-110.853539,30545,7961.25,0.14,"NAVD88"
"10017000","YELLOW CREEK NEAR EVANSTON, WYOMING","WY","UT",41.14411319,-111.0535167,11589,6920,20,"NGVD29"
"10021000","WOODRUFF CREEK NEAR WOODRUFF, UTAH","UT","UT",41.4818866,-111.2668638,11593,6600,20,"NGVD29"
"10023000","BIG CREEK NEAR RANDOLPH, UT","UT","UT",41.60994177,-111.2540876,23791,6410.38,0.21,"NAVD88"
"10026500","BEAR RIVER NEAR RANDOLPH, UT","UT","UT",41.79813889,-111.0706111,19568,6200,20,"NGVD29"
"10026500","BEAR RIVER NEAR RANDOLPH, UT","UT","UT",41.79813889,-111.0706111,17850,6200,20,"NGVD29"
"10104700","LITTLE BEAR R BL DAVENPORT C NR AVON UT","UT","UT",41.51243597,-111.8118852,11688,5020,20,"NGVD29"
"10105900","LITTLE BEAR RIVER AT PARADISE, UT","UT","UT",41.5754898,-111.8552203,12192,4742.67,0.11,"NAVD88"
"10106000","LITTLE BEAR RIVER NEAR PARADISE, UTAH","UT","UT",41.5902117,-111.8535537,17531,4680,20,"NGVD29"
"10107500","LITTLE BEAR RIVER NEAR HYRUM, UTAH","UT","UT",41.63326597,-111.8841105,11475,4520,20,"NGVD29"
"10108000","UTAH POWER AND LIGHT TAILRACE NR LOGAN UTAH","UT","UT",41.74437546,-111.7841089,20748,4680,20,"NGVD29"
"10108400","CACHE HIGHLINE CANAL NEAR LOGAN, UTAH","UT","UT",41.743375,-111.762061,22936,4861.05,0.11,"NAVD88"
"10109000","LOGAN RIVER ABOVE STATE DAM, NEAR LOGAN, UT","UT","UT",41.74355,-111.7839806,26434,4681.8,0.1,"NAVD88"
"10109001","COM F LOGAN R AB ST D AND CACHE HL CAN NR LOGAN UT","UT","UT",41.74437546,-111.7843867,38122,4680,20,"NGVD29"
"10113500","BLACKSMITH FORK AB UP and L CO.'S DAM NR HYRUM, UT","UT","UT",41.62400556,-111.7361639,39557,5020.52,0.12,"NAVD88"
"10117000","HAMMOND (EAST SIDE) CANAL NEAR COLLINSTON, UT","UT","UT",41.830746,-112.0574747,30385,NA,NA,NA
"10117500","WEST SIDE CANAL NEAR COLLINSTON, UT","UT","UT",41.8318571,-112.0608081,35291,NA,NA,NA
"10118000","BEAR RIVER NEAR COLLINSTON, UT","UT","UT",41.8340793,-112.0552524,43164,4276.13,20,"NGVD29"
"10126000","BEAR RIVER NEAR CORINNE, UT","UT","UT",41.5763213,-112.100782,25704,4206.78,0.16,"NAVD88"
"10128500","WEBER RIVER NEAR OAKLEY, UT","UT","UT",40.7371721,-111.2479652,44330,6637.22,0.14,"NAVD88"
"10129000","WEBER-PROVO DIVERSION CANAL AT OAKLEY, UTAH","UT","UT",40.7082836,-111.2757424,11322,6500,20,"NGVD29"
"10129300","WEBER RIVER NEAR PEOA, UTAH","UT","UT",40.75105998,-111.3704716,11037,6052.38,0.01,"NAVD88"
"10129500","WEBER RIVER NEAR WANSHIP, UT","UT","UT",40.79272607,-111.404918,16020,5894.02,0.14,"NAVD88"
"10130500","WEBER RIVER NEAR COALVILLE, UT","UT","UT",40.89522527,-111.4018633,36109,5604.38,0.14,"NAVD88"
"10131000","CHALK CREEK AT COALVILLE, UT","UT","UT",40.92050285,-111.4015858,36115,5561.43,0.01,"NAVD88"
"10132000","WEBER RIVER AT ECHO, UT","UT","UT",40.9677245,-111.437699,25156,5442.15,0.14,"NAVD88"
"10132500","LOST CREEK NEAR CROYDON, UTAH","UT","UT",41.18068056,-111.4004583,24498,5825.52,0.2,"NAVD88"
"10133500","WEBER RIVER AT DEVILS SLIDE, UTAH","UT","UT",41.06105605,-111.5743724,16621,5300,20,"NGVD29"
"10134500","EAST CANYON CREEK NEAR MORGAN, UT","UT","UT",40.92244629,-111.6071504,34471,5470.75,0.26,"NAVD88"
"10136500","WEBER RIVER AT GATEWAY, UT","UT","UT",41.1368878,-111.8324384,38611,4794.09,0.12,"NAVD88"
"10137500","SOUTH FORK OGDEN RIVER NEAR HUNTSVILLE, UT","UT","UT",41.26855226,-111.6741004,38317,5181.5,0.22,"NAVD88"
"10139300","WHEELER CREEK NEAR HUNTSVILLE, UTAH","UT","UT",41.25383128,-111.8429947,13513,4800,20,"NGVD29"
"10140100","OGDEN RIVER BL PINEVIEW RES NR HUNTSVILLE, UT","UT","UT",41.254387,-111.8557727,13651,4783.2,0.16,"NAVD88"
"10141000","WEBER RIVER NEAR PLAIN CITY, UT","UT","UT",41.2782765,-112.0918866,43237,4200.22,0.01,"NAVD88"
"10142000","FARMINGTON CR ABV DIV NR FARMINGTON, UTAH","UT","UT",41.00133317,-111.8732724,16260,5043.27,0.22,"NAVD88"
"10143500","CENTERVILLE CREEK ABV DIV NR CENTERVILLE, UT","UT","UT",40.91633389,-111.8629931,16225,4680,20,"NGVD29"
"10145400","SALT CRK BL NEPHI POWERPLANT DIV NR NEPHI, UT","UT","UT",39.7171797,-111.7335396,11841,5746.93,0.2,"NAVD88"
"10146000","SALT CREEK AT NEPHI, UT","UT","UT",39.71301186,-111.8043759,22783,5282.5,0.14,"NAVD88"
"10146400","CURRANT CREEK NEAR MONA, UT","UT","UT",39.80259167,-111.8668806,17304,4883.72,0.13,"NAVD88"
"10148200","TIE FORK NEAR SOLDIER SUMMIT, UT","UT","UT",39.94995766,-111.2168391,12053,6120,20,"NGVD29"
"10148500","SPANISH FORK AT THISTLE, UTAH","UT","UT",39.9994002,-111.4993557,21822,5027.28,20,"NGVD29"
"10150500","SPANISH FORK AT CASTILLA, UT","UT","UT",40.0496781,-111.5479705,36356,4869.97,0.18,"NAVD88"
"10152000","SPANISH FORK NEAR LAKE SHORE, UTAH","UT","UT",40.15023176,-111.7260394,25185,4500,20,"NGVD29"
"10152500","HOBBLE CR NR SPRINGVILLE UTAH","UT","UT",40.15801248,-111.5274129,13788,4920,20,"NGVD29"
"10153800","NORTH FORK PROVO RIVER NEAR KAMAS, UT","UT","UT",40.59661455,-111.0973947,12083,7480,20,"NGVD29"
"10154200","PROVO RIVER NEAR WOODLAND, UT","UT","UT",40.5577278,-111.1687838,22864,6958.3,0.22,"NAVD88"
"10155000","PROVO RIVER NEAR HAILSTONE, UT","UT","UT",40.6051111,-111.3145278,27896,6282.83,0.1,"NAVD88"
"10155500","PROVO RIVER NEAR CHARLESTON, UT","UT","UT",40.4841221,-111.4635198,16933,5427.04,0.09,"NAVD88"
"10156000","SNAKE CREEK NEAR CHARLESTON, UT","UT","UT",40.4852332,-111.4671312,16374,5426.64,0.09,"NAVD88"
"10157500","DANIELS CREEK AT CHARLESTON, UT","UT","UT",40.46078909,-111.472687,11978,5419,0.09,"NAVD88"
"10159500","PROVO RIVER BELOW DEER CREEK DAM, UT","UT","UT",40.40328927,-111.5296355,18414,5270,20,"NGVD29"
"10161500","SOUTH FORK PROVO R AT VIVIAN PARK, UTAH","UT","UT",40.35273337,-111.5701939,18627,5240,20,"NGVD29"
"10163000","PROVO RIVER AT PROVO, UT","UT","UT",40.23925556,-111.7111944,33381,4493.22,0.16,"NAVD88"
"10164500","AMERICAN FK AB UPPER POWERPLANT NR AMERICAN FK, UT","UT","UT",40.4477297,-111.6821472,34135,5937.21,0.1,"NAVD88"
"10166430","WEST CANYON CREEK NEAR CEDAR FORT, UT","UT","UT",40.4052063,-112.1005142,18115,5628.62,0.1,"NAVD88"
"10167000","JORDAN RIVER AT NARROWS NEAR LEHI, UTAH","UT","UT",40.4438384,-111.9221572,20275,4469.44,20,"NGVD29"
"10168000","LITTLE COTTONWOOD CREEK @ JORDAN RIVER NR SLC",NA,"UT",40.66430556,-111.898861,14164,4254.24,0.13,"NAVD88"
"10168300","TAILRACE AT STAIRS PLANT NEAR SALT LAKE CITY, UT","UT","UT",40.62381707,-111.752173,24379,5460,20,"NGVD29"
"10168500","BIG COTTONWOOD CR NR SALT LAKE CITY UTAH","UT","UT",40.6185592,-111.7818763,21877,4990,20,"NGVD29"
"10170490","COM FLW JORDAN RIVER & SURPLUS CANAL @ SLC, UT","UT","UT",40.72689076,-111.9266037,30392,NA,NA,NA
"10170500","SURPLUS CANAL @ SALT LAKE CITY, UT","UT","UT",40.72755556,-111.927361,30392,4216.71,0.1,"NAVD88"
"10171000","JORDAN RIVER @ 1700 SOUTH @ SALT LAKE CITY, UT","UT","UT",40.73355737,-111.9232703,30392,4222.64,0.13,"NAVD88"
"10172200","RED BUTTE CREEK AT FORT DOUGLAS, NEAR SLC, UT","UT","UT",40.77994627,-111.806045,22783,5403.38,0.18,"NAVD88"
"10172630","GOGGIN DRAIN NEAR MAGNA UTAH","UT","UT",40.81661107,-112.1007767,13438,4194.01,0.18,"NAVD88"
"10172700","VERNON CREEK NEAR VERNON, UT","UT","UT",39.97939105,-112.3802297,24704,6207.07,0.16,"NAVD88"
"10172800","SOUTH WILLOW CREEK NEAR GRANTSVILLE, UT","UT","UT",40.496313,-112.5744182,22851,6334.75,0.14,"NAVD88"
"10172870","TROUT CREEK NEAR CALLAO, UT","UT","UT",39.74410784,-113.8899945,22053,6332.16,0.16,"NAVD88"
"10172952","DUNN CREEK NEAR PARK VALLEY, UT","UT","UT",41.85851438,-113.3272356,18916,6278.22,0.14,"NAVD88"
"10173450","MAMMOTH CREEK ABV WEST HATCH DITCH, NEAR HATCH, UT","UT","UT",37.6227572,-112.5168773,22398,7285.74,0.23,"NAVD88"
"10174500","SEVIER RIVER AT HATCH, UT","UT","UT",37.65109086,-112.4302069,36785,6871.58,0.24,"NAVD88"
"10180000","SEVIER RIVER NEAR CIRCLEVILLE, UT","UT","UT",38.1041436,-112.3363172,21035,6240,20,"NGVD29"
"10183500","SEVIER RIVER NEAR KINGSTON, UT","UT","UT",38.20609038,-112.2077024,40791,5989.02,0.23,"NAVD88"
"10183900","EAST FORK SEVIER RIVER NEAR RUBYS INN, UT","UT","UT",37.57581584,-112.2657537,12418,7860,20,"NGVD29"
"10189000","EAST FORK SEVIER RIVER NEAR KINGSTON, UT","UT","UT",38.19636955,-112.1477005,41232,6159.54,0.23,"NAVD88"
"10189001","COMBINED FLOW SEVIER R AND E FK SEVIER R",NA,"UT",38.3233117,-112.1918684,23000,NA,NA,NA
"10191500","SEVIER RIVER BELOW PIUTE DAM, NEAR MARYSVALE, UT","UT","UT",38.32803395,-112.1877015,33346,5920,20,"NGVD29"
"10194000","SEVIER RIVER ABOVE CLEAR CREEK, NEAR SEVIER, UT","UT","UT",38.5721952,-112.2582608,20644,5560,20,"NGVD29"
"10194200","CLEAR CREEK ABOVE DIVERSIONS, NEAR SEVIER, UT","UT","UT",38.5794169,-112.2885399,24718,5677.01,0.23,"NAVD88"
"10205000","SEVIER RIVER NEAR SIGURD, UT","UT","UT",38.873298,-111.9540931,32428,5180,20,"NGVD29"
"10205030","SALINA CREEK NEAR EMERY, UT","UT","UT",38.9119141,-111.5304654,22783,6988.84,0.23,"NAVD88"
"10206000","SALINA CREEK AT SALINA, UT","UT","UT",38.95662956,-111.8668697,18907,5140,20,"NGVD29"
"10206001","SEVIER RIVER BELOW SALINA CREEK NEAR SALINA, UT","UT","UT",38.96551807,-111.8815927,13877,NA,NA,NA
"10215900","MANTI CREEK BLW DUGWAY CREEK, NR MANTI, UT","UT","UT",39.25912877,-111.579916,20955,6505.44,0.21,"NAVD88"
"10217000","SEVIER RIV BLW SAN PITCH RIV NR GUNNISON, UT","UT","UT",39.1552387,-111.877705,39584,5029.08,0.21,"NAVD88"
"10219000","SEVIER RIVER NEAR JUAB, UT","UT","UT",39.37468029,-112.0396557,41774,4930.86,0.23,"NAVD88"
"10219200","CHICKEN CREEK NEAR LEVAN, UT","UT","UT",39.5521802,-111.8299276,12052,5540,20,"NGVD29"
"10224000","SEVIER RIVER NEAR LYNNDYL, UT","UT","UT",39.48189754,-112.3938338,32377,4670.65,0.12,"NAVD88"
"10224100","OAK CREEK ABOVE LITTLE CREEK, NEAR OAK CITY, UT","UT","UT",39.356346,-112.2327174,12052,6480,20,"NGVD29"
"10234500","BEAVER RIVER NEAR BEAVER, UT","UT","UT",38.2798,-112.568286,40880,6203.51,0.25,"NAVD88"
"10237000","BEAVER RIVER AT ADAMSVILLE, UT","UT","UT",38.25358104,-112.766334,33194,5550,20,"NGVD29"
"10239000","BEAVER RIVER AT ROCKY FORD DAM, NR MINERSVILLE, UT","UT","UT",38.21746996,-112.8402256,32590,5400,20,"NGVD29"
"10242000","COAL CREEK NEAR CEDAR CITY, UT","UT","UT",37.67219924,-113.0346702,34583,5983.01,0.2,"NAVD88"
"13077700","GEORGE CREEK NEAR YOST, UTAH","UT","UT",41.9185291,-113.4816691,11049,7000,20,"NGVD29"
"12010000","NASELLE RIVER NEAR NASELLE, WA","WA","WA",46.3739937,-123.743482,27180,24.31,0.04,"NAVD88"
"12010000","NASELLE RIVER NEAR NASELLE, WA","WA","WA",46.3739937,-123.743482,35201,24.31,0.04,"NAVD88"
"12013500","WILLAPA RIVER NEAR WILLAPA, WA","WA","WA",46.65093418,-123.6526584,26045,6.92,0.05,"NAVD88"
"12017000","NORTH RIVER NEAR RAYMOND, WA","WA","WA",46.8073184,-123.8507215,20269,7.39,10,"NGVD29"
"12020000","CHEHALIS RIVER NEAR DOTY, WA","WA","WA",46.6173236,-123.277644,31549,0,5,"NAVD88"
"12024000","SOUTH FORK NEWAUKUM RIVER NEAR ONALASKA, WA","WA","WA",46.57566178,-122.6851159,12574,0,10,"NAVD88"
"12025000","NEWAUKUM RIVER NEAR CHEHALIS, WA","WA","WA",46.6201042,-122.945126,31123,0,5,"NAVD88"
"12025700","SKOOKUMCHUCK RIVER NEAR VAIL, WA","WA","WA",46.77260276,-122.5940086,21322,0,5,"NAVD88"
"12026000","SKOOKUMCHUCK RIVER NEAR CENTRALIA, WA","WA","WA",46.78732398,-122.7137346,12540,300,10,"NGVD29"
"12026150","SKOOKUMCHUCK RIVER BL BLDY RUN CR NR CENTRALIA, WA","WA","WA",46.79010157,-122.7354019,20652,0,5,"NAVD88"
"12026400","SKOOKUMCHUCK RIVER NEAR BUCODA, WA","WA","WA",46.7720459,-122.924298,21235,0,5,"NAVD88"
"12027500","CHEHALIS RIVER NEAR GRAND MOUND, WA","WA","WA",46.7759343,-123.0356919,35566,0,5,"NAVD88"
"12031000","CHEHALIS RIVER AT PORTER, WA","WA","WA",46.93926375,-123.3143194,26101,0,5,"NAVD88"
"12035000","SATSOP RIVER NEAR SATSOP, WA","WA","WA",47.0006512,-123.4948838,35384,0,5,"NAVD88"
"12035400","WYNOOCHEE RIVER NEAR GRISDALE, WA","WA","WA",47.3803354,-123.6098648,22034,632.59,0.11,"NAVD88"
"12036000","WYNOOCHEE RIVER ABOVE SAVE CREEK NEAR ABERDEEN, WA","WA","WA",47.2989784,-123.6532235,36784,403.85,0.07,"NAVD88"
"12037400","WYNOOCHEE RIVER ABOVE BLACK CREEK NR MONTESANO, WA","WA","WA",47.0114831,-123.6554417,24974,0,5,"NAVD88"
"12039000","HUMPTULIPS RIVER NEAR HUMPTULIPS, WA","WA","WA",47.228143,-123.9410066,14246,120,10,"NGVD29"
"12039500","QUINAULT RIVER AT QUINAULT LAKE, WA","WA","WA",47.4575863,-123.8893446,40687,182.05,0.12,"NAVD88"
"12040500","QUEETS RIVER NEAR CLEARWATER, WA","WA","WA",47.5378275,-124.3157227,25949,18.73,0.09,"NAVD88"
"12041000","HOH RIVER NEAR FORKS, WA","WA","WA",47.80536067,-124.1068631,13940,320,10,"NGVD29"
"12041200","HOH RIVER AT US HIGHWAY 101 NEAR FORKS, WA","WA","WA",47.80674726,-124.2510329,23868,163.64,10,"NGVD29"
"12041500","SOLEDUCK RIVER NEAR FAIRHOLM, WA","WA","WA",48.0442513,-123.9590917,17153,1060,10,"NGVD29"
"12043000","CALAWAH RIVER NEAR FORKS, WA","WA","WA",47.96007697,-124.3929872,18581,205.04,0.02,"NAVD88"
"12043300","HOKO RIVER NEAR SEKIU, WA","WA","WA",48.24146416,-124.3838328,17569,37.29,0.11,"NAVD88"
"12045500","ELWHA RIVER AT MCDONALD BR NEAR PORT ANGELES, WA","WA","WA",48.05478018,-123.5832136,40771,204.11,0.11,"NAVD88"
"12048000","DUNGENESS RIVER NEAR SEQUIM, WA","WA","WA",48.0142578,-123.1326773,35079,565.9,0.12,"NAVD88"
"12052210","BIG QUILCENE RIVER BELOW DIVERSION NR QUILCENE, WA","WA","WA",47.78450887,-122.9795778,11407,1012.62,0.1,"NAVD88"
"12054000","DUCKABUSH RIVER NEAR BRINNON, WA","WA","WA",47.68398059,-123.011551,32003,245.22,0.11,"NAVD88"
"12056500","NF SKOKOMISH R BL STAIRCASE RPDS NR HOODSPORT, WA","WA","WA",47.51425666,-123.3298868,37083,762.26,10,"NGVD29"
"12057500","NORTH FORK SKOKOMISH RIVER NEAR HOODSPORT, WA","WA","WA",47.42314717,-123.222381,20327,430,10,"NGVD29"
"12059500","NORTH FORK SKOKOMISH RIVER NEAR POTLATCH, WA","WA","WA",47.32978387,-123.243186,29789,67.73,0.05,"NAVD88"
"12060500","SOUTH FORK SKOKOMISH RIVER NEAR UNION, WA","WA","WA",47.34036949,-123.2801586,30508,105.91,0.09,"NAVD88"
"12061500","SKOKOMISH RIVER NEAR POTLATCH, WA","WA","WA",47.3098151,-123.1770995,29835,13.99,0.02,"NAVD88"
"12069550","BIG BEEF CREEK NEAR SEABECK, WA","WA","WA",47.64064868,-122.7851527,12555,40,10,"NGVD29"
"12073500","HUGE CREEK NEAR WAUNA, WA","WA","WA",47.38926205,-122.6990241,25794,84.7,0.05,"NAVD88"
"12079000","DESCHUTES RIVER NEAR RAINIER, WA","WA","WA",46.85204488,-122.6687354,24918,349.1,0.01,"NAVD88"
"12080010","DESCHUTES RIVER AT E ST BRIDGE AT TUMWATER, WA","WA","WA",47.01173227,-122.9031686,18978,65.33,0.02,"NAVD88"
"12082500","NISQUALLY RIVER NEAR NATIONAL, WA","WA","WA",46.75260766,-122.0837194,30575,1450,10,"NGVD29"
"12083000","MINERAL CREEK NEAR MINERAL, WA","WA","WA",46.74424068,-122.144529,26793,1310.34,0.12,"NAVD88"
"12086500","NISQUALLY RIVER AT LA GRANDE, WA","WA","WA",46.83927048,-122.3292809,36326,497,0.2,"NAVD88"
"12087000","MASHEL RIVER NEAR LA GRANDE, WA","WA","WA",46.85673885,-122.3025917,18764,623.04,0.03,"NAVD88"
"12088000","OHOP CREEK NEAR EATONVILLE, WA","WA","WA",46.88093699,-122.2790026,24860,517.76,10,"NGVD29"
"12089208","CENTRALIA POWER CANAL NEAR MCKENNA, WA","WA","WA",46.9001003,-122.4984532,16768,319.56,0.11,"NAVD88"
"12089500","NISQUALLY RIVER AT MCKENNA, WA","WA","WA",46.93340268,-122.5609345,25469,289.41,0.02,"NAVD88"
"12090400","NORTH FORK CLOVER CREEK NEAR PARKLAND, WA","WA","WA",47.1345151,-122.4151013,11832,305.78,0,"NAVD88"
"12090500","CLOVER CREEK NEAR TILLICUM, WA","WA","WA",47.14590298,-122.5103822,14086,250.02,0.05,"NAVD88"
"12091100","FLETT CREEK AT TACOMA, WA","WA","WA",47.1888583,-122.5201028,22820,192.66,0.01,"NAVD88"
"12091200","LEACH CREEK NEAR FIRCREST, WA","WA","WA",47.22145848,-122.5092728,24527,191.72,0.14,"NAVD88"
"12091300","LEACH CREEK NEAR STEILACOOM, WA","WA","WA",47.1981538,-122.522625,16549,140,20,"NGVD29"
"12091500","CHAMBERS CREEK BL LEACH CREEK NEAR STEILACOOM, WA","WA","WA",47.1975694,-122.5287173,19472,96.53,0.14,"NAVD88"
"12092000","PUYALLUP RIVER NEAR ELECTRON, WA","WA","WA",46.9037164,-122.0351092,35930,1636.67,0.1,"NAVD88"
"12093500","PUYALLUP RIVER NEAR ORTING, WA","WA","WA",47.0392396,-122.2078708,34471,355.6,0.1,"NAVD88"
"12094000","CARBON RIVER NEAR FAIRFAX, WA","WA","WA",47.02788105,-122.0326105,30995,1213.66,0.12,"NAVD88"
"12095000","SOUTH PRAIRIE CREEK AT SOUTH PRAIRIE, WA","WA","WA",47.13954628,-122.0926135,22162,403.5,0.03,"NAVD88"
"12097000","WHITE RIVER AT GREENWATER, WA","WA","WA",47.1464962,-121.6467658,17001,1725,10,"NGVD29"
"12097500","GREENWATER RIVER AT GREENWATER, WA","WA","WA",47.1534409,-121.6356543,31855,1724.81,0.11,"NAVD88"
"12097850","WHITE RIVER BELOW CLEARWATER RIVER NR BUCKLEY, WA","WA","WA",47.1467703,-121.8601066,12219,1103.6,0.09,"NAVD88"
"12098500","WHITE RIVER NEAR BUCKLEY, WA","WA","WA",47.15118666,-121.94981,25566,3.48,0.17,"NAVD88"
"12099600","BOISE CREEK AT BUCKLEY, WA","WA","WA",47.175935,-122.0184452,17522,632.84,0,"NAVD88"
"12101100","LAKE TAPPS DIVERSION AT DIERINGER, WA","WA","WA",47.2381564,-122.2281746,24632,45.88,0.01,"NAVD88"
"12101500","PUYALLUP RIVER AT PUYALLUP, WA","WA","WA",47.20843358,-122.3270652,40772,3.49,0.03,"NAVD88"
"12104000","FRIDAY CREEK NEAR LESTER, WA","WA","WA",47.2212225,-121.4573162,11687,1760,10,"NGVD29"
"12104500","GREEN RIVER NEAR LESTER, WA","WA","WA",47.20760945,-121.5531519,16829,1480,10,"NGVD29"
"12105900","GREEN RIVER BELOW HOWARD A HANSON DAM, WA","WA","WA",47.2837143,-121.797885,23878,990,10,"NGVD29"
"12106500","GREEN RIVER NEAR PALMER, WA","WA","WA",47.29426955,-121.8234415,11596,912.6,10,"NGVD29"
"12106700","GREEN RIVER AT PURIFICATION PLANT NEAR PALMER, WA","WA","WA",47.30510257,-121.8506647,22875,859.53,10,"NGVD29"
"12108500","NEWAUKUM CREEK NEAR BLACK DIAMOND, WA","WA","WA",47.2756564,-122.059559,29115,310,10,"NGVD29"
"12112600","BIG SOOS CREEK ABOVE HATCHERY NEAR AUBURN, WA","WA","WA",47.31232289,-122.165396,23908,79.98,0.05,"NAVD88"
"12113000","GREEN RIVER NEAR AUBURN, WA","WA","WA",47.3123228,-122.2040082,32705,NA,NA,NA
"12113346","SPRINGBROOK CREEK AT ORILLIA, WA","WA","WA",47.43121109,-122.2276213,11825,0,0.01,"NAVD88"
"12113347","MILL CREEK AT EARTHWORKS PARK AT KENT, WA","WA","WA",47.38315577,-122.2248429,11617,NA,NA,NA
"12113349","MILL CREEK NEAR MOUTH AT ORILLIA, WA","WA","WA",47.43009988,-122.2431772,11678,0,0.1,"NAVD88"
"12114000","SOUTH FORK CEDAR RIVER NEAR LESTER, WA","WA","WA",47.3081661,-121.5178732,14282,2300,10,"NGVD29"
"12114500","CEDAR RIVER BELOW BEAR CREEK NEAR CEDAR FALLS, WA","WA","WA",47.34202406,-121.5489688,25065,1882.78,0.12,"NAVD88"
"12115000","CEDAR RIVER NEAR CEDAR FALLS, WA","WA","WA",47.3701073,-121.6251009,29357,1569.82,0.12,"NAVD88"
"12115500","REX RIVER NEAR CEDAR FALLS, WA","WA","WA",47.35063398,-121.6631392,29357,1727.55,0.11,"NAVD88"
"12115700","BOULDER CREEK NEAR CEDAR FALLS, WA","WA","WA",47.36621625,-121.6928821,15264,1662.24,0.14,"NAVD88"
"12116100","CANYON CREEK NEAR CEDAR FALLS, WA","WA","WA",47.4195473,-121.7664977,29479,1256.59,0.11,"NAVD88"
"12116500","CEDAR RIVER AT CEDAR FALLS, WA","WA","WA",47.4170215,-121.7920335,40863,905.86,0.11,"NAVD88"
"12117000","TAYLOR CREEK NEAR SELLECK, WA","WA","WA",47.38646539,-121.846201,25491,943.37,0.11,"NAVD88"
"12117500","CEDAR RIVER NEAR LANDSBURG, WA","WA","WA",47.39368648,-121.9545378,46736,568.51,0.14,"NAVD88"
"12117600","CEDAR RIVER BELOW DIVERSION NEAR LANDSBURG, WA","WA","WA",47.3795458,-121.983448,12484,490,10,"NGVD29"
"12118400","ROCK CREEK AT HIGHWAY 516 NEAR RAVENSDALE, WA","WA","WA",47.36232337,-122.0109484,11328,559.24,0.01,"NAVD88"
"12118500","ROCK CREEK NEAR MAPLE VALLEY, WA","WA","WA",47.3797969,-122.0173172,17045,400,1,"NAVD88"
"12119000","CEDAR RIVER AT RENTON, WA","WA","WA",47.4825999,-122.2034547,29387,18.77,0.06,"NAVD88"
"12120000","MERCER CREEK NEAR BELLEVUE, WA","WA","WA",47.60287716,-122.180956,23559,16.11,10,"NGVD29"
"12120600","ISSAQUAH CREEK NEAR HOBART, WA","WA","WA",47.457297,-122.0050964,14016,326.63,0.04,"NAVD88"
"12121600","ISSAQUAH CREEK NEAR MOUTH NEAR ISSAQUAH, WA","WA","WA",47.55229658,-122.0478776,22783,42.84,0.04,"NAVD88"
"12125200","SAMMAMISH RIVER NEAR WOODINVILLE, WA","WA","WA",47.70343228,-122.1437349,15125,NA,NA,NA
"12133000","SOUTH FORK SKYKOMISH RIVER NEAR INDEX, WA","WA","WA",47.80535748,-121.546757,26691,574.8,10,"NGVD29"
"12134500","SKYKOMISH RIVER NEAR GOLD BAR, WA","WA","WA",47.83732546,-121.6667809,35566,212.91,0.04,"NAVD88"
"12135000","WALLACE RIVER AT GOLD BAR, WA","WA","WA",47.8639672,-121.682596,17785,205.9,0.1,"NAVD88"
"12137290","SOUTH FORK SULTAN RIVER NEAR SULTAN, WA","WA","WA",47.94732637,-121.6267826,12556,1454.41,0.1,"NAVD88"
"12137500","SULTAN RIVER NEAR STARTUP, WA","WA","WA",47.97399088,-121.7809558,13575,750,10,"NGVD29"
"12137800","SULTAN RIVER BELOW DIVERSION DAM NEAR SULTAN, WA","WA","WA",47.95926837,-121.7973447,14107,602.36,0.11,"NAVD88"
"12138160","SULTAN RIVER BELOW POWERPLANT NEAR SULTAN, WA","WA","WA",47.90732356,-121.8153994,15478,267,0.1,"NGVD29"
"12141300","MIDDLE FORK SNOQUALMIE RIVER NEAR TANNER, WA","WA","WA",47.48591189,-121.647864,23389,784.61,0.05,"NAVD88"
"12142000","NF SNOQUALMIE RIVER NEAR SNOQUALMIE FALLS, WA","WA","WA",47.61482536,-121.7134437,30666,1135,0.08,"NAVD88"
"12143000","NORTH FORK SNOQUALMIE RIVER NEAR NORTH BEND, WA","WA","WA",47.5372998,-121.7417569,13814,470,10,"NGVD29"
"12143400","SF SNOQUALMIE RIVER AB ALICE CREEK NEAR GARCIA, WA","WA","WA",47.4151086,-121.5873213,23513,1441.58,0.03,"NAVD88"
"12143600","SF SNOQUALMIE RIVER AT EDGEWICK, WA","WA","WA",47.45260396,-121.7178847,16512,574.3,0.11,"NAVD88"
"12143700","BOXLEY CREEK NEAR CEDAR FALLS, WA","WA","WA",47.43257747,-121.7523104,29386,1045.08,0.12,"NAVD88"
"12143900","BOXLEY CREEK NEAR EDGEWICK, WA","WA","WA",47.44871459,-121.7317744,16255,650,10,"NGVD29"
"12144000","SF SNOQUALMIE RIVER AT NORTH BEND, WA","WA","WA",47.49288017,-121.7901109,32426,426.32,0.03,"NAVD88"
"12144500","SNOQUALMIE RIVER NEAR SNOQUALMIE, WA","WA","WA",47.5450765,-121.8423157,26388,109.05,0.12,"NAVD88"
"12145500","RAGING RIVER NEAR FALL CITY, WA","WA","WA",47.53982388,-121.9090047,24386,237.89,0.13,"NAVD88"
"12147500","NORTH FORK TOLT RIVER NEAR CARNATION, WA","WA","WA",47.71232365,-121.7887272,21947,600,10,"NGVD29"
"12147600","SOUTH FORK TOLT RIVER NEAR INDEX, WA","WA","WA",47.7067714,-121.6001069,22779,1838.84,0.1,"NAVD88"
"12148000","SOUTH FORK TOLT RIVER NEAR CARNATION, WA","WA","WA",47.68926929,-121.7134457,24822,1261.72,0.12,"NAVD88"
"12148300","SF TOLT RIVER BL REGULATING BASIN NR CARNATION, WA","WA","WA",47.69676817,-121.7873379,16057,646.84,0.1,"NAVD88"
"12148500","TOLT RIVER NEAR CARNATION, WA","WA","WA",47.69565678,-121.8240056,33496,348,10,"NGVD29"
"12149000","SNOQUALMIE RIVER NEAR CARNATION, WA","WA","WA",47.66593399,-121.9253969,35415,2.12,0.05,"NAVD88"
"12150800","SNOHOMISH RIVER NEAR MONROE, WA","WA","WA",47.830932,-122.048459,23025,17.05,0.05,"NAVD88"
"12155300","PILCHUCK RIVER NEAR SNOHOMISH, WA","WA","WA",47.9348201,-122.0731848,12339,30,20,"NGVD29"
"12161000","SF STILLAGUAMISH RIVER NEAR GRANITE FALLS, WA","WA","WA",48.10368686,-121.9456652,19093,313.84,0.12,"NAVD88"
"12167000","NF STILLAGUAMISH RIVER NEAR ARLINGTON, WA","WA","WA",48.2614637,-122.0476165,35627,93.06,0.1,"NAVD88"
"12168500","Pilchuck River near Bryant, WA","WA","WA",48.265935,-122.1640353,12995,119.8,10,"NGVD29"
"12175500","THUNDER CREEK NEAR NEWHALEM, WA","WA","WA",48.6726287,-121.0728964,34831,1220,10,"NGVD29"
"12177500","STETATTLE CREEK NEAR NEWHALEM, WA","WA","WA",48.7220726,-121.150678,18557,906.53,10,"NGVD29"
"12178000","SKAGIT RIVER AT NEWHALEM, WA","WA","WA",48.67179229,-121.2462348,40357,406.2,0.05,"NAVD88"
"12178100","NEWHALEM CREEK NEAR NEWHALEM, WA","WA","WA",48.66012536,-121.2476233,23443,1000,20,"NGVD29"
"12179000","SKAGIT RIVER ABOVE ALMA CREEK NEAR MARBLEMOUNT, WA","WA","WA",48.60734468,-121.3615155,18472,362.8,0.03,"NAVD88"
"12179900","BACON CREEK BELOW OAKES CREEK NEAR MARBLEMOUNT, WA","WA","WA",48.6045268,-121.3995491,12616,409.3,0.12,"NAVD88"
"12181000","SKAGIT RIVER AT MARBLEMOUNT, WA","WA","WA",48.5337306,-121.4298499,20304,308.64,0.03,"NAVD88"
"12181100","SF CASCADE R AT S CASCADE GL NR MARBLEMOUNT, WA","WA","WA",48.3701239,-121.0742756,12184,5290.61,10,"NGVD29"
"12181200","SALIX CREEK AT S CASCADE GL NEAR MARBLEMOUNT, WA","WA","WA",48.37095717,-121.077609,15315,5200,10,"NGVD29"
"12182500","CASCADE RIVER AT MARBLEMOUNT, WA","WA","WA",48.5262307,-121.4154046,25835,310.58,0.19,"NAVD88"
"12186000","SAUK RIVER AB WHITE CHUCK RIVER NR  DARRINGTON, WA","WA","WA",48.16869195,-121.470652,37330,925.45,0.14,"NAVD88"
"12189500","SAUK RIVER NEAR SAUK, WA","WA","WA",48.42455859,-121.5684634,36115,266,10,"NGVD29"
"12193400","BAKER RIVER AT HENRY THOMPSON BR AT CONCRETE, WA","WA","WA",48.54039255,-121.7434734,31749,174.08,0.01,"NAVD88"
"12193500","BAKER RIVER AT CONCRETE, WA","WA","WA",48.53983699,-121.7431956,25596,NA,NA,NA
"12194000","SKAGIT RIVER NEAR CONCRETE, WA","WA","WA",48.52428059,-121.770974,37027,133.96,0.02,"NAVD88"
"12200500","SKAGIT RIVER NEAR MOUNT VERNON, WA","WA","WA",48.4448278,-122.3354369,31183,3.8,0.01,"NAVD88"
"12201500","SAMISH RIVER NEAR BURLINGTON, WA","WA","WA",48.54594127,-122.3382169,21023,36.72,0.02,"NAVD88"
"12205000","NF NOOKSACK RIVER BL CASCADE CREEK NR GLACIER, WA","WA","WA",48.90595739,-121.8443104,32279,1250.99,0.04,"NAVD88"
"12208000","MF NOOKSACK RIVER NEAR DEMING, WA","WA","WA",48.7792828,-122.1065434,15539,580,10,"NGVD29"
"12209000","SF NOOKSACK RIVER NEAR WICKERSHAM, WA","WA","WA",48.6642413,-122.1334622,23531,385,10,"NGVD29"
"12210500","NOOKSACK RIVER AT DEMING, WA","WA","WA",48.810352,-122.2048569,23985,204.2,10,"NGVD29"
"12213100","NOOKSACK RIVER AT FERNDALE, WA","WA","WA",48.84479237,-122.5893141,21673,8.5,0.14,"NAVD88"
"12396500","PEND OREILLE RIVER BELOW BOX CANYON NEAR IONE, WA","WA","WA",48.7809561,-117.4163706,26800,1904.2,0.19,"NAVD88"
"12397100","OUTLET CREEK NEAR METALINE FALLS, WA","WA","WA",48.84492215,-117.2877419,20777,2540.2,10,"NGVD29"
"12398500","PEND OREILLE RIVER BL Z CNYN NR METALINE FALLS, WA","WA","WA",48.9804804,-117.3455234,18992,1721.18,10,"NGVD29"
"12398600","PEND OREILLE RIVER AT INTERNATIONAL BOUNDARY",NA,"WA",48.99881409,-117.3535794,22651,1700,10,"NGVD29"
"12399500","COLUMBIA RIVER AT INTERNATIONAL BOUNDARY",NA,"WA",49.00074966,-117.6294206,32128,1202.84,0.12,"NAVD88"
"12401500","KETTLE RIVER NEAR FERRY, WA","WA","WA",48.98128428,-118.7664259,35566,1836.8,10,"NGVD29"
"12404500","KETTLE RIVER NEAR LAURIER, WA","WA","WA",48.9842824,-118.216401,35231,1435.22,0.09,"NAVD88"
"12408500","MILL CREEK NEAR COLVILLE, WA","WA","WA",48.5787928,-117.8666478,15239,1950,10,"NGVD29"
"12409000","COLVILLE RIVER AT KETTLE FALLS, WA","WA","WA",48.5943461,-118.0624887,37574,1400,10,"NGVD29"
"12422500","Spokane River at Spokane, WA","WA","WA",47.6593354,-117.4491029,49263,1696.6,10,"NGVD29"
"12424000","Hangman Creek at Spokane, WA","WA","WA",47.6526688,-117.449658,28315,1717.42,10,"NGVD29"
"12427000","LITTLE SPOKANE RIVER AT ELK, WA","WA","WA",48.0221196,-117.2729919,12532,1840,20,"NGVD29"
"12431000","LITTLE SPOKANE RIVER AT DARTFORD, WA","WA","WA",47.78461388,-117.4043856,30148,1589.71,0.08,"NAVD88"
"12431500","LITTLE SPOKANE RIVER NEAR DARTFORD, WA","WA","WA",47.78100099,-117.4963338,11825,1550,10,"NGVD29"
"12433000","SPOKANE RIVER AT LONG LAKE, WA","WA","WA",47.8365534,-117.8413478,31718,1299,10,"NGVD29"
"12433200","CHAMOKANE CREEK BELOW FALLS NEAR LONG LAKE, WA","WA","WA",47.8632201,-117.858294,17568,1420,10,"NGVD29"
"12435500","FEEDER CANAL AT GRAND COULEE, WA","WA","WA",47.9512632,-118.995577,26550,NA,NA,NA
"12436500","COLUMBIA RIVER AT GRAND COULEE, WA","WA","WA",47.9654302,-118.9827992,35856,900,10,"NGVD29"
"12438000","COLUMBIA RIVER AT BRIDGEPORT, WA","WA","WA",48.0065333,-119.6653303,26969,0,10,"NGVD29"
"12439500","OKANOGAN RIVER AT OROVILLE, WA","WA","WA",48.9307184,-119.4203419,30453,900,10,"NGVD29"
"12442500","SIMILKAMEEN RIVER NEAR NIGHTHAWK, WA","WA","WA",48.98460109,-119.6184098,35562,1137.7,10,"NGVD29"
"12445000","OKANOGAN RIVER NEAR TONASKET, WA","WA","WA",48.632375,-119.4617229,35353,860.78,10,"NGVD29"
"12447200","OKANOGAN RIVER AT MALOTT, WA","WA","WA",48.2812606,-119.7045047,21966,783.55,10,"NGVD29"
"12447383","METHOW RIVER ABOVE GOAT CREEK NEAR MAZAMA, WA","WA","WA",48.57425,-120.385861,12307,2040,10,"NGVD29"
"12447390","ANDREWS CREEK NEAR MAZAMA, WA","WA","WA",48.8228737,-120.1459038,21078,4271.56,0.11,"NAVD88"
"12448000","CHEWUCH RIVER AT WINTHROP, WA","WA","WA",48.4770898,-120.1864734,12556,1736.26,10,"NGVD29"
"12448500","METHOW RIVER AT WINTHROP, WA","WA","WA",48.4734787,-120.1773063,13886,1718.09,0.01,"NGVD29"
"12448998","TWISP RIVER NEAR TWISP, WA","WA","WA",48.3698671,-120.148693,14890,1640,10,"NGVD29"
"12449500","METHOW RIVER AT TWISP, WA","WA","WA",48.36514507,-120.1161917,27085,1580,10,"NGVD29"
"12449950","METHOW RIVER NEAR PATEROS, WA","WA","WA",48.0773639,-119.9850723,24427,900,10,"NGVD29"
"12450700","COLUMBIA RIVER BELOW WELLS DAM, WA","WA","WA",47.94652975,-119.86673,21309,700,10,"NGVD29"
"12451000","STEHEKIN RIVER AT STEHEKIN, WA","WA","WA",48.32958017,-120.6917668,37967,1098.5,10,"NGVD29"
"12451500","RAILROAD CREEK AT LUCERNE, WA","WA","WA",48.19569165,-120.5984299,12173,1250,10,"NGVD29"
"12452500","CHELAN RIVER AT CHELAN, WA","WA","WA",47.83528716,-120.009638,44622,NA,NA,NA
"12452800","ENTIAT RIVER NEAR ARDENVOIR, WA","WA","WA",47.81846178,-120.4231438,25004,1560.97,10,"NGVD29"
"12453700","COLUMBIA RIVER AT ROCKY REACH DAM, WA","WA","WA",47.5242934,-120.3022969,23862,0,10,"NGVD29"
"12456500","CHIWAWA RIVER NEAR PLAIN, WA","WA","WA",47.8373111,-120.6622862,19516,2097.25,0.12,"NAVD88"
"12457000","WENATCHEE RIVER AT PLAIN, WA","WA","WA",47.76286656,-120.6661735,37771,1808.87,0.12,"NAVD88"
"12458000","ICICLE CREEK ABOVE SNOW CREEK NEAR LEAVENWORTH, WA","WA","WA",47.54092147,-120.720059,24615,1414.27,0.12,"NAVD88"
"12459000","WENATCHEE RIVER AT PESHASTIN, WA","WA","WA",47.5831447,-120.6195014,35415,1031.71,0.12,"NAVD88"
"12462500","WENATCHEE RIVER AT MONITOR, WA","WA","WA",47.4992578,-120.4244935,23148,689.65,0.12,"NAVD88"
"12462600","COLUMBIA RIVER BELOW ROCK ISLAND DAM, WA","WA","WA",47.33235176,-120.081171,23621,500,10,"NGVD29"
"12464500","COLUMBIA RIVER AT TRINIDAD, WA","WA","WA",47.22485308,-120.015056,12752,499.3,10,"NGVD29"
"12464800","COAL CREEK AT MOHLER, WA","WA","WA",47.4068192,-118.3188652,12712,2000,10,"NGVD29"
"12465000","CRAB CREEK AT IRBY, WA","WA","WA",47.36038447,-118.8499972,30483,1386.3,10,"NGVD29"
"12467000","CRAB CREEK NEAR MOSES LAKE, WA","WA","WA",47.1893085,-119.265855,30453,1070.39,10,"NGVD29"
"12470500","ROCKY FORD CREEK NEAR EPHRATA, WA","WA","WA",47.31264008,-119.445588,17967,1068.51,10,"NGVD29"
"12472600","CRAB CREEK NEAR BEVERLY, WA","WA","WA",46.8298196,-119.8311276,24383,504.51,0.08,"NAVD88"
"12472800","COLUMBIA RIVER BELOW PRIEST RAPIDS DAM, WA","WA","WA",46.6287084,-119.8647355,39584,393.38,0.08,"NAVD88"
"12474500","YAKIMA RIVER NEAR MARTIN, WA","WA","WA",47.32122417,-121.3362047,27070,2422.4,10,"NGVD29"
"12476000","KACHESS RIVER NEAR EASTON, WA","WA","WA",47.2612262,-121.2034242,27270,2188.1,10,"NGVD29"
"12479000","CLE ELUM RIVER NEAR ROSLYN, WA","WA","WA",47.24456209,-121.0678642,27393,2102.1,10,"NGVD29"
"12479500","YAKIMA RIVER AT CLE ELUM, WA","WA","WA",47.19123078,-120.9470269,27366,1902.27,10,"NGVD29"
"12484500","YAKIMA RIVER AT UMTANUM, WA","WA","WA",46.8626264,-120.480067,40542,1300,10,"NGVD29"
"12488000","BUMPING RIVER NEAR NILE, WA","WA","WA",46.87261385,-121.292586,25354,3367.1,10,"NGVD29"
"12488500","AMERICAN RIVER NEAR NILE, WA","WA","WA",46.97761606,-121.168696,32336,2700,10,"NGVD29"
"12491500","TIETON RIVER AT TIETON DAM NEAR NACHES, WA","WA","WA",46.66261758,-121.1248017,21947,2680.99,10,"NGVD29"
"12492500","TIETON RIVER AT CANAL HEADWORKS NEAR NACHES, WA","WA","WA",46.67095305,-121.0039662,25235,2280.44,10,"NGVD29"
"12494000","NACHES RIVER BELOW TIETON RIVER NEAR NACHES, WA","WA","WA",46.7454015,-120.76924,24686,1549.67,10,"NGVD29"
"12500450","YAKIMA RIVER ABOVE AHTANUM CREEK AT UNION GAP, WA","WA","WA",46.53425817,-120.4672519,21687,903.42,0.21,"NAVD88"
"12500500","NORTH FORK AHTANUM CREEK NEAR TAMPICO, WA","WA","WA",46.56428845,-120.9170188,21838,2450,10,"NGVD29"
"12501000","SF AHTANUM CREEK AT CONRAD RANCH NR TAMPICO, WA","WA","WA",46.51095537,-120.9164626,19181,2400,10,"NGVD29"
"12502500","AHTANUM CREEK AT UNION GAP, WA","WA","WA",46.53596038,-120.4733968,25918,940,10,"NGVD29"
"12505000","YAKIMA RIVER NEAR PARKER, WA","WA","WA",46.4970718,-120.4428397,25719,885.89,10,"NGVD29"
"12508990","YAKIMA RIVER AT MABTON, WA","WA","WA",46.23120786,-119.9994537,19861,635.12,0.05,"NAVD88"
"12510500","YAKIMA RIVER AT KIONA, WA","WA","WA",46.25346748,-119.4780794,37377,454.41,10,"NGVD29"
"12513000","ESQUATZEL COULEE AT CONNELL, WA","WA","WA",46.66347327,-118.863334,22510,820,10,"NGVD29"
"13334300","SNAKE RIVER NEAR ANATONE, WA","WA","WA",46.09706985,-116.9776916,24674,810.35,0.08,"NAVD88"
"13334500","ASOTIN CREEK NEAR ASOTIN, WA","WA","WA",46.3276572,-117.2065518,11383,1380,10,"NGVD29"
"13335050","ASOTIN CREEK AT ASOTIN, WA","WA","WA",46.3406798,-117.0560319,12749,745.76,0.07,"NAVD88"
"13343500","SNAKE RIVER NEAR CLARKSTON, WA","WA","WA",46.42793735,-117.1651631,18790,670,10,"NGVD29"
"13344500","TUCANNON RIVER NEAR STARBUCK, WA","WA","WA",46.5054217,-118.0663393,24971,730,10,"NGVD29"
"13348000","SOUTH FORK PALOUSE RIVER AT PULLMAN, WA","WA","WA",46.7323856,-117.1810048,20133,2329.72,0.1,"NAVD88"
"13351000","PALOUSE RIVER AT HOOPER, WA","WA","WA",46.7584831,-118.1488494,33433,1042.26,0.09,"NAVD88"
"13353000","SNAKE RIVER BELOW ICE HARBOR DAM, WA","WA","WA",46.2504136,-118.8830557,13330,300,10,"NGVD29"
"14013000","MILL CREEK NEAR WALLA WALLA, WA","WA","WA",46.00789299,-118.1185586,32093,1998.59,0.14,"NAVD88"
"14013500","BLUE CREEK NEAR WALLA WALLA, WA","WA","WA",46.05763797,-118.140228,11687,1700,10,"NGVD29"
"14015000","MILL CREEK AT WALLA WALLA, WA","WA","WA",46.0762483,-118.2735722,30989,1120,10,"NGVD29"
"14017000","TOUCHET RIVER AT BOLLES, WA","WA","WA",46.2743065,-118.2219042,16141,1150,10,"NGVD29"
"14018500","WALLA WALLA RIVER NEAR TOUCHET, WA","WA","WA",46.02760945,-118.7296888,27166,401.93,0.07,"NAVD88"
"14107000","KLICKITAT RIVER ABOVE WEST FORK NEAR GLENWOOD, WA","WA","WA",46.26480648,-121.2450474,24689,2720,10,"NGVD29"
"14110000","KLICKITAT RIVER NEAR GLENWOOD, WA","WA","WA",46.08873348,-121.2595207,22340,1703,10,"NGVD29"
"14112500","LITTLE KLICKITAT RIVER NEAR WAHKIACUS, WA","WA","WA",45.84278889,-121.0591694,12555,570,10,"NGVD29"
"14113000","KLICKITAT RIVER NEAR PITT, WA","WA","WA",45.75651098,-121.2100714,36511,288.9,10,"NGVD29"
"14123500","WHITE SALMON RIVER NEAR UNDERWOOD, WA","WA","WA",45.7520637,-121.5270176,38789,112.96,10,"NGVD29"
"14128500","WIND RIVER NEAR CARSON, WA","WA","WA",45.72674698,-121.7947746,15708,112.6,10,"NGVD29"
"14143500","WASHOUGAL RIVER NEAR WASHOUGAL, WA","WA","WA",45.6231733,-122.2975912,13513,175,10,"NGVD29"
"14212000","SALMON CREEK NEAR BATTLE GROUND, WA","WA","WA",45.7737267,-122.4456512,12536,354.88,10,"NGVD29"
"14216000","LEWIS RIVER ABOVE MUDDY RIVER NEAR COUGAR, WA","WA","WA",46.060355,-121.9845094,15681,1083.49,0.12,"NAVD88"
"14216500","MUDDY RIVER BELOW CLEAR CREEK NEAR COUGAR, WA","WA","WA",46.0756326,-121.9986768,24973,1035.61,0.13,"NAVD88"
"14218000","LEWIS RIVER NEAR COUGAR, WA","WA","WA",46.05816646,-122.2123166,12509,576.4,10,"NGVD29"
"14219000","CANYON CREEK NEAR AMBOY, WA","WA","WA",45.9398339,-122.3170398,11520,493.11,0.07,"NAVD88"
"14219800","SPEELYAI CREEK NEAR COUGAR, WA","WA","WA",46.004555,-122.3442638,23826,492.05,0.1,"NAVD88"
"14220500","LEWIS RIVER AT ARIEL, WA","WA","WA",45.95173827,-122.5639685,37667,48.2,0.1,"NAVD88"
"14222500","EAST FORK LEWIS RIVER NEAR HEISSON, WA","WA","WA",45.8367809,-122.4662083,35201,356.8,10,"NGVD29"
"14225500","LAKE CREEK NEAR PACKWOOD, WA","WA","WA",46.59622458,-121.5700862,18553,2844.62,10,"NGVD29"
"14226500","COWLITZ RIVER AT PACKWOOD, WA","WA","WA",46.61285685,-121.6792344,37843,1051.44,0.07,"NAVD88"
"14231000","COWLITZ RIVER AT RANDLE, WA","WA","WA",46.5319444,-121.9569444,12189,868.8,0.04,"NAVD88"
"14232500","CISPUS RIVER NEAR RANDLE, WA","WA","WA",46.44705689,-121.8639783,24741,1221.6,10,"NGVD29"
"14233400","COWLITZ RIVER NEAR RANDLE, WA","WA","WA",46.47011066,-122.0987075,16960,799.42,10,"NGVD29"
"14233500","COWLITZ RIVER NEAR KOSMOS, WA","WA","WA",46.4662217,-122.1089856,28627,759.29,10,"NGVD29"
"14236200","TILTON RIVER AB BEAR CANYON CREEK NEAR CINEBAR, WA","WA","WA",46.5953843,-122.4595564,25339,610.48,0.08,"NAVD88"
"14238000","COWLITZ RIVER BELOW MAYFIELD DAM, WA","WA","WA",46.51038526,-122.616224,33558,226.6,10,"NGVD29"
"14240525","NF TOUTLE RIVER BELOW SRS NEAR KID VALLEY, WA","WA","WA",46.3717753,-122.5789987,11093,700,10,"NGVD29"
"14241500","SOUTH FORK TOUTLE RIVER AT TOUTLE, WA","WA","WA",46.3220554,-122.697055,13025,400,10,"NGVD29"
"14242500","TOUTLE RIVER NEAR SILVER LAKE, WA","WA","WA",46.33622225,-122.725389,20100,407.3,10,"NGVD29"
"14242580","TOUTLE RIVER AT TOWER ROAD NEAR SILVER LAKE, WA","WA","WA",46.335,-122.8408333,16399,120,10,"NGVD29"
"14243000","COWLITZ RIVER AT CASTLE ROCK, WA","WA","WA",46.2748332,-122.9145587,33500,0,1,"NAVD88"
"14245000","COWEMAN RIVER NEAR KELSO, WA","WA","WA",46.1281687,-122.8384425,12417,30,10,"NGVD29"
"14247500","ELOCHOMAN RIVER NEAR CATHLAMET, WA","WA","WA",46.2212209,-123.3423492,11334,29.66,10,"NGVD29"
"06036905","Firehole River near West Yellowstone MT","MT","WY",44.6201833,-110.8635028,13104,7050,10,"NAVD88"
"06186500","Yellowstone River at Yellowstone Lk Outlet YNP",NA,"WY",44.56709167,-110.3804056,35203,7727.77,0.01,"NGVD29"
"06188000","Lamar River nr Tower Ranger Station YNP",NA,"WY",44.92817778,-110.3942694,30940,6000,1,"NAVD88"
"06218500","WIND RIVER NEAR DUBOIS, WY","WY","WY",43.57856415,-109.7598835,26221,7188.71,0.1,"NGVD29"
"06220800","WIND RIVER ABOVE RED CREEK, NEAR DUBOIS, WY","WY","WY",43.441622,-109.4587584,11353,6400,20,"NGVD29"
"06221400","DINWOODY CREEK ABOVE LAKES, NEAR BURRIS, WY","WY","WY",43.34616667,-109.4087778,21325,6500,20,"NGVD29"
"06222500","DRY CREEK NEAR BURRIS, WY","WY","WY",43.3363457,-109.2993044,11200,6430,10,"NGVD29"
"06224000","BULL LAKE CREEK ABOVE BULL LAKE, WY","WY","WY",43.1766111,-109.2025556,26069,5874,10,"NGVD29"
"06225000","Bull Lake Creek near Lenore, WY","WY","WY",43.24245665,-109.0229052,35458,5654,10,"NGVD29"
"06225500","Wind River near Crowheart, WY","WY","WY",43.2425,-109.0105556,26298,5635,10,"NGVD29"
"06226000","WYOMING CANAL NEAR LENORE, WY","WY","WY",43.22912385,-108.8951234,15797,5560.85,10,"NGVD29"
"06227600","WIND RIVER NEAR KINNEAR, WY","WY","WY",43.14277778,-108.7088889,13836,5294.7,0.5,"NAVD88"
"06228000","WIND RIVER AT RIVERTON, WY","WY","WY",43.01051478,-108.3767701,40769,4901.56,0.02,"NGVD29"
"06228350","SF L WIND RIV AB WASHAKIE RES, NR FT WASHAKIE, WY","WY","WY",42.96828927,-109.037628,15092,6440,20,"NGVD29"
"06233000","LITTLE POPO AGIE RIVER NEAR LANDER, WY","WY","WY",42.7166259,-108.6434455,18714,5436.49,10,"NGVD29"
"06235500","LITTLE WIND RIVER NEAR RIVERTON, WY","WY","WY",42.9975,-108.3754167,30940,4901.84,10,"NGVD29"
"06244500","Fivemile Creek ab Wyoming Canal, nr Pavillion, WY","WY","WY",43.30134657,-108.7028948,15919,5500,10,"NGVD29"
"06253000","FIVEMILE CREEK NEAR SHOSHONI, WY","WY","WY",43.22191667,-108.2196944,26942,4750,10,"NGVD29"
"06258000","MUDDY CREEK NEAR SHOSHONI, WY","WY","WY",43.2860368,-108.2757079,13144,4780,10,"NGVD29"
"06259000","WIND RIVER BELOW BOYSEN RESERVOIR, WY","WY","WY",43.4249254,-108.1790398,23636,4608.58,0.1,"NGVD29"
"06259500","BIGHORN RIVER AT THERMOPOLIS, WY","WY","WY",43.64603505,-108.202932,14609,4305.18,0.01,"NGVD29"
"06260000","SOUTH FORK OWL CREEK NEAR ANCHOR, WY","WY","WY",43.66666667,-108.855,11627,6452.11,0.1,"NGVD29"
"06260400","SOUTH FORK OWL CREEK BELOW ANCHOR RESERVOIR, WY","WY","WY",43.6657887,-108.7934543,13673,6120,10,"NGVD29"
"06264000","OWL CREEK NEAR THERMOPOLIS, WY","WY","WY",43.6857564,-108.3029357,12392,4560,10,"NGVD29"
"06268500","FIFTEEN MILE CREEK NEAR WORLAND, WY","WY","WY",44.02055556,-108.0141667,11020,4080,20,"NGVD29"
"06270000","NOWOOD RIVER NEAR TENSLEEP, WY","WY","WY",44.01326,-107.428189,10988,4420,10,"NGVD29"
"06271000","TENSLEEP CREEK NEAR TENSLEEP, WY","WY","WY",44.05770447,-107.3879105,14937,4667.59,0.01,"NGVD29"
"06274300","BIGHORN RIVER AT BASIN, WY","WY","WY",44.3832545,-108.0362688,15478,3824.08,0.11,"NAVD88"
"06275000","WOOD RIVER AT SUNSHINE, WY","WY","WY",44.0386111,-108.975,17018,6420,10,"NGVD29"
"06276500","GREYBULL RIVER AT MEETEETSE, WY","WY","WY",44.15852778,-108.8725833,25899,5739,5,"NAVD88"
"06277500","GREYBULL RIVER NEAR BASIN, WY","WY","WY",44.4065868,-108.1868295,15705,3990,10,"NGVD29"
"06278300","SHELL CREEK ABOVE SHELL CREEK RESERVOIR, WY","WY","WY",44.5079801,-107.4037496,24110,9050,10,"NGVD29"
"06278500","SHELL CREEK NEAR SHELL, WY","WY","WY",44.56492245,-107.712927,20194,4370.05,0.1,"NGVD29"
"06279500","BIGHORN RIVER AT KANE, WY","WY","WY",44.75852989,-108.1815559,35446,3659.34,0.1,"NAVD88"
"06279940","NORTH FORK SHOSHONE RIVER AT WAPITI, WY","WY","WY",44.4714444,-109.4183528,13286,5543.78,0.12,"NAVD88"
"06280300","SOUTH FORK SHOSHONE RIVER NEAR VALLEY, WY","WY","WY",44.20788889,-109.55525,23745,6200,10,"NGVD29"
"06281000","SOUTH FORK SHOSHONE RIVER AB BUFFALO BILL RES, WY","WY","WY",44.41907987,-109.2579755,22115,5438.55,0.31,"NAVD88"
"06282000","SHOSHONE RIVER BELOW BUFFALO BILL RESERVOIR, WY","WY","WY",44.51658049,-109.0979716,34752,4900,10,"NGVD29"
"06285000","SHOSHONE RIVER AT BYRON, WY","WY","WY",44.79305556,-108.5027778,13786,3959,5,"NGVD29"
"06285100","SHOSHONE RIVER NEAR LOVELL, WY","WY","WY",44.83852799,-108.4351763,21683,3847.95,0.11,"NAVD88"
"06289600","WEST PASS CREEK NEAR PARKMAN, WY","WY","WY",44.9877441,-107.4828685,13386,4540,10,"NGVD29"
"06289820","EAST PASS CREEK NEAR DAYTON, WY","WY","WY",44.99047828,-107.4229227,13794,4405,10,"NGVD29"
"06297500","HIGHLINE DITCH NEAR DAYTON, WY","WY","WY",44.85305556,-107.3047222,24563,4100,20,"NGVD29"
"06298000","TONGUE RIVER NEAR DAYTON, WY","WY","WY",44.8494123,-107.3045253,33207,4060,10,"NGVD29"
"06299500","WOLF CREEK AT WOLF, WY","WY","WY",44.77242459,-107.2343027,16298,4525,10,"NGVD29"
"06300500","EAST FORK BIG GOOSE CREEK NEAR BIG HORN, WY","WY","WY",44.53825885,-107.2265219,11536,8320,10,"NGVD29"
"06301500","WEST FORK BIG GOOSE CREEK NEAR BIG HORN, WY","WY","WY",44.61298035,-107.2976363,11419,8420,10,"NGVD29"
"06302000","BIG GOOSE CREEK NEAR SHERIDAN, WY","WY","WY",44.70214739,-107.1815224,20503,4505,5,"NGVD29"
"06303500","LITTLE GOOSE CREEK IN CANYON, NEAR BIG HORN, WY","WY","WY",44.5959722,-107.0397222,17861,4860,10,"NGVD29"
"06305500","GOOSE CREEK BELOW SHERIDAN, WY","WY","WY",44.82150278,-106.9616083,15705,3701.36,0.1,"NGVD29"
"06305700","Goose Creek near Acme, WY","WY","WY",44.88631458,-106.9890182,12023,3620,10,"NGVD29"
"06309200","MIDDLE FORK POWDER RIVER NEAR BARNUM, WY","WY","WY",43.57773999,-107.1383995,23529,7220,10,"NGVD29"
"06309500","MIDDLE FORK POWDER RIVER ABOVE KAYCEE, WY","WY","WY",43.6474683,-106.8086642,10958,4874.76,0.01,"NGVD29"
"06311000","NORTH FORK POWDER RIVER NEAR HAZELTON, WY","WY","WY",44.02774228,-107.0808955,27060,8180,10,"NGVD29"
"06311400","NF POWDER RIVER BELOW PASS CREEK, NR MAYOWORTH, WY","WY","WY",43.911357,-106.8894999,17130,5700,10,"NGVD29"
"06311500","NORTH FORK POWDER RIVER NEAR MAYOWORTH, WY","WY","WY",43.8971905,-106.8783884,12052,5590,10,"NGVD29"
"06312500","POWDER RIVER NEAR KAYCEE, WY","WY","WY",43.6930295,-106.5305951,12699,4533.76,0.01,"NGVD29"
"06313500","POWDER RIVER AT SUSSEX, WY","WY","WY",43.6970861,-106.3061944,16690,4372,5,"NGVD29"
"06315500","MIDDLE FORK CRAZY WOMAN CREEK NEAR GREUB, WY","WY","WY",44.0579857,-106.8026136,11037,5190,10,"NGVD29"
"06317000","POWDER RIVER AT ARVADA, WY","WY","WY",44.64993155,-106.127598,34649,3620,10,"NGVD29"
"06318500","CLEAR CREEK NEAR BUFFALO, WY","WY","WY",44.33275055,-106.7772735,27734,5184.83,0.01,"NGVD29"
"06320000","ROCK CREEK NEAR BUFFALO, WY","WY","WY",44.456039,-106.8790096,17789,5280,10,"NGVD29"
"06320500","SOUTH PINEY CREEK AT WILLOW PARK, WY","WY","WY",44.46631585,-107.0348481,13742,8540,10,"NGVD29"
"06321500","NORTH PINEY CREEK NEAR STORY, WY","WY","WY",44.5796493,-106.932346,11322,5290,10,"NGVD29"
"06323000","PINEY CREEK AT KEARNY, WY","WY","WY",44.5354835,-106.8223419,27305,4655.11,0.1,"NGVD29"
"06323500","PINEY CREEK AT UCROSS, WY","WY","WY",44.56187395,-106.5395551,12750,4066.83,0.01,"NGVD29"
"06324000","CLEAR CREEK NEAR ARVADA, WY","WY","WY",44.8715977,-106.0828769,21879,3506.51,0.1,"NGVD29"
"06324970","LITTLE POWDER RIVER AB DRY CREEK, NEAR WESTON, WY","WY","WY",44.9268794,-105.3534087,17923,3410,10,"NGVD29"
"06386000","LANCE CREEK NEAR RIVERVIEW, WY","WY","WY",43.3552256,-104.2714124,12203,3695,10,"NGVD29"
"06386500","CHEYENNE RIVER NEAR SPENCER, WY","WY","WY",43.42105925,-104.1316863,15988,3581.76,10,"NAVD88"
"06392900","BEAVER CREEK AT MALLO CAMP, NEAR FOUR CORNERS, WY","WY","WY",44.084945,-104.0605792,13634,6030,20,"NGVD29"
"06392950","STOCKADE BEAVER CREEK NEAR NEWCASTLE, WY","WY","WY",43.85883476,-104.1072452,13645,4460,10,"NGVD29"
"06394000","BEAVER CREEK NEAR NEWCASTLE, WY","WY","WY",43.5352253,-104.117798,19449,3660,10,"NGVD29"
"06426500","BELLE FOURCHE RIVER BELOW MOORCROFT, WY","WY","WY",44.32188385,-104.9406108,26427,4099.84,0.14,"NAVD88"
"06427500","BELLE FOURCHE RIVER BELOW KEYHOLE RESERVOIR, WY","WY","WY",44.38841667,-104.7702556,16224,4031.26,0.01,"NGVD29"
"06429500","COLD SPRINGS CREEK AT BUCKHORN, WY","WY","WY",44.1538335,-104.0780804,13636,6090,20,"NGVD29"
"06429905","SAND CREEK NEAR RANCH A, NEAR BEULAH, WY","WY","WY",44.52022088,-104.0839176,13373,3570,10,"NGVD29"
"06429997","MURRAY DITCH ABV HEADGATE AT WY-SD STATE LINE",NA,"WY",44.5763739,-104.0560453,14178,3453.88,10,"NAVD88"
"06454000","NIOBRARA RIVER AT WYO-NEBR STATE LINE",NA,"WY",42.65666667,-104.0591667,14244,4687.7,0.01,"NGVD29"
"06622700","NORTH BRUSH CREEK NEAR SARATOGA, WY","WY","WY",41.37022978,-106.520632,23878,8037.24,0.24,"NAVD88"
"06622900","SOUTH BRUSH CREEK NEAR SARATOGA, WY","WY","WY",41.3438411,-106.5264653,11604,8100,10,"NGVD29"
"06623800","ENCAMPMENT RIVER AB HOG PARK CR, NR ENCAMPMENT, WY","WY","WY",41.02356508,-106.8248049,22391,8258.57,0.41,"NAVD88"
"06625000","ENCAMPMENT RIVER AT MOUTH, NEAR ENCAMPMENT, WY","WY","WY",41.30328495,-106.7153597,31183,6959.61,0.12,"NAVD88"
"06627000","NORTH PLATTE RIVER AT SARATOGA, WY","WY","WY",41.45494957,-106.8050863,23011,6772.69,0.01,"NGVD29"
"06628900","PASS CREEK NEAR ELK MOUNTAIN, WY","WY","WY",41.58606047,-106.6109148,17255,7230,10,"NGVD29"
"06630000","N PLATTE RIV AB SEMINOE RESERVOIR, NR SINCLAIR, WY","WY","WY",41.87216636,-107.0575984,31641,6404.44,0.14,"NAVD88"
"06632400","ROCK CREEK AB KING CANYON CANAL, NR ARLINGTON, WY","WY","WY",41.58522927,-106.222847,26070,7784.93,0.31,"NAVD88"
"06632500","ROCK CREEK AT ARLINGTON, WY","WY","WY",41.58661815,-106.2217359,12325,7780,10,"NGVD29"
"06634620","L MEDICINE BOW R AT BOLES SPRING, NR MEDICINE BOW",NA,"WY",41.96105917,-106.2092391,15265,6570,10,"NGVD29"
"06635000","MEDICINE BOW R AB SEMINOE RESERVOIR, NR HANNA, WY","WY","WY",42.00966817,-106.5131381,31641,6415.4,0.1,"NGVD29"
"06636000","NORTH PLATTE RIVER ABOVE PATHFINDER RESERVOIR WY","WY","WY",42.17827577,-106.8764847,13146,5929.51,0.01,"NGVD29"
"06637750","ROCK CREEK ABOVE ROCK CREEK RESERVOIR, WY","WY","WY",42.5497222,-108.7752778,12205,8330,20,"NGVD29"
"06638090","SWEETWATER RIVER NEAR SWEETWATER STATION, WY","WY","WY",42.5038205,-108.2506982,11142,6590,10,"NGVD29"
"06639000","SWEETWATER RIVER NEAR ALCOVA, WY","WY","WY",42.4900222,-107.1411944,25079,5890,10,"NGVD29"
"06641000","NORTH PLATTE RIVER BELOW PATHFINDER RESERVOIR, WY","WY","WY",42.4649402,-106.8470423,20303,5670,10,"NGVD29"
"06642000","NORTH PLATTE RIVER AT ALCOVA, WY","WY","WY",42.5741069,-106.692594,24046,5299.4,0.1,"NGVD29"
"06645000","NORTH PLATTE RIVER BELOW CASPER, WY","WY","WY",42.85888889,-106.2113889,10956,5070,10,"NGVD29"
"06646000","DEER CREEK IN CANYON, NEAR GLENROCK, WY","WY","WY",42.71160955,-106.0292409,12649,5623.81,0.3,"NAVD88"
"06646500","DEER CREEK AT GLENROCK, WY","WY","WY",42.8616093,-105.8678483,14517,4980,10,"NGVD29"
"06646600","DEER CREEK BELOW MILLAR WASTEWAY, AT GLENROCK, WY","WY","WY",42.86385525,-105.866115,11564,4980,10,"NGVD29"
"06646800","NORTH PLATTE RIVER NEAR GLENROCK, WY","WY","WY",42.83605456,-105.7589557,12053,4920,10,"NGVD29"
"06647500","BOX ELDER CREEK AT BOXELDER, WY","WY","WY",42.61191679,-105.8597344,20518,6710,20,"NGVD29"
"06648000","BOX ELDER CREEK NEAR CAREYHURST, WY","WY","WY",42.83549947,-105.6739529,17846,4930,10,"NGVD29"
"06649000","LA PRELE CREEK NEAR DOUGLAS, WY","WY","WY",42.68105639,-105.6306167,23578,5514,1.6,"NAVD88"
"06649500","LA PRELE CREEK NEAR ORPHA, WY","WY","WY",42.83661156,-105.4908915,15460,4880,10,"NGVD29"
"06650500","WAGONHOUND CREEK NEAR LA BONTE, WY","WY","WY",42.65968997,-105.3699844,15100,4741,1,"NGVD29"
"06651500","LA BONTE CREEK NEAR LA BONTE, WY","WY","WY",42.65,-105.3572222,17465,4752,10,"NGVD29"
"06652000","NORTH PLATTE RIVER AT ORIN, WY","WY","WY",42.65247578,-105.1592123,24843,4659.77,0.15,"NAVD88"
"06653500","HORSESHOE CREEK NEAR GLENDO, WYO.",NA,"WY",42.452469,-104.9702484,19887,4500,10,"NGVD29"
"06656000","NORTH PLATTE RIVER BELOW GUERNSEY RESERVOIR, WY","WY","WY",42.28050857,-104.7547514,35429,4340,10,"NGVD29"
"06657000","NORTH PLATTE RIVER BELOW WHALEN DIVERSION DAM, WY","WY","WY",42.2410095,-104.6280247,40557,4259.67,0.18,"NAVD88"
"06658500","LARAMIE RIVER NEAR JELM, WY","WY","WY",41.0021808,-106.0147794,22643,7683.36,20,"NGVD29"
"06659500","LARAMIE R AND PIONEER CANAL NR WOODS LANDING, WY","WY","WY",41.13801288,-105.9808908,18320,7388.99,0.1,"NGVD29"
"06660000","LARAMIE RIVER AT LARAMIE, WY","WY","WY",41.32777778,-105.6074167,15168,7132,5,"NAVD88"
"06660500","LARAMIE RIVER AT TWO RIVERS, WY","WY","WY",41.472733,-105.725608,20571,7058.85,0.01,"NGVD29"
"06661000","LITTLE LARAMIE RIVER NEAR FILMORE, WY","WY","WY",41.2949554,-106.0347828,28344,7610,10,"NGVD29"
"06661500","LITTLE LARAMIE RIVER AT TWO RIVERS, WY","WY","WY",41.46856637,-105.7328305,19937,7060.62,0.01,"NGVD29"
"06661585","LARAMIE RIVER NEAR BOSLER, WY","WY","WY",41.5546769,-105.6833853,14245,7030,10,"NGVD29"
"06662000","LARAMIE RIVER NEAR LOOKOUT, WY","WY","WY",41.7621749,-105.6883874,20435,6962.68,0.01,"NGVD29"
"06667500","NORTH LARAMIE RIVER NEAR WHEATLAND, WY","WY","WY",42.1660627,-105.206987,15398,4840,10,"NGVD29"
"06670500","LARAMIE RIVER NEAR FORT LARAMIE, WY","WY","WY",42.2005103,-104.5383548,38794,4216.64,0.19,"NAVD88"
"06671000","RAWHIDE CREEK NEAR LINGLE, WY","WY","WY",42.125512,-104.3272362,19686,4160,10,"NGVD29"
"06672500","CHERRY CREEK DRAIN NEAR TORRINGTON, WY","WY","WY",42.0394024,-104.1691748,17344,4080,10,"NGVD29"
"06673500","KATZER DRAIN NEAR HENRY, NE","NE","WY",41.9797222,-104.0711111,19232,4040,10,"NGVD29"
"06674500","NORTH PLATTE RIVER AT WYOMING-NEBRASKA STATE LINE",NA,"WY",41.98857008,-104.0533373,34930,4025,10,"NGVD29"
"06754500","MIDDLE CROW CREEK NEAR HECLA, WY","WY","WY",41.17496074,-105.2519793,12602,7244,20,"NAVD88"
"09188500","GREEN RIVER AT WARREN BRIDGE, NEAR DANIEL, WY","WY","WY",43.0190833,-110.1188611,34083,7468.09,0.1,"NGVD29"
"09193000","NEW FORK RIVER BL NEW FORK LAKE, NEAR CORA, WY","WY","WY",43.0785272,-109.9954821,13044,7720,10,"NGVD29"
"09196500","PINE CREEK ABOVE FREMONT LAKE, WY","WY","WY",43.02705556,-109.7735278,25017,7450,20,"NGVD29"
"09198000","PINE CREEK AT PINEDALE, WY","WY","WY",42.8663074,-109.8682533,14517,7162.34,0.01,"NGVD29"
"09198500","POLE CR BL LITTLE HALF MOON LAKE, NR PINEDALE, WY","WY","WY",42.88138889,-109.7119444,12053,7475,20,"NGVD29"
"09199500","FALL CREEK NEAR PINEDALE, WY","WY","WY",42.8557529,-109.7207486,12052,7240,10,"NGVD29"
"09201000","New Fork River near Boulder, WY","WY","WY",42.7501981,-109.728803,20096,6960,10,"NGVD29"
"09202000","Boulder Creek bl Boulder Lake, nr Boulder, WY","WY","WY",42.8193643,-109.7171369,12575,7174,10,"NAVD88"
"09203000","EAST FORK RIVER NEAR BIG SANDY, WY","WY","WY",42.6725,-109.4216667,19723,7700,20,"NGVD29"
"09204000","SILVER CREEK NEAR BIG SANDY, WY","WY","WY",42.7436111,-109.5108333,12052,7475,10,"NGVD29"
"09205000","NEW FORK RIVER NEAR BIG PINEY, WY","WY","WY",42.5671427,-109.930196,26093,6800,10,"NGVD29"
"09205500","NORTH PINEY CREEK NEAR MASON, WY","WY","WY",42.65797255,-110.3463213,15158,7510,10,"NGVD29"
"09208000","LA BARGE CREEK NR LA BARGE MEADOWS RANGER STA, WY","WY","WY",42.50694444,-110.6747222,11332,8450,20,"NGVD29"
"09209400","GREEN RIVER NEAR LA BARGE, WY","WY","WY",42.19269994,-110.1632544,22783,6520,20,"NGVD29"
"09210500","FONTENELLE C NR HERSCHLER RANCH, NR FONTENELLE, WY","WY","WY",42.09580556,-110.4160833,27162,6950,20,"NGVD29"
"09211200","GREEN RIVER BELOW FONTENELLE RESERVOIR, WY","WY","WY",42.0209722,-110.0498056,22722,6378.13,0.1,"NGVD29"
"09212500","BIG SANDY R AT LECKIE RANCH, NR BIG SANDY, WY","WY","WY",42.5713394,-109.2834615,15111,7800,10,"NGVD29"
"09213500","BIG SANDY RIVER NEAR FARSON, WY","WY","WY",42.3296,-109.5119,21928,6794,5,"NAVD88"
"09214000","LITTLE SANDY CREEK NEAR ELKHORN, WY","WY","WY",42.5338143,-109.2048952,11687,8000,10,"NGVD29"
"09216050","Big Sandy River at Gasson Bridge, near Eden, WY","WY","WY",41.9474275,-109.6882368,12589,6350,20,"NGVD29"
"09216500","GREEN RIVER AT GREEN RIVER, WY","WY","WY",41.5287972,-109.4765972,12780,6071.07,0.01,"NGVD29"
"09217000","GREEN RIVER NEAR GREEN RIVER, WY","WY","WY",41.5163221,-109.4490579,27166,6060,10,"NGVD29"
"09218500","BLACKS FORK NEAR MILLBURNE, WY","WY","WY",41.03159787,-110.5793647,22816,8512.27,0.01,"NGVD29"
"09220000","EAST FORK OF SMITHS FORK NEAR ROBERTSON, WY","WY","WY",41.0538611,-110.3986389,25474,8470,10,"NGVD29"
"09220500","WEST FORK OF SMITH FORK NEAR ROBERTSON, WY","WY","WY",41.02215418,-110.4793616,13459,8617,1,"NGVD29"
"09222000","BLACKS FORK NEAR LYMAN, WY","WY","WY",41.4521515,-110.1729683,15095,6380,10,"NGVD29"
"09223000","HAMS FORK BELOW POLE CREEK, NEAR FRONTIER, WY","WY","WY",42.11088889,-110.7094167,26796,7455,20,"NGVD29"
"09224700","BLACKS FORK NEAR LITTLE AMERICA, WY","WY","WY",41.5460425,-109.6935102,23250,6127.66,0.1,"NGVD29"
"09229500","HENRYS FORK NEAR MANILA, UT","UT","WY",41.00452778,-109.6675556,32796,6060,10,"NAVD88"
"09256000","SAVERY CREEK NEAR SAVERY, WY","WY","WY",41.09777778,-107.3819444,13520,6680,20,"NGVD29"
"09257000","LITTLE SNAKE RIVER NEAR DIXON, WY","WY","WY",41.02852778,-107.5488611,25509,6335.34,0.11,"NAVD88"
"10015700","SULPHUR CR AB RES,BL LA CHAPELLE CR,NR EVANSTON,WY",NA,"WY",41.12911407,-110.8065634,14610,7232,1.6,"NAVD88"
"10015900","SULPHUR CREEK BL RESERVOIR, NR EVANSTON, WY","WY","WY",41.15605839,-110.8351757,12490,7120,10,"NGVD29"
"10016900","BEAR RIVER AT EVANSTON, WY","WY","WY",41.2698611,-110.9636944,11985,6730,10,"NGVD29"
"10020100","BEAR RIVER ABOVE RESERVOIR, NEAR WOODRUFF, UT","UT","WY",41.4343899,-111.0176863,23513,6464.63,0.2,"NAVD88"
"10020300","BEAR RIVER BELOW RESERVOIR, NEAR WOODRUFF, UT","UT","WY",41.50547872,-111.0146613,23513,6403.44,0.11,"NAVD88"
"10028500","BEAR RIVER BELOW PIXLEY DAM, NEAR COKEVILLE, WY","WY","WY",41.93795,-110.9868806,13731,6180.3,0.2,"NAVD88"
"10032000","SMITHS FORK NEAR BORDER, WY","WY","WY",42.2932662,-110.8724064,30575,6705.69,0.16,"NAVD88"
"10038000","BEAR RIVER BELOW SMITHS FORK, NR COKEVILLE, WY","WY","WY",42.12652778,-110.9731972,25977,6133.41,0.23,"NAVD88"
"10041000","THOMAS FORK NEAR WYOMING-IDAHO STATE LINE",NA,"WY",42.40215256,-111.0249154,15706,6300,20,"NGVD29"
"13010065","SNAKE RIVER AB JACKSON LAKE AT FLAGG RANCH WY","WY","WY",44.09888889,-110.6675,15474,6801.61,0.01,"NGVD29"
"13011000","SNAKE RIVER NEAR MORAN, WY","WY","WY",43.85851819,-110.5866219,44698,6727.84,0.01,"NGVD29"
"13011500","PACIFIC CREEK AT MORAN, WY","WY","WY",43.8510187,-110.5171751,28897,6740,10,"NAVD88"
"13011900","BUFFALO FORK AB LAVA CREEK, NR MORAN, WY","WY","WY",43.83805556,-110.4408333,21720,6772.78,0.01,"NGVD29"
"13013650","SNAKE RIVER AT MOOSE, WY","WY","WY",43.65405556,-110.7154722,11197,6450,10,"NGVD29"
"13014500","GROS VENTRE RIVER AT KELLY, WY","WY","WY",43.62088889,-110.6230556,11404,6648,10,"NAVD88"
"13016305","GRANITE C AB GRANITE C SUPPLEMENTAL, NR MOOSE, WY","WY","WY",43.60316667,-110.8058333,11215,6400,20,"NGVD29"
"13016450","FISH CREEK AT WILSON, WY","WY","WY",43.50076005,-110.8716,11645,6144.98,0.2,"NAVD88"
"13018300","CACHE CREEK NEAR JACKSON, WY","WY","WY",43.45213098,-110.7041203,23238,6750,10,"NGVD29"
"13018350","FLAT CREEK BELOW CACHE CREEK, NEAR JACKSON, WY","WY","WY",43.4583611,-110.7970278,11053,6114.4,0.2,"NAVD88"
"13018750","SNAKE RIVER BELOW FLAT CREEK, NEAR JACKSON, WY","WY","WY",43.3722222,-110.7386111,18358,5956,20,"NAVD88"
"13022500","SNAKE RIVER ABOVE RESERVOIR, NEAR ALPINE, WY","WY","WY",43.1961111,-110.8894444,27181,5717,20,"NAVD88"
"13023000","GREYS RIVER ABOVE RESERVOIR, NEAR ALPINE, WY","WY","WY",43.14305556,-110.9769444,27401,5729,20,"NGVD29"
"13025000","SWIFT CREEK NEAR AFTON, WY","WY","WY",42.7260238,-110.899117,12160,6420,20,"NGVD29"
"13027500","SALT RIVER ABOVE RESERVOIR, NEAR ETNA, WY","WY","WY",43.0797222,-111.0372222,26435,5679.56,0.05,"NAVD88"
